paper_id,analysis_id,brief_description,dimension,paper_value,code_value,match_status,explanation,paper_evidence,code_evidence
avilles,1,"Chi-square test comparing the overall prevalence of singles between the earlier-born cohort (Wave 1; 2008–2009) and the later-born cohort (Wave 11; 2018–2019), using relationship status at T1. The test evaluated whether the proportion single differed between cohorts, finding a higher proportion of singles in the later-born cohort (47%) than in the earlier-born cohort (42%), χ²(1) = 52.73, p < .001.",Model Specification,We tested differences between the later-born and earlier-born cohort in the prevalence of singles (Hypothesis 1) using a chi-square test and computed Spearman’s rank correlations to assess the association between the prevalence of singles and satisfaction at T1 (Hypothesis 2).,"# H1
chisq.test(table(prev$relt1, prev$histcoh))",match,"The paper reports using a chi-square test to compare prevalence of singles between cohorts, and the code implements a chi-square test on the contingency table of relationship status by cohort. This aligns with the specified model (chi-square test) for Hypothesis 1.",,
avilles,1,"Chi-square test comparing the overall prevalence of singles between the earlier-born cohort (Wave 1; 2008–2009) and the later-born cohort (Wave 11; 2018–2019), using relationship status at T1. The test evaluated whether the proportion single differed between cohorts, finding a higher proportion of singles in the later-born cohort (47%) than in the earlier-born cohort (42%), χ²(1) = 52.73, p < .001.",Variable Specification,"To test the prevalence hypotheses (Hypotheses 1 and 2), we used a sample of 17,697 individuals from Wave 1 (2008-2009) as the earlier-born cohort, and from Wave 11 (2018-2019) as the later-born cohort, who provided information on their relationship status. [...] Second, we calculated the proportion of singles at T1 (Wave 1 for earlier-born cohort and Wave 11 for later-born cohort), which was done with the prevalence sample of N = 17,697 participants. Higher values indicated a greater share of singles at T1 in the respective cohort.","prev <- read.table(""data_prevalences.txt"")

# across age groups
prev %>% group_by(histcoh) %>%
  summarize(n_single = sum(relt1 == 0), 
            n = n())

# separated by age group
prev %>% group_by(histcoh, agegroup) %>%
  summarize(n_single = sum(relt1 == 0), 
            n = n())

# H1
chisq.test(table(prev$relt1, prev$histcoh))

round(prop.table(table(prev[which(prev$histcoh == ""earlier-born""), ""relt1""])), 3)
round(prop.table(table(prev[which(prev$histcoh == ""later-born""), ""relt1""])), 3)",match,"The code uses relationship status at T1 (relt1) and cohort membership (histcoh: earlier-born vs later-born) as the variables in a chi-square test, which matches the paper’s description of comparing the proportion of singles between earlier-born (Wave 1) and later-born (Wave 11) cohorts at T1. The designation of relt1 as single vs not and histcoh as cohort aligns with the variable use implied in the paper’s prevalence analysis.",,
avilles,1,"Chi-square test comparing the overall prevalence of singles between the earlier-born cohort (Wave 1; 2008–2009) and the later-born cohort (Wave 11; 2018–2019), using relationship status at T1. The test evaluated whether the proportion single differed between cohorts, finding a higher proportion of singles in the later-born cohort (47%) than in the earlier-born cohort (42%), χ²(1) = 52.73, p < .001.",Transformation Specification,"To prepare the data for the analyses, we created two additional variables: intraindividual change over time and prevalence of singles. ... Second, we calculated the proportion of singles at T1 (Wave 1 for earlier-born cohort and Wave 11 for later-born cohort), which was done with the prevalence sample of N = 17,697 participants. Higher values indicated a greater share of singles at T1 in the respective cohort.","{""code_value"":""### Participants from wave 1 ###\nanchor1 <- anchor1 %>% select(id, sex_gen, ethni, cohort, age, sd3, np, sat6, sat2) %>%\n  rename(sex = sex_gen,\n         aget1 = age,\n         relt1 = sd3,\n         prevrel = np,\n         lifesatt1 = sat6,\n         sinsatt1 = sat2) %>%\n  replace(((.) < 0), NA) %>%\n  mutate(sex = sex - 1,\n         relt1 = ifelse(relt1 == 2, 0, relt1))\n...\n### Participants from wave 11 ###\nanchor11 <- anchor11 %>% select(id, sex_gen, ethni, cohort, age, relstat, np, sat6, sat2, starts_with(\""per3i\"")) %>%\n  rename(sex = sex_gen,\n         aget1 = age,\n         lifesatt1 = sat6,\n         sinsatt1 = sat2,\n         prevrel = np) %>%\n  mutate(relt1 = ifelse(relstat == 1 |\n                           relstat == 6 |\n                           relstat == 9, 0, 1),\n         sex = sex - 1) %>% \n  replace(((.) < 0), NA) %>%\n  mutate_at(c(10:30), as.numeric) %>%\n  mutate_at(c(\""per3i1\"", \""per3i11\"", \""per3i9\"", \""per3i2\"", \""per3i12\"", \""per3i17\"", \""per3i8\"", \""per3i21\""),\n            ~ recode(., \""1\"" = 5, \""2\"" = 4, \""3\"" = 3, \n                     \""4\"" = 2, \""5\"" = 1)) %>%\n  rowwise() %>%\n  mutate(extra_M = round(mean(c(per3i1, per3i6, per3i11, per3i16), na.rm = TRUE), 2),\n         neuro_M = round(mean(c(per3i4, per3i9, per3i14, per3i19), na.rm = TRUE), 2),\n         agree_M = round(mean(c(per3i2, per3i7, per3i12, per3i17), na.rm = TRUE), 2),\n         consc_M = round(mean(c(per3i3, per3i8, per3i13, per3i18), na.rm = TRUE), 2),\n         open_M = round(mean(c(per3i5, per3i10, per3i15, per3i20, per3i21), na.rm = TRUE), 2)) %>%\n  select(id, sex, ethni, cohort, aget1, relt1, prevrel, lifesatt1, sinsatt1, extra_M, neuro_M, agree_M, consc_M, open_M)\n...\n### create prevalence data\n\ndata <- data %>% group_by(cohort, histcoh) %>%\n  mutate(prevalence = round(length(which(relt1 == 0)) / (length(which(relt1 == 0)) + length(which(relt1 == 1))), 3))\n\n\data_prevalence <- data %>% select(id, sex, histcoh, agegroup, aget1, relt1, prevalence, sinsatt1, sinsatt2, sinsatt3, lifesatt1, lifesatt2, lifesatt3)\n\n# only participants with information on their relationship duration\n\data_prevalence <- data_prevalence %>% filter(!is.na(relt1))\n\n# only participants who did not participate twice\n\data_prevalence <- data_prevalence %>% group_by(id) %>%\n  mutate(total = sum(n()),\n         unique = ifelse(total == 1, 1, 0)) %>%\n  select(-total) %>% arrange(id) %>% slice_head()\n# write.table(data_prevalences.txt, \""data_prevalences.txt\"")"",""evidence"":{""code_path"":""/Users/jamie/git/codebot-for-psychology/data/raw/main/codebot/materials/codebot_pairs/avilles/0_clean_data.R"",""code_lines"":""### Participants from wave 1 ###\nanchor1 <- anchor1 %>% select(id, sex_gen, ethni, cohort, age, sd3, np, sat6, sat2) %>%\n  rename(sex = sex_gen,\n         aget1 = age,\n         relt1 = sd3,\n         prevrel = np,\n         lifesatt1 = sat6,\n         sinsatt1 = sat2) %>%\n  replace(((.) < 0), NA) %>%\n  mutate(sex = sex - 1,\n         relt1 = ifelse(relt1 == 2, 0, relt1))\n\n...\n\n### Participants from wave 11 ###\nanchor11 <- anchor11 %>% select(id, sex_gen, ethni, cohort, age, relstat, np, sat6, sat2, starts_with(\""per3i\"")) %>%\n  rename(sex = sex_gen,\n         aget1 = age,\n         lifesatt1 = sat6,\n         sinsatt1 = sat2,\n         prevrel = np) %>%\n  mutate(relt1 = ifelse(relstat == 1 |\n                           relstat == 6 |\n                           relstat == 9, 0, 1),\n         sex = sex - 1) %>% \n  replace(((.) < 0), NA) %>%\n  mutate_at(c(10:30), as.numeric) %>%\n  mutate_at(c(\""per3i1\"", \""per3i11\"", \""per3i9\"", \""per3i2\"", \""per3i12\"", \""per3i17\"", \""per3i8\"", \""per3i21\""),\n            ~ recode(., \""1\"" = 5, \""2\"" = 4, \""3\"" = 3, \n                     \""4\"" = 2, \""5\"" = 1)) %>%\n  rowwise() %>%\n  mutate(extra_M = round(mean(c(per3i1, per3i6, per3i11, per3i16), na.rm = TRUE), 2),\n         neuro_M = round(mean(c(per3i4, per3i9, per3i14, per3i19), na.rm = TRUE), 2),\n         agree_M = round(mean(c(per3i2, per3i7, per3i12, per3i17), na.rm = TRUE), 2),\n         consc_M = round(mean(c(per3i3, per3i8, per3i13, per3i18), na.rm = TRUE), 2),\n         open_M = round(mean(c(per3i5, per3i10, per3i15, per3i20, per3i21), na.rm = TRUE), 2)) %>%\n  select(id, sex, ethni, cohort, aget1, relt1, prevrel, lifesatt1, sinsatt1, extra_M, neuro_M, agree_M, consc_M, open_M)\n\n...\n\n### create prevalence data\n\ndata <- data %>% group_by(cohort, histcoh) %>%\n  mutate(prevalence = round(length(which(relt1 == 0)) / (length(which(relt1 == 0)) + length(which(relt1 == 1))), 3))\n\n\data_prevalence <- data %>% select(id, sex, histcoh, agegroup, aget1, relt1, prevalence, sinsatt1, sinsatt2, sinsatt3, lifesatt1, lifesatt2, lifesatt3)\n\n# only participants with information on their relationship duration\n\data_prevalence <- data_prevalence %>% filter(!is.na(relt1))\n\n# only participants who did not participate twice\n\data_prevalence <- data_prevalence %>% group_by(id) %>%\n  mutate(total = sum(n()),\n         unique = ifelse(total == 1, 1, 0)) %>%\n  select(-total) %>% arrange(id) %>% slice_head()\n# write.table(data_prevalences.txt, \""data_prevalences.txt\"")""}}",match,"The paper states that a prevalence-of-singles variable was created as the proportion of singles at T1 in each cohort, and the code computes a 'prevalence' variable as the share of relt1-coded singles within each cohort/historical cohort group. This matches the described transformation of calculating the proportion of singles at T1, with higher values indicating a greater share of singles.",,
avilles,1,"Chi-square test comparing the overall prevalence of singles between the earlier-born cohort (Wave 1; 2008–2009) and the later-born cohort (Wave 11; 2018–2019), using relationship status at T1. The test evaluated whether the proportion single differed between cohorts, finding a higher proportion of singles in the later-born cohort (47%) than in the earlier-born cohort (42%), χ²(1) = 52.73, p < .001.",Inference Specification,"An a-priori power analysis based on Monte Carlo simulations (1,000 simulations, .80% power, intraclass correlation coefficient [ICC] = .50, α = .01, two-tailed test) using the package SIMR (Green & MacLeod, 2016) in R (R Core Team, 2020) suggested that the sample size was sufficiently large (N > 1,600) to detect small (b = .10) Level 1 (time) and Level 2 (e.g., cohort) main effects as well as medium (b = .30) cross-level interaction effects (e.g., time × age).
...
Given the number of statistical models, we evaluated significance of the multilevel growth-curve models at α level of .01 to address potentially inflated Type 1 error rates.","# H1
chisq.test(table(prev$relt1, prev$histcoh))",unknown,"The paper’s stated α = .01 criterion is tied specifically to multilevel growth-curve models, while the chi-square prevalence test does not have an explicit alpha threshold described, and the code only runs chisq.test without encoding any alpha-based decision rule. It is therefore unclear whether the inference criterion used for this chi-square test in practice matches any pre-specified alpha level in the paper.",,
avilles,2,"Chi-square test comparing the prevalence of singles among adolescents between cohorts, specifically adolescents born in 1991–1993 (earlier-born) vs. 2001–2003 (later-born). The analysis tested whether adolescent singles were more common in the later-born cohort and found a significantly higher proportion single in 2001–2003 (77%) than in 1991–1993 (74%), χ²(1) = 5.42, p = .020.",Model Specification,We tested differences between the later-born and earlier-born cohort in the prevalence of singles (Hypothesis 1) using a chi-square test and computed Spear‑man’s rank correlations to assess the association between the prevalence of singles and satisfaction at T1 (Hypothesis 2).,"#Prevalences by age group
adolescents <- prev %>% filter(agegroup == ""adolescents"")

# Differences in later- vs. earlier-born cohorts by age group

# Adolescents
chisq.test(table(adolescents$relt1, adolescents$histcoh))",match,"The paper reports using a chi-square test to compare prevalence of singles between later-born and earlier-born adolescent cohorts, and the code applies a chi-square test to the contingency table of relationship status by cohort within the adolescent subsample. Thus, the implemented model specification aligns with the described analysis.",,
avilles,2,"Chi-square test comparing the prevalence of singles among adolescents between cohorts, specifically adolescents born in 1991–1993 (earlier-born) vs. 2001–2003 (later-born). The analysis tested whether adolescent singles were more common in the later-born cohort and found a significantly higher proportion single in 2001–2003 (77%) than in 1991–1993 (74%), χ²(1) = 5.42, p = .020.",Variable Specification,"However, as the proportion of singles greatly differed between the age groups (17% in established adulthood, 31% in emerging adulthood, and 75% in adolescence) and participants of the later-born cohort were, on average, significantly younger (M = 24.73, SD = 8.69) than participants of the earlier-born cohort (M = 25.87, SD = 8.34, t(9,768) = −8.10, p < .001), we conducted non-preregistered supplemental analyses and tested Hypothesis 1 also within age groups. We observed significant cohort-related differences for adolescents: Adolescents born in 2001 to 2003 were significantly more often single (77%) than adolescents born in 1991 to 1993 (74%; χ2(1) = 5.42, p = .020). Second, we calculated the proportion of singles at T1 (Wave 1 for earlier-born cohort and Wave 11 for later-born cohort), which was done with the prevalence sample of N = 17,697 participants. Higher values indicated a greater share of singles at T1 in the respective cohort. Single individuals/cohort describes the proportion of single individuals in each cohort at T1 (Wave 1 for earlier-born cohort and Wave 11 for later-born cohort).","### Prevalences #############

prev <- read.table(""data_prevalences.txt"")

# across age groups
prev %>% group_by(histcoh) %>%
  summarize(n_single = sum(relt1 == 0), 
            n = n())

# separated by age group
prev %>% group_by(histcoh, agegroup) %>%
  summarize(n_single = sum(relt1 == 0), 
            n = n())
...
#Prevalences by age group
adolescents <- prev %>% filter(agegroup == ""adolescents"")
emerging <- prev %>% filter(agegroup == ""emerging"")
established <- prev %>% filter(agegroup == ""established"")

round(prop.table(table(adolescents$relt1)), 2) 
round(prop.table(table(emerging$relt1)), 2) 
round(prop.table(table(established$relt1)), 2) 
  
# Differences in later- vs. earlier-born cohorts by age group

# Adolescents
chisq.test(table(adolescents$relt1, adolescents$histcoh))

round(prop.table(table(adolescents[which(adolescents$histcoh == ""earlier-born""), ""relt1""])), 2)
round(prop.table(table(adolescents[which(adolescents$histcoh == ""later-born""), ""relt1""])), 2)",match,"The code uses relationship status at T1 (relt1, with singles coded as 0) and cohort (histcoh: earlier-born vs later-born) within the adolescent age group to perform a chi-square test of cohort differences in the prevalence of being single, which matches the paper’s description of the variables used in this analysis.",,
avilles,2,"Chi-square test comparing the prevalence of singles among adolescents between cohorts, specifically adolescents born in 1991–1993 (earlier-born) vs. 2001–2003 (later-born). The analysis tested whether adolescent singles were more common in the later-born cohort and found a significantly higher proportion single in 2001–2003 (77%) than in 1991–1993 (74%), χ²(1) = 5.42, p = .020.",Transformation Specification,"To prepare the data for the analyses, we created two additional variables: intraindividual change over time and prevalence of singles. ... Second, we calculated the proportion of singles at T1 (Wave 1 for earlier-born cohort and Wave 11 for later-born cohort), which was done with the prevalence sample of N = 17,697 participants. Higher values indicated a greater share of singles at T1 in the respective cohort.","### construct age groups ###

data <- data %>% group_by(cohort, histcoh) %>%
  mutate(agegroup = ifelse(histcoh == ""earlier-born"" & cohort == 1 | histcoh == ""later-born"" & cohort == 4, ""adolescents"", NA),
         agegroup = ifelse(histcoh == ""earlier-born"" & cohort == 2 | histcoh == ""later-born"" & cohort == 1, ""emerging"", agegroup),
         agegroup = ifelse(histcoh == ""earlier-born"" & cohort == 3 | histcoh == ""later-born"" & cohort == 2, ""established"", agegroup))

######################### FILTER PARTICIPANTS ##############################

### relevant cohorts (earlier-born: 1, 2, 3; later-born: 4,1,2)
data <- data %>% filter(histcoh == ""earlier-born"" & (cohort == 1 | cohort == 2 | cohort == 3) |
                        histcoh == ""later-born"" & (cohort == 4 | cohort == 1 | cohort == 2)) # N = 20,212

n_distinct(data$id) # N = 17,730 unique participants
data_all <- data # save for attrition analysis

### create prevalence data

data <- data %>% group_by(cohort, histcoh) %>%
  mutate(prevalence = round(length(which(relt1 == 0)) / (length(which(relt1 == 0)) + length(which(relt1 == 1))), 3))

data_prevalence <- data %>% select(id, sex, histcoh, agegroup, aget1, relt1, prevalence, sinsatt1, sinsatt2, sinsatt3, lifesatt1, lifesatt2, lifesatt3)

# only participants with information on their relationship duration
data_prevalence <- data_prevalence %>% filter(!is.na(relt1))

# only participants who did not participate twice
data_prevalence <- data_prevalence %>% group_by(id) %>%
  mutate(total = sum(n()),
         unique = ifelse(total == 1, 1, 0)) %>%
  select(-total) %>% arrange(id) %>% slice_head()",match,"The code creates a cohort-level 'prevalence' variable as the proportion of singles at T1 based on relationship status, consistent with the paper’s description of calculating the proportion of singles at T1 for each cohort. Subsequent filtering to those with non-missing T1 relationship data and unique participants is also consistent with forming a prevalence sample as described.",,
avilles,2,"Chi-square test comparing the prevalence of singles among adolescents between cohorts, specifically adolescents born in 1991–1993 (earlier-born) vs. 2001–2003 (later-born). The analysis tested whether adolescent singles were more common in the later-born cohort and found a significantly higher proportion single in 2001–2003 (77%) than in 1991–1993 (74%), χ²(1) = 5.42, p = .020.",Inference Specification,"We observed significant cohort-related differences for adolescents: Adolescents born in 2001 to 2003 were significantly more often single (77%) than adolescents born in 1991 to 1993 (74%; χ2(1) = 5.42, p = .020).","# Adolescents
chisq.test(table(adolescents$relt1, adolescents$histcoh))",match,"The paper reports a standard chi-square test with a p-value interpreted as significant (implicitly using a conventional alpha such as 0.05), and the code conducts the corresponding chi-square test without specifying any nonstandard inference criteria. There is no indication of any discrepancy between the inferential approach described in the paper and the default inferential behavior of chisq.test in the code.",,
avilles,3,"Chi-square test comparing the prevalence of singles among emerging adults between cohorts, contrasting those born 1981–1983 vs. 1991–1993. The test examined whether the share of singles differed historically in emerging adulthood; no significant difference in prevalence was detected (31% vs. 30%, ps ≥ .339).",Model Specification,We tested differences between the later-born and earlier-born cohort in the prevalence of singles (Hypothesis 1) using a chi-square test and computed Spearman’s rank correlations to assess the association between the prevalence of singles and satisfaction at T1 (Hypothesis 2).,"#Prevalences by age group
adolescents <- prev %>% filter(agegroup == ""adolescents"")
emerging <- prev %>% filter(agegroup == ""emerging"")
established <- prev %>% filter(agegroup == ""established"")
...
# Emerging adults
chisq.test(table(emerging$relt1, emerging$histcoh))",match,"The paper specifies using a chi-square test to compare prevalence of singles between cohorts among emerging adults, and the code applies a chi-square test to the contingency table of relationship status by historical cohort within the emerging adult subgroup.",,
avilles,3,"Chi-square test comparing the prevalence of singles among emerging adults between cohorts, contrasting those born 1981–1983 vs. 1991–1993. The test examined whether the share of singles differed historically in emerging adulthood; no significant difference in prevalence was detected (31% vs. 30%, ps ≥ .339).",Variable Specification,"We observed significant cohort-related differences for adolescents: Adolescents born in 2001 to 2003 were significantly more often single (77%) than adolescents born in 1991 to 1993 (74%; χ2(1) = 5.42, p = .020). The proportion of singles did neither differ between emerging adults born in 1981 to 1983 (31%) and 1991 to 1993 (30%) nor differ between established adults born in 1981 to 1983 (16%) and 1971 to 1973 (17%), both ps ≥ .339.","#Prevalences by age group
adolescents <- prev %>% filter(agegroup == ""adolescents"")
emerging <- prev %>% filter(agegroup == ""emerging"")
established <- prev %>% filter(agegroup == ""established"")

# Emerging adults
chisq.test(table(emerging$relt1, emerging$histcoh))

round(prop.table(table(emerging[which(emerging$histcoh == ""earlier-born""), ""relt1""])), 3)
round(prop.table(table(emerging[which(emerging$histcoh == ""later-born""), ""relt1""])), 3)",match,"The paper compares prevalence of singles versus non-singles across emerging adult birth cohorts, and the code does exactly this by cross-tabulating relationship status (relt1) with historical cohort (histcoh) within the emerging age group. The variables used and their roles (outcome: single status; predictor: cohort) are consistent between the paper and the code.",,
avilles,3,"Chi-square test comparing the prevalence of singles among emerging adults between cohorts, contrasting those born 1981–1983 vs. 1991–1993. The test examined whether the share of singles differed historically in emerging adulthood; no significant difference in prevalence was detected (31% vs. 30%, ps ≥ .339).",Transformation Specification,"To prepare the data for the analyses, we created two additional variables: intraindividual change over time and prevalence of singles. First, intraindividual change describes the number of years since baseline (i.e., T1), ranging from 0 (T1) to 2 (T3). This variable was necessary to examine change in singles’ satisfaction over the time of being single.
Second, we calculated the proportion of singles at T1 (Wave 1 for earlier-born cohort and Wave 11 for later-born cohort), which was done with the prevalence sample of N = 17,697 participants. Higher values indicated a greater share of singles at T1 in the respective cohort.","#Prevalences by age group
adolescents <- prev %>% filter(agegroup == ""adolescents"")
emerging <- prev %>% filter(agegroup == ""emerging"")
established <- prev %>% filter(agegroup == ""established"")

round(prop.table(table(adolescents$relt1)), 2) 
round(prop.table(table(emerging$relt1)), 2) 
round(prop.table(table(established$relt1)), 2) 
  
# Differences in later- vs. earlier-born cohorts by age group

# Adolescents
chisq.test(table(adolescents$relt1, adolescents$histcoh))

round(prop.table(table(adolescents[which(adolescents$histcoh == ""earlier-born""), ""relt1""])), 2)
round(prop.table(table(adolescents[which(adolescents$histcoh == ""later-born""), ""relt1""])), 2)

# Emerging adults
chisq.test(table(emerging$relt1, emerging$histcoh))

round(prop.table(table(emerging[which(emerging$histcoh == ""earlier-born""), ""relt1""])), 3)
round(prop.table(table(emerging[which(emerging$histcoh == ""later-born""), ""relt1""])), 3) 

# Established adults
chisq.test(table(established$relt1, established$histcoh))

round(prop.table(table(established[which(established$histcoh == ""earlier-born""), ""relt1""])), 3)
round(prop.table(table(established[which(established$histcoh == ""later-born""), ""relt1""])), 3)",match,"The code computes proportions of relationship status at T1 within historical cohorts and age groups, which operationalizes the paper’s described transformation of calculating the prevalence (proportion) of singles at T1 by cohort. Although no separate prevalence variable is saved, the use of prop.table on relt1 by histcoh for emerging adults matches the described transformation for the chi-square comparison of singles’ prevalence between cohorts.",,
avilles,3,"Chi-square test comparing the prevalence of singles among emerging adults between cohorts, contrasting those born 1981–1983 vs. 1991–1993. The test examined whether the share of singles differed historically in emerging adulthood; no significant difference in prevalence was detected (31% vs. 30%, ps ≥ .339).",Inference Specification,"The proportion of singles did neither differ between emerging adults born in 1981 to 1983 (31%) and 1991 to 1993 (30%) nor differ between established adults born in 1981 to 1983 (16%) and 1971 to 1973 (17%), both ps ≥ .339.","# Emerging adults
chisq.test(table(emerging$relt1, emerging$histcoh))",unknown,"The code runs a chi-square test consistent with the paper’s description, but it does not encode or reveal any explicit inference criterion (e.g., alpha level), so alignment of inference specification cannot be fully assessed.",,
avilles,4,"Chi-square test comparing the prevalence of singles among established adults between cohorts, contrasting those born 1971–1973 vs. 1981–1983. The analysis assessed historical differences in singlehood rates in established adulthood and found no significant cohort difference (17% vs. 16%, ps ≥ .339).",Model Specification,"Analytic Strategy. We tested differences between the later-born and earlier-born cohort in the prevalence of singles (Hypothesis 1) using a chi-square test and computed Spearman’s rank correlations to assess the association between the prevalence of singles and satisfaction at T1 (Hypothesis 2).

Prevalence of Singles
First, we inspected the prevalence of singles in each cohort (Hypothesis 1) and its association with satisfaction (Hypothesis 2). An overview of the main findings for each hypothesis is shown in Table 3. The chi-square test indicated that the later-born (47%) and earlier-born (42%) cohorts significantly differed in their proportions of singles (χ2(1) = 52.73, p < .001).","#Prevalences by age group
adolescents <- prev %>% filter(agegroup == ""adolescents"")
emerging <- prev %>% filter(agegroup == ""emerging"")
established <- prev %>% filter(agegroup == ""established"")

round(prop.table(table(adolescents$relt1)), 2) 
round(prop.table(table(emerging$relt1)), 2) 
round(prop.table(table(established$relt1)), 2) 
  
# Differences in later- vs. earlier-born cohorts by age group

# Adolescents
chisq.test(table(adolescents$relt1, adolescents$histcoh))

round(prop.table(table(adolescents[which(adolescents$histcoh == ""earlier-born""), ""relt1""])), 2)
round(prop.table(table(adolescents[which(adolescents$histcoh == ""later-born""), ""relt1""])), 2)

# Emerging adults
chisq.test(table(emerging$relt1, emerging$histcoh))

round(prop.table(table(emerging[which(emerging$histcoh == ""earlier-born""), ""relt1""])), 3)
round(prop.table(table(emerging[which(emerging$histcoh == ""later-born""), ""relt1""])), 3) 

# Established adults
chisq.test(table(established$relt1, established$histcoh))

round(prop.table(table(established[which(established$histcoh == ""earlier-born""), ""relt1""])), 3)
round(prop.table(table(established[which(established$histcoh == ""later-born""), ""relt1""])), 3)",match,"The paper states that differences in prevalence of singles between cohorts (including in established adulthood) were tested using chi-square tests, and the code implements a chi-square test of the relationship status by historical cohort within the established adult group. This aligns with the specified model (chi-square test for differences in proportions between cohorts).",,
avilles,4,"Chi-square test comparing the prevalence of singles among established adults between cohorts, contrasting those born 1971–1973 vs. 1981–1983. The analysis assessed historical differences in singlehood rates in established adulthood and found no significant cohort difference (17% vs. 16%, ps ≥ .339).",Variable Specification,"We observed significant cohort-related differences for adolescents: Adolescents born in 2001 to 2003 were significantly more often single (77%) than adolescents born in 1991 to 1993 (74%; χ²(1) = 5.42, p = .020). The proportion of singles did neither differ between emerging adults born in 1981 to 1983 (31%) and 1991 to 1993 (30%) nor differ between established adults born in 1981 to 1983 (16%) and 1971 to 1973 (17%), both ps ≥ .339.","#Prevalences by age group
adolescents <- prev %>% filter(agegroup == ""adolescents"")
emerging <- prev %>% filter(agegroup == ""emerging"")
established <- prev %>% filter(agegroup == ""established"")

round(prop.table(table(adolescents$relt1)), 2) 
round(prop.table(table(emerging$relt1)), 2) 
round(prop.table(table(established$relt1)), 2) 
  
# Differences in later- vs. earlier-born cohorts by age group

# Adolescents
chisq.test(table(adolescents$relt1, adolescents$histcoh))

round(prop.table(table(adolescents[which(adolescents$histcoh == ""earlier-born""), ""relt1""])), 2)
round(prop.table(table(adolescents[which(adolescents$histcoh == ""later-born""), ""relt1""])), 2)

# Emerging adults
chisq.test(table(emerging$relt1, emerging$histcoh))

round(prop.table(table(emerging[which(emerging$histcoh == ""earlier-born""), ""relt1""])), 3)
round(prop.table(table(emerging[which(emerging$histcoh == ""later-born""), ""relt1""])), 3) 

# Established adults
chisq.test(table(established$relt1, established$histcoh))

round(prop.table(table(established[which(established$histcoh == ""earlier-born""), ""relt1""])), 3)
round(prop.table(table(established[which(established$histcoh == ""later-born""), ""relt1""])), 3)",match,"The code uses relationship status as the outcome and cohort (earlier-born vs later-born) as the predictor within the established adult age group, matching the paper’s description of comparing singlehood prevalence across the 1971–1973 and 1981–1983 cohorts. No additional variables are introduced that would alter the specified variables in the analysis.",,
avilles,4,"Chi-square test comparing the prevalence of singles among established adults between cohorts, contrasting those born 1971–1973 vs. 1981–1983. The analysis assessed historical differences in singlehood rates in established adulthood and found no significant cohort difference (17% vs. 16%, ps ≥ .339).",Transformation Specification,"However, as the proportion of singles greatly differed between the age groups (17% in established adulthood, 31% in emerging adulthood, and 75% in adolescence) and participants of the later-born cohort were, on average, significantly younger (M = 24.73, SD = 8.69) than participants of the earlier-born cohort (M = 25.87, SD = 8.34, t(9,768) = −8.10, p < .001), we conducted non-preregistered supplemental analyses and tested Hypothesis 1 also within age groups. ... The proportion of singles did neither differ between emerging adults born in 1981 to 1983 (31%) and 1991 to 1993 (30%) nor differ between established adults born in 1981 to 1983 (16%) and 1971 to 1973 (17%), both ps ≥ .339.","#Prevalences by age group
adolescents <- prev %>% filter(agegroup == ""adolescents"")
emerging <- prev %>% filter(agegroup == ""emerging"")
established <- prev %>% filter(agegroup == ""established"")

# Established adults
chisq.test(table(established$relt1, established$histcoh))",match,"The code implements the described transformation by subsetting the data to established adults before running the chi-square test, matching the paper’s age-group-specific analysis. No additional transformations beyond this age-group restriction are implied in the paper or present in the code.",,
avilles,4,"Chi-square test comparing the prevalence of singles among established adults between cohorts, contrasting those born 1971–1973 vs. 1981–1983. The analysis assessed historical differences in singlehood rates in established adulthood and found no significant cohort difference (17% vs. 16%, ps ≥ .339).",Inference Specification,"The proportion of singles did neither differ between emerging adults born in 1981 to 1983 (31%) and 1991 to 1993 (30%) nor differ between established adults born in 1981 to 1983 (16%) and 1971 to 1973 (17%), both ps ≥ .339.","#Prevalences by age group
adolescents <- prev %>% filter(agegroup == ""adolescents"")
emerging <- prev %>% filter(agegroup == ""emerging"")
established <- prev %>% filter(agegroup == ""established"")

# Established adults
chisq.test(table(established$relt1, established$histcoh))

round(prop.table(table(established[which(established$histcoh == ""earlier-born""), ""relt1""])), 3)
round(prop.table(table(established[which(established$histcoh == ""later-born""), ""relt1""])), 3)",match,"Both paper and code use chi-square tests and base inferences on the resulting p-values without specifying any nonstandard inference criteria, implying conventional significance testing. There is no indication of alternative thresholds or adjustments that would create a discrepancy between the described and implemented inference procedures.",,
avilles,5,"Spearman rank-order correlation between the cohort-level prevalence of singles at T1 and mean singlehood satisfaction at T1 across cohorts and age groups. The analysis tested whether cohorts with a higher share of singles also showed higher singlehood satisfaction, finding a positive association, rs(7,488) = .20, p < .001.",Model Specification,"We tested differences between the later-
born and earlier-born cohort in the prevalence of singles (Hypothesis 1) using a chi-square test and computed Spear-
man’s rank correlations to assess the association between the
prevalence of singles and satisfaction at T1 (Hypothesis 2).","### Is prevalence related to well-being? ###

prev <- prev %>% filter(relt1 == 0)

cor.test(prev$prevalence, prev$sinsatt1, type = ""spearman"")
cor.test(prev$prevalence, prev$lifesatt1, type = ""spearman"")",match,"Both the paper and the code specify using Spearman rank-order correlations to assess the association between prevalence of singles and satisfaction at T1, indicating agreement in model specification.",,
avilles,5,"Spearman rank-order correlation between the cohort-level prevalence of singles at T1 and mean singlehood satisfaction at T1 across cohorts and age groups. The analysis tested whether cohorts with a higher share of singles also showed higher singlehood satisfaction, finding a positive association, rs(7,488) = .20, p < .001.",Variable Specification,"Second, we calculated the proportion of singles at T1 (Wave 1 for earlier-born cohort and Wave 11 for later-born cohort), which was done with the prevalence sample of N = 17,697 participants. Higher values indicated a greater share of singles at T1 in the respective cohort.

We expected a higher prevalence of singles in the later-born (vs. earlier-born) cohort (Hypothesis 1) and that the higher prevalence is related to higher satisfaction (i.e., satisfaction with singlehood and life satisfaction; Hypothesis 2).

We ... computed Spearman’s rank correlations to assess the association between the prevalence of singles and satisfaction at T1 (Hypothesis 2).

The proportion of singles was significantly associated with higher singlehood satisfaction (rs(7,488) = .20, p < .001) and higher life satisfaction (rs(7,637) = .33, p < .001). Thus, in line with Hypothesis 2, the higher the share of singles in a birth cohort, the more satisfied singles were with their singlehood and life in general.","### Is prevalence related to well-being? ###

prev <- prev %>% filter(relt1 == 0)

cor.test(prev$prevalence, prev$sinsatt1, type = ""spearman"")
cor.test(prev$prevalence, prev$lifesatt1, type = ""spearman"")
",match,"Both the paper and code use the prevalence (proportion) of singles at T1 as one variable and singlehood satisfaction at T1 as the other variable in a Spearman correlation analysis. The same pair of variables (prevalence of singles and singlehood satisfaction, plus life satisfaction in a second correlation) is specified in both sources, aligning the variable specification.",,
avilles,5,"Spearman rank-order correlation between the cohort-level prevalence of singles at T1 and mean singlehood satisfaction at T1 across cohorts and age groups. The analysis tested whether cohorts with a higher share of singles also showed higher singlehood satisfaction, finding a positive association, rs(7,488) = .20, p < .001.",Transformation Specification,"Second, we calculated the proportion of singles at T1 (Wave 1 for earlier-born cohort and Wave 11 for later-born cohort), which was done with the prevalence sample of N = 17,697 participants. Higher values indicated a greater share of singles at T1 in the respective cohort.

We tested differences between the later-born and earlier-born cohort in the prevalence of singles (Hypothesis 1) using a chi-square test and computed Spearman’s rank correlations to assess the association between the prevalence of singles and satisfaction at T1 (Hypothesis 2).","### create prevalence data

data <- data %>% group_by(cohort, histcoh) %>%
  mutate(prevalence = round(length(which(relt1 == 0)) / (length(which(relt1 == 0)) + length(which(relt1 == 1))), 3))


data_prevalence <- data %>% select(id, sex, histcoh, agegroup, aget1, relt1, prevalence, sinsatt1, sinsatt2, sinsatt3, lifesatt1, lifesatt2, lifesatt3)

# only participants with information on their relationship duration

data_prevalence <- data_prevalence %>% filter(!is.na(relt1))

# only participants who did not participate twice

data_prevalence <- data_prevalence %>% group_by(id) %>%
  mutate(total = sum(n()),
         unique = ifelse(total == 1, 1, 0)) %>%
  select(-total) %>% arrange(id) %>% slice_head()",match,"The code computes cohort-level prevalence of singles at T1 as the proportion of singles among those coded single vs. partnered, consistent with the paper’s description of calculating the share of singles at T1, and then restricts to participants with valid relationship information and unique IDs as implied by the prevalence sample description.",,
avilles,5,"Spearman rank-order correlation between the cohort-level prevalence of singles at T1 and mean singlehood satisfaction at T1 across cohorts and age groups. The analysis tested whether cohorts with a higher share of singles also showed higher singlehood satisfaction, finding a positive association, rs(7,488) = .20, p < .001.",Inference Specification,"The proportion of singles was significantly associated with higher singlehood satisfaction (rs(7,488) = .20, p < .001) and higher life satisfaction (rs(7,637) = .33, p < .001).","cor.test(prev$prevalence, prev$sinsatt1, type = ""spearman"")
cor.test(prev$prevalence, prev$lifesatt1, type = ""spearman"")",match,"Both the paper and the code use significance testing via p-values from Spearman correlations to draw inferences, with the paper reporting p < .001 and the code using cor.test to obtain those p-values. No alternative or special inference criteria beyond standard null-hypothesis significance testing are specified in either source, so the inference approach aligns.",,
avilles,6,"Spearman rank-order correlation between the cohort-level prevalence of singles at T1 and mean life satisfaction at T1. This analysis evaluated whether cohorts with more singles reported higher life satisfaction among singles, yielding a positive correlation, rs(7,637) = .33, p < .001.",Model Specification,We tested differences between the later-born and earlier-born cohort in the prevalence of singles (Hypothesis 1) using a chi-square test and computed Spear -man’s rank correlations to assess the association between the prevalence of singles and satisfaction at T1 (Hypothesis 2).,"### Is prevalence related to well-being? ###

prev <- prev %>% filter(relt1 == 0)

cor.test(prev$prevalence, prev$sinsatt1, type = ""spearman"")
cor.test(prev$prevalence, prev$lifesatt1, type = ""spearman"")",mismatch,"The paper specifies Spearman rank-order correlations, but the R code as written will run cor.test with the default Pearson method because it incorrectly uses the 'type' argument instead of 'method'.",,
avilles,6,"Spearman rank-order correlation between the cohort-level prevalence of singles at T1 and mean life satisfaction at T1. This analysis evaluated whether cohorts with more singles reported higher life satisfaction among singles, yielding a positive correlation, rs(7,637) = .33, p < .001.",Variable Specification,"We tested differences between the later-born and earlier-born cohort in the prevalence of singles (Hypothesis 1) using a chi-square test and computed Spear‑man’s rank correlations to assess the association between the prevalence of singles and satisfaction at T1 (Hypothesis 2). ... The proportion of singles was significantly associated with higher singlehood satisfaction (rs(7,488) = .20, p < .001) and higher life satisfaction (rs(7,637) = .33, p < .001). Thus, in line with Hypothesis 2, the higher the share of sin-gles in a birth cohort, the more satisfied singles were with their singlehood and life in general.","### Is prevalence related to well-being? ###

prev <- prev %>% filter(relt1 == 0)

cor.test(prev$prevalence, prev$sinsatt1, type = ""spearman"")
cor.test(prev$prevalence, prev$lifesatt1, type = ""spearman"")",match,"The code uses cohort-level prevalence of singles as the predictor and singlehood and life satisfaction at T1 among singles as outcomes, consistent with the paper’s description. The variables’ roles and scope (restricted to singles) match the variable specification in the results section.",,
avilles,6,"Spearman rank-order correlation between the cohort-level prevalence of singles at T1 and mean life satisfaction at T1. This analysis evaluated whether cohorts with more singles reported higher life satisfaction among singles, yielding a positive correlation, rs(7,637) = .33, p < .001.",Transformation Specification,"To prepare the data for the analyses, we created two additional variables: intraindividual change over time and prevalence of singles. First, intraindividual change describes the number of years since baseline (i.e., T1), ranging from 0 (T1) to 2 (T3). This variable was necessary to examine change in singles’ satisfaction over the time of being single.

Second, we calculated the proportion of singles at T1 (Wave 1 for earlier-born cohort and Wave 11 for later-born cohort), which was done with the prevalence sample of N = 17,697 participants. Higher values indicated a greater share of singles at T1 in the respective cohort.

We tested differences between the later-born and earlier-born cohort in the prevalence of singles (Hypothesis 1) using a chi-square test and computed Spearman’s rank correlations to assess the association between the prevalence of singles and satisfaction at T1 (Hypothesis 2).","### Prevalences #############

prev <- read.table(""data_prevalences.txt"")

# across age groups
prev %>% group_by(histcoh) %>%
  summarize(n_single = sum(relt1 == 0), 
            n = n())

# separated by age group
prev %>% group_by(histcoh, agegroup) %>%
  summarize(n_single = sum(relt1 == 0), 
            n = n())

# H1
chisq.test(table(prev$relt1, prev$histcoh))

round(prop.table(table(prev[which(prev$histcoh == ""earlier-born""), ""relt1""])), 3)
round(prop.table(table(prev[which(prev$histcoh == ""later-born""), ""relt1""])), 3) 

# differences between earlier- and later-born cohort in age?
t.test(aget1 ~ histcoh, data = prev)
round(mean(prev[which(prev$histcoh == ""later-born""), ""aget1""], na.rm = TRUE), 2)
round(sd(prev[which(prev$histcoh == ""later-born""), ""aget1""], na.rm = TRUE), 2)

round(mean(prev[which(prev$histcoh == ""earlier-born""), ""aget1""], na.rm = TRUE), 2)
round(sd(prev[which(prev$histcoh == ""earlier-born""), ""aget1""], na.rm = TRUE), 2)


#Prevalences by age group
adolescents <- prev %>% filter(agegroup == ""adolescents"")
emerging <- prev %>% filter(agegroup == ""emerging"")
established <- prev %>% filter(agegroup == ""established"")

round(prop.table(table(adolescents$relt1)), 2) 
round(prop.table(table(emerging$relt1)), 2) 
round(prop.table(table(established$relt1)), 2) 
  
# Differences in later- vs. earlier-born cohorts by age group

# Adolescents
chisq.test(table(adolescents$relt1, adolescents$histcoh))

round(prop.table(table(adolescents[which(adolescents$histcoh == ""earlier-born""), ""relt1""])), 2)
round(prop.table(table(adolescents[which(adolescents$histcoh == ""later-born""), ""relt1""])), 2)

# Emerging adults
chisq.test(table(emerging$relt1, emerging$histcoh))

round(prop.table(table(emerging[which(emerging$histcoh == ""earlier-born""), ""relt1""])), 3)
round(prop.table(table(emerging[which(emerging$histcoh == ""later-born""), ""relt1""])), 3) 

# Established adults
chisq.test(table(established$relt1, established$histcoh))

round(prop.table(table(established[which(established$histcoh == ""earlier-born""), ""relt1""])), 3)
round(prop.table(table(established[which(established$histcoh == ""later-born""), ""relt1""])), 3) 


### Is prevalence related to well-being? ###

prev <- prev %>% filter(relt1 == 0)

cor.test(prev$prevalence, prev$sinsatt1, type = ""spearman"")
cor.test(prev$prevalence, prev$lifesatt1, type = ""spearman"")
",match,"The code’s only relevant transformation for this analysis is subsetting to singles at T1 and using a precomputed prevalence variable, which aligns with the paper’s description of computing prevalence at T1 and examining the association among singles. No additional or conflicting data transformations are applied in the code for this correlation analysis.",,
avilles,6,"Spearman rank-order correlation between the cohort-level prevalence of singles at T1 and mean life satisfaction at T1. This analysis evaluated whether cohorts with more singles reported higher life satisfaction among singles, yielding a positive correlation, rs(7,637) = .33, p < .001.",Inference Specification,"The proportion of singles was significantly associated with higher singlehood satisfaction (rs(7,488) = .20, p < .001) and higher life satisfaction (rs(7,637) = .33, p < .001).","### Is prevalence related to well-being? ###

prev <- prev %>% filter(relt1 == 0)

cor.test(prev$prevalence, prev$sinsatt1, type = ""spearman"")
cor.test(prev$prevalence, prev$lifesatt1, type = ""spearman"")",unknown,"The paper reports that the correlations are significant with p < .001, but does not state an explicit alpha level, and the code simply calls cor.test without specifying any inference criteria, so the correspondence of pre-specified inference thresholds cannot be determined.",,
avilles,7,"Independent-samples t test comparing mean age between the earlier-born and later-born prevalence samples at T1 to assess age differences between cohorts. The test showed that participants in the later-born cohort (M = 24.73, SD = 8.69) were significantly younger than those in the earlier-born cohort (M = 25.87, SD = 8.34), t(9,768) = −8.10, p < .001.",Model Specification,"However, as the proportion of singles greatly differed between the age groups (17% in established adulthood, 31% in emerging adulthood, and 75% in adolescence) and participants of the later-born cohort were, on average, significantly younger (M = 24.73, SD = 8.69) than participants of the earlier-born cohort (M = 25.87, SD = 8.34, t(9,768) = −8.10, p < .001), we conducted non-preregistered supplemental analyses and tested Hypothesis 1 also within age groups.","# differences between earlier- and later-born cohort in age?
t.test(aget1 ~ histcoh, data = prev)",match,Both the paper and the code use an independent-samples t-test to compare age between earlier- and later-born cohorts at T1.,,
avilles,7,"Independent-samples t test comparing mean age between the earlier-born and later-born prevalence samples at T1 to assess age differences between cohorts. The test showed that participants in the later-born cohort (M = 24.73, SD = 8.69) were significantly younger than those in the earlier-born cohort (M = 25.87, SD = 8.34), t(9,768) = −8.10, p < .001.",Variable Specification,"However, as the proportion of singles greatly differed between the age groups (17% in established adulthood, 31% in emerging adulthood, and 75% in adolescence) and participants of the later-born cohort were, on average, significantly younger (M = 24.73, SD = 8.69) than participants of the earlier-born cohort (M = 25.87, SD = 8.34, t(9,768) = −8.10, p < .001), we conducted non-preregistered supplemental analyses and tested Hypothesis 1 also within age groups.","# Prevalences #############

prev <- read.table(""data_prevalences.txt"")
...
# differences between earlier- and later-born cohort in age?
t.test(aget1 ~ histcoh, data = prev)
round(mean(prev[which(prev$histcoh == ""later-born""), ""aget1""], na.rm = TRUE), 2)
round(sd(prev[which(prev$histcoh == ""later-born""), ""aget1""], na.rm = TRUE), 2)

round(mean(prev[which(prev$histcoh == ""earlier-born""), ""aget1""], na.rm = TRUE), 2)
round(sd(prev[which(prev$histcoh == ""earlier-born""), ""aget1""], na.rm = TRUE), 2)",match,"The code uses age at T1 as the dependent variable and historical cohort (earlier-born vs later-born) as the grouping variable, which matches the variable roles described in the paper’s independent-samples t test. No additional or different variables are used in the implementation compared to the description.",,
avilles,7,"Independent-samples t test comparing mean age between the earlier-born and later-born prevalence samples at T1 to assess age differences between cohorts. The test showed that participants in the later-born cohort (M = 24.73, SD = 8.69) were significantly younger than those in the earlier-born cohort (M = 25.87, SD = 8.34), t(9,768) = −8.10, p < .001.",Transformation Specification,"Preparation. To prepare the data for the analyses, we created two additional variables: intraindividual change over time and prevalence of singles. First, intraindividual change describes the number of years since baseline (i.e., T1), ranging from 0 (T1) to 2 (T3). This variable was necessary to examine change in singles’ satisfaction over the time of being single.

Second, we calculated the proportion of singles at T1 (Wave 1 for earlier-born cohort and Wave 11 for later-born cohort), which was done with the prevalence sample of N = 17,697 participants. Higher values indicated a greater share of singles at T1 in the respective cohort.","### create prevalence data

data <- data %>% group_by(cohort, histcoh) %>%
  mutate(prevalence = round(length(which(relt1 == 0)) / (length(which(relt1 == 0)) + length(which(relt1 == 1))), 3))

data_prevalence <- data %>% select(id, sex, histcoh, agegroup, aget1, relt1, prevalence, sinsatt1, sinsatt2, sinsatt3, lifesatt1, lifesatt2, lifesatt3)

# only participants with information on their relationship duration
data_prevalence <- data_prevalence %>% filter(!is.na(relt1))

# only participants who did not participate twice
data_prevalence <- data_prevalence %>% group_by(id) %>%
  mutate(total = sum(n()),
         unique = ifelse(total == 1, 1, 0)) %>%
  select(-total) %>% arrange(id) %>% slice_head()
# write.table(data_prevalence, ""data_prevalences.txt"")
",match,"The code implements the described transformation by computing a prevalence variable as the proportion of singles at T1 within cohorts, which aligns with the paper’s description of calculating the proportion of singles at T1. Additional filtering steps for missing relationship status and duplicate participants are plausible data-cleaning operations and do not conflict with the described transformation.",,
avilles,7,"Independent-samples t test comparing mean age between the earlier-born and later-born prevalence samples at T1 to assess age differences between cohorts. The test showed that participants in the later-born cohort (M = 24.73, SD = 8.69) were significantly younger than those in the earlier-born cohort (M = 25.87, SD = 8.34), t(9,768) = −8.10, p < .001.",Inference Specification,"However, as the proportion of singles greatly differed between the age groups (17% in established adulthood, 31% in emerging adulthood, and 75% in adolescence) and participants of the later-born cohort were, on average, significantly younger (M = 24.73, SD = 8.69) than participants of the earlier-born cohort (M = 25.87, SD = 8.34, t(9,768) = −8.10, p < .001), we conducted non-preregistered supplemental analyses and tested Hypothesis 1 also within age groups.","# differences between earlier- and later-born cohort in age?
t.test(aget1 ~ histcoh, data = prev)
",unknown,"The paper reports a significance result (p < .001), but does not state an explicit alpha or other inference criterion, and the code simply calls t.test() without specifying any alpha or decision rule, so alignment of inference specification cannot be determined.",,
avilles,9,"Multilevel linear mixed-effects growth-curve model (Model 1) predicting life satisfaction from time (0–2 years since baseline) at Level 1 and age group at Level 2, with a time × age-group interaction. The model tested whether life satisfaction changed over the 2-year singlehood period and whether age groups differed; results showed an overall decline in life satisfaction (b = −0.19, 95% CI [−0.23, −0.15], p < .001) driven by adolescents, with significant baseline differences such that emerging and especially established adults were less satisfied than adolescents.",Model Specification,"The remaining hypotheses (Hypotheses 3-10) were all tested using multilevel growth-curve models.

We examined four models for satisfaction with singlehood and four models for life satisfaction. We note that the sequence of these models does not follow the sequence of the hypotheses because models were constructed in a similar stepwise manner as in previous studies (e.g., Brandt et al., 2022), and the relevant main effects and interaction terms were included in different models. In Model 1, we tested intraindividual change in singles’ satisfaction (Hypothesis 10) and examined age-related differences (Hypothesis 4). At Level 1, participants’ satisfaction with singlehood (or life satisfaction) was predicted from the person-specific intercept, person-specific linear slope, and time-specific residual score. At Level 2, participants’ age group was added as a predictor and as a cross-level interaction with time.",,unknown,"The paper clearly specifies a multilevel growth-curve (linear mixed-effects) model with time at Level 1 and age group plus a time × age-group interaction at Level 2, but no corresponding code is provided to verify the implementation.",,
avilles,9,"Multilevel linear mixed-effects growth-curve model (Model 1) predicting life satisfaction from time (0–2 years since baseline) at Level 1 and age group at Level 2, with a time × age-group interaction. The model tested whether life satisfaction changed over the 2-year singlehood period and whether age groups differed; results showed an overall decline in life satisfaction (b = −0.19, 95% CI [−0.23, −0.15], p < .001) driven by adolescents, with significant baseline differences such that emerging and especially established adults were less satisfied than adolescents.",Variable Specification,"In Model 1, we tested intraindividual change in singles’ satisfaction (Hypothesis 10) and examined age-related differences (Hypothesis 4). At Level 1, participants’ satisfaction with singlehood (or life satisfaction) was predicted from the person-specific inter- cept, person-specific linear slope, and time-specific residual score. At Level 2, participants’ age group was added as a predictor and as a cross-level interaction with time.",,unknown,It is unclear whether the code matches the paper’s variable specification because no relevant code or variable definitions were provided for comparison.,,
avilles,9,"Multilevel linear mixed-effects growth-curve model (Model 1) predicting life satisfaction from time (0–2 years since baseline) at Level 1 and age group at Level 2, with a time × age-group interaction. The model tested whether life satisfaction changed over the 2-year singlehood period and whether age groups differed; results showed an overall decline in life satisfaction (b = −0.19, 95% CI [−0.23, −0.15], p < .001) driven by adolescents, with significant baseline differences such that emerging and especially established adults were less satisfied than adolescents.",Transformation Specification,"To prepare the data for the analyses, we created two additional variables: intraindividual change over time and prevalence of singles. First, intraindividual change describes the number of years since baseline (i.e., T1), ranging from 0 (T1) to 2 (T3). This variable was necessary to examine change in singles’ satisfaction over the time of being single.","################ LONG-FORMAT #######################

library(tidyr)

long_age <- data %>%
  pivot_longer(
    cols = c(aget1, aget2, aget3),
    names_to = c(""time""),
    names_pattern = ""(\\d+)"",
    names_transform = list(time = as.integer),
    values_to = ""age"")

long_lifesat <- data %>%
  pivot_longer(
    cols = c(lifesatt1, lifesatt2, lifesatt3),
    names_to = c(""time""),
    names_pattern = ""(\\d+)"",
    names_transform = list(time = as.integer),
    values_to = ""lifesat"")

long_sinsat <- data %>%
  pivot_longer(
    cols = c(sinsatt1, sinsatt2, sinsatt3),
    names_to = c(""time""),
    names_pattern = ""(\\d+)"",
    names_transform = list(time = as.integer),
    values_to = ""sinsat"")

data_long <- cbind(long_age[, c(""id"", ""sex"", ""ethni"", ""histcoh"", ""cohort"", ""time"", ""age"", ""agegroup"", ""extra_M"", ""neuro_M"", ""agree_M"", ""consc_M"", ""open_M"", ""prevalence"", ""prevrel"", ""sindur"")], long_lifesat[, ""lifesat""], long_sinsat[, ""sinsat""])
rm(long_age, long_lifesat, long_sinsat)",unknown,"The paper specifies creating an intraindividual change variable ranging from 0–2 years since baseline, but the provided code snippet only shows reshaping to long format with a 'time' variable taking values 1–3 and does not display any transformation to a 0–2 scale. It is therefore unclear from the available code whether the described transformation was implemented as stated.",,
avilles,9,"Multilevel linear mixed-effects growth-curve model (Model 1) predicting life satisfaction from time (0–2 years since baseline) at Level 1 and age group at Level 2, with a time × age-group interaction. The model tested whether life satisfaction changed over the 2-year singlehood period and whether age groups differed; results showed an overall decline in life satisfaction (b = −0.19, 95% CI [−0.23, −0.15], p < .001) driven by adolescents, with significant baseline differences such that emerging and especially established adults were less satisfied than adolescents.",Inference Specification,"An a-priori power analysis based on Monte Carlo simulations (1,000 simulations, .80% power, intraclass correlation coefficient [ICC] = .50, α = .01, two-tailed test) using the package SIMR (Green & MacLeod, 2016) in R (R Core Team, 2020) suggested that the sample size was sufficiently large (N > 1,600) to detect small (b = .10) Level 1 (time) and Level 2 (e.g., cohort) main effects as well as medium (b = .30) cross-level interaction effects (e.g., time × age). As preregistered, we reran all models with participants’ gender as an additional control variable (expect for Model 3, in which gender was already included). Given the number of statistical models, we evaluated significance of the multilevel growth-curve models at α level of .01 to address potentially inflated Type 1 error rates. We only interpreted coefficients that were significant and showed effects in the same direction in the models with and without controlling for gender.",,unknown,"There is insufficient information from the provided code to determine whether the inference criteria described in the paper (e.g., α = .01, interpretation rules) were implemented as specified.",,
avilles,10,"Multilevel linear mixed-effects growth-curve model (Model 2) predicting singlehood satisfaction from time (Level 1) and Level-2 predictors age group and cohort membership (earlier-born vs. later-born), including interactions age-group × cohort, time × cohort, and age-group × time. This model tested cohort effects and age–cohort interactions, finding higher baseline singlehood satisfaction in the later-born cohort (b = 0.43, 95% CI [0.23, 0.62], p < .001) and significant age-group × cohort interactions indicating that only later-born adolescents had higher singlehood satisfaction than their earlier-born counterparts; time trajectories did not differ by cohort.",Model Specification,"The remaining hypotheses (Hypotheses 3-10) were all tested using multilevel growth-curve models. In Model 2, we tested cohort-related differences (Hypothesis 3) and age–cohort interaction effects (Hypothesis 6). We did so by extending Model 1 by including participants’ cohort membership as an additional predictor at Level 2 as well as interaction terms with time (cross-level) and age group (same-level).",,unknown,"The paper clearly specifies a multilevel growth-curve model with cohort as a Level-2 predictor and interactions, but no corresponding code is provided to verify that this model was implemented as described.",,
avilles,10,"Multilevel linear mixed-effects growth-curve model (Model 2) predicting singlehood satisfaction from time (Level 1) and Level-2 predictors age group and cohort membership (earlier-born vs. later-born), including interactions age-group × cohort, time × cohort, and age-group × time. This model tested cohort effects and age–cohort interactions, finding higher baseline singlehood satisfaction in the later-born cohort (b = 0.43, 95% CI [0.23, 0.62], p < .001) and significant age-group × cohort interactions indicating that only later-born adolescents had higher singlehood satisfaction than their earlier-born counterparts; time trajectories did not differ by cohort.",Variable Specification,"We examined four models for satisfaction with singlehood and four models for life satisfaction. We note that the sequence of these models does not follow the sequence of the hypotheses because models were constructed in a similar stepwise manner as in previous studies (e.g., Brandt et al., 2022), and the relevant main effects and interaction terms were included in different models. In Model 1, we tested intraindividual change in singles’ satisfaction (Hypothesis 10) and examined age-related differences (Hypothesis 4). At Level 1, participants’ satisfaction with singlehood (or life satisfaction) was predicted from the person-specific intercept, person-specific linear slope, and time-specific residual score. At Level 2, participants’ age group was added as a predictor and as a cross-level interaction with time. In Model 2, we tested cohort-related differences (Hypothesis 3) and age–cohort interaction effects (Hypothesis 6). We did so by extending Model 1 by including participants’ cohort membership as an additional predictor at Level 2 as well as interaction terms with time (cross-level) and age group (same-level).",,unknown,It is not possible to determine whether the variable specification in the code matches the paper description because no relevant code snippets were provided for inspection.,,
avilles,10,"Multilevel linear mixed-effects growth-curve model (Model 2) predicting singlehood satisfaction from time (Level 1) and Level-2 predictors age group and cohort membership (earlier-born vs. later-born), including interactions age-group × cohort, time × cohort, and age-group × time. This model tested cohort effects and age–cohort interactions, finding higher baseline singlehood satisfaction in the later-born cohort (b = 0.43, 95% CI [0.23, 0.62], p < .001) and significant age-group × cohort interactions indicating that only later-born adolescents had higher singlehood satisfaction than their earlier-born counterparts; time trajectories did not differ by cohort.",Transformation Specification,"To prepare the data for the analyses, we created two additional variables: intraindividual change over time and prevalence of singles. First, intraindividual change describes the number of years since baseline (i.e., T1), ranging from 0 (T1) to 2 (T3). This variable was necessary to examine change in singles’ satisfaction over the time of being single. ... For each trait, we used wave-specific mean scores. Specifically, for individuals in the earlier-born cohort, we used personality-trait items from Wave 2; for individuals in the later-born cohort, we used personality-trait items from Waves 10 (birth cohorts 1991-1993 and 1981-1983) and 11 (birth cohort 2001-2003).","anchor2 <- anchor2 %>% select(id, age, relstat, starts_with(""ehc2p""), sat6, sat2, starts_with(""per3i"")) %>%
  rename(aget2 = age,
         lifesatt2 = sat6,
         sinsatt2 = sat2) %>%
  replace(((.) < 0), NA) %>%
  mutate(relt2 = ifelse(relstat == 1 |
                          relstat == 6 |
                          relstat == 9, 0, 1)) %>% 
  select(-c(ehc2p1, ehc2p2, ehc2p3, ehc2p4, ehc2p5)) %>%
  mutate(months_rel_t1_t2 = rowSums(.[c(4:93)], na.rm = TRUE)) %>%
  mutate_at(c(96:116), as.numeric) %>%
  mutate_at(c(""per3i1"", ""per3i11"", ""per3i9"", ""per3i2"", ""per3i12"", ""per3i17"", ""per3i8"", ""per3i21""),
            ~ recode(., ""1"" = 5, ""2"" = 4, ""3"" = 3, 
                     ""4"" = 2, ""5"" = 1)) %>%
  rowwise() %>%
  mutate(extra_M = round(mean(c(per3i1, per3i6, per3i11, per3i16), na.rm = TRUE), 2),
         neuro_M = round(mean(c(per3i4, per3i9, per3i14, per3i19), na.rm = TRUE), 2),
         agree_M = round(mean(c(per3i2, per3i7, per3i12, per3i17), na.rm = TRUE), 2),
         consc_M = round(mean(c(per3i3, per3i8, per3i13, per3i18), na.rm = TRUE), 2),
         open_M = round(mean(c(per3i5, per3i10, per3i15, per3i20, per3i21), na.rm = TRUE), 2)) %>%
  select(id, aget2, relt2, months_rel_t1_t2, lifesatt2, sinsatt2, extra_M, neuro_M, agree_M, consc_M, open_M)

long_age <- data %>%
  pivot_longer(
    cols = c(aget1, aget2, aget3),
    names_to = c(""time""),
    names_pattern = ""(\\d+)"",
    names_transform = list(time = as.integer),
    values_to = ""age"")

long_sinsat <- data %>%
  pivot_longer(
    cols = c(sinsatt1, sinsatt2, sinsatt3),
    names_to = c(""time""),
    names_pattern = ""(\\d+)"",
    names_transform = list(time = as.integer),
    values_to = ""sinsat"")

data_long <- cbind(long_age[, c(""id"", ""sex"", ""ethni"", ""histcoh"", ""cohort"", ""time"", ""age"", ""agegroup"", ""extra_M"", ""neuro_M"", ""agree_M"", ""consc_M"", ""open_M"", ""prevalence"", ""prevrel"", ""sindur"")], long_lifesat[, ""lifesat""], long_sinsat[, ""sinsat""])
",unknown,"The code clearly computes mean scores for personality traits as described, but it is unclear from the provided snippets whether the time variable was transformed to represent ‘years since baseline’ ranging from 0 to 2 as stated in the paper. Because the creation and scaling of the intraindividual change variable are only partially visible, overall alignment of the transformations cannot be confidently determined.",,
avilles,10,"Multilevel linear mixed-effects growth-curve model (Model 2) predicting singlehood satisfaction from time (Level 1) and Level-2 predictors age group and cohort membership (earlier-born vs. later-born), including interactions age-group × cohort, time × cohort, and age-group × time. This model tested cohort effects and age–cohort interactions, finding higher baseline singlehood satisfaction in the later-born cohort (b = 0.43, 95% CI [0.23, 0.62], p < .001) and significant age-group × cohort interactions indicating that only later-born adolescents had higher singlehood satisfaction than their earlier-born counterparts; time trajectories did not differ by cohort.",Inference Specification,"Given the number of statistical models, we evaluated significance of the multilevel growth-curve models at α level of .01 to address potentially inflated Type 1 error rates. We only interpreted coefficients that were significant and showed effects in the same direction in the models with and without controlling for gender.",,unknown,"The paper specifies using α = .01 and interpreting only coefficients significant and directionally consistent across models, but there is no corresponding code snippet provided to verify whether these inferential criteria were implemented. Without access to the relevant code, it is impossible to determine if the implementation matches the described inference specification.",,
avilles,12,"Multilevel linear mixed-effects growth-curve model (Model 3) predicting singlehood satisfaction from time (Level 1) and Level-2 predictors age group, cohort membership, and gender, including interactions gender × age-group, gender × cohort, and gender × time. This model examined gender differences and gender–cohort interactions, finding that female established adults had higher baseline singlehood satisfaction than male established adults (b = 0.65, 95% CI [0.28, 1.02], p = .001), more pronounced gender differences in the later-born cohort (gender × cohort b = 0.42, 95% CI [0.14, 0.71], p = .003), and no gender differences in change over time.",Model Specification,"The remaining hypotheses (Hypotheses 3-10) were all tested using multilevel growth-curve models. ... In Model 3, we tested gender-related differences (Hypothesis 5) and gender–cohort interaction effects (Hypothesis 7). We did so by extending Model 2 by including participants’ gender as an additional predictor at Level 2 as well as interaction terms with time (cross-level), age group, and cohort membership (both same-level).",,unknown,There is not enough information from the code to determine whether the implemented model specification matches the multilevel growth-curve model described for Model 3 in the paper.,,
avilles,12,"Multilevel linear mixed-effects growth-curve model (Model 3) predicting singlehood satisfaction from time (Level 1) and Level-2 predictors age group, cohort membership, and gender, including interactions gender × age-group, gender × cohort, and gender × time. This model examined gender differences and gender–cohort interactions, finding that female established adults had higher baseline singlehood satisfaction than male established adults (b = 0.65, 95% CI [0.28, 1.02], p = .001), more pronounced gender differences in the later-born cohort (gender × cohort b = 0.42, 95% CI [0.14, 0.71], p = .003), and no gender differences in change over time.",Variable Specification,"In Model 3, we tested gender-related differ-
ences (Hypothesis 5) and gender–cohort interaction effects 
(Hypothesis 7). We did so by extending Model 2 by includ-
ing participants’ gender as an additional predictor at Level 2 
as well as interaction terms with time (cross-level), age 
group, and cohort membership (both same-level).

""In Model 1, we tested 
intraindividual change in singles’ satisfaction (Hypothesis 
10) and examined age-related differences (Hypothesis 4). At 
Level 1, participants’ satisfaction with singlehood (or life 
satisfaction) was predicted from the person-specific inter-
cept, person-specific linear slope, and time-specific residual 
score. At Level 2, participants’ age group was added as a 
predictor and as a cross-level interaction with time. In Model 
2, we tested cohort-related differences (Hypothesis 3) and 
age–cohort interaction effects (Hypothesis 6). We did so by 
extending Model 1 by including participants’ cohort mem-
bership as an additional predictor at Level 2 as well as inter-
action terms with time (cross-level) and age group 
(same-level).""",,unknown,"The paper clearly specifies the variables and interactions in Model 3, but no corresponding code or variable definitions are provided to verify that the implementation matches this specification.",,
avilles,12,"Multilevel linear mixed-effects growth-curve model (Model 3) predicting singlehood satisfaction from time (Level 1) and Level-2 predictors age group, cohort membership, and gender, including interactions gender × age-group, gender × cohort, and gender × time. This model examined gender differences and gender–cohort interactions, finding that female established adults had higher baseline singlehood satisfaction than male established adults (b = 0.65, 95% CI [0.28, 1.02], p = .001), more pronounced gender differences in the later-born cohort (gender × cohort b = 0.42, 95% CI [0.14, 0.71], p = .003), and no gender differences in change over time.",Transformation Specification,"To prepare the data for the analyses, we created two additional variables: intraindividual change over time and prevalence of singles. First, intraindividual change describes the number of years since baseline (i.e., T1), ranging from 0 (T1) to 2 (T3). This variable was necessary to examine change in singles’ satisfaction over the time of being single.

Second, we calculated the proportion of singles at T1 (Wave 1 for earlier-born cohort and Wave 11 for later-born cohort), which was done with the prevalence sample of N = 17,697 participants. Higher values indicated a greater share of singles at T1 in the respective cohort.

Personality traits … were assessed with four items each. … For each trait, we used wave-specific mean scores. … At T1, participants provided information on their age and gender (0 = male, 1 = female) in the CAPI mode.

For the remaining hypotheses (Hypotheses 3-10) and research questions (Research Questions 1 and 2), we focused on participants who were continuously single between T1 and T3 and therefore excluded participants who reported being in a romantic relationship at some point during this period … This was done to account for and illustrate changes in satisfaction over time of being single.","anchor1 <- anchor1 %>% select(id, sex_gen, ethni, cohort, age, sd3, np, sat6, sat2) %>%
  rename(sex = sex_gen,
         aget1 = age,
         relt1 = sd3,
         prevrel = np,
         lifesatt1 = sat6,
         sinsatt1 = sat2) %>%
  replace(((.) < 0), NA) %>%
  mutate(sex = sex - 1,
         relt1 = ifelse(relt1 == 2, 0, relt1))

anchor2 <- anchor2 %>% select(id, age, relstat, starts_with(""ehc2p""), sat6, sat2, starts_with(""per3i"")) %>%
  rename(aget2 = age,
         lifesatt2 = sat6,
         sinsatt2 = sat2) %>%
  replace(((.) < 0), NA) %>%
  mutate(relt2 = ifelse(relstat == 1 |
                          relstat == 6 |
                          relstat == 9, 0, 1)) %>% 
  select(-c(ehc2p1, ehc2p2, ehc2p3, ehc2p4, ehc2p5)) %>%
  mutate(months_rel_t1_t2 = rowSums(.[c(4:93)], na.rm = TRUE)) %>%
  mutate_at(c(96:116), as.numeric) %>%
  mutate_at(c(""per3i1"", ""per3i11"", ""per3i9"", ""per3i2"", ""per3i12"", ""per3i17"", ""per3i8"", ""per3i21""),
            ~ recode(., ""1"" = 5, ""2"" = 4, ""3"" = 3, 
                     ""4"" = 2, ""5"" = 1)) %>%
  rowwise() %>%
  mutate(extra_M = round(mean(c(per3i1, per3i6, per3i11, per3i16), na.rm = TRUE), 2),
         neuro_M = round(mean(c(per3i4, per3i9, per3i14, per3i19), na.rm = TRUE), 2),
         agree_M = round(mean(c(per3i2, per3i7, per3i12, per3i17), na.rm = TRUE), 2),
         consc_M = round(mean(c(per3i3, per3i8, per3i13, per3i18), na.rm = TRUE), 2),
         open_M = round(mean(c(per3i5, per3i10, per3i15, per3i20, per3i21), na.rm = TRUE), 2)) %>%
  select(id, aget2, relt2, months_rel_t1_t2, lifesatt2, sinsatt2, extra_M, neuro_M, agree_M, consc_M, open_M)

anchor3 <- anchor3 %>% select(id, age, relstat, starts_with(""ehc2p""), sat6, sat2) %>%
  rename(aget3 = age,
         lifesatt3 = sat6,
         sinsatt3 = sat2) %>%
  mutate(relt3 = ifelse(relstat == 1 |
                          relstat == 6 |
                          relstat == 9, 0, 1)) %>% 
  replace(((.) < 0), NA) %>%
  select(-c(ehc2p1, ehc2p2, ehc2p3, ehc2p4, ehc2p5)) %>%
  mutate(months_rel_t2_t3 = rowSums(.[c(4:163)], na.rm = TRUE)) %>%
  select(id, aget3, relt3, months_rel_t2_t3, lifesatt3, sinsatt3)

anchor11 <- anchor11 %>% select(id, sex_gen, ethni, cohort, age, relstat, np, sat6, sat2, starts_with(""per3i"")) %>%
  rename(sex = sex_gen,
         aget1 = age,
         lifesatt1 = sat6,
         sinsatt1 = sat2,
         prevrel = np) %>%
  mutate(relt1 = ifelse(relstat == 1 |
                           relstat == 6 |
                           relstat == 9, 0, 1),
         sex = sex - 1) %>% 
  replace(((.) < 0), NA) %>%
  mutate_at(c(10:30), as.numeric) %>%
  mutate_at(c(""per3i1"", ""per3i11"", ""per3i9"", ""per3i2"", ""per3i12"", ""per3i17"", ""per3i8"", ""per3i21""),
            ~ recode(., ""1"" = 5, ""2"" = 4, ""3"" = 3, 
                     ""4"" = 2, ""5"" = 1)) %>%
  rowwise() %>%
  mutate(extra_M = round(mean(c(per3i1, per3i6, per3i11, per3i16), na.rm = TRUE), 2),
         neuro_M = round(mean(c(per3i4, per3i9, per3i14, per3i19), na.rm = TRUE), 2),
         agree_M = round(mean(c(per3i2, per3i7, per3i12, per3i17), na.rm = TRUE), 2),
         consc_M = round(mean(c(per3i3, per3i8, per3i13, per3i18), na.rm = TRUE), 2),
         open_M = round(mean(c(per3i5, per3i10, per3i15, per3i20, per3i21), na.rm = TRUE), 2)) %>%
  select(id, sex, ethni, cohort, aget1, relt1, prevrel, lifesatt1, sinsatt1, extra_M, neuro_M, agree_M, consc_M, open_M)

anchor12 <- anchor12 %>% select(id, age, relstat, starts_with(""ehc2p""), sat6, sat2) %>%
  rename(aget2 = age,
         lifesatt2 = sat6,
         sinsatt2 = sat2) %>%
  mutate(relt2 = ifelse(relstat == 1 |
                           relstat == 6 |
                           relstat == 9, 0, 1)) %>% 
  replace(((.) < 0), NA) %>%
  select(-c(ehc2p1, ehc2p2, ehc2p3, ehc2p4, ehc2p5)) %>%
  mutate(months_rel_t1_t2 = rowSums(.[c(4:163)], na.rm = TRUE)) %>%
  select(id, aget2, relt2, months_rel_t1_t2, lifesatt2, sinsatt2)

anchor13 <- anchor13 %>% select(id, age, relstat, starts_with(""ehc2p""), sat6, sat2) %>%
  rename(aget3 = age,
         lifesatt3 = sat6,
         sinsatt3 = sat2) %>%
  mutate(relt3 = ifelse(relstat == 1 |
                           relstat == 6 |
                           relstat == 9, 0, 1)) %>% 
  replace(((.) < 0), NA) %>%
  select(-c(ehc2p1, ehc2p2, ehc2p3, ehc2p4, ehc2p5)) %>%
  mutate(months_rel_t2_t3 = rowSums(.[c(4:163)], na.rm = TRUE)) %>%
  select(id, aget3, relt3, months_rel_t2_t3, lifesatt3, sinsatt3)

anchor10 <- anchor10 %>% select(id, starts_with(""per3i"")) %>%
  mutate_at(c(2:22), as.numeric) %>%
  mutate_at(c(""per3i1"", ""per3i11"", ""per3i9"", ""per3i2"", ""per3i12"", ""per3i17"", ""per3i8"", ""per3i21""),
            ~ recode(., ""1"" = 5, ""2"" = 4, ""3"" = 3, 
                     ""4"" = 2, ""5"" = 1)) %>% 
  replace(((.) < 0), NA) %>%
  rowwise() %>%
  mutate(extra_M = round(mean(c(per3i1, per3i6, per3i11, per3i16), na.rm = TRUE), 2),
         neuro_M = round(mean(c(per3i4, per3i9, per3i14, per3i19), na.rm = TRUE), 2),
         agree_M = round(mean(c(per3i2, per3i7, per3i12, per3i17), na.rm = TRUE), 2),
         consc_M = round(mean(c(per3i3, per3i8, per3i13, per3i18), na.rm = TRUE), 2),
         open_M  = round(mean(c(per3i5, per3i10, per3i15, per3i20, per3i21), na.rm = TRUE), 2)) %>%
  select(id, extra_M, neuro_M, agree_M, consc_M, open_M)

### construct age groups ###

data <- data %>% group_by(cohort, histcoh) %>%
  mutate(agegroup = ifelse(histcoh == ""earlier-born"" & cohort == 1 | histcoh == ""later-born"" & cohort == 4, ""adolescents"", NA),
         agegroup = ifelse(histcoh == ""earlier-born"" & cohort == 2 | histcoh == ""later-born"" & cohort == 1, ""emerging"", agegroup),
         agegroup = ifelse(histcoh == ""earlier-born"" & cohort == 3 | histcoh == ""later-born"" & cohort == 2, ""established"", agegroup))

### create prevalence data

data <- data %>% group_by(cohort, histcoh) %>%
  mutate(prevalence = round(length(which(relt1 == 0)) / (length(which(relt1 == 0)) + length(which(relt1 == 1))), 3))

### single at T1 ###
data <- data %>% filter(relt1 == 0) # N = 8,321

### single throughout T1-3 ###
data <- data %>% filter(months_rel_t1_t2 == 0, relt2 == 0, months_rel_t2_t3 == 0, relt3 == 0) # N = 3,161

### missings on both well-being measures ###
data <- data %>% filter(!(is.na(lifesatt1) & is.na(sinsatt1))) # N = 3,161

### only include first-time report ###
data <- data %>% group_by(id) %>% # N = 2,936
  mutate(total = sum(n()),
         unique = ifelse(total == 1, 1, 0)) %>%
  select(-total) %>% arrange(id) %>% slice_head() %>% select(-unique)

biopart_earlier <- biopart_earlier %>% 
  mutate(relbefT1 = ifelse(relbeg > intdatw1, 0, 1)) %>% # identify which participants had relationship before T1
  filter(relbefT1 == 1) # filter the rest out

biopart_earlier <- biopart_earlier %>%
  group_by(id) %>%
  replace(((.) < 0), NA) %>%
  slice(n()) %>%
  mutate(sindur = intdatw1 - relend, # create variable sindur
         sindur = ifelse(sindur < 0, 0, sindur),
         histcoh = ""earlier-born"") %>% 
  select(id, histcoh, sindur)

biopart_later <- biopart_later %>% 
  mutate(relbefT1 = ifelse(relbeg > intdatw11, 0, 1)) %>% # identify which participants had relationship before T1
  filter(relbefT1 == 1) # filter the rest out

biopart_later <- biopart_later %>%
  group_by(id) %>%
  replace(((.) < 0), NA) %>%
  slice(n()) %>%
  mutate(sindur = intdatw11 - relend, # create variable sindur
         sindur = ifelse(sindur < 0, 0, sindur),
         histcoh = ""later-born"") %>%
  select(id, histcoh, sindur)

data <- merge(data, biopart, by = c(""id"", ""histcoh""), all.x = TRUE)

data <- data %>% select(-relt1, -months_rel_t1_t2, -relt2, -months_rel_t2_t3, -relt3)
data <- data %>% relocate(prevrel, .after = agegroup) %>%
  relocate(sindur, .after = prevrel)

################ LONG-FORMAT #######################

long_age <- data %>%
  pivot_longer(
    cols = c(aget1, aget2, aget3),
    names_to = c(""time""),
    names_pattern = ""(\\d+)"",
    names_transform = list(time = as.integer),
    values_to = ""age"")

long_lifesat <- data %>%
  pivot_longer(
    cols = c(lifesatt1, lifesatt2, lifesatt3),
    names_to = c(""time""),
    names_pattern = ""(\\d+)"",
    names_transform = list(time = as.integer),
    values_to = ""lifesat"")

long_sinsat <- data %>%
  pivot_longer(
    cols = c(sinsatt1, sinsatt2, sinsatt3),
    names_to = c(""time""),
    names_pattern = ""(\\d+)"",
    names_transform = list(time = as.integer),
    values_to = ""sinsat"")

data_long <- cbind(long_age[, c(""id"", ""sex"", ""ethni"", ""histcoh"", ""cohort"", ""time"", ""age"", ""agegroup"", ""extra_M"", ""neuro_M"", ""agree_M"", ""consc_M"", ""open_M"", ""prevalence"", ""prevrel"", ""sindur"")], long_lifesat[, ""lifesat""], long_sinsat[, ""sinsat""])
",unknown,"The code clearly implements several described transformations (personality mean scores, prevalence of singles, and restriction to continuously single participants), but it is not clear whether the intraindividual change variable coded as years since baseline (0–2) was created as described. The long-format code defines a 'time' variable taking values 1–3, and no explicit transformation to a 0–2 years-since-baseline metric is visible in the provided snippet.",,
avilles,12,"Multilevel linear mixed-effects growth-curve model (Model 3) predicting singlehood satisfaction from time (Level 1) and Level-2 predictors age group, cohort membership, and gender, including interactions gender × age-group, gender × cohort, and gender × time. This model examined gender differences and gender–cohort interactions, finding that female established adults had higher baseline singlehood satisfaction than male established adults (b = 0.65, 95% CI [0.28, 1.02], p = .001), more pronounced gender differences in the later-born cohort (gender × cohort b = 0.42, 95% CI [0.14, 0.71], p = .003), and no gender differences in change over time.",Inference Specification,"Given the number of statistical models, we evaluated significance of the multilevel growth-curve models at α level of .01 to address potentially inflated Type 1 error rates. We only interpreted coefficients that were significant and showed effects in the same direction in the models with and without controlling for gender.",,unknown,"The paper specifies an alpha level of .01 and additional criteria for interpreting coefficients, but no corresponding code or output is provided to verify whether these inference rules were implemented. Without code evidence on p-value thresholds or filtering rules, alignment cannot be determined.",,
avilles,16,"Multilevel linear mixed-effects growth-curve model (Model 4) predicting singlehood satisfaction from time (Level 1) and Level-2 predictors age group, cohort membership, and neuroticism, including neuroticism × age-group, neuroticism × cohort, and neuroticism × time interactions. The analysis evaluated associations between neuroticism and singlehood satisfaction and possible cohort moderation; neuroticism was negatively associated with baseline singlehood satisfaction (b = −0.56, 95% CI [−0.68, −0.44], p < .001), and this effect remained when controlling for all Big Five traits, with no consistent cohort moderation and no effect on change over time.",Model Specification,"“The remaining hypotheses (Hypotheses 3-10) were all tested using multilevel growth-curve models. … In Model 4, we tested the effects of extraversion and neuroticism on singles’ satisfaction (Hypotheses 8 and 9) and personality–cohort interaction effects (Research Questions 1 and 2).”",,unknown,"No code related to this analysis was provided, so it is impossible to determine whether the implementation matches the described multilevel growth-curve model (Model 4).",,
avilles,16,"Multilevel linear mixed-effects growth-curve model (Model 4) predicting singlehood satisfaction from time (Level 1) and Level-2 predictors age group, cohort membership, and neuroticism, including neuroticism × age-group, neuroticism × cohort, and neuroticism × time interactions. The analysis evaluated associations between neuroticism and singlehood satisfaction and possible cohort moderation; neuroticism was negatively associated with baseline singlehood satisfaction (b = −0.56, 95% CI [−0.68, −0.44], p < .001), and this effect remained when controlling for all Big Five traits, with no consistent cohort moderation and no effect on change over time.",Variable Specification,"In Model 4, we tested the effects of extraversion and neuroticism on singles’ satisfaction (Hypotheses 8 and 9) and personality–cohort interaction effects (Research Questions 1 and 2). Similar to Model 3, we extended Model 2 by including participants’ extraversion (or neuroticism, respectively) at Level 2 as well as their interaction terms with time (cross-level), age group, and cohort membership (both same-level). After computing the models for both traits separately, we included all Big Five traits simultaneously to control for variance shared by all five traits.",,unknown,"The variable roles and specifications in the model (outcome vs. predictors, interactions, controls) are described in the paper, but no corresponding code snippets are provided to verify that the implementation matches this description.",,
avilles,16,"Multilevel linear mixed-effects growth-curve model (Model 4) predicting singlehood satisfaction from time (Level 1) and Level-2 predictors age group, cohort membership, and neuroticism, including neuroticism × age-group, neuroticism × cohort, and neuroticism × time interactions. The analysis evaluated associations between neuroticism and singlehood satisfaction and possible cohort moderation; neuroticism was negatively associated with baseline singlehood satisfaction (b = −0.56, 95% CI [−0.68, −0.44], p < .001), and this effect remained when controlling for all Big Five traits, with no consistent cohort moderation and no effect on change over time.",Transformation Specification,"For each trait, we used wave-specific mean scores.

""To prepare the data for the analyses, we created two additional variables: intraindividual change over time and prevalence of singles. First, intraindividual change describes the number of years since baseline (i.e., T1), ranging from 0 (T1) to 2 (T3).""","### Big Five mean scores (wave-specific) and item recoding
anchor2 <- anchor2 %>% select(id, age, relstat, starts_with(""ehc2p""), sat6, sat2, starts_with(""per3i"")) %>%
  rename(aget2 = age,
         lifesatt2 = sat6,
         sinsatt2 = sat2) %>%
  replace(((.) < 0), NA) %>%
  mutate(relt2 = ifelse(relstat == 1 |
                          relstat == 6 |
                          relstat == 9, 0, 1)) %>% 
  select(-c(ehc2p1, ehc2p2, ehc2p3, ehc2p4, ehc2p5)) %>%
  mutate(months_rel_t1_t2 = rowSums(.[c(4:93)], na.rm = TRUE)) %>%
  mutate_at(c(96:116), as.numeric) %>%
  mutate_at(c(""per3i1"", ""per3i11"", ""per3i9"", ""per3i2"", ""per3i12"", ""per3i17"", ""per3i8"", ""per3i21""),
            ~ recode(., ""1"" = 5, ""2"" = 4, ""3"" = 3, 
                     ""4"" = 2, ""5"" = 1)) %>%
  rowwise() %>%
  mutate(extra_M = round(mean(c(per3i1, per3i6, per3i11, per3i16), na.rm = TRUE), 2),
         neuro_M = round(mean(c(per3i4, per3i9, per3i14, per3i19), na.rm = TRUE), 2),
         agree_M = round(mean(c(per3i2, per3i7, per3i12, per3i17), na.rm = TRUE), 2),
         consc_M = round(mean(c(per3i3, per3i8, per3i13, per3i18), na.rm = TRUE), 2),
         open_M = round(mean(c(per3i5, per3i10, per3i15, per3i20, per3i21), na.rm = TRUE), 2)) %>%
  select(id, aget2, relt2, months_rel_t1_t2, lifesatt2, sinsatt2, extra_M, neuro_M, agree_M, consc_M, open_M)

anchor11 <- anchor11 %>% select(id, sex_gen, ethni, cohort, age, relstat, np, sat6, sat2, starts_with(""per3i"")) %>%
  rename(sex = sex_gen,
         aget1 = age,
         lifesatt1 = sat6,
         sinsatt1 = sat2,
         prevrel = np) %>%
  mutate(relt1 = ifelse(relstat == 1 |
                           relstat == 6 |
                           relstat == 9, 0, 1),
         sex = sex - 1) %>% 
  replace(((.) < 0), NA) %>%
  mutate_at(c(10:30), as.numeric) %>%
  mutate_at(c(""per3i1"", ""per3i11"", ""per3i9"", ""per3i2"", ""per3i12"", ""per3i17"", ""per3i8"", ""per3i21""),
            ~ recode(., ""1"" = 5, ""2"" = 4, ""3"" = 3, 
                     ""4"" = 2, ""5"" = 1)) %>%
  rowwise() %>%
  mutate(extra_M = round(mean(c(per3i1, per3i6, per3i11, per3i16), na.rm = TRUE), 2),
         neuro_M = round(mean(c(per3i4, per3i9, per3i14, per3i19), na.rm = TRUE), 2),
         agree_M = round(mean(c(per3i2, per3i7, per3i12, per3i17), na.rm = TRUE), 2),
         consc_M = round(mean(c(per3i3, per3i8, per3i13, per3i18), na.rm = TRUE), 2),
         open_M = round(mean(c(per3i5, per3i10, per3i15, per3i20, per3i21), na.rm = TRUE), 2)) %>%
  select(id, sex, ethni, cohort, aget1, relt1, prevrel, lifesatt1, sinsatt1, extra_M, neuro_M, agree_M, consc_M, open_M)

anchor10 <- anchor10 %>% select(id, starts_with(""per3i"")) %>%
  mutate_at(c(2:22), as.numeric) %>%
  mutate_at(c(""per3i1"", ""per3i11"", ""per3i9"", ""per3i2"", ""per3i12"", ""per3i17"", ""per3i8"", ""per3i21""),
            ~ recode(., ""1"" = 5, ""2"" = 4, ""3"" = 3, 
                     ""4"" = 2, ""5"" = 1)) %>% 
  replace(((.) < 0), NA) %>%
  rowwise() %>%
  mutate(extra_M = round(mean(c(per3i1, per3i6, per3i11, per3i16), na.rm = TRUE), 2),
         neuro_M = round(mean(c(per3i4, per3i9, per3i14, per3i19), na.rm = TRUE), 2),
         agree_M = round(mean(c(per3i2, per3i7, per3i12, per3i17), na.rm = TRUE), 2),
         consc_M = round(mean(c(per3i3, per3i8, per3i13, per3i18), na.rm = TRUE), 2),
         open_M  = round(mean(c(per3i5, per3i10, per3i15, per3i20, per3i21), na.rm = TRUE), 2)) %>%
  select(id, extra_M, neuro_M, agree_M, consc_M, open_M)

### Long-format data and time variable for growth-curve models
long_age <- data %>%
  pivot_longer(
    cols = c(aget1, aget2, aget3),
    names_to = c(""time""),
    names_pattern = ""(\\d+)"",
    names_transform = list(time = as.integer),
    values_to = ""age"")

long_sinsat <- data %>%
  pivot_longer(
    cols = c(sinsatt1, sinsatt2, sinsatt3),
    names_to = c(""time""),
    names_pattern = ""(\\d+)"",
    names_transform = list(time = as.integer),
    values_to = ""sinsat"")

data_long <- cbind(long_age[, c(""id"", ""sex"", ""ethni"", ""histcoh"", ""cohort"", ""time"", ""age"", ""agegroup"", ""extra_M"", ""neuro_M"", ""agree_M"", ""consc_M"", ""open_M"", ""prevalence"", ""prevrel"", ""sindur"")], long_lifesat[, ""lifesat""], long_sinsat[, ""sinsat""])",unknown,"The code clearly implements wave-specific mean scores for the Big Five traits as described, but it is unclear whether the time variable is ultimately transformed to match the paper’s definition of intraindividual change (years since baseline, 0–2).",,
avilles,16,"Multilevel linear mixed-effects growth-curve model (Model 4) predicting singlehood satisfaction from time (Level 1) and Level-2 predictors age group, cohort membership, and neuroticism, including neuroticism × age-group, neuroticism × cohort, and neuroticism × time interactions. The analysis evaluated associations between neuroticism and singlehood satisfaction and possible cohort moderation; neuroticism was negatively associated with baseline singlehood satisfaction (b = −0.56, 95% CI [−0.68, −0.44], p < .001), and this effect remained when controlling for all Big Five traits, with no consistent cohort moderation and no effect on change over time.",Inference Specification,"Given the number of statistical models, we evaluated significance of the multilevel growth-curve models at α level of .01 to address potentially inflated Type 1 error rates. We only interpreted coefficients that were significant and showed effects in the same direction in the models with and without controlling for gender.",,unknown,"The paper clearly specifies an alpha level of .01 and an interpretation rule across models, but no corresponding code snippets are provided to verify how significance thresholds or interpretation criteria were implemented.",,
avilles,17,"Multilevel linear mixed-effects growth-curve model (Model 4) predicting life satisfaction from time (Level 1) and Level-2 predictors age group, cohort membership, and neuroticism, including neuroticism × age-group, neuroticism × cohort, and neuroticism × time interactions. This model tested whether neuroticism was related to life satisfaction among singles and whether that relation differed by cohort; neuroticism was robustly negatively associated with life satisfaction at baseline (b = −0.70, 95% CI [−0.78, −0.62], p < .001), with no reliable cohort moderation (neuroticism × cohort p ≈ .056) and no effect on within-person change.",Model Specification,"In Model 4, we tested the effects of extraversion (Hypothesis 8) and neuroticism (Hypothesis 9) on satisfaction. Similar to Model 3, we extended Model 2 by including participants’ extraversion (or neuroticism, respectively) at Level 2 as well as their interaction terms with time (cross-level), age group, and cohort membership (both same-level).",,unknown,There is no relevant code provided to assess whether the implemented model specification matches the multilevel linear mixed-effects growth-curve model described in the paper.,,
avilles,17,"Multilevel linear mixed-effects growth-curve model (Model 4) predicting life satisfaction from time (Level 1) and Level-2 predictors age group, cohort membership, and neuroticism, including neuroticism × age-group, neuroticism × cohort, and neuroticism × time interactions. This model tested whether neuroticism was related to life satisfaction among singles and whether that relation differed by cohort; neuroticism was robustly negatively associated with life satisfaction at baseline (b = −0.70, 95% CI [−0.78, −0.62], p < .001), with no reliable cohort moderation (neuroticism × cohort p ≈ .056) and no effect on within-person change.",Variable Specification,"In Model 4, we tested the effects of extraversion and neuroticism on singles’ satisfaction (Hypotheses 8 and 9) and personality–cohort interaction effects (Research Questions 1 and 2). Similar to Model 3, we extended Model 2 by including participants’ extraversion (or neuroticism, respectively) at Level 2 as well as their interaction terms with time (cross-level), age group, and cohort membership (both same-level).

We examined four models for satisfaction with singlehood and four models for life satisfaction. … At Level 1, participants’ satisfaction with singlehood (or life satisfaction) was predicted from the person-specific intercept, person-specific linear slope, and time-specific residual score. At Level 2, participants’ age group was added as a predictor and as a cross-level interaction with time.

Neuroticism was negatively related to life satisfaction at T1 (b = −0.70, 95% CI [−0.78, −0.62], p < .001). … Effects of neuroticism on life satisfaction were unrelated to cohort membership, as we found no significant interaction effect (b = 0.11, 95% CI [−0.01, 0.22], p = .056). No effects of neuroticism were found on the intraindividual change in life satisfaction.",,unknown,"No relevant code excerpts were provided, so it is impossible to determine whether the variables and their roles in the implementation match the paper’s description of Model 4.",,
avilles,17,"Multilevel linear mixed-effects growth-curve model (Model 4) predicting life satisfaction from time (Level 1) and Level-2 predictors age group, cohort membership, and neuroticism, including neuroticism × age-group, neuroticism × cohort, and neuroticism × time interactions. This model tested whether neuroticism was related to life satisfaction among singles and whether that relation differed by cohort; neuroticism was robustly negatively associated with life satisfaction at baseline (b = −0.70, 95% CI [−0.78, −0.62], p < .001), with no reliable cohort moderation (neuroticism × cohort p ≈ .056) and no effect on within-person change.",Transformation Specification,"For each trait, we used wave-specific mean scores. Specifically, for individuals in the earlier-born cohort, we used personality-trait items from Wave 2; for individuals in the later-born cohort, we used personality-trait items from Waves 10 (birth cohorts 1991-1993 and 1981-1983) and 11 (birth cohort 2001-2003). Thus, participants varied in the timing of their personality-trait assessments.
...
To prepare the data for the analyses, we created two additional variables: intraindividual change over time and prevalence of singles. First, intraindividual change describes the number of years since baseline (i.e., T1), ranging from 0 (T1) to 2 (T3). This variable was necessary to examine change in singles’ satisfaction over the time of being single.
...
For the remaining hypotheses (Hypotheses 3-10) and research questions (Research Questions 1 and 2), we focused on participants who were continuously single between T1 and T3 and therefore excluded participants who reported being in a romantic relationship at some point during this period (""Do you currently have a partner?"" ""Did you have a partner sometime after [date of interview previous wave]?""; n = 14,761).","### Participants from wave 2 ###
anchor2 <- anchor2 %>% select(id, age, relstat, starts_with(""ehc2p""), sat6, sat2, starts_with(""per3i"")) %>%
  rename(aget2 = age,
         lifesatt2 = sat6,
         sinsatt2 = sat2) %>%
  replace(((.) < 0), NA) %>%
  mutate(relt2 = ifelse(relstat == 1 |
                          relstat == 6 |
                          relstat == 9, 0, 1)) %>% 
  select(-c(ehc2p1, ehc2p2, ehc2p3, ehc2p4, ehc2p5)) %>%
  mutate(months_rel_t1_t2 = rowSums(.[c(4:93)], na.rm = TRUE)) %>%
  mutate_at(c(96:116), as.numeric) %>%
  mutate_at(c(""per3i1"", ""per3i11"", ""per3i9"", ""per3i2"", ""per3i12"", ""per3i17"", ""per3i8"", ""per3i21""),
            ~ recode(., ""1"" = 5, ""2"" = 4, ""3"" = 3, 
                     ""4"" = 2, ""5"" = 1)) %>%
  rowwise() %>%
  mutate(extra_M = round(mean(c(per3i1, per3i6, per3i11, per3i16), na.rm = TRUE), 2),
         neuro_M = round(mean(c(per3i4, per3i9, per3i14, per3i19), na.rm = TRUE), 2),
         agree_M = round(mean(c(per3i2, per3i7, per3i12, per3i17), na.rm = TRUE), 2),
         consc_M = round(mean(c(per3i3, per3i8, per3i13, per3i18), na.rm = TRUE), 2),
         open_M = round(mean(c(per3i5, per3i10, per3i15, per3i20, per3i21), na.rm = TRUE), 2)) %>%
  select(id, aget2, relt2, months_rel_t1_t2, lifesatt2, sinsatt2, extra_M, neuro_M, agree_M, consc_M, open_M)

### Participants from wave 11 ###
anchor11 <- anchor11 %>% select(id, sex_gen, ethni, cohort, age, relstat, np, sat6, sat2, starts_with(""per3i"")) %>%
  rename(sex = sex_gen,
         aget1 = age,
         lifesatt1 = sat6,
         sinsatt1 = sat2,
         prevrel = np) %>%
  mutate(relt1 = ifelse(relstat == 1 |
                           relstat == 6 |
                           relstat == 9, 0, 1),
         sex = sex - 1) %>% 
  replace(((.) < 0), NA) %>%
  mutate_at(c(10:30), as.numeric) %>%
  mutate_at(c(""per3i1"", ""per3i11"", ""per3i9"", ""per3i2"", ""per3i12"", ""per3i17"", ""per3i8"", ""per3i21""),
            ~ recode(., ""1"" = 5, ""2"" = 4, ""3"" = 3, 
                     ""4"" = 2, ""5"" = 1)) %>%
  rowwise() %>%
  mutate(extra_M = round(mean(c(per3i1, per3i6, per3i11, per3i16), na.rm = TRUE), 2),
         neuro_M = round(mean(c(per3i4, per3i9, per3i14, per3i19), na.rm = TRUE), 2),
         agree_M = round(mean(c(per3i2, per3i7, per3i12, per3i17), na.rm = TRUE), 2),
         consc_M = round(mean(c(per3i3, per3i8, per3i13, per3i18), na.rm = TRUE), 2),
         open_M = round(mean(c(per3i5, per3i10, per3i15, per3i20, per3i21), na.rm = TRUE), 2)) %>%
  select(id, sex, ethni, cohort, aget1, relt1, prevrel, lifesatt1, sinsatt1, extra_M, neuro_M, agree_M, consc_M, open_M)

### Filling in missing Big Five traits from Wave 10 ###

# wave 10
anchor10 <- anchor10 %>% select(id, starts_with(""per3i"")) %>%
  mutate_at(c(2:22), as.numeric) %>%
  mutate_at(c(""per3i1"", ""per3i11"", ""per3i9"", ""per3i2"", ""per3i12"", ""per3i17"", ""per3i8"", ""per3i21""),
            ~ recode(., ""1"" = 5, ""2"" = 4, ""3"" = 3, 
                     ""4"" = 2, ""5"" = 1)) %>% 
  replace(((.) < 0), NA) %>%
  rowwise() %>%
  mutate(extra_M = round(mean(c(per3i1, per3i6, per3i11, per3i16), na.rm = TRUE), 2),
         neuro_M = round(mean(c(per3i4, per3i9, per3i14, per3i19), na.rm = TRUE), 2),
         agree_M = round(mean(c(per3i2, per3i7, per3i12, per3i17), na.rm = TRUE), 2),
         consc_M = round(mean(c(per3i3, per3i8, per3i13, per3i18), na.rm = TRUE), 2),
         open_M  = round(mean(c(per3i5, per3i10, per3i15, per3i20, per3i21), na.rm = TRUE), 2)) %>%
  select(id, extra_M, neuro_M, agree_M, consc_M, open_M)

anchor11_13 <- anchor11_13 %>% left_join(anchor10, by = ""id"") %>%
  mutate(extra_M = ifelse(is.na(extra_M.x), extra_M.y, extra_M.x),
         neuro_M = ifelse(is.na(neuro_M.x), neuro_M.y, neuro_M.x),
         agree_M = ifelse(is.na(agree_M.x), agree_M.y, agree_M.x),
         consc_M = ifelse(is.na(consc_M.x), consc_M.y, consc_M.x),
         open_M = ifelse(is.na(open_M.x), open_M.y, open_M.x)) %>%
  select(-c(21:30))

######################### FILTER PARTICIPANTS ##############################

### relevant cohorts (earlier-born: 1, 2, 3; later-born: 4,1,2)
data <- data %>% filter(histcoh == ""earlier-born"" & (cohort == 1 | cohort == 2 | cohort == 3) |
                        histcoh == ""later-born"" & (cohort == 4 | cohort == 1 | cohort == 2)) # N = 20,212

### single at T1 ###
data <- data %>% filter(relt1 == 0) # N = 8,321

### single throughout T1-3 ###
data <- data %>% filter(months_rel_t1_t2 == 0, relt2 == 0, months_rel_t2_t3 == 0, relt3 == 0) # N = 3,161

### missings on both well-being measures ###
data <- data %>% filter(!(is.na(lifesatt1) & is.na(sinsatt1))) # N = 3,161

### only include first-time report ###
data <- data %>% group_by(id) %>% # N = 2,936
  mutate(total = sum(n()),
         unique = ifelse(total == 1, 1, 0)) %>%
  select(-total) %>% arrange(id) %>% slice_head() %>% select(-unique)

################ LONG-FORMAT #######################

long_age <- data %>%
  pivot_longer(
    cols = c(aget1, aget2, aget3),
    names_to = c(""time""),
    names_pattern = ""(\\d+)"",
    names_transform = list(time = as.integer),
    values_to = ""age"")

long_lifesat <- data %>%
  pivot_longer(
    cols = c(lifesatt1, lifesatt2, lifesatt3),
    names_to = c(""time""),
    names_pattern = ""(\\d+)"",
    names_transform = list(time = as.integer),
    values_to = ""lifesat"")

long_sinsat <- data %>%
  pivot_longer(
    cols = c(sinsatt1, sinsatt2, sinsatt3),
    names_to = c(""time""),
    names_pattern = ""(\\d+)"",
    names_transform = list(time = as.integer),
    values_to = ""sinsat"")

data_long <- cbind(long_age[, c(""id"", ""sex"", ""ethni"", ""histcoh"", ""cohort"", ""time"", ""age"", ""agegroup"", ""extra_M"", ""neuro_M"", ""agree_M"", ""consc_M"", ""open_M"", ""prevalence"", ""prevrel"", ""sindur"")], long_lifesat[, ""lifesat""], long_sinsat[, ""sinsat""])
",match,"The code implements the key described transformations: computing wave-specific mean scores for personality traits from item-level data by wave and restricting the sample to participants who were continuously single between T1 and T3, with no evidence of contradictory transformations. The creation of time-varying long-format data (with a time variable) is consistent with preparing an intraindividual change variable as described, even if its exact 0–2 scaling is not shown in this snippet.",,
avilles,17,"Multilevel linear mixed-effects growth-curve model (Model 4) predicting life satisfaction from time (Level 1) and Level-2 predictors age group, cohort membership, and neuroticism, including neuroticism × age-group, neuroticism × cohort, and neuroticism × time interactions. This model tested whether neuroticism was related to life satisfaction among singles and whether that relation differed by cohort; neuroticism was robustly negatively associated with life satisfaction at baseline (b = −0.70, 95% CI [−0.78, −0.62], p < .001), with no reliable cohort moderation (neuroticism × cohort p ≈ .056) and no effect on within-person change.",Inference Specification,"Given the number of statistical models, we evaluated significance of the multilevel growth-curve models at α level of .01 to address potentially inflated Type 1 error rates. We only interpreted coefficients that were significant and showed effects in the same direction in the models with and without controlling for gender.",,unknown,"The paper clearly specifies using α = .01 and interpreting only coefficients consistent across gender-controlled and uncontrolled models, but the provided code excerpt contains no information about inference criteria. Without relevant code, it is impossible to determine whether the implementation follows the described inference specification.",,
avilles,18,"Multilevel linear mixed-effects growth-curve model including all Big Five traits (extraversion, neuroticism, agreeableness, conscientiousness, openness) as simultaneous Level-2 predictors of singlehood satisfaction, in addition to time, age group, and cohort, and their specified interactions. This model assessed the unique contribution of each trait while controlling for shared variance and confirmed that neuroticism remained a significant negative predictor of singlehood satisfaction, whereas the extraversion effect attenuated to non-significance.",Model Specification,"The remaining hypotheses (Hypotheses 3-10) were all tested using multilevel growth-curve models.
...
In Model 4, we tested the effects of extraversion and neuroticism on singles’ satisfaction (Hypotheses 8 and 9) and personality–cohort interaction effects (Research Questions 1 and 2). Similar to Model 3, we extended Model 2 by including participants’ extraversion (or neuroticism, respectively) at Level 2 as well as their interaction terms with time (cross-level), age group, and cohort membership (both same-level). After computing the models for both traits separately, we included all Big Five traits simultaneously to control for variance shared by all five traits.
...
All models were estimated in R (R Core Team, 2020) using the lme4 package (Bates et al., 2015).",,unknown,"The paper clearly specifies the use of multilevel growth-curve models estimated with lme4, but no corresponding code snippets are provided to verify that this exact model specification was implemented. Therefore, it is not possible to determine whether the code matches the described analysis.",,
avilles,18,"Multilevel linear mixed-effects growth-curve model including all Big Five traits (extraversion, neuroticism, agreeableness, conscientiousness, openness) as simultaneous Level-2 predictors of singlehood satisfaction, in addition to time, age group, and cohort, and their specified interactions. This model assessed the unique contribution of each trait while controlling for shared variance and confirmed that neuroticism remained a significant negative predictor of singlehood satisfaction, whereas the extraversion effect attenuated to non-significance.",Variable Specification,"In Model 4, we tested the effects of extraversion (Hypothesis 8) and neuroticism (Hypothesis 9) on satisfaction. ... Similar to Model 3, we extended Model 2 by including participants’ extraversion (or neuroticism, respectively) at Level 2 as well as their interaction terms with time (cross-level), age group, and cohort membership (both same-level). After computing the models for both traits separately, we included all Big Five traits simultaneously to control for variance shared by all five traits. ... Singlehood Satisfaction. Extraversion was positively related to singlehood satisfaction at T1 (b = 0.23, 95% confidence interval, CI [0.12, 0.35], p < .001). Inclusion of gender as a covariate did neither change the direction nor change the significance of the effects. However, the simultaneous inclusion of all Big Five traits in one model resulted in a non-significant effect of extraversion on singlehood satisfaction at T1 (see Supplemental Table S8). ... Neuroticism was negatively related to singlehood satisfaction at T1 (b = −0.56, 95% CI [−0.68, −0.44], p < .001). Inclusion of gender and inclusion of all Big Five traits simultaneously in one model did not change the direction or the significance of the effects.",,unknown,"It is impossible to determine whether the variable specification in the code matches the paper description because no relevant code content is provided. Without code, we cannot verify how variables (Big Five traits, time, age group, cohort, etc.) were designated or entered in the model.",,
avilles,18,"Multilevel linear mixed-effects growth-curve model including all Big Five traits (extraversion, neuroticism, agreeableness, conscientiousness, openness) as simultaneous Level-2 predictors of singlehood satisfaction, in addition to time, age group, and cohort, and their specified interactions. This model assessed the unique contribution of each trait while controlling for shared variance and confirmed that neuroticism remained a significant negative predictor of singlehood satisfaction, whereas the extraversion effect attenuated to non-significance.",Transformation Specification,"Personality traits were assessed in Waves 2, 10, and 11 (the latter only for the refreshment sample) in the CASI mode with a short version of the Big Five Inventory (Rammstedt & John, 2005). ... For each trait, we used wave-specific mean scores. ... To prepare the data for the analyses, we created two additional variables: intraindividual change over time and prevalence of singles. First, intraindividual change describes the number of years since baseline (i.e., T1), ranging from 0 (T1) to 2 (T3).","anchor2 <- anchor2 %>% select(id, age, relstat, starts_with(""ehc2p""), sat6, sat2, starts_with(""per3i"")) %>%
  rename(aget2 = age,
         lifesatt2 = sat6,
         sinsatt2 = sat2) %>%
  replace(((.) < 0), NA) %>%
  mutate(relt2 = ifelse(relstat == 1 |
                          relstat == 6 |
                          relstat == 9, 0, 1)) %>% 
  select(-c(ehc2p1, ehc2p2, ehc2p3, ehc2p4, ehc2p5)) %>%
  mutate(months_rel_t1_t2 = rowSums(.[c(4:93)], na.rm = TRUE)) %>%
  mutate_at(c(96:116), as.numeric) %>%
  mutate_at(c(""per3i1"", ""per3i11"", ""per3i9"", ""per3i2"", ""per3i12"", ""per3i17"", ""per3i8"", ""per3i21""),
            ~ recode(., ""1"" = 5, ""2"" = 4, ""3"" = 3, 
                     ""4"" = 2, ""5"" = 1)) %>%
  rowwise() %>%
  mutate(extra_M = round(mean(c(per3i1, per3i6, per3i11, per3i16), na.rm = TRUE), 2),
         neuro_M = round(mean(c(per3i4, per3i9, per3i14, per3i19), na.rm = TRUE), 2),
         agree_M = round(mean(c(per3i2, per3i7, per3i12, per3i17), na.rm = TRUE), 2),
         consc_M = round(mean(c(per3i3, per3i8, per3i13, per3i18), na.rm = TRUE), 2),
         open_M = round(mean(c(per3i5, per3i10, per3i15, per3i20, per3i21), na.rm = TRUE), 2)) %>%
  select(id, aget2, relt2, months_rel_t1_t2, lifesatt2, sinsatt2, extra_M, neuro_M, agree_M, consc_M, open_M)
...
anchor11 <- anchor11 %>% select(id, sex_gen, ethni, cohort, age, relstat, np, sat6, sat2, starts_with(""per3i"")) %>%
  rename(sex = sex_gen,
         aget1 = age,
         lifesatt1 = sat6,
         sinsatt1 = sat2,
         prevrel = np) %>%
  mutate(relt1 = ifelse(relstat == 1 |
                           relstat == 6 |
                           relstat == 9, 0, 1),
         sex = sex - 1) %>% 
  replace(((.) < 0), NA) %>%
  mutate_at(c(10:30), as.numeric) %>%
  mutate_at(c(""per3i1"", ""per3i11"", ""per3i9"", ""per3i2"", ""per3i12"", ""per3i17"", ""per3i8"", ""per3i21""),
            ~ recode(., ""1"" = 5, ""2"" = 4, ""3"" = 3, 
                     ""4"" = 2, ""5"" = 1)) %>%
  rowwise() %>%
  mutate(extra_M = round(mean(c(per3i1, per3i6, per3i11, per3i16), na.rm = TRUE), 2),
         neuro_M = round(mean(c(per3i4, per3i9, per3i14, per3i19), na.rm = TRUE), 2),
         agree_M = round(mean(c(per3i2, per3i7, per3i12, per3i17), na.rm = TRUE), 2),
         consc_M = round(mean(c(per3i3, per3i8, per3i13, per3i18), na.rm = TRUE), 2),
         open_M = round(mean(c(per3i5, per3i10, per3i15, per3i20, per3i21), na.rm = TRUE), 2)) %>%
  select(id, sex, ethni, cohort, aget1, relt1, prevrel, lifesatt1, sinsatt1, extra_M, neuro_M, agree_M, consc_M, open_M)
...
anchor10 <- anchor10 %>% select(id, starts_with(""per3i"")) %>%
  mutate_at(c(2:22), as.numeric) %>%
  mutate_at(c(""per3i1"", ""per3i11"", ""per3i9"", ""per3i2"", ""per3i12"", ""per3i17"", ""per3i8"", ""per3i21""),
            ~ recode(., ""1"" = 5, ""2"" = 4, ""3"" = 3, 
                     ""4"" = 2, ""5"" = 1)) %>% 
  replace(((.) < 0), NA) %>%
  rowwise() %>%
  mutate(extra_M = round(mean(c(per3i1, per3i6, per3i11, per3i16), na.rm = TRUE), 2),
         neuro_M = round(mean(c(per3i4, per3i9, per3i14, per3i19), na.rm = TRUE), 2),
         agree_M = round(mean(c(per3i2, per3i7, per3i12, per3i17), na.rm = TRUE), 2),
         consc_M = round(mean(c(per3i3, per3i8, per3i13, per3i18), na.rm = TRUE), 2),
         open_M  = round(mean(c(per3i5, per3i10, per3i15, per3i20, per3i21), na.rm = TRUE), 2)) %>%
  select(id, extra_M, neuro_M, agree_M, consc_M, open_M)
...
long_age <- data %>%
  pivot_longer(
    cols = c(aget1, aget2, aget3),
    names_to = c(""time""),
    names_pattern = ""(\\d+)"",
    names_transform = list(time = as.integer),
    values_to = ""age"")

long_sinsat <- data %>%
  pivot_longer(
    cols = c(sinsatt1, sinsatt2, sinsatt3),
    names_to = c(""time""),
    names_pattern = ""(\\d+)"",
    names_transform = list(time = as.integer),
    values_to = ""sinsat"")",unknown,"The code clearly computes wave-specific mean scores for each Big Five trait, consistent with the paper, but it does not clearly show how the intraindividual change (time since baseline, 0–2) or prevalence of singles variables were created, so full alignment of all described transformations cannot be confirmed. Thus, while part of the transformation specification matches, key components are not verifiable from the provided code snippets.",,
avilles,18,"Multilevel linear mixed-effects growth-curve model including all Big Five traits (extraversion, neuroticism, agreeableness, conscientiousness, openness) as simultaneous Level-2 predictors of singlehood satisfaction, in addition to time, age group, and cohort, and their specified interactions. This model assessed the unique contribution of each trait while controlling for shared variance and confirmed that neuroticism remained a significant negative predictor of singlehood satisfaction, whereas the extraversion effect attenuated to non-significance.",Inference Specification,"Given the number of statistical models, we evaluated significance of the multilevel growth-curve models at α level of .01 to address potentially inflated Type 1 error rates. We only interpreted coefficients that were significant and showed effects in the same direction in the models with and without controlling for gender.",,unknown,"The paper clearly states the inference criteria (α = .01 and consistency across models with and without gender), but the provided code excerpt contains no information about how significance thresholds or interpretation rules were implemented.",,
avilles,19,"Multilevel linear mixed-effects growth-curve model including all Big Five traits as simultaneous Level-2 predictors of life satisfaction, alongside time, age group, and cohort membership. The analysis tested the independent effects of each personality trait on life satisfaction among singles and showed that both higher extraversion and lower neuroticism uniquely predicted higher life satisfaction when controlling for the other Big Five traits.",Model Specification,"The remaining hypotheses (Hypotheses 3-10) were all tested using multilevel growth-curve models. We examined four models for satisfaction with singlehood and four models for life satisfaction. ... In Model 4, we tested the effects of extraversion and neuroticism on singles’ satisfaction (Hypotheses 8 and 9) and personality–cohort interaction effects (Research Questions 1 and 2). ... Similar to Model 3, we extended Model 2 by including participants’ extraversion (or neuroticism, respectively) at Level 2 as well as their interaction terms with time (cross-level), age group, and cohort membership (both same-level). After computing the models for both traits separately, we included all Big Five traits simultaneously to control for variance shared by all five traits. ... All models were estimated in R (R Core Team, 2020) using the lme4 package (Bates et al., 2015).",,unknown,"The paper clearly specifies multilevel growth-curve models estimated with lme4 in R, but no corresponding code snippets are provided to verify that this specific model specification was implemented as described.",,
avilles,19,"Multilevel linear mixed-effects growth-curve model including all Big Five traits as simultaneous Level-2 predictors of life satisfaction, alongside time, age group, and cohort membership. The analysis tested the independent effects of each personality trait on life satisfaction among singles and showed that both higher extraversion and lower neuroticism uniquely predicted higher life satisfaction when controlling for the other Big Five traits.",Variable Specification,"We examined four models for satisfaction with singlehood and four models for life satisfaction. In Model 1, we tested intraindividual change in singles’ satisfaction (Hypothesis 10) and examined age-related differences (Hypothesis 4). At Level 1, participants’ satisfaction with singlehood (or life satisfaction) was predicted from the person-specific intercept, person-specific linear slope, and time-specific residual score. At Level 2, participants’ age group was added as a predictor and as a cross-level interaction with time. In Model 2, we tested cohort-related differences (Hypothesis 3) and age–cohort interaction effects (Hypothesis 6). We did so by extending Model 1 by including participants’ cohort membership as an additional predictor at Level 2 as well as interaction terms with time (cross-level) and age group (same-level). … In Model 4, we tested the effects of extraversion and neuroticism on singles’ satisfaction (Hypotheses 8 and 9) and personality–cohort interaction effects (Research Questions 1 and 2). Similar to Model 3, we extended Model 2 by including participants’ extraversion (or neuroticism, respectively) at Level 2 as well as their interaction terms with time (cross-level), age group, and cohort membership (both same-level). After computing the models for both traits separately, we included all Big Five traits simultaneously to control for variance shared by all five traits. … As preregistered, we reran all models with participants’ gender as an additional control variable (expect for Model 3, in which gender was already included). … Life Satisfaction. Life satisfaction was measured at each assessment with one item: “All in all, how satisfied are you with your life at the moment?” The item was assessed in the CAPI mode ranging from 0 (very dissatisfied) to 10 (very satisfied). … Extraversion—the tendency to be socially active, outgoing, and energetic—is positively related to life satisfaction and marital satisfaction (Heller et al., 2004). … Neuroticism—the tendency to feeling anxious, worried, and distressed—is related to lower life satisfaction (Heller et al., 2004) and lower relationship satisfaction (Weidmann et al., 2016). … Personality Traits. Personality traits were assessed in Waves 2, 10, and 11 (the latter only for the refreshment sample) in the CASI mode with a short version of the Big Five Inventory (Rammstedt & John, 2005). The dimensions extraversion … and neuroticism … were assessed with four items each. … We also controlled for the effects of the remaining traits, namely agreeableness … conscientiousness … and openness … in additional analyses. … Life Satisfaction. Extraversion was positively related to life satisfaction at T1 (b = 0.43, 95% CI [0.35, 0.51], p < .001). Inclusion of gender and inclusion of all Big Five traits did not change the direction or the significance of the effects. Neuroticism was negatively related to life satisfaction at T1 (b = −0.70, 95% CI [−0.78, −0.62], p < .001). Inclusion of gender and inclusion of all Big Five traits did not change the direction or the significance of the effects. The full results are shown in Supplemental Tables S6 and S7, respectively. The results including all Big Five personality traits are shown in Supplemental Table S8.",,unknown,There is insufficient information about the actual code implementation to determine whether the variables used and their roles in the model match the paper’s description.,,
avilles,19,"Multilevel linear mixed-effects growth-curve model including all Big Five traits as simultaneous Level-2 predictors of life satisfaction, alongside time, age group, and cohort membership. The analysis tested the independent effects of each personality trait on life satisfaction among singles and showed that both higher extraversion and lower neuroticism uniquely predicted higher life satisfaction when controlling for the other Big Five traits.",Transformation Specification,"Personality traits were assessed in Waves 2, 10, and 11 (the latter only for the refreshment sample) in the CASI mode with a short version of the Big Five Inventory (Rammstedt & John, 2005). The dimensions extraversion (e.g., “I get enthusiastic easily and can motivate others easily”) and neuroticism (e.g., “I worry a lot”) were assessed with four items each. The response format ranged from 1 (absolutely incorrect) to 5 (absolutely correct). For each trait, we used wave-specific mean scores.","anchor2 <- anchor2 %>% select(id, age, relstat, starts_with(""ehc2p""), sat6, sat2, starts_with(""per3i"")) %>%
  rename(aget2 = age,
         lifesatt2 = sat6,
         sinsatt2 = sat2) %>%
  replace(((.) < 0), NA) %>%
  mutate(relt2 = ifelse(relstat == 1 |
                          relstat == 6 |
                          relstat == 9, 0, 1)) %>% 
  select(-c(ehc2p1, ehc2p2, ehc2p3, ehc2p4, ehc2p5)) %>%
  mutate(months_rel_t1_t2 = rowSums(.[c(4:93)], na.rm = TRUE)) %>%
  mutate_at(c(96:116), as.numeric) %>%
  mutate_at(c(""per3i1"", ""per3i11"", ""per3i9"", ""per3i2"", ""per3i12"", ""per3i17"", ""per3i8"", ""per3i21""),
            ~ recode(., ""1"" = 5, ""2"" = 4, ""3"" = 3, 
                     ""4"" = 2, ""5"" = 1)) %>%
  rowwise() %>%
  mutate(extra_M = round(mean(c(per3i1, per3i6, per3i11, per3i16), na.rm = TRUE), 2),
         neuro_M = round(mean(c(per3i4, per3i9, per3i14, per3i19), na.rm = TRUE), 2),
         agree_M = round(mean(c(per3i2, per3i7, per3i12, per3i17), na.rm = TRUE), 2),
         consc_M = round(mean(c(per3i3, per3i8, per3i13, per3i18), na.rm = TRUE), 2),
         open_M = round(mean(c(per3i5, per3i10, per3i15, per3i20, per3i21), na.rm = TRUE), 2)) %>%
  select(id, aget2, relt2, months_rel_t1_t2, lifesatt2, sinsatt2, extra_M, neuro_M, agree_M, consc_M, open_M)

anchor11 <- anchor11 %>% select(id, sex_gen, ethni, cohort, age, relstat, np, sat6, sat2, starts_with(""per3i"")) %>%
  rename(sex = sex_gen,
         aget1 = age,
         lifesatt1 = sat6,
         sinsatt1 = sat2,
         prevrel = np) %>%
  mutate(relt1 = ifelse(relstat == 1 |
                           relstat == 6 |
                           relstat == 9, 0, 1),
         sex = sex - 1) %>% 
  replace(((.) < 0), NA) %>%
  mutate_at(c(10:30), as.numeric) %>%
  mutate_at(c(""per3i1"", ""per3i11"", ""per3i9"", ""per3i2"", ""per3i12"", ""per3i17"", ""per3i8"", ""per3i21""),
            ~ recode(., ""1"" = 5, ""2"" = 4, ""3"" = 3, 
                     ""4"" = 2, ""5"" = 1)) %>%
  rowwise() %>%
  mutate(extra_M = round(mean(c(per3i1, per3i6, per3i11, per3i16), na.rm = TRUE), 2),
         neuro_M = round(mean(c(per3i4, per3i9, per3i14, per3i19), na.rm = TRUE), 2),
         agree_M = round(mean(c(per3i2, per3i7, per3i12, per3i17), na.rm = TRUE), 2),
         consc_M = round(mean(c(per3i3, per3i8, per3i13, per3i18), na.rm = TRUE), 2),
         open_M = round(mean(c(per3i5, per3i10, per3i15, per3i20, per3i21), na.rm = TRUE), 2)) %>%
  select(id, sex, ethni, cohort, aget1, relt1, prevrel, lifesatt1, sinsatt1, extra_M, neuro_M, agree_M, consc_M, open_M)

anchor10 <- anchor10 %>% select(id, starts_with(""per3i"")) %>%
  mutate_at(c(2:22), as.numeric) %>%
  mutate_at(c(""per3i1"", ""per3i11"", ""per3i9"", ""per3i2"", ""per3i12"", ""per3i17"", ""per3i8"", ""per3i21""),
            ~ recode(., ""1"" = 5, ""2"" = 4, ""3"" = 3, 
                     ""4"" = 2, ""5"" = 1)) %>% 
  replace(((.) < 0), NA) %>%
  rowwise() %>%
  mutate(extra_M = round(mean(c(per3i1, per3i6, per3i11, per3i16), na.rm = TRUE), 2),
         neuro_M = round(mean(c(per3i4, per3i9, per3i14, per3i19), na.rm = TRUE), 2),
         agree_M = round(mean(c(per3i2, per3i7, per3i12, per3i17), na.rm = TRUE), 2),
         consc_M = round(mean(c(per3i3, per3i8, per3i13, per3i18), na.rm = TRUE), 2),
         open_M  = round(mean(c(per3i5, per3i10, per3i15, per3i20, per3i21), na.rm = TRUE), 2)) %>%
  select(id, extra_M, neuro_M, agree_M, consc_M, open_M)",match,"The code computes wave-specific mean scores for each Big Five trait, consistent with the paper’s description of using wave-specific mean scores based on 4-item scales for extraversion and neuroticism; additional recoding and NA handling are standard scoring steps not contradicted by the paper.",,
avilles,19,"Multilevel linear mixed-effects growth-curve model including all Big Five traits as simultaneous Level-2 predictors of life satisfaction, alongside time, age group, and cohort membership. The analysis tested the independent effects of each personality trait on life satisfaction among singles and showed that both higher extraversion and lower neuroticism uniquely predicted higher life satisfaction when controlling for the other Big Five traits.",Inference Specification,"Given the number of statistical models, we evaluated significance of the multi- level growth-curve models at α level of .01 to address poten- tially inflated Type 1 error rates. We only interpreted coefficients that were significant and showed effects in the same direction in the models with and without controlling for gender.",,unknown,"The paper specifies an alpha level of .01 and an interpretation rule based on consistency across models, but no corresponding inference-related code is provided to verify whether these criteria were implemented. Therefore, it is not possible to determine if the code matches the described inference specification.",,
avilles,20,"Exploratory regression/mediation-style analyses (likely multilevel or linear regression) among adolescent singles, examining whether romantic desire, sexual satisfaction, and friendship satisfaction accounted for cohort differences in singlehood satisfaction. The models tested cohort differences in these potential mediators and their associations with singlehood satisfaction, finding that later-born adolescents reported lower romantic desire and that lower desire was associated with higher singlehood satisfaction, whereas sexual and friendship satisfaction did not explain the historical increase in singlehood satisfaction.",Model Specification,"Based on valuable feedback we received during the review process, we conducted two additional analyses regarding the cohort effects. First, we tested potential mechanisms that might account for the historical increase found among adolescents’ singlehood satisfaction (see p. 12-13 in the Supplemental Material for details).",,unknown,"The paper only briefly notes that additional analyses tested potential mechanisms and refers to supplemental materials, and there is no relevant code provided to verify the specific statistical model used.",,
avilles,20,"Exploratory regression/mediation-style analyses (likely multilevel or linear regression) among adolescent singles, examining whether romantic desire, sexual satisfaction, and friendship satisfaction accounted for cohort differences in singlehood satisfaction. The models tested cohort differences in these potential mediators and their associations with singlehood satisfaction, finding that later-born adolescents reported lower romantic desire and that lower desire was associated with higher singlehood satisfaction, whereas sexual and friendship satisfaction did not explain the historical increase in singlehood satisfaction.",Variable Specification,"We explored three factors potentially contributing to adolescents’ increased satisfaction with singlehood: desire for a romantic relationship, sexual satisfaction, and friendship satisfaction. ... Our results indicated that adolescents born in 2001 to 2003 showed lower romantic desire compared to those born in 1991 to 1993. As adolescents with a higher desire for a romantic relationship tended to be less satisfied with being single, the overall decline in romantic desire may have benefited adolescents’ satisfaction. Neither sexual satisfaction nor friendship satisfaction contributed to the trend toward increased singlehood satisfaction among adolescents.",,unknown,There is not enough information about the actual code or variables used in the implementation to determine whether they match the paper’s described variables and roles in the analysis.,,
avilles,20,"Exploratory regression/mediation-style analyses (likely multilevel or linear regression) among adolescent singles, examining whether romantic desire, sexual satisfaction, and friendship satisfaction accounted for cohort differences in singlehood satisfaction. The models tested cohort differences in these potential mediators and their associations with singlehood satisfaction, finding that later-born adolescents reported lower romantic desire and that lower desire was associated with higher singlehood satisfaction, whereas sexual and friendship satisfaction did not explain the historical increase in singlehood satisfaction.",Transformation Specification,"Personality traits were assessed in Waves 2, 10, and 11 (the latter only for the refreshment sample) in the CASI mode with a short version of the Big Five Inventory (Rammstedt & John, 2005). The dimensions extraversion (e.g., ""I get enthusiastic easily and can motivate others easily"") and neuroticism (e.g., ""I worry a lot"") were assessed with four items each. The response format ranged from 1 (absolutely incorrect) to 5 (absolutely correct). For each trait, we used wave-specific mean scores. Specifically, for individuals in the earlier-born cohort, we used personality-trait items from Wave 2; for individuals in the later-born cohort, we used personality-trait items from Waves 10 (birth cohorts 1991-1993 and 1981-1983) and 11 (birth cohort 2001-2003). Satisfaction with singlehood was measured at each assessment with a single item: ""How satisfied are you with your situation as a single?,"" ranging from 0 (very dissatisfied) to 10 (very satisfied). Life satisfaction was measured at each assessment with one item: ""All in all, how satisfied are you with your life at the moment?"" The item was assessed in the CAPI mode ranging from 0 (very dissatisfied) to 10 (very satisfied). To prepare the data for the analyses, we created two additional variables: intraindividual change over time and prevalence of singles. First, intraindividual change describes the number of years since baseline (i.e., T1), ranging from 0 (T1) to 2 (T3). Second, we calculated the proportion of singles at T1 (Wave 1 for earlier-born cohort and Wave 11 for later-born cohort), which was done with the prevalence sample of N = 17,697 participants.",,unknown,"No relevant code snippets are provided for the exploratory regression/mediation analyses, so it is impossible to determine whether the described data transformations match the implementation. The paper text also focuses on personality traits and derived variables (e.g., intraindividual change, prevalence of singles) rather than the specific mediators (romantic desire, sexual satisfaction, friendship satisfaction) for this analysis.",,
avilles,20,"Exploratory regression/mediation-style analyses (likely multilevel or linear regression) among adolescent singles, examining whether romantic desire, sexual satisfaction, and friendship satisfaction accounted for cohort differences in singlehood satisfaction. The models tested cohort differences in these potential mediators and their associations with singlehood satisfaction, finding that later-born adolescents reported lower romantic desire and that lower desire was associated with higher singlehood satisfaction, whereas sexual and friendship satisfaction did not explain the historical increase in singlehood satisfaction.",Inference Specification,"Given the number of statistical models, we evaluated significance of the multilevel growth-curve models at α level of .01 to address potentially inflated Type 1 error rates. We only interpreted coefficients that were significant and showed effects in the same direction in the models with and without controlling for gender.",,unknown,"The paper specifies an α level of .01 and a consistency requirement across models with and without gender controls, but the provided code contains no information about inference criteria for these analyses, so alignment cannot be determined.",,
avilles,21,"Multilevel growth-curve or regression analyses among partnered individuals (n = 5,181) who remained with the same romantic partner over the study period, predicting relationship satisfaction and life satisfaction from cohort membership, age group, and their interaction. The models tested for historical changes in partnered people’s relationship and life satisfaction, finding no overall cohort-related differences but detecting an interaction where later-born established adults showed lower relationship satisfaction than earlier-born established adults.",Model Specification,The remaining hypotheses (Hypotheses 3-10) were all tested using multilevel growth-curve models.,,unknown,There is not enough information about the actual code implementation to determine whether it uses multilevel growth-curve models as described in the paper.,,
avilles,21,"Multilevel growth-curve or regression analyses among partnered individuals (n = 5,181) who remained with the same romantic partner over the study period, predicting relationship satisfaction and life satisfaction from cohort membership, age group, and their interaction. The models tested for historical changes in partnered people’s relationship and life satisfaction, finding no overall cohort-related differences but detecting an interaction where later-born established adults showed lower relationship satisfaction than earlier-born established adults.",Variable Specification,"A total of 5,181 participants who remained in the same romantic relationship throughout the study period were included in the analyses. Results revealed no historical changes in neither relationship satisfaction nor life satisfaction among partnered individuals.",,unknown,There is insufficient information about the variables and their roles in the actual code to determine whether they match the paper’s description of the analysis among partnered individuals.,,
avilles,21,"Multilevel growth-curve or regression analyses among partnered individuals (n = 5,181) who remained with the same romantic partner over the study period, predicting relationship satisfaction and life satisfaction from cohort membership, age group, and their interaction. The models tested for historical changes in partnered people’s relationship and life satisfaction, finding no overall cohort-related differences but detecting an interaction where later-born established adults showed lower relationship satisfaction than earlier-born established adults.",Transformation Specification,"We tested whether partnered individuals experienced similar historical changes in their satisfaction compared to single individuals. A total of 5,181 participants who remained in the same romantic relationship throughout the study period were included in the analyses.",,unknown,"It is unclear whether the data transformations described in the paper (restricting to 5,181 participants who remained with the same partner) were implemented in the code because no relevant code excerpts were provided.",,
avilles,21,"Multilevel growth-curve or regression analyses among partnered individuals (n = 5,181) who remained with the same romantic partner over the study period, predicting relationship satisfaction and life satisfaction from cohort membership, age group, and their interaction. The models tested for historical changes in partnered people’s relationship and life satisfaction, finding no overall cohort-related differences but detecting an interaction where later-born established adults showed lower relationship satisfaction than earlier-born established adults.",Inference Specification,"An a-priori power analysis based on Monte Carlo simulations (1,000 simulations, .80% power, intraclass correlation coefficient [ICC] = .50, α = .01, two-tailed test) using the package SIMR (Green & MacLeod, 2016) in R (R Core Team, 2020) suggested that the sample size was sufficiently large (N > 1,600) to detect small (b = .10) Level 1 (time) and Level 2 (e.g., cohort) main effects as well as medium (b = .30) cross-level interaction effects (e.g., time × age).
...
Given the number of statistical models, we evaluated significance of the multilevel growth-curve models at α level of .01 to address potentially inflated Type 1 error rates. We only interpreted coefficients that were significant and showed effects in the same direction in the models with and without controlling for gender.",,unknown,"The paper clearly specifies an alpha level of .01 and related power/inference criteria, but no corresponding code or implementation details are provided to verify whether these criteria were applied in the partnered-individuals models.",,
avilles,25,"Pearson correlation between T1 singlehood satisfaction and T2 singlehood satisfaction, assessing stability of satisfaction with being single across the first interval. The association was moderate and positive, r ≈ .48, p < .005.",Model Specification,"Table 2. Descriptive Characteristics and Pearson Correlations Among the Study Variables.
...
1. T1 singlehood satisfaction (n = 2,883)  
2. T2 singlehood satisfaction (n = 2,894) .48  ...
...
Note. Satisfaction with singlehood and life satisfaction ranged from 0 to 10. Extraversion and neuroticism ranged from 1 to 5. Extraversion and 
neuroticism were assessed in Waves 2, 6, and 11, depending on participants’ cohort membership. All correlations were significant at p < .005.","#### Table 2: Descriptive characteristics and Pearson correlations among study variables ###############

# Correlations across key variables

library(Hmisc)

cor <- rcorr(as.matrix(data[, c(""sinsatt1"", ""sinsatt2"", ""sinsatt3"", ""lifesatt1"", ""lifesatt2"", ""lifesatt3"", ""extra_M"", ""neuro_M"")]), type = ""pearson"")
cor_r <- as.data.frame(round(cor$r, 2))",match,"The paper describes Pearson correlations among study variables, and the code computes Pearson correlations accordingly using rcorr with type set to 'pearson'.",,
avilles,25,"Pearson correlation between T1 singlehood satisfaction and T2 singlehood satisfaction, assessing stability of satisfaction with being single across the first interval. The association was moderate and positive, r ≈ .48, p < .005.",Variable Specification,"Table 2. Descriptive Characteristics and Pearson Correlations Among the Study Variables.

Variable 1 2 3 4 5 6 7 8
1. T1 singlehood satisfaction (n = 2,883)  
2. T2 singlehood satisfaction (n = 2,894) .48  
3. T3 singlehood satisfaction (n = 2,890) .43 .55  ","# Correlations across key variables

library(Hmisc)

cor <- rcorr(as.matrix(data[, c(""sinsatt1"", ""sinsatt2"", ""sinsatt3"", ""lifesatt1"", ""lifesatt2"", ""lifesatt3"", ""extra_M"", ""neuro_M"")]), type = ""pearson"")
cor_r <- as.data.frame(round(cor$r, 2))
...
# sample sizes
row.names(cor_r)[1:8] <- c(paste0(""1. T1 Satisfaction with singlehood (n = "", cor$n[1,1], "")""),
                           paste0(""2. T2 Satisfaction with singlehood (n = "", cor$n[2,2], "")""),
                           paste0(""3. T3 Satisfaction with singlehood (n = "", cor$n[3,3], "")""),
                           paste0(""4. T1 Life satisfaction (n = "", cor$n[4,4], "")""),
                           paste0(""5. T2 Life satisfaction (n = "", cor$n[5,5], "")""),
                           paste0(""6. T3 Life satisfaction (n = "", cor$n[6,6], "")""),
                           paste0(""7. Extraversion (n = "", cor$n[7,7], "")""),
                           paste0(""8. Neuroticism (n = "", cor$n[8,8], "")""))",match,"The code uses variables corresponding to T1 and T2 singlehood satisfaction and labels them accordingly, matching the variables described in the paper for this correlation. No additional or different variables are introduced for this specific analysis-dimension pairing.",,
avilles,25,"Pearson correlation between T1 singlehood satisfaction and T2 singlehood satisfaction, assessing stability of satisfaction with being single across the first interval. The association was moderate and positive, r ≈ .48, p < .005.",Transformation Specification,"Personality traits were assessed in Waves 2, 10, and 11 (the latter only for the refreshment sample) in the CASI mode with a short version of the Big Five Inventory (Rammstedt & John, 2005). The dimensions extraversion (e.g., “I get enthusiastic easily and can motivate others easily”) and neuroticism (e.g., “I worry a lot”) were assessed with four items each. The response format ranged from 1 (absolutely incorrect) to 5 (absolutely correct). For each trait, we used wave-specific mean scores. Specifically, for individuals in the earlier-born cohort, we used personality-trait items from Wave 2; for individuals in the later-born cohort, we used personality-trait items from Waves 10 (birth cohorts 1991-1993 and 1981-1983) and 11 (birth cohort 2001-2003).","anchor2 <- anchor2 %>% select(id, age, relstat, starts_with(""ehc2p""), sat6, sat2, starts_with(""per3i"")) %>%
  rename(aget2 = age,
         lifesatt2 = sat6,
         sinsatt2 = sat2) %>%
  replace(((.) < 0), NA) %>%
  mutate(relt2 = ifelse(relstat == 1 |
                          relstat == 6 |
                          relstat == 9, 0, 1)) %>% 
  select(-c(ehc2p1, ehc2p2, ehc2p3, ehc2p4, ehc2p5)) %>%
  mutate(months_rel_t1_t2 = rowSums(.[c(4:93)], na.rm = TRUE)) %>%
  mutate_at(c(96:116), as.numeric) %>%
  mutate_at(c(""per3i1"", ""per3i11"", ""per3i9"", ""per3i2"", ""per3i12"", ""per3i17"", ""per3i8"", ""per3i21""),
            ~ recode(., ""1"" = 5, ""2"" = 4, ""3"" = 3, 
                     ""4"" = 2, ""5"" = 1)) %>%
  rowwise() %>%
  mutate(extra_M = round(mean(c(per3i1, per3i6, per3i11, per3i16), na.rm = TRUE), 2),
         neuro_M = round(mean(c(per3i4, per3i9, per3i14, per3i19), na.rm = TRUE), 2),
         agree_M = round(mean(c(per3i2, per3i7, per3i12, per3i17), na.rm = TRUE), 2),
         consc_M = round(mean(c(per3i3, per3i8, per3i13, per3i18), na.rm = TRUE), 2),
         open_M = round(mean(c(per3i5, per3i10, per3i15, per3i20, per3i21), na.rm = TRUE), 2)) %>%
  select(id, aget2, relt2, months_rel_t1_t2, lifesatt2, sinsatt2, extra_M, neuro_M, agree_M, consc_M, open_M)
...
anchor11 <- anchor11 %>% select(id, sex_gen, ethni, cohort, age, relstat, np, sat6, sat2, starts_with(""per3i"")) %>%
  rename(sex = sex_gen,
         aget1 = age,
         lifesatt1 = sat6,
         sinsatt1 = sat2,
         prevrel = np) %>%
  mutate(relt1 = ifelse(relstat == 1 |
                           relstat == 6 |
                           relstat == 9, 0, 1),
         sex = sex - 1) %>% 
  replace(((.) < 0), NA) %>%
  mutate_at(c(10:30), as.numeric) %>%
  mutate_at(c(""per3i1"", ""per3i11"", ""per3i9"", ""per3i2"", ""per3i12"", ""per3i17"", ""per3i8"", ""per3i21""),
            ~ recode(., ""1"" = 5, ""2"" = 4, ""3"" = 3, 
                     ""4"" = 2, ""5"" = 1)) %>%
  rowwise() %>%
  mutate(extra_M = round(mean(c(per3i1, per3i6, per3i11, per3i16), na.rm = TRUE), 2),
         neuro_M = round(mean(c(per3i4, per3i9, per3i14, per3i19), na.rm = TRUE), 2),
         agree_M = round(mean(c(per3i2, per3i7, per3i12, per3i17), na.rm = TRUE), 2),
         consc_M = round(mean(c(per3i3, per3i8, per3i13, per3i18), na.rm = TRUE), 2),
         open_M = round(mean(c(per3i5, per3i10, per3i15, per3i20, per3i21), na.rm = TRUE), 2)) %>%
  select(id, sex, ethni, cohort, aget1, relt1, prevrel, lifesatt1, sinsatt1, extra_M, neuro_M, agree_M, consc_M, open_M)
...
anchor10 <- anchor10 %>% select(id, starts_with(""per3i"")) %>%
  mutate_at(c(2:22), as.numeric) %>%
  mutate_at(c(""per3i1"", ""per3i11"", ""per3i9"", ""per3i2"", ""per3i12"", ""per3i17"", ""per3i8"", ""per3i21""),
            ~ recode(., ""1"" = 5, ""2"" = 4, ""3"" = 3, 
                     ""4"" = 2, ""5"" = 1)) %>% 
  replace(((.) < 0), NA) %>%
  rowwise() %>%
  mutate(extra_M = round(mean(c(per3i1, per3i6, per3i11, per3i16), na.rm = TRUE), 2),
         neuro_M = round(mean(c(per3i4, per3i9, per3i14, per3i19), na.rm = TRUE), 2),
         agree_M = round(mean(c(per3i2, per3i7, per3i12, per3i17), na.rm = TRUE), 2),
         consc_M = round(mean(c(per3i3, per3i8, per3i13, per3i18), na.rm = TRUE), 2),
         open_M  = round(mean(c(per3i5, per3i10, per3i15, per3i20, per3i21), na.rm = TRUE), 2)) %>%
  select(id, extra_M, neuro_M, agree_M, consc_M, open_M)",match,"The code computes wave-specific mean scores for the Big Five traits (after appropriate recoding), which aligns with the paper’s description of using wave-specific mean scores for personality traits. No conflicting transformation of these variables is described in the paper for this analysis.",,
avilles,25,"Pearson correlation between T1 singlehood satisfaction and T2 singlehood satisfaction, assessing stability of satisfaction with being single across the first interval. The association was moderate and positive, r ≈ .48, p < .005.",Inference Specification,All correlations were significant at p < .005.,,unknown,"The paper states that all correlations were significant at p < .005, but no corresponding code or inference criteria are provided, so it is impossible to determine whether the same significance threshold or decision rule was used in the implementation.",,
avilles,26,"Pearson correlation between T1 singlehood satisfaction and T3 singlehood satisfaction, testing longer-term stability of singlehood satisfaction across approximately two years. The correlation was positive and moderate, r ≈ .43, p < .005.",Model Specification,Table 2. Descriptive Characteristics and Pearson Correlations Among the Study Variables.,"#### Table 2: Descriptive characteristics and Pearson correlations among study variables ###############

# Correlations across key variables

library(Hmisc)

cor <- rcorr(as.matrix(data[, c(""sinsatt1"", ""sinsatt2"", ""sinsatt3"", ""lifesatt1"", ""lifesatt2"", ""lifesatt3"", ""extra_M"", ""neuro_M"")]), type = ""pearson"")
cor_r <- as.data.frame(round(cor$r, 2))",match,"The paper describes Pearson correlations among study variables, including T1 and T3 singlehood satisfaction, and the code computes Pearson correlations for these variables. Thus, the implemented statistical test (Pearson correlation via rcorr with type = 'pearson') matches the reported model specification.",,
avilles,26,"Pearson correlation between T1 singlehood satisfaction and T3 singlehood satisfaction, testing longer-term stability of singlehood satisfaction across approximately two years. The correlation was positive and moderate, r ≈ .43, p < .005.",Variable Specification,"Table 2. Descriptive Characteristics and Pearson Correlations Among the Study Variables.
Variable 1 2 3 4 5 6 7 8
1. T1 singlehood satisfaction (n = 2,883)  
2. T2 singlehood satisfaction (n = 2,894) .48  
3. T3 singlehood satisfaction (n = 2,890) .43 .55  
4. T1 life satisfaction (n = 2,935) .34 .25 .24  
5. T2 life satisfaction (n = 2,932) .26 .32 .23 .54  
6. T3 life satisfaction (n = 2,934) .23 .23 .30 .45 .53  
7. Extraversion (n = 2,927) .07 .05 .07 .16 .20 .12  
8. Neuroticism (n = 2,928) −.16 −.15 −.16 −.30 −.33 −.28 −.27","cor <- rcorr(as.matrix(data[, c(""sinsatt1"", ""sinsatt2"", ""sinsatt3"", ""lifesatt1"", ""lifesatt2"", ""lifesatt3"", ""extra_M"", ""neuro_M"")]), type = ""pearson"")
cor_r <- as.data.frame(round(cor$r, 2))

# sample sizes
row.names(cor_r)[1:8] <- c(paste0(""1. T1 Satisfaction with singlehood (n = "", cor$n[1,1], "")""),
                           paste0(""2. T2 Satisfaction with singlehood (n = "", cor$n[2,2], "")""),
                           paste0(""3. T3 Satisfaction with singlehood (n = "", cor$n[3,3], "")""),
                           paste0(""4. T1 Life satisfaction (n = "", cor$n[4,4], "")""),
                           paste0(""5. T2 Life satisfaction (n = "", cor$n[5,5], "")""),
                           paste0(""6. T3 Life satisfaction (n = "", cor$n[6,6], "")""),
                           paste0(""7. Extraversion (n = "", cor$n[7,7], "")""),
                           paste0(""8. Neuroticism (n = "", cor$n[8,8], "")""))",match,The code computes a Pearson correlation matrix including T1 and T3 singlehood satisfaction variables that correspond directly to those reported in the paper's Table 2. The variables are correctly specified as 'sinsatt1' and 'sinsatt3' and labeled as T1 and T3 satisfaction with singlehood in the correlation matrix.,,
avilles,26,"Pearson correlation between T1 singlehood satisfaction and T3 singlehood satisfaction, testing longer-term stability of singlehood satisfaction across approximately two years. The correlation was positive and moderate, r ≈ .43, p < .005.",Transformation Specification,"For the remaining hypotheses (Hypotheses 3-10) and research questions (Research Questions 1 and 2), we focused on participants who were continuously single between T1 and T3 and therefore excluded participants who reported being in a romantic relationship at some point during this period (“Do you currently have a partner?” “Did you have a partner sometime after [date of interview previous wave]?”; n = 14,761). This was done to account for and illustrate changes in satisfaction over time of being single. The selected sample consisted of 2,936 individuals (M = 21.01 years old, SD = 7.60 years) who were single throughout the study period and reported on either their satisfaction with singlehood at T1, their life satisfaction at T1, or both.

Satisfaction with singlehood was measured at each assessment with a single item: “How satisfied are you with your situation as a single?,” ranging from 0 (very dissatisfied) to 10 (very satisfied). This item was assessed in the CAPI mode and presented exclusively to people who have been single for a minimum of 3 months (98% of the sample at T1).","### Participants from wave 1 ###
anchor1 <- anchor1 %>% select(id, sex_gen, ethni, cohort, age, sd3, np, sat6, sat2) %>%
  rename(sex = sex_gen,
         aget1 = age,
         relt1 = sd3,
         prevrel = np,
         lifesatt1 = sat6,
         sinsatt1 = sat2) %>%
  replace(((.) < 0), NA) %>%
  mutate(sex = sex - 1,
         relt1 = ifelse(relt1 == 2, 0, relt1))
...
### Participants from wave 3 ###
anchor3 <- anchor3 %>% select(id, age, relstat, starts_with(""ehc2p""), sat6, sat2) %>%
  rename(aget3 = age,
         lifesatt3 = sat6,
         sinsatt3 = sat2) %>%
  mutate(relt3 = ifelse(relstat == 1 |
                          relstat == 6 |
                          relstat == 9, 0, 1)) %>% 
  replace(((.) < 0), NA) %>%
  select(-c(ehc2p1, ehc2p2, ehc2p3, ehc2p4, ehc2p5)) %>%
  mutate(months_rel_t2_t3 = rowSums(.[c(4:163)], na.rm = TRUE)) %>%
  select(id, aget3, relt3, months_rel_t2_t3, lifesatt3, sinsatt3)
...
######################### FILTER PARTICIPANTS ##############################

### relevant cohorts (earlier-born: 1, 2, 3; later-born: 4,1,2)
data <- data %>% filter(histcoh == ""earlier-born"" & (cohort == 1 | cohort == 2 | cohort == 3) |
                        histcoh == ""later-born"" & (cohort == 4 | cohort == 1 | cohort == 2)) # N = 20,212
...
### single at T1 ###
data <- data %>% filter(relt1 == 0) # N = 8,321

### single throughout T1-3 ###
data <- data %>% filter(months_rel_t1_t2 == 0, relt2 == 0, months_rel_t2_t3 == 0, relt3 == 0) # N = 3,161

### missings on both well-being measures ###
data <- data %>% filter(!(is.na(lifesatt1) & is.na(sinsatt1))) # N = 3,161
...
### only include first-time report ###
data <- data %>% group_by(id) %>% # N = 2,936
  mutate(total = sum(n()),
         unique = ifelse(total == 1, 1, 0)) %>%
  select(-total) %>% arrange(id) %>% slice_head() %>% select(-unique)
...
#### Table 2: Descriptive characteristics and Pearson correlations among study variables ###############

# Correlations across key variables

library(Hmisc)

cor <- rcorr(as.matrix(data[, c(""sinsatt1"", ""sinsatt2"", ""sinsatt3"", ""lifesatt1"", ""lifesatt2"", ""lifesatt3"", ""extra_M"", ""neuro_M"")]), type = ""pearson"")",match,"The code applies the same transformations described in the paper: restricting to participants who were continuously single from T1 to T3 and using the raw single-item satisfaction scores without additional transformation before computing Pearson correlations. Any additional data cleaning (e.g., recoding negatives to NA) is consistent with standard handling of missing values and does not contradict the paper’s description.",,
avilles,26,"Pearson correlation between T1 singlehood satisfaction and T3 singlehood satisfaction, testing longer-term stability of singlehood satisfaction across approximately two years. The correlation was positive and moderate, r ≈ .43, p < .005.",Inference Specification,All correlations were significant at p < .005.,,unknown,"The paper specifies an inference criterion of p < .005 for significance, but there is no corresponding code provided to verify whether this threshold was implemented. Without code evidence, it is not possible to determine if the implementation matches the described inference specification.",,
avilles,27,"Pearson correlation between T2 singlehood satisfaction and T3 singlehood satisfaction, examining stability of singlehood satisfaction from the second to third measurement. The correlation was positive and moderate-to-strong, r ≈ .55, p < .005.",Model Specification,Table 2. Descriptive Characteristics and Pearson Correlations Among the Study Variables.,"#### Table 2: Descriptive characteristics and Pearson correlations among study variables ###############

# Correlations across key variables

library(Hmisc)

cor <- rcorr(as.matrix(data[, c(""sinsatt1"", ""sinsatt2"", ""sinsatt3"", ""lifesatt1"", ""lifesatt2"", ""lifesatt3"", ""extra_M"", ""neuro_M"")]), type = ""pearson"")
cor_r <- as.data.frame(round(cor$r, 2))",match,"The paper describes Pearson correlations among study variables, and the code uses a Pearson correlation function for the specified variables, matching the model specification.",,
avilles,27,"Pearson correlation between T2 singlehood satisfaction and T3 singlehood satisfaction, examining stability of singlehood satisfaction from the second to third measurement. The correlation was positive and moderate-to-strong, r ≈ .55, p < .005.",Variable Specification,"Table 2. Descriptive Characteristics and Pearson Correlations Among the Study Variables.

""Variable 1 2 3 4 5 6 7 8
1. T1 singlehood satisfaction (n = 2,883)  
2. T2 singlehood satisfaction (n = 2,894) .48  
3. T3 singlehood satisfaction (n = 2,890) .43 .55  
4. T1 life satisfaction (n = 2,935) .34 .25 .24  
5. T2 life satisfaction (n = 2,932) .26 .32 .23 .54  
6. T3 life satisfaction (n = 2,934) .23 .23 .30 .45 .53  
7. Extraversion (n = 2,927) .07 .05 .07 .16 .20 .12  
8. Neuroticism (n = 2,928) −.16 −.15 −.16 −.30 −.33 −.28 −.27  ""

""Note. Satisfaction with singlehood and life satisfaction ranged from 0 to 10. Extraversion and neuroticism ranged from 1 to 5. Extraversion and neuroticism were assessed in Waves 2, 6, and 11, depending on participants’ cohort membership. All correlations were significant at p < .005.""","#### Table 2: Descriptive characteristics and Pearson correlations among study variables ###############

# Correlations across key variables

library(Hmisc)

cor <- rcorr(as.matrix(data[, c(""sinsatt1"", ""sinsatt2"", ""sinsatt3"", ""lifesatt1"", ""lifesatt2"", ""lifesatt3"", ""extra_M"", ""neuro_M"")]), type = ""pearson"")
cor_r <- as.data.frame(round(cor$r, 2))

...

# sample sizes
row.names(cor_r)[1:8] <- c(paste0(""1. T1 Satisfaction with singlehood (n = "", cor$n[1,1], "")""),
                           paste0(""2. T2 Satisfaction with singlehood (n = "", cor$n[2,2], "")""),
                           paste0(""3. T3 Satisfaction with singlehood (n = "", cor$n[3,3], "")""),
                           paste0(""4. T1 Life satisfaction (n = "", cor$n[4,4], "")""),
                           paste0(""5. T2 Life satisfaction (n = "", cor$n[5,5], "")""),
                           paste0(""6. T3 Life satisfaction (n = "", cor$n[6,6], "")""),
                           paste0(""7. Extraversion (n = "", cor$n[7,7], "")""),
                           paste0(""8. Neuroticism (n = "", cor$n[8,8], "")""))

colnames(cor_r) <- c(1:8)

# means & SDs
M_SD <- data %>% ungroup() %>% select(sinsatt1, sinsatt2, sinsatt3, lifesatt1, lifesatt2, lifesatt3, extra_M, neuro_M) %>%
  summarise_all(funs(mean, sd), na.rm = TRUE) %>%
  mutate(across(everything(), round, 2))",match,The code uses variables for T2 and T3 singlehood satisfaction that correspond directly to those described in the paper's Table 2 correlation matrix. Both sources treat these as singlehood satisfaction measures at Waves 2 and 3 within the same set of eight study variables.,,
avilles,27,"Pearson correlation between T2 singlehood satisfaction and T3 singlehood satisfaction, examining stability of singlehood satisfaction from the second to third measurement. The correlation was positive and moderate-to-strong, r ≈ .55, p < .005.",Transformation Specification,"For the remaining hypotheses (Hypotheses 3-10) and research questions (Research Questions 1 and 2), we focused on participants who were continuously single between T1 and T3 and therefore excluded participants who reported being in a romantic relationship at some point during this period (""Do you currently have a partner?"" ""Did you have a partner sometime after [date of interview previous wave]?""; n = 14,761). This was done to account for and illustrate changes in satisfaction over time of being single. The selected sample consisted of 2,936 individuals (M = 21.01 years old, SD = 7.60 years) who were single throughout the study period and reported on either their satisfaction with singlehood at T1, their life satisfaction at T1, or both.

Satisfaction With Singlehood. Satisfaction with singlehood was measured at each assessment with a single item: ""How satisfied are you with your situation as a single?,"" ranging from 0 (very dissatisfied) to 10 (very satisfied). This item was assessed in the CAPI mode and presented exclusively to people who have been single for a minimum of 3 months (98% of the sample at T1).

Note. Satisfaction with singlehood and life satisfaction ranged from 0 to 10. Extraversion and neuroticism ranged from 1 to 5. Extraversion and neuroticism were assessed in Waves 2, 6, and 11, depending on participants’ cohort membership. All correlations were significant at p < .005.","### Participants from wave 1 ###
anchor1 <- anchor1 %>% select(id, sex_gen, ethni, cohort, age, sd3, np, sat6, sat2) %>%
  rename(sex = sex_gen,
         aget1 = age,
         relt1 = sd3,
         prevrel = np,
         lifesatt1 = sat6,
         sinsatt1 = sat2) %>%
  replace(((.) < 0), NA) %>%
  mutate(sex = sex - 1,
         relt1 = ifelse(relt1 == 2, 0, relt1))

### Participants from wave 2 ###
anchor2 <- anchor2 %>% select(id, age, relstat, starts_with(""ehc2p""), sat6, sat2, starts_with(""per3i"")) %>%
  rename(aget2 = age,
         lifesatt2 = sat6,
         sinsatt2 = sat2) %>%
  replace(((.) < 0), NA) %>%
  mutate(relt2 = ifelse(relstat == 1 |
                          relstat == 6 |
                          relstat == 9, 0, 1)) %>% 
  select(-c(ehc2p1, ehc2p2, ehc2p3, ehc2p4, ehc2p5)) %>%
  mutate(months_rel_t1_t2 = rowSums(.[c(4:93)], na.rm = TRUE)) %>%
  ...

### Participants from wave 3 ###
anchor3 <- anchor3 %>% select(id, age, relstat, starts_with(""ehc2p""), sat6, sat2) %>%
  rename(aget3 = age,
         lifesatt3 = sat6,
         sinsatt3 = sat2) %>%
  mutate(relt3 = ifelse(relstat == 1 |
                          relstat == 6 |
                          relstat == 9, 0, 1)) %>% 
  replace(((.) < 0), NA) %>%
  select(-c(ehc2p1, ehc2p2, ehc2p3, ehc2p4, ehc2p5)) %>%
  mutate(months_rel_t2_t3 = rowSums(.[c(4:163)], na.rm = TRUE)) %>%
  select(id, aget3, relt3, months_rel_t2_t3, lifesatt3, sinsatt3)

...

### single at T1 ###
data <- data %>% filter(relt1 == 0) # N = 8,321

### single throughout T1-3 ###
data <- data %>% filter(months_rel_t1_t2 == 0, relt2 == 0, months_rel_t2_t3 == 0, relt3 == 0) # N = 3,161

### missings on both well-being measures ###
data <- data %>% filter(!(is.na(lifesatt1) & is.na(sinsatt1))) # N = 3,161

...

### only include first-time report ###
data <- data %>% group_by(id) %>% # N = 2,936
  mutate(total = sum(n()),
         unique = ifelse(total == 1, 1, 0)) %>%
  select(-total) %>% arrange(id) %>% slice_head() %>% select(-unique)",match,"The code implements the same transformations described in the paper: it restricts the sample to participants continuously single from T1 to T3 and uses the 0–10 single-item satisfaction ratings without further transformation beyond standard missing-value handling. The resulting continuously single sample size (N = 2,936) in the code matches the paper description, supporting that the transformation steps align.",,
avilles,27,"Pearson correlation between T2 singlehood satisfaction and T3 singlehood satisfaction, examining stability of singlehood satisfaction from the second to third measurement. The correlation was positive and moderate-to-strong, r ≈ .55, p < .005.",Inference Specification,All correlations were significant at p < .005.,,unknown,"The paper specifies that all correlations were significant at p < .005, but no relevant code is provided to verify how inference (e.g., alpha level or p-value thresholds) was implemented.",,
avilles,28,"Pearson correlation between T1 singlehood satisfaction and T1 life satisfaction, assessing concurrent association between domain-specific and global satisfaction at baseline. Results showed a positive correlation, r ≈ .34, p < .005.",Model Specification,Table 2. Descriptive Characteristics and Pearson Correlations Among the Study Variables.,"#### Table 2: Descriptive characteristics and Pearson correlations among study variables ###############

# Correlations across key variables

library(Hmisc)

cor <- rcorr(as.matrix(data[, c(""sinsatt1"", ""sinsatt2"", ""sinsatt3"", ""lifesatt1"", ""lifesatt2"", ""lifesatt3"", ""extra_M"", ""neuro_M"")]), type = ""pearson"")
cor_r <- as.data.frame(round(cor$r, 2))",match,"The paper describes Pearson correlations among variables, and the code uses a Pearson correlation procedure to compute the correlation matrix including T1 singlehood and T1 life satisfaction. Thus, the model specification in the code aligns with the paper’s stated analysis.",,
avilles,28,"Pearson correlation between T1 singlehood satisfaction and T1 life satisfaction, assessing concurrent association between domain-specific and global satisfaction at baseline. Results showed a positive correlation, r ≈ .34, p < .005.",Variable Specification,"Table 2 shows the means, standard deviations, and zero-
order correlations among the study variables across birth 
cohorts and age groups (see Supplemental Table S2 for 
means and standard deviations separated by birth cohorts 
and age groups). Satisfaction with singlehood and life satis-
faction were positively correlated with each other: The more 
satisfied singles felt with their singlehood, the more satisfied 
they were with their lives.","#### Table 2: Descriptive characteristics and Pearson correlations among study variables ###############

# Correlations across key variables

library(Hmisc)

cor <- rcorr(as.matrix(data[, c(""sinsatt1"", ""sinsatt2"", ""sinsatt3"", ""lifesatt1"", ""lifesatt2"", ""lifesatt3"", ""extra_M"", ""neuro_M"")]), type = ""pearson"")
cor_r <- as.data.frame(round(cor$r, 2))
...
# sample sizes
row.names(cor_r)[1:8] <- c(paste0(""1. T1 Satisfaction with singlehood (n = "", cor$n[1,1], "")""),
                           paste0(""2. T2 Satisfaction with singlehood (n = "", cor$n[2,2], "")""),
                           paste0(""3. T3 Satisfaction with singlehood (n = "", cor$n[3,3], "")""),
                           paste0(""4. T1 Life satisfaction (n = "", cor$n[4,4], "")""),
                           paste0(""5. T2 Life satisfaction (n = "", cor$n[5,5], "")""),
                           paste0(""6. T3 Life satisfaction (n = "", cor$n[6,6], "")""),
                           paste0(""7. Extraversion (n = "", cor$n[7,7], "")""),
                           paste0(""8. Neuroticism (n = "", cor$n[8,8], "")""))

colnames(cor_r) <- c(1:8)

# means & SDs
M_SD <- data %>% ungroup() %>% select(sinsatt1, sinsatt2, sinsatt3, lifesatt1, lifesatt2, lifesatt3, extra_M, neuro_M) %>%
  summarise_all(funs(mean, sd), na.rm = TRUE) %>%
  mutate(across(everything(), round, 2))",match,"The code computes Pearson correlations including T1 satisfaction with singlehood and T1 life satisfaction, matching the variables described for the concurrent association at baseline. Both variables are clearly designated and labeled consistently with the paper’s description of Table 2.",,
avilles,28,"Pearson correlation between T1 singlehood satisfaction and T1 life satisfaction, assessing concurrent association between domain-specific and global satisfaction at baseline. Results showed a positive correlation, r ≈ .34, p < .005.",Transformation Specification,"Satisfaction with singlehood was measured at each assessment with a single item: ""How satisfied are you with your situation as a single?,"" ranging from 0 (very dissatisfied) to 10 (very satisfied). This item was assessed in the CAPI mode and presented exclusively to people who have been single for a minimum of 3 months (98% of the sample at T1).

Life satisfaction was measured at each assessment with one item: ""All in all, how satisfied are you with your life at the moment?"" The item was assessed in the CAPI mode ranging from 0 (very dissatisfied) to 10 (very satisfied).

For each trait, we used wave-specific mean scores.

Satisfaction with singlehood and life satisfaction ranged from 0 to 10. Extraversion and neuroticism ranged from 1 to 5. Extraversion and neuroticism were assessed in Waves 2, 6, and 11, depending on participants’ cohort membership.","anchor1 <- anchor1 %>% select(id, sex_gen, ethni, cohort, age, sd3, np, sat6, sat2) %>%
  rename(sex = sex_gen,
         aget1 = age,
         relt1 = sd3,
         prevrel = np,
         lifesatt1 = sat6,
         sinsatt1 = sat2) %>%
  replace(((.) < 0), NA) %>%
  mutate(sex = sex - 1,
         relt1 = ifelse(relt1 == 2, 0, relt1))

anchor2 <- anchor2 %>% select(id, age, relstat, starts_with(""ehc2p""), sat6, sat2, starts_with(""per3i"")) %>%
  rename(aget2 = age,
         lifesatt2 = sat6,
         sinsatt2 = sat2) %>%
  replace(((.) < 0), NA) %>%
  mutate(relt2 = ifelse(relstat == 1 |
                          relstat == 6 |
                          relstat == 9, 0, 1)) %>% 
  select(-c(ehc2p1, ehc2p2, ehc2p3, ehc2p4, ehc2p5)) %>%
  mutate(months_rel_t1_t2 = rowSums(.[c(4:93)], na.rm = TRUE)) %>%
  mutate_at(c(96:116), as.numeric) %>%
  mutate_at(c(""per3i1"", ""per3i11"", ""per3i9"", ""per3i2"", ""per3i12"", ""per3i17"", ""per3i8"", ""per3i21""),
            ~ recode(., ""1"" = 5, ""2"" = 4, ""3"" = 3, 
                     ""4"" = 2, ""5"" = 1)) %>%
  rowwise() %>%
  mutate(extra_M = round(mean(c(per3i1, per3i6, per3i11, per3i16), na.rm = TRUE), 2),
         neuro_M = round(mean(c(per3i4, per3i9, per3i14, per3i19), na.rm = TRUE), 2),
         agree_M = round(mean(c(per3i2, per3i7, per3i12, per3i17), na.rm = TRUE), 2),
         consc_M = round(mean(c(per3i3, per3i8, per3i13, per3i18), na.rm = TRUE), 2),
         open_M = round(mean(c(per3i5, per3i10, per3i15, per3i20, per3i21), na.rm = TRUE), 2)) %>%
  select(id, aget2, relt2, months_rel_t1_t2, lifesatt2, sinsatt2, extra_M, neuro_M, agree_M, consc_M, open_M)

### single at T1 ###
data <- data %>% filter(relt1 == 0) # N = 8,321

### single throughout T1-3 ###
data <- data %>% filter(months_rel_t1_t2 == 0, relt2 == 0, months_rel_t2_t3 == 0, relt3 == 0) # N = 3,161

### missings on both well-being measures ###
data <- data %>% filter(!(is.na(lifesatt1) & is.na(sinsatt1))) # N = 3,161

### only include first-time report ###
data <- data %>% group_by(id) %>% # N = 2,936
  mutate(total = sum(n()),
         unique = ifelse(total == 1, 1, 0)) %>%
  select(-total) %>% arrange(id) %>% slice_head() %>% select(-unique)
",match,"The code uses the single 0–10 items for life and singlehood satisfaction without additional transformations beyond setting out-of-range negative values to missing, and computes wave-specific mean scores for personality traits, which is consistent with the paper’s description.",,
avilles,28,"Pearson correlation between T1 singlehood satisfaction and T1 life satisfaction, assessing concurrent association between domain-specific and global satisfaction at baseline. Results showed a positive correlation, r ≈ .34, p < .005.",Inference Specification,"Table 2. Descriptive Characteristics and Pearson Correlations Among the Study Variables.
...
""Note. Satisfaction with singlehood and life satisfaction ranged from 0 to 10. Extraversion and neuroticism ranged from 1 to 5. Extraversion and neuroticism were assessed in Waves 2, 6, and 11, depending on participants’ cohort membership. **All correlations were significant at p < .005.**""",,unknown,"The paper specifies that correlations are considered significant at p < .005, but there is no corresponding code provided to verify how inference or significance thresholds were implemented.",,
avilles,29,"Pearson correlation between T2 singlehood satisfaction and T1 life satisfaction, evaluating whether later singlehood satisfaction is associated with earlier life satisfaction. The correlation was positive but smaller, r ≈ .25, p < .005.",Model Specification,"Table 2. Descriptive Characteristics and Pearson Correlations Among the Study Variables.

""Table 2 shows the means, standard deviations, and zero-order correlations among the study variables across birth cohorts and age groups (see Supplemental Table S2 for means and standard deviations separated by birth cohorts and age groups).""","#### Table 2: Descriptive characteristics and Pearson correlations among study variables ###############

# Correlations across key variables

library(Hmisc)

cor <- rcorr(as.matrix(data[, c(""sinsatt1"", ""sinsatt2"", ""sinsatt3"", ""lifesatt1"", ""lifesatt2"", ""lifesatt3"", ""extra_M"", ""neuro_M"")]), type = ""pearson"")
cor_r <- as.data.frame(round(cor$r, 2))",match,"The paper describes computing zero-order Pearson correlations among study variables, and the code implements Pearson correlations accordingly.",,
avilles,29,"Pearson correlation between T2 singlehood satisfaction and T1 life satisfaction, evaluating whether later singlehood satisfaction is associated with earlier life satisfaction. The correlation was positive but smaller, r ≈ .25, p < .005.",Variable Specification,"Table 2. Descriptive Characteristics and Pearson Correlations Among the Study Variables. Variable 1 2 3 4 5 6 7 8 1. T1 singlehood satisfaction (n = 2,883)  2. T2 singlehood satisfaction (n = 2,894) .48  3. T3 singlehood satisfaction (n = 2,890) .43 .55  4. T1 life satisfaction (n = 2,935) .34 .25 .24  … Note. Satisfaction with singlehood and life satisfaction ranged from 0 to 10. Extraversion and neuroticism ranged from 1 to 5. Extraversion and neuroticism were assessed in Waves 2, 6, and 11, depending on participants’ cohort membership. All correlations were significant at p < .005.","#### Table 2: Descriptive characteristics and Pearson correlations among study variables ###############

# Correlations across key variables

library(Hmisc)

cor <- rcorr(as.matrix(data[, c(""sinsatt1"", ""sinsatt2"", ""sinsatt3"", ""lifesatt1"", ""lifesatt2"", ""lifesatt3"", ""extra_M"", ""neuro_M"")]), type = ""pearson"")
cor_r <- as.data.frame(round(cor$r, 2))

# sample sizes
row.names(cor_r)[1:8] <- c(paste0(""1. T1 Satisfaction with singlehood (n = "", cor$n[1,1], "")""),
                           paste0(""2. T2 Satisfaction with singlehood (n = "", cor$n[2,2], "")""),
                           paste0(""3. T3 Satisfaction with singlehood (n = "", cor$n[3,3], "")""),
                           paste0(""4. T1 Life satisfaction (n = "", cor$n[4,4], "")""),
                           paste0(""5. T2 Life satisfaction (n = "", cor$n[5,5], "")""),
                           paste0(""6. T3 Life satisfaction (n = "", cor$n[6,6], "")""),
                           paste0(""7. Extraversion (n = "", cor$n[7,7], "")""),
                           paste0(""8. Neuroticism (n = "", cor$n[8,8], "")""))

colnames(cor_r) <- c(1:8)

# means & SDs
M_SD <- data %>% ungroup() %>% select(sinsatt1, sinsatt2, sinsatt3, lifesatt1, lifesatt2, lifesatt3, extra_M, neuro_M) %>%
  summarise_all(funs(mean, sd), na.rm = TRUE) %>%
  mutate(across(everything(), round, 2))",match,"The code uses T2 singlehood satisfaction and T1 life satisfaction as variables in the same correlation matrix described in the paper’s Table 2, matching the variable specification. The designation of these variables as elements in a Pearson correlation matrix aligns with the paper’s description of the analysis.",,
avilles,29,"Pearson correlation between T2 singlehood satisfaction and T1 life satisfaction, evaluating whether later singlehood satisfaction is associated with earlier life satisfaction. The correlation was positive but smaller, r ≈ .25, p < .005.",Transformation Specification,"Personality traits. Personality traits were assessed in Waves 2, 10, and 11 (the latter only for the refreshment sample) in the CASI mode with a short version of the Big Five Inventory (Rammstedt & John, 2005). The dimensions extraversion (e.g., “I get enthusiastic easily and can motivate others easily”) and neuroticism (e.g., “I worry a lot”) were assessed with four items each. The response format ranged from 1 (absolutely incorrect) to 5 (absolutely correct). For each trait, we used wave-specific mean scores. Specifically, for individuals in the earlier-born cohort, we used personality-trait items from Wave 2; for individuals in the later-born cohort, we used personality-trait items from Waves 10 (birth cohorts 1991-1993 and 1981-1983) and 11 (birth cohort 2001-2003). Thus, participants varied in the timing of their personality-trait assessments.","### Participants from wave 1 ###
anchor1 <- anchor1 %>% select(id, sex_gen, ethni, cohort, age, sd3, np, sat6, sat2) %>%
  rename(sex = sex_gen,
         aget1 = age,
         relt1 = sd3,
         prevrel = np,
         lifesatt1 = sat6,
         sinsatt1 = sat2) %>%
  replace(((.) < 0), NA) %>%
  mutate(sex = sex - 1,
         relt1 = ifelse(relt1 == 2, 0, relt1))

### Participants from wave 2 ###
anchor2 <- anchor2 %>% select(id, age, relstat, starts_with(""ehc2p""), sat6, sat2, starts_with(""per3i"")) %>%
  rename(aget2 = age,
         lifesatt2 = sat6,
         sinsatt2 = sat2) %>%
  replace(((.) < 0), NA) %>%
  mutate(relt2 = ifelse(relstat == 1 |
                          relstat == 6 |
                          relstat == 9, 0, 1)) %>% 
  select(-c(ehc2p1, ehc2p2, ehc2p3, ehc2p4, ehc2p5)) %>%
  mutate(months_rel_t1_t2 = rowSums(.[c(4:93)], na.rm = TRUE)) %>%
  mutate_at(c(96:116), as.numeric) %>%
  mutate_at(c(""per3i1"", ""per3i11"", ""per3i9"", ""per3i2"", ""per3i12"", ""per3i17"", ""per3i8"", ""per3i21""),
            ~ recode(., ""1"" = 5, ""2"" = 4, ""3"" = 3, 
                     ""4"" = 2, ""5"" = 1)) %>%
  rowwise() %>%
  mutate(extra_M = round(mean(c(per3i1, per3i6, per3i11, per3i16), na.rm = TRUE), 2),
         neuro_M = round(mean(c(per3i4, per3i9, per3i14, per3i19), na.rm = TRUE), 2),
         agree_M = round(mean(c(per3i2, per3i7, per3i12, per3i17), na.rm = TRUE), 2),
         consc_M = round(mean(c(per3i3, per3i8, per3i13, per3i18), na.rm = TRUE), 2),
         open_M = round(mean(c(per3i5, per3i10, per3i15, per3i20, per3i21), na.rm = TRUE), 2)) %>%
  select(id, aget2, relt2, months_rel_t1_t2, lifesatt2, sinsatt2, extra_M, neuro_M, agree_M, consc_M, open_M)

### single at T1 ###
data <- data %>% filter(relt1 == 0) # N = 8,321

### single throughout T1-3 ###
data <- data %>% filter(months_rel_t1_t2 == 0, relt2 == 0, months_rel_t2_t3 == 0, relt3 == 0) # N = 3,161

### missings on both well-being measures ###
data <- data %>% filter(!(is.na(lifesatt1) & is.na(sinsatt1))) # N = 3,161

# write.table(data, ""data_wide.txt"")",unknown,"The code shows specific preprocessing steps (e.g., recoding negative values to NA, computing personality mean scores, and restricting to participants single across waves), but the paper excerpt only describes wave-specific mean scores for personality traits and does not detail any transformations for T1 life satisfaction or T2 singlehood satisfaction relevant to this correlation. Therefore, it is not possible to determine whether the transformations applied to the correlation variables match the paper’s description.",,
avilles,29,"Pearson correlation between T2 singlehood satisfaction and T1 life satisfaction, evaluating whether later singlehood satisfaction is associated with earlier life satisfaction. The correlation was positive but smaller, r ≈ .25, p < .005.",Inference Specification,All correlations were significant at p < .005.,,unknown,"The paper specifies an inference criterion (p < .005) for the correlations, but there is no corresponding code provided to verify how significance was assessed or what alpha level was used.",,
avilles,30,"Pearson correlation between T3 singlehood satisfaction and T1 life satisfaction, testing the link between later singlehood satisfaction and initial life satisfaction. The association was positive, r ≈ .24, p < .005.",Model Specification,"Table 2. Descriptive Characteristics and Pearson Correlations Among the Study Variables.

""Table 2 shows the means, standard deviations, and zero-order correlations among the study variables across birth cohorts and age groups"".","#### Table 2: Descriptive characteristics and Pearson correlations among study variables ###############

# Correlations across key variables

library(Hmisc)

cor <- rcorr(as.matrix(data[, c(""sinsatt1"", ""sinsatt2"", ""sinsatt3"", ""lifesatt1"", ""lifesatt2"", ""lifesatt3"", ""extra_M"", ""neuro_M"")]), type = ""pearson"")",match,"The paper describes using Pearson zero-order correlations, and the code computes Pearson correlations for the relevant variables using rcorr with type='pearson'.",,
avilles,30,"Pearson correlation between T3 singlehood satisfaction and T1 life satisfaction, testing the link between later singlehood satisfaction and initial life satisfaction. The association was positive, r ≈ .24, p < .005.",Variable Specification,"Table 2. Descriptive Characteristics and Pearson Correlations Among the Study Variables.

3. T3 singlehood satisfaction (n = 2,890)
4. T1 life satisfaction (n = 2,935)

Satisfaction with singlehood and life satisfaction were positively correlated with each other: The more satisfied singles felt with their singlehood, the more satisfied they were with their lives.","#### Table 2: Descriptive characteristics and Pearson correlations among study variables ###############

# Correlations across key variables

library(Hmisc)

cor <- rcorr(as.matrix(data[, c(""sinsatt1"", ""sinsatt2"", ""sinsatt3"", ""lifesatt1"", ""lifesatt2"", ""lifesatt3"", ""extra_M"", ""neuro_M"")]), type = ""pearson"")
cor_r <- as.data.frame(round(cor$r, 2))

cor_r[1, ] <- NA
cor_r[, 8] <- NA
cor_r[2, 2:7] <- NA
cor_r[3, 3:7] <- NA
cor_r[4, 4:7] <- NA
cor_r[5, 5:7] <- NA
cor_r[6, 6:7] <- NA
cor_r[7, 7] <- NA

# sample sizes
row.names(cor_r)[1:8] <- c(paste0(""1. T1 Satisfaction with singlehood (n = "", cor$n[1,1], "")""),
                           paste0(""2. T2 Satisfaction with singlehood (n = "", cor$n[2,2], "")""),
                           paste0(""3. T3 Satisfaction with singlehood (n = "", cor$n[3,3], "")""),
                           paste0(""4. T1 Life satisfaction (n = "", cor$n[4,4], "")""),
                           paste0(""5. T2 Life satisfaction (n = "", cor$n[5,5], "")""),
                           paste0(""6. T3 Life satisfaction (n = "", cor$n[6,6], "")""),
                           paste0(""7. Extraversion (n = "", cor$n[7,7], "")""),
                           paste0(""8. Neuroticism (n = "", cor$n[8,8], "")""))

colnames(cor_r) <- c(1:8)",match,"The code uses T3 satisfaction with singlehood and T1 life satisfaction as separate variables in the correlation matrix, matching the variables described in the paper.",,
avilles,30,"Pearson correlation between T3 singlehood satisfaction and T1 life satisfaction, testing the link between later singlehood satisfaction and initial life satisfaction. The association was positive, r ≈ .24, p < .005.",Transformation Specification,"Satisfaction With Singlehood. Satisfaction with singlehood was measured at each assessment with a single item: “How satisfied are you with your situation as a single?,” ranging from 0 (very dissatisfied) to 10 (very satisfied).

Life Satisfaction. Life satisfaction was measured at each assessment with one item: “All in all, how satisfied are you with your life at the moment?” The item was assessed in the CAPI mode ranging from 0 (very dissatisfied) to 10 (very satisfied).","### Participants from wave 1 ###
anchor1 <- anchor1 %>% select(id, sex_gen, ethni, cohort, age, sd3, np, sat6, sat2) %>%
  rename(sex = sex_gen,
         aget1 = age,
         relt1 = sd3,
         prevrel = np,
         lifesatt1 = sat6,
         sinsatt1 = sat2) %>%
  replace(((.) < 0), NA) %>%
  mutate(sex = sex - 1,
         relt1 = ifelse(relt1 == 2, 0, relt1))

### Participants from wave 3 ###
anchor3 <- anchor3 %>% select(id, age, relstat, starts_with(""ehc2p""), sat6, sat2) %>%
  rename(aget3 = age,
         lifesatt3 = sat6,
         sinsatt3 = sat2) %>%
  mutate(relt3 = ifelse(relstat == 1 |
                          relstat == 6 |
                          relstat == 9, 0, 1)) %>% 
  replace(((.) < 0), NA) %>%
  select(-c(ehc2p1, ehc2p2, ehc2p3, ehc2p4, ehc2p5)) %>%
  mutate(months_rel_t2_t3 = rowSums(.[c(4:163)], na.rm = TRUE)) %>%
  select(id, aget3, relt3, months_rel_t2_t3, lifesatt3, sinsatt3)

######################### FILTER PARTICIPANTS ##############################

### single at T1 ###
data <- data %>% filter(relt1 == 0) # N = 8,321

### single throughout T1-3 ###
data <- data %>% filter(months_rel_t1_t2 == 0, relt2 == 0, months_rel_t2_t3 == 0, relt3 == 0) # N = 3,161

### missings on both well-being measures ###
data <- data %>% filter(!(is.na(lifesatt1) & is.na(sinsatt1))) # N = 3,161

### only include first-time report ###
data <- data %>% group_by(id) %>% # N = 2,936
  mutate(total = sum(n()),
         unique = ifelse(total == 1, 1, 0)) %>%
  select(-total) %>% arrange(id) %>% slice_head() %>% select(-unique)
",match,"Both the paper and code treat life satisfaction and singlehood satisfaction as single 0–10 items without rescaling or aggregating, and the only transformations in code are recoding invalid (negative) values to missing and applying sample filters, which are consistent with typical handling and not contradicted by the paper excerpt. There is no evidence of additional transformations (e.g., standardization, trimming, or item composites) that would diverge from the paper’s description.",,
avilles,30,"Pearson correlation between T3 singlehood satisfaction and T1 life satisfaction, testing the link between later singlehood satisfaction and initial life satisfaction. The association was positive, r ≈ .24, p < .005.",Inference Specification,All correlations were significant at p < .005.,,unknown,"The paper states that all correlations were evaluated with a significance criterion of p < .005, but there is no corresponding code provided to verify how inference (e.g., alpha level or p-value threshold) was implemented. Therefore, it is not possible to determine whether the code’s inference specification matches the paper’s description.",,
avilles,31,"Pearson correlation between T1 singlehood satisfaction and T2 life satisfaction, examining how baseline singlehood satisfaction relates to life satisfaction one wave later. The correlation was positive, r ≈ .26, p < .005.",Model Specification,Table 2. Descriptive Characteristics and Pearson Correlations Among the Study Variables.,"library(Hmisc)

cor <- rcorr(as.matrix(data[, c(""sinsatt1"", ""sinsatt2"", ""sinsatt3"", ""lifesatt1"", ""lifesatt2"", ""lifesatt3"", ""extra_M"", ""neuro_M"")]), type = ""pearson"")
cor_r <- as.data.frame(round(cor$r, 2))",match,"The paper describes using Pearson correlations, and the code computes Pearson correlations with rcorr using type = 'pearson'.",,
avilles,31,"Pearson correlation between T1 singlehood satisfaction and T2 life satisfaction, examining how baseline singlehood satisfaction relates to life satisfaction one wave later. The correlation was positive, r ≈ .26, p < .005.",Variable Specification,"Satisfaction With Singlehood. Satisfaction with singlehood was measured at each assessment with a single item: “How satisfied are you with your situation as a single?,” ranging from 0 (very dissatisfied) to 10 (very satisfied).

Life Satisfaction. Life satisfaction was measured at each assessment with one item: “All in all, how satisfied are you with your life at the moment?” The item was assessed in the CAPI mode ranging from 0 (very dissatisfied) to 10 (very satisfied).

Table 2 shows the means, standard deviations, and zero-order correlations among the study variables across birth cohorts and age groups (see Supplemental Table S2 for means and standard deviations separated by birth cohorts and age groups). Satisfaction with singlehood and life satisfaction were positively correlated with each other: The more satisfied singles felt with their singlehood, the more satisfied they were with their lives.","cor <- rcorr(as.matrix(data[, c(""sinsatt1"", ""sinsatt2"", ""sinsatt3"", ""lifesatt1"", ""lifesatt2"", ""lifesatt3"", ""extra_M"", ""neuro_M"")]), type = ""pearson"")
cor_r <- as.data.frame(round(cor$r, 2))

cor_r[1, ] <- NA
cor_r[, 8] <- NA
cor_r[2, 2:7] <- NA
cor_r[3, 3:7] <- NA
cor_r[4, 4:7] <- NA
cor_r[5, 5:7] <- NA
cor_r[6, 6:7] <- NA
cor_r[7, 7] <- NA

# sample sizes
row.names(cor_r)[1:8] <- c(paste0(""1. T1 Satisfaction with singlehood (n = "", cor$n[1,1], "")""),
                           paste0(""2. T2 Satisfaction with singlehood (n = "", cor$n[2,2], "")""),
                           paste0(""3. T3 Satisfaction with singlehood (n = "", cor$n[3,3], "")""),
                           paste0(""4. T1 Life satisfaction (n = "", cor$n[4,4], "")""),
                           paste0(""5. T2 Life satisfaction (n = "", cor$n[5,5], "")""),
                           paste0(""6. T3 Life satisfaction (n = "", cor$n[6,6], "")""),
                           paste0(""7. Extraversion (n = "", cor$n[7,7], "")""),
                           paste0(""8. Neuroticism (n = "", cor$n[8,8], "")""))",match,"The code uses T1 satisfaction with singlehood (sinsatt1) and T2 life satisfaction (lifesatt2) as separate variables in the correlation matrix, consistent with the paper’s description of correlating T1 singlehood satisfaction with later life satisfaction. Both variables are single-item 0–10 satisfaction ratings as described in the paper.",,
avilles,31,"Pearson correlation between T1 singlehood satisfaction and T2 life satisfaction, examining how baseline singlehood satisfaction relates to life satisfaction one wave later. The correlation was positive, r ≈ .26, p < .005.",Transformation Specification,"Satisfaction with singlehood was measured at each assessment with a single item: ""How satisfied are you with your situation as a single?,"" ranging from 0 (very dissatisfied) to 10 (very satisfied)."" Life satisfaction. Life satisfaction was measured at each assessment with one item: ""All in all, how satisfied are you with your life at the moment?"" The item was assessed in the CAPI mode ranging from 0 (very dissatisfied) to 10 (very satisfied)."" Note. Satisfaction with singlehood and life satisfaction ranged from 0 to 10. Extraversion and neuroticism ranged from 1 to 5. Extraversion and neuroticism were assessed in Waves 2, 6, and 11, depending on participants’ cohort membership. All correlations were significant at p < .005.""","### Participants from wave 1 ###
anchor1 <- anchor1 %>% select(id, sex_gen, ethni, cohort, age, sd3, np, sat6, sat2) %>%
  rename(sex = sex_gen,
         aget1 = age,
         relt1 = sd3,
         prevrel = np,
         lifesatt1 = sat6,
         sinsatt1 = sat2) %>%
  replace(((.) < 0), NA) %>%
  mutate(sex = sex - 1,
         relt1 = ifelse(relt1 == 2, 0, relt1))


### Participants from wave 2 ###
anchor2 <- anchor2 %>% select(id, age, relstat, starts_with(""ehc2p""), sat6, sat2, starts_with(""per3i"")) %>%
  rename(aget2 = age,
         lifesatt2 = sat6,
         sinsatt2 = sat2) %>%
  replace(((.) < 0), NA) %>%
  mutate(relt2 = ifelse(relstat == 1 |
                          relstat == 6 |
                          relstat == 9, 0, 1)) %>% 
  select(-c(ehc2p1, ehc2p2, ehc2p3, ehc2p4, ehc2p5)) %>%
  mutate(months_rel_t1_t2 = rowSums(.[c(4:93)], na.rm = TRUE)) %>%
  ...

...

### single at T1 ###
data <- data %>% filter(relt1 == 0) # N = 8,321

### single throughout T1-3 ###
data <- data %>% filter(months_rel_t1_t2 == 0, relt2 == 0, months_rel_t2_t3 == 0, relt3 == 0) # N = 3,161

### missings on both well-being measures ###
data <- data %>% filter(!(is.na(lifesatt1) & is.na(sinsatt1))) # N = 3,161

...

data <- data %>% group_by(id) %>% # N = 2,936
  mutate(total = sum(n()),
         unique = ifelse(total == 1, 1, 0)) %>%
  select(-total) %>% arrange(id) %>% slice_head() %>% select(-unique)",match,Both paper and code use the raw 0–10 single-item measures for singlehood satisfaction and life satisfaction without additional transformations beyond coding missing values as NA and sample restriction.,,
avilles,31,"Pearson correlation between T1 singlehood satisfaction and T2 life satisfaction, examining how baseline singlehood satisfaction relates to life satisfaction one wave later. The correlation was positive, r ≈ .26, p < .005.",Inference Specification,All correlations were significant at p < .005.,,unknown,"The paper specifies an inference criterion of p < .005 for significance, but no corresponding code implementing or checking this threshold is provided, so alignment cannot be assessed.",,
avilles,32,"Pearson correlation between T2 singlehood satisfaction and T2 life satisfaction, assessing concurrent singlehood and life satisfaction at the second measurement. The association was positive, r ≈ .32, p < .005.",Model Specification,Table 2. Descriptive Characteristics and Pearson Correlations Among the Study Variables.,"#### Table 2: Descriptive characteristics and Pearson correlations among study variables ###############

# Correlations across key variables

library(Hmisc)

cor <- rcorr(as.matrix(data[, c(""sinsatt1"", ""sinsatt2"", ""sinsatt3"", ""lifesatt1"", ""lifesatt2"", ""lifesatt3"", ""extra_M"", ""neuro_M"")]), type = ""pearson"")
cor_r <- as.data.frame(round(cor$r, 2))",match,"The paper describes Pearson correlations among study variables, and the code implements Pearson correlations using rcorr for the relevant variables, including T2 singlehood and T2 life satisfaction.",,
avilles,32,"Pearson correlation between T2 singlehood satisfaction and T2 life satisfaction, assessing concurrent singlehood and life satisfaction at the second measurement. The association was positive, r ≈ .32, p < .005.",Variable Specification,"Table 2 shows the means, standard deviations, and zero-
order correlations among the study variables across birth 
cohorts and age groups (see Supplemental Table S2 for 
means and standard deviations separated by birth cohorts 
and age groups). Satisfaction with singlehood and life satis-
faction were positively correlated with each other: The more 
satisfied singles felt with their singlehood, the more satisfied 
they were with their lives.","#### Table 2: Descriptive characteristics and Pearson correlations among study variables ###############

# Correlations across key variables

library(Hmisc)

cor <- rcorr(as.matrix(data[, c(""sinsatt1"", ""sinsatt2"", ""sinsatt3"", ""lifesatt1"", ""lifesatt2"", ""lifesatt3"", ""extra_M"", ""neuro_M"")]), type = ""pearson"")
cor_r <- as.data.frame(round(cor$r, 2))

# sample sizes
row.names(cor_r)[1:8] <- c(paste0(""1. T1 Satisfaction with singlehood (n = "", cor$n[1,1], "")""),
                           paste0(""2. T2 Satisfaction with singlehood (n = "", cor$n[2,2], "")""),
                           paste0(""3. T3 Satisfaction with singlehood (n = "", cor$n[3,3], "")""),
                           paste0(""4. T1 Life satisfaction (n = "", cor$n[4,4], "")""),
                           paste0(""5. T2 Life satisfaction (n = "", cor$n[5,5], "")""),
                           paste0(""6. T3 Life satisfaction (n = "", cor$n[6,6], "")""),
                           paste0(""7. Extraversion (n = "", cor$n[7,7], "")""),
                           paste0(""8. Neuroticism (n = "", cor$n[8,8], "")""))

colnames(cor_r) <- c(1:8)

# means & SDs
M_SD <- data %>% ungroup() %>% select(sinsatt1, sinsatt2, sinsatt3, lifesatt1, lifesatt2, lifesatt3, extra_M, neuro_M) %>%
  summarise_all(funs(mean, sd), na.rm = TRUE) %>%
  mutate(across(everything(), round, 2))",match,"The code computes a Pearson correlation matrix including T2 satisfaction with singlehood and T2 life satisfaction, matching the paper’s description of correlating these two variables at the second measurement. The variable roles as concurrent measures of singlehood satisfaction and life satisfaction at T2 are consistent between paper and code.",,
avilles,32,"Pearson correlation between T2 singlehood satisfaction and T2 life satisfaction, assessing concurrent singlehood and life satisfaction at the second measurement. The association was positive, r ≈ .32, p < .005.",Transformation Specification,"Satisfaction With Singlehood. Satisfaction with singlehood was measured at each assessment with a single item: ""How satisfied are you with your situation as a single?,"" ranging from 0 (very dissatisfied) to 10 (very satisfied). This item was assessed in the CAPI mode and presented exclusively to people who have been single for a minimum of 3 months (98% of the sample at T1).

Life Satisfaction. Life satisfaction was measured at each assessment with one item: ""All in all, how satisfied are you with your life at the moment?"" The item was assessed in the CAPI mode ranging from 0 (very dissatisfied) to 10 (very satisfied).","### Participants from wave 2 ###
anchor2 <- anchor2 %>% select(id, age, relstat, starts_with(""ehc2p""), sat6, sat2, starts_with(""per3i"")) %>%
  rename(aget2 = age,
         lifesatt2 = sat6,
         sinsatt2 = sat2) %>%
  replace(((.) < 0), NA) %>%
  mutate(relt2 = ifelse(relstat == 1 |
                          relstat == 6 |
                          relstat == 9, 0, 1)) %>% 
  select(-c(ehc2p1, ehc2p2, ehc2p3, ehc2p4, ehc2p5)) %>%
  mutate(months_rel_t1_t2 = rowSums(.[c(4:93)], na.rm = TRUE)) %>%
  mutate_at(c(96:116), as.numeric) %>%
  mutate_at(c(""per3i1"", ""per3i11"", ""per3i9"", ""per3i2"", ""per3i12"", ""per3i17"", ""per3i8"", ""per3i21""),
            ~ recode(., ""1"" = 5, ""2"" = 4, ""3"" = 3, 
                     ""4"" = 2, ""5"" = 1)) %>%
  rowwise() %>%
  mutate(extra_M = round(mean(c(per3i1, per3i6, per3i11, per3i16), na.rm = TRUE), 2),
         neuro_M = round(mean(c(per3i4, per3i9, per3i14, per3i19), na.rm = TRUE), 2),
         agree_M = round(mean(c(per3i2, per3i7, per3i12, per3i17), na.rm = TRUE), 2),
         consc_M = round(mean(c(per3i3, per3i8, per3i13, per3i18), na.rm = TRUE), 2),
         open_M = round(mean(c(per3i5, per3i10, per3i15, per3i20, per3i21), na.rm = TRUE), 2)) %>%
  select(id, aget2, relt2, months_rel_t1_t2, lifesatt2, sinsatt2, extra_M, neuro_M, agree_M, consc_M, open_M)
...
### single at T1 ###
data <- data %>% filter(relt1 == 0) # N = 8,321

### single throughout T1-3 ###
data <- data %>% filter(months_rel_t1_t2 == 0, relt2 == 0, months_rel_t2_t3 == 0, relt3 == 0) # N = 3,161

### missings on both well-being measures ###
data <- data %>% filter(!(is.na(lifesatt1) & is.na(sinsatt1))) # N = 3,161

### only include first-time report ###
data <- data %>% group_by(id) %>% # N = 2,936
  mutate(total = sum(n()),
         unique = ifelse(total == 1, 1, 0)) %>%
  select(-total) %>% arrange(id) %>% slice_head() %>% select(-unique)
",match,"The code uses the single-item T2 variables for life satisfaction and singlehood satisfaction directly (0–10 scale) without any substantive transformation beyond recoding invalid negative values to missing, which is consistent with the paper’s description of single-item measures. There is no evidence of additional transformations (e.g., compositing, rescaling) applied to these variables that would conflict with the paper.",,
avilles,32,"Pearson correlation between T2 singlehood satisfaction and T2 life satisfaction, assessing concurrent singlehood and life satisfaction at the second measurement. The association was positive, r ≈ .32, p < .005.",Inference Specification,"Table 2. Descriptive Characteristics and Pearson Correlations Among the Study Variables.
...
Note. Satisfaction with singlehood and life satisfaction ranged from 0 to 10. Extraversion and neuroticism ranged from 1 to 5. Extraversion and
neuroticism were assessed in Waves 2, 6, and 11, depending on participants’ cohort membership. All correlations were significant at p < .005.",,unknown,"The paper specifies that all correlations were tested with p < .005 as the significance criterion, but no corresponding code or inference procedure is provided to verify whether this threshold was implemented. Therefore, it is not possible to determine if the code matches the paper's inference specification for this analysis.",,
avilles,33,"Pearson correlation between T3 singlehood satisfaction and T2 life satisfaction, evaluating the relationship between later singlehood satisfaction and contemporaneous life satisfaction at T2. The correlation was positive, r ≈ .23, p < .005.",Model Specification,"{""paper_value"": ""Table 2. Descriptive Characteristics and Pearson Correlations Among the Study Variables."", ""evidence"": {""paper_span"": ""Descriptive Results\n\""Table 2 shows the means, standard deviations, and zero-order correlations among the study variables across birth cohorts and age groups (see Supplemental Table S2 for means and standard deviations separated by birth cohorts and age groups). Satisfaction with singlehood and life satisfaction were positively correlated with each other: The more satisfied singles felt with their singlehood, the more satisfied they were with their lives. Both satisfaction measures were positively associated with extraversion and negatively associated with neuroticism.\""\n\nTable 2\n\""Table 2. Descriptive Characteristics and Pearson Correlations Among the Study Variables.\""\n\""Note. Satisfaction with singlehood and life satisfaction ranged from 0 to 10. Extraversion and neuroticism ranged from 1 to 5. Extraversion and neuroticism were assessed in Waves 2, 6, and 11, depending on participants’ cohort membership. All correlations were significant at p < .005.\"", ""location"": ""Results – Descriptive Results section and Table 2, pp. 2467–2468""}}","#### Table 2: Descriptive characteristics and Pearson correlations among study variables ###############

# Correlations across key variables

library(Hmisc)

cor <- rcorr(as.matrix(data[, c(""sinsatt1"", ""sinsatt2"", ""sinsatt3"", ""lifesatt1"", ""lifesatt2"", ""lifesatt3"", ""extra_M"", ""neuro_M"")]), type = ""pearson"")
cor_r <- as.data.frame(round(cor$r, 2))",match,"The paper specifies Pearson zero-order correlations among the study variables, and the code uses a Pearson correlation matrix to compute these associations, which would include the T3 singlehood satisfaction–T2 life satisfaction correlation.",,
avilles,33,"Pearson correlation between T3 singlehood satisfaction and T2 life satisfaction, evaluating the relationship between later singlehood satisfaction and contemporaneous life satisfaction at T2. The correlation was positive, r ≈ .23, p < .005.",Variable Specification,"Table 2 shows the means, standard deviations, and zero-order correlations among the study variables across birth cohorts and age groups (see Supplemental Table S2 for means and standard deviations separated by birth cohorts and age groups). Satisfaction with singlehood and life satisfaction were positively correlated with each other: The more satisfied singles felt with their singlehood, the more satisfied they were with their lives.

Satisfaction With Singlehood. Satisfaction with singlehood was measured at each assessment with a single item: ""How satisfied are you with your situation as a single?,"" ranging from 0 (very dissatisfied) to 10 (very satisfied). This item was assessed in the CAPI mode and presented exclusively to people who have been single for a minimum of 3 months (98% of the sample at T1).

Life Satisfaction. Life satisfaction was measured at each assessment with one item: ""All in all, how satisfied are you with your life at the moment?"" The item was assessed in the CAPI mode ranging from 0 (very dissatisfied) to 10 (very satisfied).","cor <- rcorr(as.matrix(data[, c(""sinsatt1"", ""sinsatt2"", ""sinsatt3"", ""lifesatt1"", ""lifesatt2"", ""lifesatt3"", ""extra_M"", ""neuro_M"")]), type = ""pearson"")
cor_r <- as.data.frame(round(cor$r, 2))
...
# sample sizes
row.names(cor_r)[1:8] <- c(paste0(""1. T1 Satisfaction with singlehood (n = "", cor$n[1,1], "")""),
                           paste0(""2. T2 Satisfaction with singlehood (n = "", cor$n[2,2], "")""),
                           paste0(""3. T3 Satisfaction with singlehood (n = "", cor$n[3,3], "")""),
                           paste0(""4. T1 Life satisfaction (n = "", cor$n[4,4], "")""),
                           paste0(""5. T2 Life satisfaction (n = "", cor$n[5,5], "")""),
                           paste0(""6. T3 Life satisfaction (n = "", cor$n[6,6], "")""),
                           paste0(""7. Extraversion (n = "", cor$n[7,7], "")""),
                           paste0(""8. Neuroticism (n = "", cor$n[8,8], "")""))

colnames(cor_r) <- c(1:8)",match,"The code computes a Pearson correlation matrix including T3 satisfaction with singlehood and T2 life satisfaction, matching the variables described in the paper for this analysis. Both variables are included as single-item 0–10 satisfaction measures at their respective time points, consistent with the paper’s variable definitions.",,
avilles,33,"Pearson correlation between T3 singlehood satisfaction and T2 life satisfaction, evaluating the relationship between later singlehood satisfaction and contemporaneous life satisfaction at T2. The correlation was positive, r ≈ .23, p < .005.",Transformation Specification,"Personality traits were assessed in Waves 2, 10, and 11 (the latter only for the refreshment sample) in the CASI mode with a short version of the Big Five Inventory (Rammstedt & John, 2005). The dimensions extraversion (e.g., ""I get enthusiastic easily and can motivate others easily"") and neuroticism (e.g., ""I worry a lot"") were assessed with four items each. The response format ranged from 1 (absolutely incorrect) to 5 (absolutely correct). For each trait, we used wave-specific mean scores.

To prepare the data for the analyses, we created two additional variables: intraindividual change over time and prevalence of singles. First, intraindividual change describes the number of years since baseline (i.e., T1), ranging from 0 (T1) to 2 (T3). This variable was necessary to examine change in singles’ satisfaction over the time of being single. Second, we calculated the proportion of singles at T1 (Wave 1 for earlier-born cohort and Wave 11 for later-born cohort), which was done with the prevalence sample of N = 17,697 participants. Higher values indicated a greater share of singles at T1 in the respective cohort.","anchor2 <- anchor2 %>% select(id, age, relstat, starts_with(""ehc2p""), sat6, sat2, starts_with(""per3i"")) %>%
  rename(aget2 = age,
         lifesatt2 = sat6,
         sinsatt2 = sat2) %>%
  replace(((.) < 0), NA) %>%
  mutate(relt2 = ifelse(relstat == 1 |
                          relstat == 6 |
                          relstat == 9, 0, 1)) %>% 
  select(-c(ehc2p1, ehc2p2, ehc2p3, ehc2p4, ehc2p5)) %>%
  mutate(months_rel_t1_t2 = rowSums(.[c(4:93)], na.rm = TRUE)) %>%
  mutate_at(c(96:116), as.numeric) %>%
  mutate_at(c(""per3i1"", ""per3i11"", ""per3i9"", ""per3i2"", ""per3i12"", ""per3i17"", ""per3i8"", ""per3i21""),
            ~ recode(., ""1"" = 5, ""2"" = 4, ""3"" = 3, 
                     ""4"" = 2, ""5"" = 1)) %>%
  rowwise() %>%
  mutate(extra_M = round(mean(c(per3i1, per3i6, per3i11, per3i16), na.rm = TRUE), 2),
         neuro_M = round(mean(c(per3i4, per3i9, per3i14, per3i19), na.rm = TRUE), 2),
         agree_M = round(mean(c(per3i2, per3i7, per3i12, per3i17), na.rm = TRUE), 2),
         consc_M = round(mean(c(per3i3, per3i8, per3i13, per3i18), na.rm = TRUE), 2),
         open_M = round(mean(c(per3i5, per3i10, per3i15, per3i20, per3i21), na.rm = TRUE), 2)) %>%
  select(id, aget2, relt2, months_rel_t1_t2, lifesatt2, sinsatt2, extra_M, neuro_M, agree_M, consc_M, open_M)

anchor3 <- anchor3 %>% select(id, age, relstat, starts_with(""ehc2p""), sat6, sat2) %>%
  rename(aget3 = age,
         lifesatt3 = sat6,
         sinsatt3 = sat2) %>%
  mutate(relt3 = ifelse(relstat == 1 |
                          relstat == 6 |
                          relstat == 9, 0, 1)) %>% 
  replace(((.) < 0), NA) %>%
  select(-c(ehc2p1, ehc2p2, ehc2p3, ehc2p4, ehc2p5)) %>%
  mutate(months_rel_t2_t3 = rowSums(.[c(4:163)], na.rm = TRUE)) %>%
  select(id, aget3, relt3, months_rel_t2_t3, lifesatt3, sinsatt3)

### single at T1 ###
data <- data %>% filter(relt1 == 0) # N = 8,321

### single throughout T1-3 ###
data <- data %>% filter(months_rel_t1_t2 == 0, relt2 == 0, months_rel_t2_t3 == 0, relt3 == 0) # N = 3,161

### missings on both well-being measures ###
data <- data %>% filter(!(is.na(lifesatt1) & is.na(sinsatt1))) # N = 3,161",unknown,"The code shows some transformations and sample restrictions, but the paper excerpt does not clearly describe how T2 life satisfaction and T3 singlehood satisfaction were transformed or which subset was used for this specific correlation, so alignment cannot be determined.",,
avilles,33,"Pearson correlation between T3 singlehood satisfaction and T2 life satisfaction, evaluating the relationship between later singlehood satisfaction and contemporaneous life satisfaction at T2. The correlation was positive, r ≈ .23, p < .005.",Inference Specification,"Note. Satisfaction with singlehood and life satisfaction ranged from 0 to 10. Extraversion and neuroticism ranged from 1 to 5. Extraversion and neuroticism were assessed in Waves 2, 6, and 11, depending on participants’ cohort membership. All correlations were significant at p < .005.",,unknown,"The paper states that all correlations were significant at p < .005, but there is no corresponding code provided to verify how significance or inference criteria were implemented. Without any inference-related code, it is impossible to determine whether the implementation matches the paper’s stated inference specification.",,
avilles,34,"Pearson correlation between T1 life satisfaction and T2 life satisfaction, quantifying temporal stability in life satisfaction across the first interval. The correlation was strong and positive, r ≈ .54, p < .005.",Model Specification,Table 2. Descriptive Characteristics and Pearson Correlations Among the Study Variables.,"#### Table 2: Descriptive characteristics and Pearson correlations among study variables ###############

# Correlations across key variables

library(Hmisc)

cor <- rcorr(as.matrix(data[, c(""sinsatt1"", ""sinsatt2"", ""sinsatt3"", ""lifesatt1"", ""lifesatt2"", ""lifesatt3"", ""extra_M"", ""neuro_M"")]), type = ""pearson"")
cor_r <- as.data.frame(round(cor$r, 2))",match,"The paper describes using Pearson correlations for Table 2, and the code explicitly computes Pearson correlations for the relevant variables.",,
avilles,34,"Pearson correlation between T1 life satisfaction and T2 life satisfaction, quantifying temporal stability in life satisfaction across the first interval. The correlation was strong and positive, r ≈ .54, p < .005.",Variable Specification,"Life Satisfaction. Life satisfaction was measured at each assessment with one item: ""All in all, how satisfied are you with your life at the moment?"" The item was assessed in the CAPI mode ranging from 0 (very dissatisfied) to 10 (very satisfied).

Table 2. Descriptive Characteristics and Pearson Correlations Among the Study Variables.
Variable 1 2 3 4 5 6 7 8
...
4. T1 life satisfaction (n = 2,935) .34 .25 .24  
5. T2 life satisfaction (n = 2,932) .26 .32 .23 .54  
...
Note. Satisfaction with singlehood and life satisfaction ranged from 0 to 10. Extraversion and neuroticism ranged from 1 to 5. Extraversion and neuroticism were assessed in Waves 2, 6, and 11, depending on participants’ cohort membership. All correlations were significant at p < .005.","# Correlations across key variables

library(Hmisc)

cor <- rcorr(as.matrix(data[, c(""sinsatt1"", ""sinsatt2"", ""sinsatt3"", ""lifesatt1"", ""lifesatt2"", ""lifesatt3"", ""extra_M"", ""neuro_M"")]), type = ""pearson"")
cor_r <- as.data.frame(round(cor$r, 2))
...
# sample sizes
row.names(cor_r)[1:8] <- c(paste0(""1. T1 Satisfaction with singlehood (n = "", cor$n[1,1], "")""),
                           paste0(""2. T2 Satisfaction with singlehood (n = "", cor$n[2,2], "")""),
                           paste0(""3. T3 Satisfaction with singlehood (n = "", cor$n[3,3], "")""),
                           paste0(""4. T1 Life satisfaction (n = "", cor$n[4,4], "")""),
                           paste0(""5. T2 Life satisfaction (n = "", cor$n[5,5], "")""),
                           paste0(""6. T3 Life satisfaction (n = "", cor$n[6,6], "")""),
                           paste0(""7. Extraversion (n = "", cor$n[7,7], "")""),
                           paste0(""8. Neuroticism (n = "", cor$n[8,8], "")""))",match,"The code uses the variables lifesatt1 and lifesatt2, labeled explicitly as T1 and T2 life satisfaction, matching the paper’s correlation between T1 and T2 life satisfaction. Both are included in the same correlation matrix as in Table 2, with the same temporal designations.",,
avilles,34,"Pearson correlation between T1 life satisfaction and T2 life satisfaction, quantifying temporal stability in life satisfaction across the first interval. The correlation was strong and positive, r ≈ .54, p < .005.",Transformation Specification,"“Life satisfaction was measured at each assessment with one item: ‘All in all, how satisfied are you with your life at the moment?’ The item was assessed in the CAPI mode ranging from 0 (very dissatisfied) to 10 (very satisfied).”","### Participants from wave 1 ###
anchor1 <- anchor1 %>% select(id, sex_gen, ethni, cohort, age, sd3, np, sat6, sat2) %>%
  rename(sex = sex_gen,
         aget1 = age,
         relt1 = sd3,
         prevrel = np,
         lifesatt1 = sat6,
         sinsatt1 = sat2) %>%
  replace(((.) < 0), NA) %>%
  mutate(sex = sex - 1,
         relt1 = ifelse(relt1 == 2, 0, relt1))

### Participants from wave 2 ###
anchor2 <- anchor2 %>% select(id, age, relstat, starts_with(""ehc2p""), sat6, sat2, starts_with(""per3i"")) %>%
  rename(aget2 = age,
         lifesatt2 = sat6,
         sinsatt2 = sat2) %>%
  replace(((.) < 0), NA) %>%
  mutate(relt2 = ifelse(relstat == 1 |
                          relstat == 6 |
                          relstat == 9, 0, 1)) %>% 
  ...
  select(id, aget2, relt2, months_rel_t1_t2, lifesatt2, sinsatt2, extra_M, neuro_M, agree_M, consc_M, open_M)

### Participants from wave 3 ###
anchor3 <- anchor3 %>% select(id, age, relstat, starts_with(""ehc2p""), sat6, sat2) %>%
  rename(aget3 = age,
         lifesatt3 = sat6,
         sinsatt3 = sat2) %>%
  mutate(relt3 = ifelse(relstat == 1 |
                          relstat == 6 |
                          relstat == 9, 0, 1)) %>% 
  replace(((.) < 0), NA) %>%
  ...
  select(id, aget3, relt3, months_rel_t2_t3, lifesatt3, sinsatt3)

...

######################### FILTER PARTICIPANTS ##############################

### relevant cohorts (earlier-born: 1, 2, 3; later-born: 4,1,2)
data <- data %>% filter(histcoh == ""earlier-born"" & (cohort == 1 | cohort == 2 | cohort == 3) |
                        histcoh == ""later-born"" & (cohort == 4 | cohort == 1 | cohort == 2)) # N = 20,212

...

### single at T1 ###
data <- data %>% filter(relt1 == 0) # N = 8,321

### single throughout T1-3 ###
data <- data %>% filter(months_rel_t1_t2 == 0, relt2 == 0, months_rel_t2_t3 == 0, relt3 == 0) # N = 3,161

### missings on both well-being measures ###
data <- data %>% filter(!(is.na(lifesatt1) & is.na(sinsatt1))) # N = 3,161

...

# write.table(data, ""data_wide.txt"")",match,"The code uses the single-item life satisfaction variable on a 0–10 scale at each wave without rescaling or aggregating, only recoding negative values to missing, which is consistent with the paper’s description of the measure and does not alter its substantive scale. There is no evidence of additional transformations (e.g., means, trimming, or item subsets) that would conflict with the paper’s description.",,
avilles,34,"Pearson correlation between T1 life satisfaction and T2 life satisfaction, quantifying temporal stability in life satisfaction across the first interval. The correlation was strong and positive, r ≈ .54, p < .005.",Inference Specification,All correlations were significant at p < .005.,,unknown,"The paper specifies an inference criterion of p < .005 for correlations, but there is no corresponding code provided to verify how p-values or significance thresholds were implemented.",,
avilles,35,"Pearson correlation between T1 singlehood satisfaction and T3 life satisfaction, assessing whether initial satisfaction with being single predicts life satisfaction two waves later. The correlation was positive, r ≈ .23, p < .005.",Model Specification,Table 2. Descriptive Characteristics and Pearson Correlations Among the Study Variables.,"#### Table 2: Descriptive characteristics and Pearson correlations among study variables ###############

# Correlations across key variables

library(Hmisc)

cor <- rcorr(as.matrix(data[, c(""sinsatt1"", ""sinsatt2"", ""sinsatt3"", ""lifesatt1"", ""lifesatt2"", ""lifesatt3"", ""extra_M"", ""neuro_M"")]), type = ""pearson"")
cor_r <- as.data.frame(round(cor$r, 2))",match,"The paper describes Pearson correlations among variables, including T1 singlehood satisfaction and T3 life satisfaction, and the code computes Pearson correlations for these variables. Thus, the statistical model specification (Pearson correlation) aligns between paper and code.",,
avilles,35,"Pearson correlation between T1 singlehood satisfaction and T3 life satisfaction, assessing whether initial satisfaction with being single predicts life satisfaction two waves later. The correlation was positive, r ≈ .23, p < .005.",Variable Specification,"Table 2. Descriptive Characteristics and Pearson Correlations Among the Study Variables. Variable 1 2 3 4 5 6 7 8 1. T1 singlehood satisfaction (n = 2,883)  2. T2 singlehood satisfaction (n = 2,894) .48  3. T3 singlehood satisfaction (n = 2,890) .43 .55  4. T1 life satisfaction (n = 2,935) .34 .25 .24  5. T2 life satisfaction (n = 2,932) .26 .32 .23 .54  6. T3 life satisfaction (n = 2,934) .23 .23 .30 .45 .53  7. Extraversion (n = 2,927) .07 .05 .07 .16 .20 .12  8. Neuroticism (n = 2,928) −.16 −.15 −.16 −.30 −.33 −.28 −.27  M 6.77 6.51 6.48 7.55 7.49 7.28 3.31 2.74 SD 2.39 2.48 2.39 1.78 1.73 1.73 0.88 0.83 Note. Satisfaction with singlehood and life satisfaction ranged from 0 to 10. Extraversion and neuroticism ranged from 1 to 5. Extraversion and neuroticism were assessed in Waves 2, 6, and 11, depending on participants’ cohort membership. All correlations were significant at p < .005.","#### Table 2: Descriptive characteristics and Pearson correlations among study variables ###############

# Correlations across key variables

library(Hmisc)

cor <- rcorr(as.matrix(data[, c(""sinsatt1"", ""sinsatt2"", ""sinsatt3"", ""lifesatt1"", ""lifesatt2"", ""lifesatt3"", ""extra_M"", ""neuro_M"")]), type = ""pearson"")
cor_r <- as.data.frame(round(cor$r, 2))

cor_r[1, ] <- NA
cor_r[, 8] <- NA
cor_r[2, 2:7] <- NA
cor_r[3, 3:7] <- NA
cor_r[4, 4:7] <- NA
cor_r[5, 5:7] <- NA
cor_r[6, 6:7] <- NA
cor_r[7, 7] <- NA

# sample sizes
row.names(cor_r)[1:8] <- c(paste0(""1. T1 Satisfaction with singlehood (n = "", cor$n[1,1], "")""),
                           paste0(""2. T2 Satisfaction with singlehood (n = "", cor$n[2,2], "")""),
                           paste0(""3. T3 Satisfaction with singlehood (n = "", cor$n[3,3], "")""),
                           paste0(""4. T1 Life satisfaction (n = "", cor$n[4,4], "")""),
                           paste0(""5. T2 Life satisfaction (n = "", cor$n[5,5], "")""),
                           paste0(""6. T3 Life satisfaction (n = "", cor$n[6,6], "")""),
                           paste0(""7. Extraversion (n = "", cor$n[7,7], "")""),
                           paste0(""8. Neuroticism (n = "", cor$n[8,8], "")""))

colnames(cor_r) <- c(1:8)
",match,"The code uses T1 singlehood satisfaction and T3 life satisfaction as variables in the Pearson correlation matrix exactly as specified in the paper’s Table 2, without assigning asymmetric predictor/outcome roles (appropriate for correlations).",,
avilles,35,"Pearson correlation between T1 singlehood satisfaction and T3 life satisfaction, assessing whether initial satisfaction with being single predicts life satisfaction two waves later. The correlation was positive, r ≈ .23, p < .005.",Transformation Specification,"For each trait, we used wave-specific mean scores. Specifically, for indi-viduals in the earlier-born cohort, we used personality-trait items from Wave 2; for individuals in the later-born cohort, we used personality-trait items from Waves 10 (birth cohorts 1991-1993 and 1981-1983) and 11 (birth cohort 2001-2003).

Satisfaction with singlehood was measured at each assessment with a single item: “How satisfied are you with your situation as a single?,” ranging from 0 (very dissatisfied) to 10 (very satisfied). … Life satisfaction was measured at each assessment with one item: “All in all, how satisfied are you with your life at the moment?” The item was assessed in the CAPI mode ranging from 0 (very dissatisfied) to 10 (very satisfied).

Satisfaction with singlehood and life satisfaction ranged from 0 to 10. Extraversion and neuroticism ranged from 1 to 5. Extraversion and neuroticism were assessed in Waves 2, 6, and 11, depending on participants’ cohort membership.","anchor1 <- anchor1 %>% select(id, sex_gen, ethni, cohort, age, sd3, np, sat6, sat2) %>%
  rename(sex = sex_gen,
         aget1 = age,
         relt1 = sd3,
         prevrel = np,
         lifesatt1 = sat6,
         sinsatt1 = sat2) %>%
  replace(((.) < 0), NA) %>%
  mutate(sex = sex - 1,
         relt1 = ifelse(relt1 == 2, 0, relt1))
...
anchor3 <- anchor3 %>% select(id, age, relstat, starts_with(""ehc2p""), sat6, sat2) %>%
  rename(aget3 = age,
         lifesatt3 = sat6,
         sinsatt3 = sat2) %>%
  mutate(relt3 = ifelse(relstat == 1 |
                          relstat == 6 |
                          relstat == 9, 0, 1)) %>% 
  replace(((.) < 0), NA) %>%
  select(-c(ehc2p1, ehc2p2, ehc2p3, ehc2p4, ehc2p5)) %>%
  mutate(months_rel_t2_t3 = rowSums(.[c(4:163)], na.rm = TRUE)) %>%
  select(id, aget3, relt3, months_rel_t2_t3, lifesatt3, sinsatt3)
...
### single at T1 ###
data <- data %>% filter(relt1 == 0) # N = 8,321

### single throughout T1-3 ###
data <- data %>% filter(months_rel_t1_t2 == 0, relt2 == 0, months_rel_t2_t3 == 0, relt3 == 0) # N = 3,161

### missings on both well-being measures ###
data <- data %>% filter(!(is.na(lifesatt1) & is.na(sinsatt1))) # N = 3,161",match,"The code uses the raw 0–10 single-item measures for singlehood satisfaction and life satisfaction without additional transformations beyond recoding negative values as missing, which is consistent with the paper’s description of the measures and their scales.",,
avilles,35,"Pearson correlation between T1 singlehood satisfaction and T3 life satisfaction, assessing whether initial satisfaction with being single predicts life satisfaction two waves later. The correlation was positive, r ≈ .23, p < .005.",Inference Specification,"Table 2 Note: ""All correlations were significant at p < .005.""

""Given the number of statistical models, we evaluated significance of the multilevel growth-curve models at α level of .01 to address potentially inflated Type 1 error rates. We only interpreted coefficients that were significant and showed effects in the same direction in the models with and without controlling for gender.""",,unknown,"There is no relevant code provided regarding how significance or alpha thresholds were implemented for this correlation, so it is not possible to determine alignment with the paper’s stated inference criteria.",,
avilles,36,"Pearson correlation between T2 singlehood satisfaction and T3 life satisfaction, examining the link between second-wave singlehood satisfaction and subsequent life satisfaction. The correlation was positive, r ≈ .23, p < .005.",Model Specification,Table 2. Descriptive Characteristics and Pearson Correlations Among the Study Variables.,"#### Table 2: Descriptive characteristics and Pearson correlations among study variables ###############

# Correlations across key variables

library(Hmisc)

cor <- rcorr(as.matrix(data[, c(""sinsatt1"", ""sinsatt2"", ""sinsatt3"", ""lifesatt1"", ""lifesatt2"", ""lifesatt3"", ""extra_M"", ""neuro_M"")]), type = ""pearson"")
cor_r <- as.data.frame(round(cor$r, 2))",match,"The paper describes using Pearson correlations for the correlation matrix, and the code explicitly computes Pearson correlations among the specified variables using rcorr with type = 'pearson'.",,
avilles,36,"Pearson correlation between T2 singlehood satisfaction and T3 life satisfaction, examining the link between second-wave singlehood satisfaction and subsequent life satisfaction. The correlation was positive, r ≈ .23, p < .005.",Variable Specification,"Table 2. Descriptive Characteristics and Pearson Correlations Among the Study Variables.
""2. T2 singlehood satisfaction (n = 2,894)""
...
""6. T3 life satisfaction (n = 2,934)""
Note. Satisfaction with singlehood and life satisfaction ranged from 0 to 10.","#### Table 2: Descriptive characteristics and Pearson correlations among study variables ###############

# Correlations across key variables

library(Hmisc)

cor <- rcorr(as.matrix(data[, c(""sinsatt1"", ""sinsatt2"", ""sinsatt3"", ""lifesatt1"", ""lifesatt2"", ""lifesatt3"", ""extra_M"", ""neuro_M"")]), type = ""pearson"")
cor_r <- as.data.frame(round(cor$r, 2))

# sample sizes
row.names(cor_r)[1:8] <- c(paste0(""1. T1 Satisfaction with singlehood (n = "", cor$n[1,1], "")""),
                           paste0(""2. T2 Satisfaction with singlehood (n = "", cor$n[2,2], "")""),
                           paste0(""3. T3 Satisfaction with singlehood (n = "", cor$n[3,3], "")""),
                           paste0(""4. T1 Life satisfaction (n = "", cor$n[4,4], "")""),
                           paste0(""5. T2 Life satisfaction (n = "", cor$n[5,5], "")""),
                           paste0(""6. T3 Life satisfaction (n = "", cor$n[6,6], "")""),
                           paste0(""7. Extraversion (n = "", cor$n[7,7], "")""),
                           paste0(""8. Neuroticism (n = "", cor$n[8,8], "")""))

# means & SDs
M_SD <- data %>% ungroup() %>% select(sinsatt1, sinsatt2, sinsatt3, lifesatt1, lifesatt2, lifesatt3, extra_M, neuro_M) %>%
  summarise_all(funs(mean, sd), na.rm = TRUE) %>%
  mutate(across(everything(), round, 2))",match,"The code uses T2 singlehood satisfaction (sinsatt2) and T3 life satisfaction (lifesatt3) as variables in a Pearson correlation matrix, matching the paper’s description of correlating T2 singlehood satisfaction with T3 life satisfaction. Both sources treat these as the second and sixth variables in the correlation table, respectively.",,
avilles,36,"Pearson correlation between T2 singlehood satisfaction and T3 life satisfaction, examining the link between second-wave singlehood satisfaction and subsequent life satisfaction. The correlation was positive, r ≈ .23, p < .005.",Transformation Specification,"“Satisfaction with singlehood was measured at each assessment with a single item: ‘How satisfied are you with your situation as a single?,’ ranging from 0 (very dissatisfied) to 10 (very satisfied).”

“Life satisfaction was measured at each assessment with one item: ‘All in all, how satisfied are you with your life at the moment?’ The item was assessed in the CAPI mode ranging from 0 (very dissatisfied) to 10 (very satisfied).”

“For each trait, we used wave-specific mean scores.”","anchor2 <- anchor2 %>% select(id, age, relstat, starts_with(""ehc2p""), sat6, sat2, starts_with(""per3i"")) %>%
  rename(aget2 = age,
         lifesatt2 = sat6,
         sinsatt2 = sat2) %>%
  replace(((.) < 0), NA) %>%
  mutate(relt2 = ifelse(relstat == 1 |
                          relstat == 6 |
                          relstat == 9, 0, 1)) %>% 
  select(-c(ehc2p1, ehc2p2, ehc2p3, ehc2p4, ehc2p5)) %>%
  mutate(months_rel_t1_t2 = rowSums(.[c(4:93)], na.rm = TRUE)) %>%
  mutate_at(c(96:116), as.numeric) %>%
  mutate_at(c(""per3i1"", ""per3i11"", ""per3i9"", ""per3i2"", ""per3i12"", ""per3i17"", ""per3i8"", ""per3i21""),
            ~ recode(., ""1"" = 5, ""2"" = 4, ""3"" = 3, 
                     ""4"" = 2, ""5"" = 1)) %>%
  rowwise() %>%
  mutate(extra_M = round(mean(c(per3i1, per3i6, per3i11, per3i16), na.rm = TRUE), 2),
         neuro_M = round(mean(c(per3i4, per3i9, per3i14, per3i19), na.rm = TRUE), 2),
         agree_M = round(mean(c(per3i2, per3i7, per3i12, per3i17), na.rm = TRUE), 2),
         consc_M = round(mean(c(per3i3, per3i8, per3i13, per3i18), na.rm = TRUE), 2),
         open_M = round(mean(c(per3i5, per3i10, per3i15, per3i20, per3i21), na.rm = TRUE), 2)) %>%
  select(id, aget2, relt2, months_rel_t1_t2, lifesatt2, sinsatt2, extra_M, neuro_M, agree_M, consc_M, open_M)

anchor3 <- anchor3 %>% select(id, age, relstat, starts_with(""ehc2p""), sat6, sat2) %>%
  rename(aget3 = age,
         lifesatt3 = sat6,
         sinsatt3 = sat2) %>%
  mutate(relt3 = ifelse(relstat == 1 |
                          relstat == 6 |
                          relstat == 9, 0, 1)) %>% 
  replace(((.) < 0), NA) %>%
  select(-c(ehc2p1, ehc2p2, ehc2p3, ehc2p4, ehc2p5)) %>%
  mutate(months_rel_t2_t3 = rowSums(.[c(4:163)], na.rm = TRUE)) %>%
  select(id, aget3, relt3, months_rel_t2_t3, lifesatt3, sinsatt3)

### single at T1 ###
data <- data %>% filter(relt1 == 0) # N = 8,321

### single throughout T1-3 ###
data <- data %>% filter(months_rel_t1_t2 == 0, relt2 == 0, months_rel_t2_t3 == 0, relt3 == 0) # N = 3,161

### missings on both well-being measures ###
data <- data %>% filter(!(is.na(lifesatt1) & is.na(sinsatt1))) # N = 3,161",match,"The code uses the single-item 0–10 satisfaction variables directly (with only standard recoding of invalid negative values to NA) and computes wave-specific mean scores for personality traits, which aligns with the paper’s description of transformations. No additional transformations to T2 singlehood satisfaction or T3 life satisfaction beyond what is described in the paper are evident.",,
avilles,36,"Pearson correlation between T2 singlehood satisfaction and T3 life satisfaction, examining the link between second-wave singlehood satisfaction and subsequent life satisfaction. The correlation was positive, r ≈ .23, p < .005.",Inference Specification,“All correlations were significant at p < .005.”,,unknown,"The paper specifies an inference criterion of p < .005 for correlations, but there is no available code excerpt showing how p-values or significance thresholds were computed or applied for this analysis.",,
avilles,37,"Pearson correlation between T3 singlehood satisfaction and T3 life satisfaction, assessing concurrent association between singlehood satisfaction and life satisfaction at the third wave. The correlation was positive, r ≈ .30, p < .005.",Model Specification,"Table 2. Descriptive Characteristics and Pearson Correlations Among the Study Variables.

""Table 2 shows the means, standard deviations, and zero-order correlations among the study variables across birth cohorts and age groups (see Supplemental Table S2 for means and standard deviations separated by birth cohorts and age groups).""","#### Table 2: Descriptive characteristics and Pearson correlations among study variables ###############

# Correlations across key variables

library(Hmisc)

cor <- rcorr(as.matrix(data[, c(""sinsatt1"", ""sinsatt2"", ""sinsatt3"", ""lifesatt1"", ""lifesatt2"", ""lifesatt3"", ""extra_M"", ""neuro_M"")]), type = ""pearson"")
cor_r <- as.data.frame(round(cor$r, 2))",match,"The paper describes using zero-order Pearson correlations, and the code computes Pearson correlations among the relevant variables using rcorr with type = 'pearson'.",,
avilles,37,"Pearson correlation between T3 singlehood satisfaction and T3 life satisfaction, assessing concurrent association between singlehood satisfaction and life satisfaction at the third wave. The correlation was positive, r ≈ .30, p < .005.",Variable Specification,"Table 2 lists the variables included in the correlation matrix as:
""3. T3 singlehood satisfaction (n = 2,890)"" and ""6. T3 life satisfaction (n = 2,934)"" (Table 2, p. 2467), and the authors summarize: ""Satisfaction with singlehood and life satisfaction were positively correlated with each other: The more satisfied singles felt with their singlehood, the more satisfied they were with their lives."" (Results, Descriptive Results, p. 2467). The underlying measures are defined as: ""Satisfaction with singlehood was measured at each assessment with a single item: ‘How satisfied are you with your situation as a single?,’ ranging from 0 (very dissatisfied) to 10 (very satisfied)."" and ""Life satisfaction was measured at each assessment with one item: ‘All in all, how satisfied are you with your life at the moment?’ The item was assessed in the CAPI mode ranging from 0 (very dissatisfied) to 10 (very satisfied).""","library(Hmisc)

cor <- rcorr(as.matrix(data[, c(""sinsatt1"", ""sinsatt2"", ""sinsatt3"", ""lifesatt1"", ""lifesatt2"", ""lifesatt3"", ""extra_M"", ""neuro_M"")]), type = ""pearson"")
cor_r <- as.data.frame(round(cor$r, 2))

cor_r[1, ] <- NA
cor_r[, 8] <- NA
cor_r[2, 2:7] <- NA
cor_r[3, 3:7] <- NA
cor_r[4, 4:7] <- NA
cor_r[5, 5:7] <- NA
cor_r[6, 6:7] <- NA
cor_r[7, 7] <- NA

# sample sizes
row.names(cor_r)[1:8] <- c(paste0(""1. T1 Satisfaction with singlehood (n = "", cor$n[1,1], "")""),
                           paste0(""2. T2 Satisfaction with singlehood (n = "", cor$n[2,2], "")""),
                           paste0(""3. T3 Satisfaction with singlehood (n = "", cor$n[3,3], "")""),
                           paste0(""4. T1 Life satisfaction (n = "", cor$n[4,4], "")""),
                           paste0(""5. T2 Life satisfaction (n = "", cor$n[5,5], "")""),
                           paste0(""6. T3 Life satisfaction (n = "", cor$n[6,6], "")""),
                           paste0(""7. Extraversion (n = "", cor$n[7,7], "")""),
                           paste0(""8. Neuroticism (n = "", cor$n[8,8], "")""))",match,"The code uses the T3 singlehood satisfaction and T3 life satisfaction variables exactly as described in the paper for the correlation matrix, matching the variable definitions and wave. Both variables are clearly designated and labeled in the code as T3 measures of satisfaction with singlehood and life satisfaction.",,
avilles,37,"Pearson correlation between T3 singlehood satisfaction and T3 life satisfaction, assessing concurrent association between singlehood satisfaction and life satisfaction at the third wave. The correlation was positive, r ≈ .30, p < .005.",Transformation Specification,"Satisfaction With Singlehood. Satisfaction with singlehood was measured at each assessment with a single item: ""How satisfied are you with your situation as a single?,"" ranging from 0 (very dissatisfied) to 10 (very satisfied).

Life Satisfaction. Life satisfaction was measured at each assessment with one item: ""All in all, how satisfied are you with your life at the moment?"" The item was assessed in the CAPI mode ranging from 0 (very dissatisfied) to 10 (very satisfied).

Note. Satisfaction with singlehood and life satisfaction ranged from 0 to 10.","### Participants from wave 3 ###
anchor3 <- anchor3 %>% select(id, age, relstat, starts_with(""ehc2p""), sat6, sat2) %>%
  rename(aget3 = age,
         lifesatt3 = sat6,
         sinsatt3 = sat2) %>%
  mutate(relt3 = ifelse(relstat == 1 |
                          relstat == 6 |
                          relstat == 9, 0, 1)) %>% 
  replace(((.) < 0), NA) %>%
  select(-c(ehc2p1, ehc2p2, ehc2p3, ehc2p4, ehc2p5)) %>%
  mutate(months_rel_t2_t3 = rowSums(.[c(4:163)], na.rm = TRUE)) %>%
  select(id, aget3, relt3, months_rel_t2_t3, lifesatt3, sinsatt3)

### Participants from wave 13 ###
anchor13 <- anchor13 %>% select(id, age, relstat, starts_with(""ehc2p""), sat6, sat2) %>%
  rename(aget3 = age,
         lifesatt3 = sat6,
         sinsatt3 = sat2) %>%
  mutate(relt3 = ifelse(relstat == 1 |
                           relstat == 6 |
                           relstat == 9, 0, 1)) %>% 
  replace(((.) < 0), NA) %>%
  select(-c(ehc2p1, ehc2p2, ehc2p3, ehc2p4, ehc2p5)) %>%
  mutate(months_rel_t2_t3 = rowSums(.[c(4:163)], na.rm = TRUE)) %>%
  select(id, aget3, relt3, months_rel_t2_t3, lifesatt3, sinsatt3)",match,"The code uses the single 0–10 items for life satisfaction and singlehood satisfaction without additional scaling or aggregation, only recoding negative values (likely missing codes) to NA, which is consistent with the paper’s description of single-item 0–10 measures. No transformations contradicting the paper’s measurement description are evident.",,
avilles,37,"Pearson correlation between T3 singlehood satisfaction and T3 life satisfaction, assessing concurrent association between singlehood satisfaction and life satisfaction at the third wave. The correlation was positive, r ≈ .30, p < .005.",Inference Specification,All correlations were significant at p < .005.,,unknown,"The paper specifies an inference criterion of p < .005 for all correlations, but no corresponding code or output is provided to verify how significance was determined in the implementation.",,
avilles,38,"Pearson correlation between T1 life satisfaction and T3 life satisfaction, testing longer-term stability in life satisfaction. The association was positive, r ≈ .45, p < .005.",Model Specification,"Table 2. Descriptive Characteristics and Pearson Correlations Among the Study Variables.

""Table 2 shows the means, standard deviations, and zero-order correlations among the study variables across birth cohorts and age groups (see Supplemental Table S2 for means and standard deviations separated by birth cohorts and age groups).""","#### Table 2: Descriptive characteristics and Pearson correlations among study variables ###############

# Correlations across key variables

library(Hmisc)

cor <- rcorr(as.matrix(data[, c(""sinsatt1"", ""sinsatt2"", ""sinsatt3"", ""lifesatt1"", ""lifesatt2"", ""lifesatt3"", ""extra_M"", ""neuro_M"")]), type = ""pearson"")
cor_r <- as.data.frame(round(cor$r, 2))",match,"The paper describes reporting zero-order Pearson correlations among study variables, and the code computes Pearson correlations among the relevant variables including life satisfaction at T1 and T3. Thus, the statistical test/model specification (Pearson correlation) in the code aligns with that described in the paper.",,
avilles,38,"Pearson correlation between T1 life satisfaction and T3 life satisfaction, testing longer-term stability in life satisfaction. The association was positive, r ≈ .45, p < .005.",Variable Specification,"Table 2. Descriptive Characteristics and Pearson Correlations Among the Study Variables.
...
4. T1 life satisfaction (n = 2,935)  .34  .25  .24  
...
6. T3 life satisfaction (n = 2,934)  .23  .23  .30  .45  .53
...
Note. Satisfaction with singlehood and life satisfaction ranged from 0 to 10.","cor <- rcorr(as.matrix(data[, c(""sinsatt1"", ""sinsatt2"", ""sinsatt3"", ""lifesatt1"", ""lifesatt2"", ""lifesatt3"", ""extra_M"", ""neuro_M"")]), type = ""pearson"")
...
row.names(cor_r)[1:8] <- c(paste0(""1. T1 Satisfaction with singlehood (n = "", cor$n[1,1], "")""),
                           paste0(""2. T2 Satisfaction with singlehood (n = "", cor$n[2,2], "")""),
                           paste0(""3. T3 Satisfaction with singlehood (n = "", cor$n[3,3], "")""),
                           paste0(""4. T1 Life satisfaction (n = "", cor$n[4,4], "")""),
                           paste0(""5. T2 Life satisfaction (n = "", cor$n[5,5], "")""),
                           paste0(""6. T3 Life satisfaction (n = "", cor$n[6,6], "")""),
                           paste0(""7. Extraversion (n = "", cor$n[7,7], "")""),
                           paste0(""8. Neuroticism (n = "", cor$n[8,8], "")""))",match,The code uses T1 and T3 life satisfaction variables in the same roles and positions as described in the paper’s correlation matrix. Both sources treat these as life satisfaction measures at Time 1 and Time 3 within the same multivariate Pearson correlation analysis.,,
avilles,38,"Pearson correlation between T1 life satisfaction and T3 life satisfaction, testing longer-term stability in life satisfaction. The association was positive, r ≈ .45, p < .005.",Transformation Specification,"Life satisfaction. Life satisfaction was measured at each assessment with one item: “All in all, how satisfied are you with your life at the moment?” The item was assessed in the CAPI mode ranging from 0 (very dissatisfied) to 10 (very satisfied).","### Participants from wave 1 ###
anchor1 <- anchor1 %>% select(id, sex_gen, ethni, cohort, age, sd3, np, sat6, sat2) %>%
  rename(sex = sex_gen,
         aget1 = age,
         relt1 = sd3,
         prevrel = np,
         lifesatt1 = sat6,
         sinsatt1 = sat2) %>%
  replace(((.) < 0), NA) %>%
  mutate(sex = sex - 1,
         relt1 = ifelse(relt1 == 2, 0, relt1))
...
### Participants from wave 3 ###
anchor3 <- anchor3 %>% select(id, age, relstat, starts_with(""ehc2p""), sat6, sat2) %>%
  rename(aget3 = age,
         lifesatt3 = sat6,
         sinsatt3 = sat2) %>%
  mutate(relt3 = ifelse(relstat == 1 |
                          relstat == 6 |
                          relstat == 9, 0, 1)) %>% 
  replace(((.) < 0), NA) %>%
  select(-c(ehc2p1, ehc2p2, ehc2p3, ehc2p4, ehc2p5)) %>%
  mutate(months_rel_t2_t3 = rowSums(.[c(4:163)], na.rm = TRUE)) %>%
  select(id, aget3, relt3, months_rel_t2_t3, lifesatt3, sinsatt3)
...
### single at T1 ###
data <- data %>% filter(relt1 == 0) # N = 8,321

### single throughout T1-3 ###
data <- data %>% filter(months_rel_t1_t2 == 0, relt2 == 0, months_rel_t2_t3 == 0, relt3 == 0) # N = 3,161

### missings on both well-being measures ###
data <- data %>% filter(!(is.na(lifesatt1) & is.na(sinsatt1))) # N = 3,161",unknown,"The paper only describes the life satisfaction item and its 0–10 scale, while the code applies additional steps (e.g., recoding negative values to NA and restricting to single participants) that are not documented in the provided text, so it is unclear whether the implemented transformations match the intended analysis sample and procedures for this correlation.",,
avilles,38,"Pearson correlation between T1 life satisfaction and T3 life satisfaction, testing longer-term stability in life satisfaction. The association was positive, r ≈ .45, p < .005.",Inference Specification,All correlations were significant at p < .005.,,unknown,"There is no code provided regarding how p-values or significance thresholds were computed or evaluated, so correspondence with the paper's p < .005 criterion cannot be assessed.",,
avilles,39,"Pearson correlation between T2 life satisfaction and T3 life satisfaction, examining stability of life satisfaction across the second interval. The correlation was strong and positive, r ≈ .53, p < .005.",Model Specification,Table 2. Descriptive Characteristics and Pearson Correlations Among the Study Variables.,"#### Table 2: Descriptive characteristics and Pearson correlations among study variables ###############

# Correlations across key variables

library(Hmisc)

cor <- rcorr(as.matrix(data[, c(""sinsatt1"", ""sinsatt2"", ""sinsatt3"", ""lifesatt1"", ""lifesatt2"", ""lifesatt3"", ""extra_M"", ""neuro_M"")]), type = ""pearson"")
cor_r <- as.data.frame(round(cor$r, 2))",match,"The paper describes Pearson correlations, and the code computes Pearson correlations for the relevant life satisfaction variables using rcorr with type set to 'pearson'.",,
avilles,39,"Pearson correlation between T2 life satisfaction and T3 life satisfaction, examining stability of life satisfaction across the second interval. The correlation was strong and positive, r ≈ .53, p < .005.",Variable Specification,"Table 2. Descriptive Characteristics and Pearson Correlations Among the Study Variables. 4. T1 life satisfaction (n = 2,935) 5. T2 life satisfaction (n = 2,932) 6. T3 life satisfaction (n = 2,934) Note. Satisfaction with singlehood and life satisfaction ranged from 0 to 10.","library(Hmisc)

cor <- rcorr(as.matrix(data[, c(""sinsatt1"", ""sinsatt2"", ""sinsatt3"", ""lifesatt1"", ""lifesatt2"", ""lifesatt3"", ""extra_M"", ""neuro_M"")]), type = ""pearson"")
cor_r <- as.data.frame(round(cor$r, 2))

...

row.names(cor_r)[1:8] <- c(paste0(""1. T1 Satisfaction with singlehood (n = "", cor$n[1,1], "")""),
                           paste0(""2. T2 Satisfaction with singlehood (n = "", cor$n[2,2], "")""),
                           paste0(""3. T3 Satisfaction with singlehood (n = "", cor$n[3,3], "")""),
                           paste0(""4. T1 Life satisfaction (n = "", cor$n[4,4], "")""),
                           paste0(""5. T2 Life satisfaction (n = "", cor$n[5,5], "")""),
                           paste0(""6. T3 Life satisfaction (n = "", cor$n[6,6], "")""),
                           paste0(""7. Extraversion (n = "", cor$n[7,7], "")""),
                           paste0(""8. Neuroticism (n = "", cor$n[8,8], "")""))",match,The analysis uses T2 and T3 life satisfaction variables exactly as specified in the paper’s Table 2 correlation matrix. Both are designated as life satisfaction at the appropriate time points within the correlation computation.,,
avilles,39,"Pearson correlation between T2 life satisfaction and T3 life satisfaction, examining stability of life satisfaction across the second interval. The correlation was strong and positive, r ≈ .53, p < .005.",Transformation Specification,"Life satisfaction was measured at each assessment with one item: ""All in all, how satisfied are you with your life at the moment?"" The item was assessed in the CAPI mode ranging from 0 (very dissatisfied) to 10 (very satisfied).
...
The dimensions extraversion (e.g., ""I get enthusiastic easily and can motivate others easily"") and neuroticism (e.g., ""I worry a lot"") were assessed with four items each. The response format ranged from 1 (absolutely incorrect) to 5 (absolutely correct). For each trait, we used wave-specific mean scores.","### Participants from wave 2 ###
anchor2 <- anchor2 %>% select(id, age, relstat, starts_with(""ehc2p""), sat6, sat2, starts_with(""per3i"")) %>%
  rename(aget2 = age,
         lifesatt2 = sat6,
         sinsatt2 = sat2) %>%
  replace(((.) < 0), NA) %>%
  mutate(relt2 = ifelse(relstat == 1 |
                          relstat == 6 |
                          relstat == 9, 0, 1)) %>% 
  select(-c(ehc2p1, ehc2p2, ehc2p3, ehc2p4, ehc2p5)) %>%
  mutate(months_rel_t1_t2 = rowSums(.[c(4:93)], na.rm = TRUE)) %>%
  mutate_at(c(96:116), as.numeric) %>%
  mutate_at(c(""per3i1"", ""per3i11"", ""per3i9"", ""per3i2"", ""per3i12"", ""per3i17"", ""per3i8"", ""per3i21""),
            ~ recode(., ""1"" = 5, ""2"" = 4, ""3"" = 3, 
                     ""4"" = 2, ""5"" = 1)) %>%
  rowwise() %>%
  mutate(extra_M = round(mean(c(per3i1, per3i6, per3i11, per3i16), na.rm = TRUE), 2),
         neuro_M = round(mean(c(per3i4, per3i9, per3i14, per3i19), na.rm = TRUE), 2),
         agree_M = round(mean(c(per3i2, per3i7, per3i12, per3i17), na.rm = TRUE), 2),
         consc_M = round(mean(c(per3i3, per3i8, per3i13, per3i18), na.rm = TRUE), 2),
         open_M = round(mean(c(per3i5, per3i10, per3i15, per3i20, per3i21), na.rm = TRUE), 2)) %>%
  select(id, aget2, relt2, months_rel_t1_t2, lifesatt2, sinsatt2, extra_M, neuro_M, agree_M, consc_M, open_M)


### Participants from wave 3 ###
anchor3 <- anchor3 %>% select(id, age, relstat, starts_with(""ehc2p""), sat6, sat2) %>%
  rename(aget3 = age,
         lifesatt3 = sat6,
         sinsatt3 = sat2) %>%
  mutate(relt3 = ifelse(relstat == 1 |
                          relstat == 6 |
                          relstat == 9, 0, 1)) %>% 
  replace(((.) < 0), NA) %>%
  select(-c(ehc2p1, ehc2p2, ehc2p3, ehc2p4, ehc2p5)) %>%
  mutate(months_rel_t2_t3 = rowSums(.[c(4:163)], na.rm = TRUE)) %>%
  select(id, aget3, relt3, months_rel_t2_t3, lifesatt3, sinsatt3)

...

### single at T1 ###
data <- data %>% filter(relt1 == 0) # N = 8,321

### single throughout T1-3 ###
data <- data %>% filter(months_rel_t1_t2 == 0, relt2 == 0, months_rel_t2_t3 == 0, relt3 == 0) # N = 3,161

### missings on both well-being measures ###
data <- data %>% filter(!(is.na(lifesatt1) & is.na(sinsatt1))) # N = 3,161

### only include first-time report ###
data <- data %>% group_by(id) %>% # N = 2,936
  mutate(total = sum(n()),
         unique = ifelse(total == 1, 1, 0)) %>%
  select(-total) %>% arrange(id) %>% slice_head() %>% select(-unique)
",match,"Life satisfaction at T2 and T3 is used as the raw single-item 0–10 measure with only negative codes set to missing, and personality items are averaged into mean scores as described, so the implemented transformations are consistent with the paper’s description. There is no evidence of additional undocumented transformations on the life satisfaction variables relevant to the T2–T3 correlation.",,
avilles,39,"Pearson correlation between T2 life satisfaction and T3 life satisfaction, examining stability of life satisfaction across the second interval. The correlation was strong and positive, r ≈ .53, p < .005.",Inference Specification,All correlations were significant at p < .005.,,unknown,"The paper specifies an inference criterion of p < .005 for all correlations, but there is no corresponding code provided to verify how p-values or alpha were handled in the implementation.",,
avilles,40,"Pearson correlation between T1 singlehood satisfaction and extraversion, assessing whether more extraverted singles are more satisfied with being single at baseline. The association was small and positive, r ≈ .07, p < .005.",Model Specification,Table 2. Descriptive Characteristics and Pearson Correlations Among the Study Variables.,"#### Table 2: Descriptive characteristics and Pearson correlations among study variables ###############

# Correlations across key variables

library(Hmisc)

cor <- rcorr(as.matrix(data[, c(""sinsatt1"", ""sinsatt2"", ""sinsatt3"", ""lifesatt1"", ""lifesatt2"", ""lifesatt3"", ""extra_M"", ""neuro_M"")]), type = ""pearson"")
cor_r <- as.data.frame(round(cor$r, 2))",match,"The paper describes using Pearson correlations, and the code computes Pearson correlations among the relevant variables, including T1 singlehood satisfaction and extraversion.",,
avilles,40,"Pearson correlation between T1 singlehood satisfaction and extraversion, assessing whether more extraverted singles are more satisfied with being single at baseline. The association was small and positive, r ≈ .07, p < .005.",Variable Specification,"Table 2 shows the means, standard deviations, and zero-order correlations among the study variables across birth cohorts and age groups (see Supplemental Table S2 for means and standard deviations separated by birth cohorts and age groups). Satisfaction with singlehood and life satisfaction were positively correlated with each other: The more satisfied singles felt with their singlehood, the more satisfied they were with their lives. Both satisfaction measures were positively associated with extraversion and negatively associated with neuroticism.

Table 2. Descriptive Characteristics and Pearson Correlations Among the Study Variables.
Variable 1 2 3 4 5 6 7 8
1. T1 singlehood satisfaction (n = 2,883)  
...
7. Extraversion (n = 2,927) .07 .05 .07 .16 .20 .12  
...
Note. Satisfaction with singlehood and life satisfaction ranged from 0 to 10. Extraversion and neuroticism ranged from 1 to 5. Extraversion and neuroticism were assessed in Waves 2, 6, and 11, depending on participants’ cohort membership. All correlations were significant at p < .005.","#### Table 2: Descriptive characteristics and Pearson correlations among study variables ###############

# Correlations across key variables

library(Hmisc)

cor <- rcorr(as.matrix(data[, c(""sinsatt1"", ""sinsatt2"", ""sinsatt3"", ""lifesatt1"", ""lifesatt2"", ""lifesatt3"", ""extra_M"", ""neuro_M"")]), type = ""pearson"")
cor_r <- as.data.frame(round(cor$r, 2))

cor_r[1, ] <- NA
cor_r[, 8] <- NA
cor_r[2, 2:7] <- NA
cor_r[3, 3:7] <- NA
cor_r[4, 4:7] <- NA
cor_r[5, 5:7] <- NA
cor_r[6, 6:7] <- NA
cor_r[7, 7] <- NA

# sample sizes
row.names(cor_r)[1:8] <- c(paste0(""1. T1 Satisfaction with singlehood (n = "", cor$n[1,1], "")""),
                           paste0(""2. T2 Satisfaction with singlehood (n = "", cor$n[2,2], "")""),
                           paste0(""3. T3 Satisfaction with singlehood (n = "", cor$n[3,3], "")""),
                           paste0(""4. T1 Life satisfaction (n = "", cor$n[4,4], "")""),
                           paste0(""5. T2 Life satisfaction (n = "", cor$n[5,5], "")""),
                           paste0(""6. T3 Life satisfaction (n = "", cor$n[6,6], "")""),
                           paste0(""7. Extraversion (n = "", cor$n[7,7], "")""),
                           paste0(""8. Neuroticism (n = "", cor$n[8,8], "")""))

colnames(cor_r) <- c(1:8)

# means & SDs
M_SD <- data %>% ungroup() %>% select(sinsatt1, sinsatt2, sinsatt3, lifesatt1, lifesatt2, lifesatt3, extra_M, neuro_M) %>%
  summarise_all(funs(mean, sd), na.rm = TRUE) %>%
  mutate(across(everything(), round, 2)) 

cor_r[9, ] <- M_SD[1:8]
cor_r[10, ] <- M_SD[9:16]

row.names(cor_r)[9:10] <- c(""M"", ""SD"")

xtable(cor_r)
",match,"The code computes a Pearson correlation matrix including T1 singlehood satisfaction and extraversion, matching the paper’s description of correlating T1 singlehood satisfaction with extraversion. The variables used (sinsatt1 for T1 satisfaction with singlehood and extra_M for extraversion) correspond directly to the Table 2 labels in the paper.",,
avilles,40,"Pearson correlation between T1 singlehood satisfaction and extraversion, assessing whether more extraverted singles are more satisfied with being single at baseline. The association was small and positive, r ≈ .07, p < .005.",Transformation Specification,"Personality traits were assessed in Waves 2, 10, and 11 (the latter only for the refreshment sample) in the CASI mode with a short version of the Big Five Inventory (Rammstedt & John, 2005). The dimensions extraversion (e.g., ""I get enthusiastic easily and can motivate others easily"") and neuroticism (e.g., ""I worry a lot"") were assessed with four items each. The response format ranged from 1 (absolutely incorrect) to 5 (absolutely correct). For each trait, we used wave-specific mean scores.","anchor2 <- anchor2 %>% select(id, age, relstat, starts_with(""ehc2p""), sat6, sat2, starts_with(""per3i"")) %>%
  rename(aget2 = age,
         lifesatt2 = sat6,
         sinsatt2 = sat2) %>%
  replace(((.) < 0), NA) %>%
  mutate(relt2 = ifelse(relstat == 1 |
                          relstat == 6 |
                          relstat == 9, 0, 1)) %>% 
  select(-c(ehc2p1, ehc2p2, ehc2p3, ehc2p4, ehc2p5)) %>%
  mutate(months_rel_t1_t2 = rowSums(.[c(4:93)], na.rm = TRUE)) %>%
  mutate_at(c(96:116), as.numeric) %>%
  mutate_at(c(""per3i1"", ""per3i11"", ""per3i9"", ""per3i2"", ""per3i12"", ""per3i17"", ""per3i8"", ""per3i21""),
            ~ recode(., ""1"" = 5, ""2"" = 4, ""3"" = 3, 
                     ""4"" = 2, ""5"" = 1)) %>%
  rowwise() %>%
  mutate(extra_M = round(mean(c(per3i1, per3i6, per3i11, per3i16), na.rm = TRUE), 2),
         neuro_M = round(mean(c(per3i4, per3i9, per3i14, per3i19), na.rm = TRUE), 2),
         agree_M = round(mean(c(per3i2, per3i7, per3i12, per3i17), na.rm = TRUE), 2),
         consc_M = round(mean(c(per3i3, per3i8, per3i13, per3i18), na.rm = TRUE), 2),
         open_M = round(mean(c(per3i5, per3i10, per3i15, per3i20, per3i21), na.rm = TRUE), 2)) %>%
  select(id, aget2, relt2, months_rel_t1_t2, lifesatt2, sinsatt2, extra_M, neuro_M, agree_M, consc_M, open_M)

### Filling in missing Big Five traits from Wave 10 ###

# wave 10
anchor10 <- anchor10 %>% select(id, starts_with(""per3i"")) %>%
  mutate_at(c(2:22), as.numeric) %>%
  mutate_at(c(""per3i1"", ""per3i11"", ""per3i9"", ""per3i2"", ""per3i12"", ""per3i17"", ""per3i8"", ""per3i21""),
            ~ recode(., ""1"" = 5, ""2"" = 4, ""3"" = 3, 
                     ""4"" = 2, ""5"" = 1)) %>% 
  replace(((.) < 0), NA) %>%
  rowwise() %>%
  mutate(extra_M = round(mean(c(per3i1, per3i6, per3i11, per3i16), na.rm = TRUE), 2),
         neuro_M = round(mean(c(per3i4, per3i9, per3i14, per3i19), na.rm = TRUE), 2),
         agree_M = round(mean(c(per3i2, per3i7, per3i12, per3i17), na.rm = TRUE), 2),
         consc_M = round(mean(c(per3i3, per3i8, per3i13, per3i18), na.rm = TRUE), 2),
         open_M  = round(mean(c(per3i5, per3i10, per3i15, per3i20, per3i21), na.rm = TRUE), 2)) %>%
  select(id, extra_M, neuro_M, agree_M, consc_M, open_M)

anchor11_13 <- anchor11_13 %>% left_join(anchor10, by = ""id"") %>%
  mutate(extra_M = ifelse(is.na(extra_M.x), extra_M.y, extra_M.x),
         neuro_M = ifelse(is.na(neuro_M.x), neuro_M.y, neuro_M.x),
         agree_M = ifelse(is.na(agree_M.x), agree_M.y, agree_M.x),
         consc_M = ifelse(is.na(consc_M.x), consc_M.y, consc_M.x),
         open_M = ifelse(is.na(open_M.x), open_M.y, open_M.x)) %>%
  select(-c(21:30))

#### Table 2: Descriptive characteristics and Pearson correlations among study variables ###############

# Correlations across key variables

library(Hmisc)

cor <- rcorr(as.matrix(data[, c(""sinsatt1"", ""sinsatt2"", ""sinsatt3"", ""lifesatt1"", ""lifesatt2"", ""lifesatt3"", ""extra_M"", ""neuro_M"")]), type = ""pearson"")",match,"The code constructs wave-specific extraversion and neuroticism scores as means of their respective items on a 1–5 scale, consistent with the paper’s description of using wave-specific mean scores from a short Big Five inventory. Additional steps like reverse-coding and rounding are reasonable scoring procedures and do not contradict the described transformation.",,
avilles,40,"Pearson correlation between T1 singlehood satisfaction and extraversion, assessing whether more extraverted singles are more satisfied with being single at baseline. The association was small and positive, r ≈ .07, p < .005.",Inference Specification,"Table 2. Descriptive Characteristics and Pearson Correlations Among the Study Variables.
...
Note. Satisfaction with singlehood and life satisfaction ranged from 0 to 10. Extraversion and neuroticism ranged from 1 to 5. Extraversion and 
neuroticism were assessed in Waves 2, 6, and 11, depending on participants’ cohort membership. All correlations were significant at p < .005.
...
An a-priori power analysis based on Monte Carlo simulations (1,000 simulations, .80% power, intraclass correlation 
coefficient [ICC] = .50, α = .01, two-tailed test) using the package SIMR (Green & MacLeod, 2016) in R (R Core 
Team, 2020) suggested that the sample size was sufficiently large (N > 1,600) to detect small (b = .10) Level 1 (time) 
and Level 2 (e.g., cohort) main effects as well as medium (b = .30) cross-level interaction effects (e.g., time × age).
...
As preregistered, we reran all models with participants’ 
gender as an additional control variable (expect for Model 3, 
in which gender was already included). Given the number of 
statistical models, we evaluated significance of the multi-
level growth-curve models at α level of .01 to address poten-
tially inflated Type 1 error rates.",,unknown,"There is no relevant code provided for this specific correlation analysis or its inference criteria, so it is not possible to determine whether the implementation matches the paper’s stated α levels or significance decisions.",,
avilles,41,"Pearson correlation between T2 singlehood satisfaction and extraversion, testing if extraversion is related to later singlehood satisfaction. The correlation was small and positive, r ≈ .05, p < .005.",Model Specification,"Table 2. Descriptive Characteristics and Pearson Correlations Among the Study Variables.
...
Table 2 shows the means, standard deviations, and zero-order correlations among the study variables across birth cohorts and age groups (see Supplemental Table S2 for means and standard deviations separated by birth cohorts and age groups).","#### Table 2: Descriptive characteristics and Pearson correlations among study variables ###############

# Correlations across key variables

library(Hmisc)

cor <- rcorr(as.matrix(data[, c(""sinsatt1"", ""sinsatt2"", ""sinsatt3"", ""lifesatt1"", ""lifesatt2"", ""lifesatt3"", ""extra_M"", ""neuro_M"")]), type = ""pearson"")
cor_r <- as.data.frame(round(cor$r, 2))",match,"The paper describes using Pearson correlations for the correlation matrix, and the code computes Pearson correlations accordingly. Thus, the model specification in the code matches the paper description.",,
avilles,41,"Pearson correlation between T2 singlehood satisfaction and extraversion, testing if extraversion is related to later singlehood satisfaction. The correlation was small and positive, r ≈ .05, p < .005.",Variable Specification,"Table 2 shows the means, standard deviations, and zero-order correlations among the study variables across birth cohorts and age groups (see Supplemental Table S2 for means and standard deviations separated by birth cohorts and age groups). Satisfaction with singlehood and life satisfaction were positively correlated with each other: The more satisfied singles felt with their singlehood, the more satisfied they were with their lives. Both satisfaction measures were positively associated with extraversion and negatively associated with neuroticism.","#### Table 2: Descriptive characteristics and Pearson correlations among study variables ###############

# Correlations across key variables

library(Hmisc)

cor <- rcorr(as.matrix(data[, c(""sinsatt1"", ""sinsatt2"", ""sinsatt3"", ""lifesatt1"", ""lifesatt2"", ""lifesatt3"", ""extra_M"", ""neuro_M"")]), type = ""pearson"")
cor_r <- as.data.frame(round(cor$r, 2))
...
# sample sizes
row.names(cor_r)[1:8] <- c(paste0(""1. T1 Satisfaction with singlehood (n = "", cor$n[1,1], "")""),
                           paste0(""2. T2 Satisfaction with singlehood (n = "", cor$n[2,2], "")""),
                           paste0(""3. T3 Satisfaction with singlehood (n = "", cor$n[3,3], "")""),
                           paste0(""4. T1 Life satisfaction (n = "", cor$n[4,4], "")""),
                           paste0(""5. T2 Life satisfaction (n = "", cor$n[5,5], "")""),
                           paste0(""6. T3 Life satisfaction (n = "", cor$n[6,6], "")""),
                           paste0(""7. Extraversion (n = "", cor$n[7,7], "")""),
                           paste0(""8. Neuroticism (n = "", cor$n[8,8], "")""))",match,"The code computes a Pearson correlation matrix including T2 satisfaction with singlehood and extraversion, matching the paper’s description of correlating satisfaction with singlehood and extraversion. The variables are correctly specified as T2 singlehood satisfaction (sinsatt2) and Extraversion (extra_M) in the correlation matrix used for Table 2.",,
avilles,41,"Pearson correlation between T2 singlehood satisfaction and extraversion, testing if extraversion is related to later singlehood satisfaction. The correlation was small and positive, r ≈ .05, p < .005.",Transformation Specification,"The dimensions extraversion (e.g., ""I get enthusiastic easily and can motivate others eas-
ily"") and neuroticism (e.g., ""I worry a lot"") were assessed 
with four items each. The response format ranged from 1 
(absolutely incorrect) to 5 (absolutely correct). For each trait, 
we used wave-specific mean scores.","anchor2 <- anchor2 %>% select(id, age, relstat, starts_with(""ehc2p""), sat6, sat2, starts_with(""per3i"")) %>%
  rename(aget2 = age,
         lifesatt2 = sat6,
         sinsatt2 = sat2) %>%
  replace(((.) < 0), NA) %>%
  mutate(relt2 = ifelse(relstat == 1 |
                          relstat == 6 |
                          relstat == 9, 0, 1)) %>% 
  select(-c(ehc2p1, ehc2p2, ehc2p3, ehc2p4, ehc2p5)) %>%
  mutate(months_rel_t1_t2 = rowSums(.[c(4:93)], na.rm = TRUE)) %>%
  mutate_at(c(96:116), as.numeric) %>%
  mutate_at(c(""per3i1"", ""per3i11"", ""per3i9"", ""per3i2"", ""per3i12"", ""per3i17"", ""per3i8"", ""per3i21""),
            ~ recode(., ""1"" = 5, ""2"" = 4, ""3"" = 3, 
                     ""4"" = 2, ""5"" = 1)) %>%
  rowwise() %>%
  mutate(extra_M = round(mean(c(per3i1, per3i6, per3i11, per3i16), na.rm = TRUE), 2),
         neuro_M = round(mean(c(per3i4, per3i9, per3i14, per3i19), na.rm = TRUE), 2),
         agree_M = round(mean(c(per3i2, per3i7, per3i12, per3i17), na.rm = TRUE), 2),
         consc_M = round(mean(c(per3i3, per3i8, per3i13, per3i18), na.rm = TRUE), 2),
         open_M = round(mean(c(per3i5, per3i10, per3i15, per3i20, per3i21), na.rm = TRUE), 2)) %>%
  select(id, aget2, relt2, months_rel_t1_t2, lifesatt2, sinsatt2, extra_M, neuro_M, agree_M, consc_M, open_M)

cor <- rcorr(as.matrix(data[, c(""sinsatt1"", ""sinsatt2"", ""sinsatt3"", ""lifesatt1"", ""lifesatt2"", ""lifesatt3"", ""extra_M"", ""neuro_M"")]), type = ""pearson"")",match,"The code computes wave-specific mean scores for extraversion and neuroticism from four 1–5 items each, consistent with the paper’s description of using mean scores per trait per wave.",,
avilles,41,"Pearson correlation between T2 singlehood satisfaction and extraversion, testing if extraversion is related to later singlehood satisfaction. The correlation was small and positive, r ≈ .05, p < .005.",Inference Specification,"An a-priori power analysis based on Monte Carlo simulations (1,000 simulations, .80% power, intraclass correlation coefficient [ICC] = .50, α = .01, two-tailed test) using the package SIMR (Green & MacLeod, 2016) in R (R Core Team, 2020) suggested that the sample size was sufficiently large (N > 1,600) to detect small (b = .10) Level 1 (time) and Level 2 (e.g., cohort) main effects as well as medium (b = .30) cross-level interaction effects (e.g., time × age).
...
Given the number of statistical models, we evaluated significance of the multilevel growth-curve models at α level of .01 to address potentially inflated Type 1 error rates.
...
Note. Satisfaction with singlehood and life satisfaction ranged from 0 to 10. Extraversion and neuroticism ranged from 1 to 5. Extraversion and neuroticism were assessed in Waves 2, 6, and 11, depending on participants’ cohort membership. All correlations were significant at p < .005.",,unknown,"The paper specifies inference criteria (e.g., α = .01 for multilevel models and correlations reported as significant at p < .005), but no corresponding code or settings are provided to verify that the same criteria were implemented. Without inferential code, it is not possible to determine whether the implementation matches the described inference specification.",,
avilles,42,"Pearson correlation between T3 singlehood satisfaction and extraversion, examining the link between extraversion and singlehood satisfaction at the third wave. The association was small and positive, r ≈ .07, p < .005.",Model Specification,Table 2. Descriptive Characteristics and Pearson Correlations Among the Study Variables.,"#### Table 2: Descriptive characteristics and Pearson correlations among study variables ###############

# Correlations across key variables

library(Hmisc)

cor <- rcorr(as.matrix(data[, c(""sinsatt1"", ""sinsatt2"", ""sinsatt3"", ""lifesatt1"", ""lifesatt2"", ""lifesatt3"", ""extra_M"", ""neuro_M"")]), type = ""pearson"")
cor_r <- as.data.frame(round(cor$r, 2))",match,"The paper describes using Pearson correlations for the variables in Table 2, and the code computes Pearson correlations among T3 singlehood satisfaction and extraversion using rcorr with type = 'pearson'.",,
avilles,42,"Pearson correlation between T3 singlehood satisfaction and extraversion, examining the link between extraversion and singlehood satisfaction at the third wave. The association was small and positive, r ≈ .07, p < .005.",Variable Specification,"Table 2. Descriptive Characteristics and Pearson Correlations Among the Study Variables.

Variable 1 2 3 4 5 6 7 8
...
3. T3 singlehood satisfaction (n = 2,890) .43 .55  
...
7. Extraversion (n = 2,927) .07 .05 .07 .16 .20 .12  
...
Note. Satisfaction with singlehood and life satisfaction ranged from 0 to 10. Extraversion and neuroticism ranged from 1 to 5. Extraversion and neuroticism were assessed in Waves 2, 6, and 11, depending on participants’ cohort membership. All correlations were significant at p < .005.

""Table 2 shows the means, standard deviations, and zero-order correlations among the study variables across birth cohorts and age groups (see Supplemental Table S2 for means and standard deviations separated by birth cohorts and age groups). Satisfaction with singlehood and life satisfaction were positively correlated with each other: The more satisfied singles felt with their singlehood, the more satisfied they were with their lives. Both satisfaction measures were positively associated with extraversion and negatively associated with neuroticism.""","#### Table 2: Descriptive characteristics and Pearson correlations among study variables ###############

# Correlations across key variables

library(Hmisc)

cor <- rcorr(as.matrix(data[, c(""sinsatt1"", ""sinsatt2"", ""sinsatt3"", ""lifesatt1"", ""lifesatt2"", ""lifesatt3"", ""extra_M"", ""neuro_M"")]), type = ""pearson"")
cor_r <- as.data.frame(round(cor$r, 2))

cor_r[1, ] <- NA
cor_r[, 8] <- NA
cor_r[2, 2:7] <- NA
cor_r[3, 3:7] <- NA
cor_r[4, 4:7] <- NA
cor_r[5, 5:7] <- NA
cor_r[6, 6:7] <- NA
cor_r[7, 7] <- NA

# sample sizes
row.names(cor_r)[1:8] <- c(paste0(""1. T1 Satisfaction with singlehood (n = "", cor$n[1,1], "")""),
                           paste0(""2. T2 Satisfaction with singlehood (n = "", cor$n[2,2], "")""),
                           paste0(""3. T3 Satisfaction with singlehood (n = "", cor$n[3,3], "")""),
                           paste0(""4. T1 Life satisfaction (n = "", cor$n[4,4], "")""),
                           paste0(""5. T2 Life satisfaction (n = "", cor$n[5,5], "")""),
                           paste0(""6. T3 Life satisfaction (n = "", cor$n[6,6], "")""),
                           paste0(""7. Extraversion (n = "", cor$n[7,7], "")""),
                           paste0(""8. Neuroticism (n = "", cor$n[8,8], "")""))

colnames(cor_r) <- c(1:8)

# means & SDs
M_SD <- data %>% ungroup() %>% select(sinsatt1, sinsatt2, sinsatt3, lifesatt1, lifesatt2, lifesatt3, extra_M, neuro_M) %>%
  summarise_all(funs(mean, sd), na.rm = TRUE) %>%
  mutate(across(everything(), round, 2))",match,"The code computes a Pearson correlation between T3 satisfaction with singlehood (sinsatt3) and Extraversion (extra_M), matching the variables and their symmetric roles in the paper’s correlation matrix. The row/column labeling in the code mirrors Table 2’s specification of variable 3 as T3 singlehood satisfaction and variable 7 as Extraversion.",,
avilles,42,"Pearson correlation between T3 singlehood satisfaction and extraversion, examining the link between extraversion and singlehood satisfaction at the third wave. The association was small and positive, r ≈ .07, p < .005.",Transformation Specification,"Personality traits were assessed in Waves 2, 10, and 11 (the latter only for the refreshment sample) in the CASI mode with a short version of the Big Five Inventory (Rammstedt & John, 2005). The dimensions extraversion (e.g., “I get enthusiastic easily and can motivate others easily”) and neuroticism (e.g., “I worry a lot”) were assessed with four items each. The response format ranged from 1 (absolutely incorrect) to 5 (absolutely correct). For each trait, we used wave-specific mean scores.","{""code_value"":""### Participants from wave 2 ###\nanchor2 <- anchor2 %>% select(id, age, relstat, starts_with(\""ehc2p\""), sat6, sat2, starts_with(\""per3i\"")) %>%\n  rename(aget2 = age,\n         lifesatt2 = sat6,\n         sinsatt2 = sat2) %>%\n  replace(((.) < 0), NA) %>%\n  mutate(relt2 = ifelse(relstat == 1 |\n                          relstat == 6 |\n                          relstat == 9, 0, 1)) %>% \n  select(-c(ehc2p1, ehc2p2, ehc2p3, ehc2p4, ehc2p5)) %>%\n  mutate(months_rel_t1_t2 = rowSums(.[c(4:93)], na.rm = TRUE)) %>%\n  mutate_at(c(96:116), as.numeric) %>%\n  mutate_at(c(\""per3i1\"", \""per3i11\"", \""per3i9\"", \""per3i2\"", \""per3i12\"", \""per3i17\"", \""per3i8\"", \""per3i21\""),\n            ~ recode(., \""1\"" = 5, \""2\"" = 4, \""3\"" = 3, \n                     \""4\"" = 2, \""5\"" = 1)) %>%\n  rowwise() %>%\n  mutate(extra_M = round(mean(c(per3i1, per3i6, per3i11, per3i16), na.rm = TRUE), 2),\n         neuro_M = round(mean(c(per3i4, per3i9, per3i14, per3i19), na.rm = TRUE), 2),\n         agree_M = round(mean(c(per3i2, per3i7, per3i12, per3i17), na.rm = TRUE), 2),\n         consc_M = round(mean(c(per3i3, per3i8, per3i13, per3i18), na.rm = TRUE), 2),\n         open_M = round(mean(c(per3i5, per3i10, per3i15, per3i20, per3i21), na.rm = TRUE), 2)) %>%\n  select(id, aget2, relt2, months_rel_t1_t2, lifesatt2, sinsatt2, extra_M, neuro_M, agree_M, consc_M, open_M)\n\n### Participants from wave 3 ###\nanchor3 <- anchor3 %>% select(id, age, relstat, starts_with(\""ehc2p\""), sat6, sat2) %>%\n  rename(aget3 = age,\n         lifesatt3 = sat6,\n         sinsatt3 = sat2) %>%\n  mutate(relt3 = ifelse(relstat == 1 |\n                          relstat == 6 |\n                          relstat == 9, 0, 1)) %>% \n  replace(((.) < 0), NA) %>%\n  select(-c(ehc2p1, ehc2p2, ehc2p3, ehc2p4, ehc2p5)) %>%\n  mutate(months_rel_t2_t3 = rowSums(.[c(4:163)], na.rm = TRUE)) %>%\n  select(id, aget3, relt3, months_rel_t2_t3, lifesatt3, sinsatt3)\n\n### Participants from wave 11 ###\nanchor11 <- anchor11 %>% select(id, sex_gen, ethni, cohort, age, relstat, np, sat6, sat2, starts_with(\""per3i\"")) %>%\n  rename(sex = sex_gen,\n         aget1 = age,\n         lifesatt1 = sat6,\n         sinsatt1 = sat2,\n         prevrel = np) %>%\n  mutate(relt1 = ifelse(relstat == 1 |\n                           relstat == 6 |\n                           relstat == 9, 0, 1),\n         sex = sex - 1) %>% \n  replace(((.) < 0), NA) %>%\n  mutate_at(c(10:30), as.numeric) %>%\n  mutate_at(c(\""per3i1\"", \""per3i11\"", \""per3i9\"", \""per3i2\"", \""per3i12\"", \""per3i17\"", \""per3i8\"", \""per3i21\""),\n            ~ recode(., \""1\"" = 5, \""2\"" = 4, \""3\"" = 3, \n                     \""4\"" = 2, \""5\"" = 1)) %>%\n  rowwise() %>%\n  mutate(extra_M = round(mean(c(per3i1, per3i6, per3i11, per3i16), na.rm = TRUE), 2),\n         neuro_M = round(mean(c(per3i4, per3i9, per3i14, per3i19), na.rm = TRUE), 2),\n         agree_M = round(mean(c(per3i2, per3i7, per3i12, per3i17), na.rm = TRUE), 2),\n         consc_M = round(mean(c(per3i3, per3i8, per3i13, per3i18), na.rm = TRUE), 2),\n         open_M = round(mean(c(per3i5, per3i10, per3i15, per3i20, per3i21), na.rm = TRUE), 2)) %>%\n  select(id, sex, ethni, cohort, aget1, relt1, prevrel, lifesatt1, sinsatt1, extra_M, neuro_M, agree_M, consc_M, open_M)\n\n### Filling in missing Big Five traits from Wave 10 ###\n\n# wave 10\nanchor10 <- anchor10 %>% select(id, starts_with(\""per3i\"")) %>%\n  mutate_at(c(2:22), as.numeric) %>%\n  mutate_at(c(\""per3i1\"", \""per3i11\"", \""per3i9\"", \""per3i2\"", \""per3i12\"", \""per3i17\"", \""per3i8\"", \""per3i21\""),\n            ~ recode(., \""1\"" = 5, \""2\"" = 4, \""3\"" = 3, \n                     \""4\"" = 2, \""5\"" = 1)) %>% \n  replace(((.) < 0), NA) %>%\n  rowwise() %>%\n  mutate(extra_M = round(mean(c(per3i1, per3i6, per3i11, per3i16), na.rm = TRUE), 2),\n         neuro_M = round(mean(c(per3i4, per3i9, per3i14, per3i19), na.rm = TRUE), 2),\n         agree_M = round(mean(c(per3i2, per3i7, per3i12, per3i17), na.rm = TRUE), 2),\n         consc_M = round(mean(c(per3i3, per3i8, per3i13, per3i18), na.rm = TRUE), 2),\n         open_M  = round(mean(c(per3i5, per3i10, per3i15, per3i20, per3i21), na.rm = TRUE), 2)) %>%\n  select(id, extra_M, neuro_M, agree_M, consc_M, open_M)\n\nanchor11_13 <- anchor11_13 %>% left_join(anchor10, by = \""id\"") %>%\n  mutate(extra_M = ifelse(is.na(extra_M.x), extra_M.y, extra_M.x),\n         neuro_M = ifelse(is.na(neuro_M.x), neuro_M.y, neuro_M.x),\n         agree_M = ifelse(is.na(agree_M.x), agree_M.y, agree_M.x),\n         consc_M = ifelse(is.na(consc_M.x), consc_M.y, consc_M.x),\n         open_M = ifelse(is.na(open_M.x), open_M.y, open_M.x)) %>%\n  select(-c(21:30))"",""evidence"":{""code_path"":""/Users/jamie/git/codebot-for-psychology/data/raw/main/codebot/materials/codebot_pairs/avilles/0_clean_data.R"",""code_lines"":""### Participants from wave 2 ###\nanchor2 <- anchor2 %>% select(id, age, relstat, starts_with(\""ehc2p\""), sat6, sat2, starts_with(\""per3i\"")) %>%\n  rename(aget2 = age,\n         lifesatt2 = sat6,\n         sinsatt2 = sat2) %>%\n  replace(((.) < 0), NA) %>%\n  mutate(relt2 = ifelse(relstat == 1 |\n                          relstat == 6 |\n                          relstat == 9, 0, 1)) %>% \n  select(-c(ehc2p1, ehc2p2, ehc2p3, ehc2p4, ehc2p5)) %>%\n  mutate(months_rel_t1_t2 = rowSums(.[c(4:93)], na.rm = TRUE)) %>%\n  mutate_at(c(96:116), as.numeric) %>%\n  mutate_at(c(\""per3i1\"", \""per3i11\"", \""per3i9\"", \""per3i2\"", \""per3i12\"", \""per3i17\"", \""per3i8\"", \""per3i21\""),\n            ~ recode(., \""1\"" = 5, \""2\"" = 4, \""3\"" = 3, \n                     \""4\"" = 2, \""5\"" = 1)) %>%\n  rowwise() %>%\n  mutate(extra_M = round(mean(c(per3i1, per3i6, per3i11, per3i16), na.rm = TRUE), 2),\n         neuro_M = round(mean(c(per3i4, per3i9, per3i14, per3i19), na.rm = TRUE), 2),\n         agree_M = round(mean(c(per3i2, per3i7, per3i12, per3i17), na.rm = TRUE), 2),\n         consc_M = round(mean(c(per3i3, per3i8, per3i13, per3i18), 2),\n         open_M = round(mean(c(per3i5, per3i10, per3i15, per3i20, per3i21), na.rm = TRUE), 2)) %>%\n  select(id, aget2, relt2, months_rel_t1_t2, lifesatt2, sinsatt2, extra_M, neuro_M, agree_M, consc_M, open_M)\n\n### Participants from wave 3 ###\nanchor3 <- anchor3 %>% select(id, age, relstat, starts_with(\""ehc2p\""), sat6, sat2) %>%\n  rename(aget3 = age,\n         lifesatt3 = sat6,\n         sinsatt3 = sat2) %>%\n  mutate(relt3 = ifelse(relstat == 1 |\n                          relstat == 6 |\n                          relstat == 9, 0, 1)) %>% \n  replace(((.) < 0), NA) %>%\n  select(-c(ehc2p1, ehc2p2, ehc2p3, ehc2p4, ehc2p5)) %>%\n  mutate(months_rel_t2_t3 = rowSums(.[c(4:163)], na.rm = TRUE)) %>%\n  select(id, aget3, relt3, months_rel_t2_t3, lifesatt3, sinsatt3)\n\n### Participants from wave 11 ###\nanchor11 <- anchor11 %>% select(id, sex_gen, ethni, cohort, age, relstat, np, sat6, sat2, starts_with(\""per3i\"")) %>%\n  rename(sex = sex_gen,\n         aget1 = age,\n         lifesatt1 = sat6,\n         sinsatt1 = sat2,\n         prevrel = np) %>%\n  mutate(relt1 = ifelse(relstat == 1 |\n                           relstat == 6 |\n                           relstat == 9, 0, 1),\n         sex = sex - 1) %>% \n  replace(((.) < 0), NA) %>%\n  mutate_at(c(10:30), as.numeric) %>%\n  mutate_at(c(\""per3i1\"", \""per3i11\"", \""per3i9\"", \""per3i2\"", \""per3i12\"", \""per3i17\"", \""per3i8\"", \""per3i21\""),\n            ~ recode(., \""1\"" = 5, \""2\"" = 4, \""3\"" = 3, \n                     \""4\"" = 2, \""5\"" = 1)) %>%\n  rowwise() %>%\n  mutate(extra_M = round(mean(c(per3i1, per3i6, per3i11, per3i16), na.rm = TRUE), 2),\n         neuro_M = round(mean(c(per3i4, per3i9, per3i14, per3i19), na.rm = TRUE), 2),\n         agree_M = round(mean(c(per3i2, per3i7, per3i12, per3i17), na.rm = TRUE), 2),\n         consc_M = round(mean(c(per3i3, per3i8, per3i13, per3i18), na.rm = TRUE), 2),\n         open_M = round(mean(c(per3i5, per3i10, per3i15, per3i20, per3i21), na.rm = TRUE), 2)) %>%\n  select(id, sex, ethni, cohort, aget1, relt1, prevrel, lifesatt1, sinsatt1, extra_M, neuro_M, agree_M, consc_M, open_M)\n\n### Filling in missing Big Five traits from Wave 10 ###\n\n# wave 10\nanchor10 <- anchor10 %>% select(id, starts_with(\""per3i\"")) %>%\n  mutate_at(c(2:22), as.numeric) %>%\n  mutate_at(c(\""per3i1\"", \""per3i11\"", \""per3i9\"", \""per3i2\"", \""per3i12\"", \""per3i17\"", \""per3i8\"", \""per3i21\""),\n            ~ recode(., \""1\"" = 5, \""2\"" = 4, \""3\"" = 3, \n                     \""4\"" = 2, \""5\"" = 1)) %>% \n  replace(((.) < 0), NA) %>%\n  rowwise() %>%\n  mutate(extra_M = round(mean(c(per3i1, per3i6, per3i11, per3i16), na.rm = TRUE), 2),\n         neuro_M = round(mean(c(per3i4, per3i9, per3i14, per3i19), na.rm = TRUE), 2),\n         agree_M = round(mean(c(per3i2, per3i7, per3i12, per3i17), na.rm = TRUE), 2),\n         consc_M = round(mean(c(per3i3, per3i8, per3i13, per3i18), na.rm = TRUE), 2),\n         open_M  = round(mean(c(per3i5, per3i10, per3i15, per3i20, per3i21), na.rm = TRUE), 2)) %>%\n  select(id, extra_M, neuro_M, agree_M, consc_M, open_M)\n\nanchor11_13 <- anchor11_13 %>% left_join(anchor10, by = \""id\"") %>%\n  mutate(extra_M = ifelse(is.na(extra_M.x), extra_M.y, extra_M.x),\n         neuro_M = ifelse(is.na(neuro_M.x), neuro_M.y, neuro_M.x),\n         agree_M = ifelse(is.na(agree_M.x), agree_M.y, agree_M.x),\n         consc_M = ifelse(is.na(consc_M.x), consc_M.y, consc_M.x),\n         open_M = ifelse(is.na(open_M.x), open_M.y, open_M.x)) %>%\n  select(-c(21:30))""}}}",match,"The code computes wave-specific mean scores of the Big Five items (after appropriate reverse-coding), consistent with the paper’s description of using wave-specific mean scores for each trait. Additional details in the code, such as filling missing traits at Wave 11 with Wave 10 data, are not contradicted by the provided paper excerpt and do not alter the fundamental transformation described.",,
avilles,42,"Pearson correlation between T3 singlehood satisfaction and extraversion, examining the link between extraversion and singlehood satisfaction at the third wave. The association was small and positive, r ≈ .07, p < .005.",Inference Specification,All correlations were significant at p < .005.,,unknown,"The paper specifies an inference criterion of p < .005 for all correlations, but no corresponding code or statistical testing implementation is provided to verify that this threshold was used. Therefore, it is not possible to determine whether the code matches the paper’s inference specification.",,
avilles,43,"Pearson correlation between T1 life satisfaction and extraversion, evaluating whether extraverted singles are more satisfied with life at baseline. The correlation was positive, r ≈ .16, p < .005.",Model Specification,Table 2. Descriptive Characteristics and Pearson Correlations Among the Study Variables.,"library(Hmisc)

cor <- rcorr(as.matrix(data[, c(""sinsatt1"", ""sinsatt2"", ""sinsatt3"", ""lifesatt1"", ""lifesatt2"", ""lifesatt3"", ""extra_M"", ""neuro_M"")]), type = ""pearson"")
cor_r <- as.data.frame(round(cor$r, 2))",match,"The paper describes Pearson correlations among study variables, and the code computes Pearson correlations using rcorr with type = 'pearson'.",,
avilles,43,"Pearson correlation between T1 life satisfaction and extraversion, evaluating whether extraverted singles are more satisfied with life at baseline. The correlation was positive, r ≈ .16, p < .005.",Variable Specification,"Table 2. Descriptive Characteristics and Pearson Correlations Among the Study Variables.

""Variable 1 2 3 4 5 6 7 8
...
4. T1 life satisfaction (n = 2,935) ...
...
7. Extraversion (n = 2,927) ...""

""Life Satisfaction. Life satisfaction was measured at each assessment with one item: “All in all, how satisfied are you with your life at the moment?” The item was assessed in the CAPI mode ranging from 0 (very dissatisfied) to 10 (very satisfied).""

""Personality Traits. Personality traits were assessed in Waves 2, 10, and 11 (the latter only for the refreshment sample) in the CASI mode with a short version of the Big Five Inventory (Rammstedt & John, 2005). The dimensions extraversion (e.g., “I get enthusiastic easily and can motivate others easily”) and neuroticism (e.g., “I worry a lot”) were assessed with four items each. The response format ranged from 1 (absolutely incorrect) to 5 (absolutely correct). For each trait, we used wave-specific mean scores.""","#### Table 2: Descriptive characteristics and Pearson correlations among study variables ###############

# Correlations across key variables

library(Hmisc)

cor <- rcorr(as.matrix(data[, c(""sinsatt1"", ""sinsatt2"", ""sinsatt3"", ""lifesatt1"", ""lifesatt2"", ""lifesatt3"", ""extra_M"", ""neuro_M"")]), type = ""pearson"")
cor_r <- as.data.frame(round(cor$r, 2))

# sample sizes
row.names(cor_r)[1:8] <- c(paste0(""1. T1 Satisfaction with singlehood (n = "", cor$n[1,1], "")""),
                           paste0(""2. T2 Satisfaction with singlehood (n = "", cor$n[2,2], "")""),
                           paste0(""3. T3 Satisfaction with singlehood (n = "", cor$n[3,3], "")""),
                           paste0(""4. T1 Life satisfaction (n = "", cor$n[4,4], "")""),
                           paste0(""5. T2 Life satisfaction (n = "", cor$n[5,5], "")""),
                           paste0(""6. T3 Life satisfaction (n = "", cor$n[6,6], "")""),
                           paste0(""7. Extraversion (n = "", cor$n[7,7], "")""),
                           paste0(""8. Neuroticism (n = "", cor$n[8,8], "")""))",match,"The code uses T1 life satisfaction and an extraversion mean score as the variables in the correlation matrix, consistent with the paper’s description of these constructs and their use in Table 2.",,
avilles,43,"Pearson correlation between T1 life satisfaction and extraversion, evaluating whether extraverted singles are more satisfied with life at baseline. The correlation was positive, r ≈ .16, p < .005.",Transformation Specification,"Personality traits were assessed in Waves 2, 10, and 11 (the latter only for the refreshment sample) in the CASI mode with a short version of the Big Five Inventory (Rammstedt & John, 2005). The dimensions extraversion (e.g., “I get enthusiastic easily and can motivate others easily”) and neuroticism (e.g., “I worry a lot”) were assessed with four items each. The response format ranged from 1 (absolutely incorrect) to 5 (absolutely correct). For each trait, we used wave-specific mean scores.","anchor2 <- anchor2 %>% select(id, age, relstat, starts_with(""ehc2p""), sat6, sat2, starts_with(""per3i"")) %>%
  rename(aget2 = age,
         lifesatt2 = sat6,
         sinsatt2 = sat2) %>%
  replace(((.) < 0), NA) %>%
  mutate(relt2 = ifelse(relstat == 1 |
                          relstat == 6 |
                          relstat == 9, 0, 1)) %>% 
  select(-c(ehc2p1, ehc2p2, ehc2p3, ehc2p4, ehc2p5)) %>%
  mutate(months_rel_t1_t2 = rowSums(.[c(4:93)], na.rm = TRUE)) %>%
  mutate_at(c(96:116), as.numeric) %>%
  mutate_at(c(""per3i1"", ""per3i11"", ""per3i9"", ""per3i2"", ""per3i12"", ""per3i17"", ""per3i8"", ""per3i21""),
            ~ recode(., ""1"" = 5, ""2"" = 4, ""3"" = 3, 
                     ""4"" = 2, ""5"" = 1)) %>%
  rowwise() %>%
  mutate(extra_M = round(mean(c(per3i1, per3i6, per3i11, per3i16), na.rm = TRUE), 2),
         neuro_M = round(mean(c(per3i4, per3i9, per3i14, per3i19), na.rm = TRUE), 2),
         agree_M = round(mean(c(per3i2, per3i7, per3i12, per3i17), na.rm = TRUE), 2),
         consc_M = round(mean(c(per3i3, per3i8, per3i13, per3i18), na.rm = TRUE), 2),
         open_M = round(mean(c(per3i5, per3i10, per3i15, per3i20, per3i21), na.rm = TRUE), 2)) %>%
  select(id, aget2, relt2, months_rel_t1_t2, lifesatt2, sinsatt2, extra_M, neuro_M, agree_M, consc_M, open_M)
...
anchor11 <- anchor11 %>% select(id, sex_gen, ethni, cohort, age, relstat, np, sat6, sat2, starts_with(""per3i"")) %>%
  rename(sex = sex_gen,
         aget1 = age,
         lifesatt1 = sat6,
         sinsatt1 = sat2,
         prevrel = np) %>%
  mutate(relt1 = ifelse(relstat == 1 |
                           relstat == 6 |
                           relstat == 9, 0, 1),
         sex = sex - 1) %>% 
  replace(((.) < 0), NA) %>%
  mutate_at(c(10:30), as.numeric) %>%
  mutate_at(c(""per3i1"", ""per3i11"", ""per3i9"", ""per3i2"", ""per3i12"", ""per3i17"", ""per3i8"", ""per3i21""),
            ~ recode(., ""1"" = 5, ""2"" = 4, ""3"" = 3, 
                     ""4"" = 2, ""5"" = 1)) %>%
  rowwise() %>%
  mutate(extra_M = round(mean(c(per3i1, per3i6, per3i11, per3i16), na.rm = TRUE), 2),
         neuro_M = round(mean(c(per3i4, per3i9, per3i14, per3i19), na.rm = TRUE), 2),
         agree_M = round(mean(c(per3i2, per3i7, per3i12, per3i17), na.rm = TRUE), 2),
         consc_M = round(mean(c(per3i3, per3i8, per3i13, per3i18), na.rm = TRUE), 2),
         open_M = round(mean(c(per3i5, per3i10, per3i15, per3i20, per3i21), na.rm = TRUE), 2)) %>%
  select(id, sex, ethni, cohort, aget1, relt1, prevrel, lifesatt1, sinsatt1, extra_M, neuro_M, agree_M, consc_M, open_M)
...
anchor10 <- anchor10 %>% select(id, starts_with(""per3i"")) %>%
  mutate_at(c(2:22), as.numeric) %>%
  mutate_at(c(""per3i1"", ""per3i11"", ""per3i9"", ""per3i2"", ""per3i12"", ""per3i17"", ""per3i8"", ""per3i21""),
            ~ recode(., ""1"" = 5, ""2"" = 4, ""3"" = 3, 
                     ""4"" = 2, ""5"" = 1)) %>% 
  replace(((.) < 0), NA) %>%
  rowwise() %>%
  mutate(extra_M = round(mean(c(per3i1, per3i6, per3i11, per3i16), na.rm = TRUE), 2),
         neuro_M = round(mean(c(per3i4, per3i9, per3i14, per3i19), na.rm = TRUE), 2),
         agree_M = round(mean(c(per3i2, per3i7, per3i12, per3i17), na.rm = TRUE), 2),
         consc_M = round(mean(c(per3i3, per3i8, per3i13, per3i18), na.rm = TRUE), 2),
         open_M  = round(mean(c(per3i5, per3i10, per3i15, per3i20, per3i21), na.rm = TRUE), 2)) %>%
  select(id, extra_M, neuro_M, agree_M, consc_M, open_M)
...
cor <- rcorr(as.matrix(data[, c(""sinsatt1"", ""sinsatt2"", ""sinsatt3"", ""lifesatt1"", ""lifesatt2"", ""lifesatt3"", ""extra_M"", ""neuro_M"")]), type = ""pearson"")",match,"The code computes wave-specific mean scores for extraversion items (after appropriate reverse-coding and handling of missing values), which is consistent with the paper’s description of using wave-specific mean scores of 4-item Big Five scales. Any additional details, such as rounding to two decimals, do not contradict the described transformation approach.",,
avilles,43,"Pearson correlation between T1 life satisfaction and extraversion, evaluating whether extraverted singles are more satisfied with life at baseline. The correlation was positive, r ≈ .16, p < .005.",Inference Specification,"Note. Satisfaction with singlehood and life satisfaction ranged from 0 to 10. Extraversion and neuroticism ranged from 1 to 5. Extraversion and
neuroticism were assessed in Waves 2, 6, and 11, depending on participants’ cohort membership. All correlations were significant at p < .005.",,unknown,"The paper states that all correlations were significant at p < .005, but there is no corresponding code provided to verify the inference criteria or p-value calculations for this correlation. Without code showing how significance was assessed, it is unclear whether the implementation matches the described inference specification.",,
avilles,44,"Pearson correlation between T2 life satisfaction and extraversion, assessing their association at the second wave. The correlation was positive, r ≈ .20, p < .005.",Model Specification,Table 2. Descriptive Characteristics and Pearson Correlations Among the Study Variables.,"#### Table 2: Descriptive characteristics and Pearson correlations among study variables ###############

# Correlations across key variables

library(Hmisc)

cor <- rcorr(as.matrix(data[, c(""sinsatt1"", ""sinsatt2"", ""sinsatt3"", ""lifesatt1"", ""lifesatt2"", ""lifesatt3"", ""extra_M"", ""neuro_M"")]), type = ""pearson"")
cor_r <- as.data.frame(round(cor$r, 2))",match,"The paper describes Pearson correlations among study variables, and the code computes Pearson correlations between T2 life satisfaction and extraversion as part of that matrix. This aligns with the specified model of using a Pearson correlation for the association at wave 2.",,
avilles,44,"Pearson correlation between T2 life satisfaction and extraversion, assessing their association at the second wave. The correlation was positive, r ≈ .20, p < .005.",Variable Specification,"Table 2. Descriptive Characteristics and Pearson Correlations Among the Study Variables.
Variable 1 2 3 4 5 6 7 8
1. T1 singlehood satisfaction (n = 2,883)  
2. T2 singlehood satisfaction (n = 2,894) .48  
3. T3 singlehood satisfaction (n = 2,890) .43 .55  
4. T1 life satisfaction (n = 2,935) .34 .25 .24  
5. T2 life satisfaction (n = 2,932) .26 .32 .23 .54  
6. T3 life satisfaction (n = 2,934) .23 .23 .30 .45 .53  
7. Extraversion (n = 2,927) .07 .05 .07 .16 .20 .12  
8. Neuroticism (n = 2,928) −.16 −.15 −.16 −.30 −.33 −.28 −.27  
...
Note. Satisfaction with singlehood and life satisfaction ranged from 0 to 10. Extraversion and neuroticism ranged from 1 to 5. Extraversion and 
neuroticism were assessed in Waves 2, 6, and 11, depending on participants’ cohort membership. All correlations were significant at p < .005.","cor <- rcorr(as.matrix(data[, c(""sinsatt1"", ""sinsatt2"", ""sinsatt3"", ""lifesatt1"", ""lifesatt2"", ""lifesatt3"", ""extra_M"", ""neuro_M"")]), type = ""pearson"")
...
# sample sizes
row.names(cor_r)[1:8] <- c(paste0(""1. T1 Satisfaction with singlehood (n = "", cor$n[1,1], "")""),
                           paste0(""2. T2 Satisfaction with singlehood (n = "", cor$n[2,2], "")""),
                           paste0(""3. T3 Satisfaction with singlehood (n = "", cor$n[3,3], "")""),
                           paste0(""4. T1 Life satisfaction (n = "", cor$n[4,4], "")""),
                           paste0(""5. T2 Life satisfaction (n = "", cor$n[5,5], "")""),
                           paste0(""6. T3 Life satisfaction (n = "", cor$n[6,6], "")""),
                           paste0(""7. Extraversion (n = "", cor$n[7,7], "")""),
                           paste0(""8. Neuroticism (n = "", cor$n[8,8], "")""))",match,"The code computes Pearson correlations between the same variables described in the paper: T2 life satisfaction and extraversion, using the designated columns and labels that match Table 2. The variables’ roles as correlates in a correlation matrix are consistent between the paper and the code.",,
avilles,44,"Pearson correlation between T2 life satisfaction and extraversion, assessing their association at the second wave. The correlation was positive, r ≈ .20, p < .005.",Transformation Specification,"Life satisfaction was measured at each assessment with one item: ""All in all, how satisfied are you with your life at the moment?"" The item was assessed in the CAPI mode ranging from 0 (very dissatisfied) to 10 (very satisfied).
...
The dimensions extraversion (e.g., ""I get enthusiastic easily and can motivate others easily"") and neuroticism (e.g., ""I worry a lot"") were assessed with four items each. The response format ranged from 1 (absolutely incorrect) to 5 (absolutely correct). For each trait, we used wave-specific mean scores.","anchor2 <- anchor2 %>% select(id, age, relstat, starts_with(""ehc2p""), sat6, sat2, starts_with(""per3i"")) %>%
  rename(aget2 = age,
         lifesatt2 = sat6,
         sinsatt2 = sat2) %>%
  replace(((.) < 0), NA) %>%
  mutate(relt2 = ifelse(relstat == 1 |
                          relstat == 6 |
                          relstat == 9, 0, 1)) %>% 
  select(-c(ehc2p1, ehc2p2, ehc2p3, ehc2p4, ehc2p5)) %>%
  mutate(months_rel_t1_t2 = rowSums(.[c(4:93)], na.rm = TRUE)) %>%
  mutate_at(c(96:116), as.numeric) %>%
  mutate_at(c(""per3i1"", ""per3i11"", ""per3i9"", ""per3i2"", ""per3i12"", ""per3i17"", ""per3i8"", ""per3i21""),
            ~ recode(., ""1"" = 5, ""2"" = 4, ""3"" = 3, 
                     ""4"" = 2, ""5"" = 1)) %>%
  rowwise() %>%
  mutate(extra_M = round(mean(c(per3i1, per3i6, per3i11, per3i16), na.rm = TRUE), 2),
         neuro_M = round(mean(c(per3i4, per3i9, per3i14, per3i19), na.rm = TRUE), 2),
         agree_M = round(mean(c(per3i2, per3i7, per3i12, per3i17), na.rm = TRUE), 2),
         consc_M = round(mean(c(per3i3, per3i8, per3i13, per3i18), na.rm = TRUE), 2),
         open_M = round(mean(c(per3i5, per3i10, per3i15, per3i20, per3i21), na.rm = TRUE), 2)) %>%
  select(id, aget2, relt2, months_rel_t1_t2, lifesatt2, sinsatt2, extra_M, neuro_M, agree_M, consc_M, open_M)",match,"The code computes wave-specific mean scores for the extraversion items (with appropriate reverse-coding) and uses the raw T2 life satisfaction item, which aligns with the paper’s described transformations.",,
avilles,44,"Pearson correlation between T2 life satisfaction and extraversion, assessing their association at the second wave. The correlation was positive, r ≈ .20, p < .005.",Inference Specification,"Table 2 Note: ""All correlations were significant at p < .005.""",,unknown,"There is no code provided related to the inference criteria, so it is not possible to determine whether the implementation matches the paper’s p < .005 criterion.",,
avilles,45,"Pearson correlation between T3 life satisfaction and extraversion, testing whether extraversion relates to life satisfaction at the third measurement. The association was positive, r ≈ .12, p < .005.",Model Specification,Table 2. Descriptive Characteristics and Pearson Correlations Among the Study Variables.,"#### Table 2: Descriptive characteristics and Pearson correlations among study variables ###############

# Correlations across key variables

library(Hmisc)

cor <- rcorr(as.matrix(data[, c(""sinsatt1"", ""sinsatt2"", ""sinsatt3"", ""lifesatt1"", ""lifesatt2"", ""lifesatt3"", ""extra_M"", ""neuro_M"")]), type = ""pearson"")
cor_r <- as.data.frame(round(cor$r, 2))",match,"The paper describes Pearson correlations among study variables, and the code computes a Pearson correlation matrix including T3 life satisfaction and extraversion. Thus, the model specification (Pearson correlation) in the code aligns with the description in the paper.",,
avilles,45,"Pearson correlation between T3 life satisfaction and extraversion, testing whether extraversion relates to life satisfaction at the third measurement. The association was positive, r ≈ .12, p < .005.",Variable Specification,"Table 2 is titled ""Descriptive Characteristics and Pearson Correlations Among the Study Variables."" The variables included in this correlation matrix are listed as: ""1. T1 singlehood satisfaction (n = 2,883)  2. T2 singlehood satisfaction (n = 2,894) .48  3. T3 singlehood satisfaction (n = 2,890) .43 .55  4. T1 life satisfaction (n = 2,935) .34 .25 .24  5. T2 life satisfaction (n = 2,932) .26 .32 .23 .54  6. T3 life satisfaction (n = 2,934) .23 .23 .30 .45 .53  7. Extraversion (n = 2,927) .07 .05 .07 .16 .20 .12  8. Neuroticism (n = 2,928) −.16 −.15 −.16 −.30 −.33 −.28 −.27"" and the note specifies that these are Pearson correlations: ""Note. Satisfaction with singlehood and life satisfaction ranged from 0 to 10. Extraversion and neuroticism ranged from 1 to 5. Extraversion and neuroticism were assessed in Waves 2, 6, and 11, depending on participants’ cohort membership. All correlations were significant at p < .005.""","# Correlations across key variables

cor <- rcorr(as.matrix(data[, c(""sinsatt1"", ""sinsatt2"", ""sinsatt3"", ""lifesatt1"", ""lifesatt2"", ""lifesatt3"", ""extra_M"", ""neuro_M"")]), type = ""pearson"")
cor_r <- as.data.frame(round(cor$r, 2))

# sample sizes
row.names(cor_r)[1:8] <- c(paste0(""1. T1 Satisfaction with singlehood (n = "", cor$n[1,1], "")""),
                           paste0(""2. T2 Satisfaction with singlehood (n = "", cor$n[2,2], "")""),
                           paste0(""3. T3 Satisfaction with singlehood (n = "", cor$n[3,3], "")""),
                           paste0(""4. T1 Life satisfaction (n = "", cor$n[4,4], "")""),
                           paste0(""5. T2 Life satisfaction (n = "", cor$n[5,5], "")""),
                           paste0(""6. T3 Life satisfaction (n = "", cor$n[6,6], "")""),
                           paste0(""7. Extraversion (n = "", cor$n[7,7], "")""),
                           paste0(""8. Neuroticism (n = "", cor$n[8,8], "")""))

# means & SDs
M_SD <- data %>% ungroup() %>% select(sinsatt1, sinsatt2, sinsatt3, lifesatt1, lifesatt2, lifesatt3, extra_M, neuro_M) %>%
  summarise_all(funs(mean, sd), na.rm = TRUE) %>%
  mutate(across(everything(), round, 2))",match,"The code computes Pearson correlations between T3 life satisfaction (lifesatt3) and an extraversion variable (extra_M), matching the paper’s correlation between T3 life satisfaction and extraversion. Both sources treat these as study variables in a single correlation matrix without additional covariates.",,
avilles,45,"Pearson correlation between T3 life satisfaction and extraversion, testing whether extraversion relates to life satisfaction at the third measurement. The association was positive, r ≈ .12, p < .005.",Transformation Specification,"The dimensions extraversion (e.g., “I get enthusiastic easily and can motivate others eas-
ily”) and neuroticism (e.g., “I worry a lot”) were assessed 
with four items each. The response format ranged from 1 
(absolutely incorrect) to 5 (absolutely correct). For each trait, 
we used wave-specific mean scores.","anchor2 <- anchor2 %>% select(id, age, relstat, starts_with(""ehc2p""), sat6, sat2, starts_with(""per3i"")) %>%
  rename(aget2 = age,
         lifesatt2 = sat6,
         sinsatt2 = sat2) %>%
  replace(((.) < 0), NA) %>%
  mutate(relt2 = ifelse(relstat == 1 |
                          relstat == 6 |
                          relstat == 9, 0, 1)) %>% 
  select(-c(ehc2p1, ehc2p2, ehc2p3, ehc2p4, ehc2p5)) %>%
  mutate(months_rel_t1_t2 = rowSums(.[c(4:93)], na.rm = TRUE)) %>%
  mutate_at(c(96:116), as.numeric) %>%
  mutate_at(c(""per3i1"", ""per3i11"", ""per3i9"", ""per3i2"", ""per3i12"", ""per3i17"", ""per3i8"", ""per3i21""),
            ~ recode(., ""1"" = 5, ""2"" = 4, ""3"" = 3, 
                     ""4"" = 2, ""5"" = 1)) %>%
  rowwise() %>%
  mutate(extra_M = round(mean(c(per3i1, per3i6, per3i11, per3i16), na.rm = TRUE), 2),
         neuro_M = round(mean(c(per3i4, per3i9, per3i14, per3i19), na.rm = TRUE), 2),
         agree_M = round(mean(c(per3i2, per3i7, per3i12, per3i17), na.rm = TRUE), 2),
         consc_M = round(mean(c(per3i3, per3i8, per3i13, per3i18), na.rm = TRUE), 2),
         open_M = round(mean(c(per3i5, per3i10, per3i15, per3i20, per3i21), na.rm = TRUE), 2)) %>%
  select(id, aget2, relt2, months_rel_t1_t2, lifesatt2, sinsatt2, extra_M, neuro_M, agree_M, consc_M, open_M)

anchor11 <- anchor11 %>% select(id, sex_gen, ethni, cohort, age, relstat, np, sat6, sat2, starts_with(""per3i"")) %>%
  rename(sex = sex_gen,
         aget1 = age,
         lifesatt1 = sat6,
         sinsatt1 = sat2,
         prevrel = np) %>%
  mutate(relt1 = ifelse(relstat == 1 |
                           relstat == 6 |
                           relstat == 9, 0, 1),
         sex = sex - 1) %>% 
  replace(((.) < 0), NA) %>%
  mutate_at(c(10:30), as.numeric) %>%
  mutate_at(c(""per3i1"", ""per3i11"", ""per3i9"", ""per3i2"", ""per3i12"", ""per3i17"", ""per3i8"", ""per3i21""),
            ~ recode(., ""1"" = 5, ""2"" = 4, ""3"" = 3, 
                     ""4"" = 2, ""5"" = 1)) %>%
  rowwise() %>%
  mutate(extra_M = round(mean(c(per3i1, per3i6, per3i11, per3i16), na.rm = TRUE), 2),
         neuro_M = round(mean(c(per3i4, per3i9, per3i14, per3i19), na.rm = TRUE), 2),
         agree_M = round(mean(c(per3i2, per3i7, per3i12, per3i17), na.rm = TRUE), 2),
         consc_M = round(mean(c(per3i3, per3i8, per3i13, per3i18), na.rm = TRUE), 2),
         open_M = round(mean(c(per3i5, per3i10, per3i15, per3i20, per3i21), na.rm = TRUE), 2)) %>%
  select(id, sex, ethni, cohort, aget1, relt1, prevrel, lifesatt1, sinsatt1, extra_M, neuro_M, agree_M, consc_M, open_M)

anchor10 <- anchor10 %>% select(id, starts_with(""per3i"")) %>%
  mutate_at(c(2:22), as.numeric) %>%
  mutate_at(c(""per3i1"", ""per3i11"", ""per3i9"", ""per3i2"", ""per3i12"", ""per3i17"", ""per3i8"", ""per3i21""),
            ~ recode(., ""1"" = 5, ""2"" = 4, ""3"" = 3, 
                     ""4"" = 2, ""5"" = 1)) %>% 
  replace(((.) < 0), NA) %>%
  rowwise() %>%
  mutate(extra_M = round(mean(c(per3i1, per3i6, per3i11, per3i16), na.rm = TRUE), 2),
         neuro_M = round(mean(c(per3i4, per3i9, per3i14, per3i19), na.rm = TRUE), 2),
         agree_M = round(mean(c(per3i2, per3i7, per3i12, per3i17), na.rm = TRUE), 2),
         consc_M = round(mean(c(per3i3, per3i8, per3i13, per3i18), na.rm = TRUE), 2),
         open_M  = round(mean(c(per3i5, per3i10, per3i15, per3i20, per3i21), na.rm = TRUE), 2)) %>%
  select(id, extra_M, neuro_M, agree_M, consc_M, open_M)

anchor3 <- anchor3 %>% select(id, age, relstat, starts_with(""ehc2p""), sat6, sat2) %>%
  rename(aget3 = age,
         lifesatt3 = sat6,
         sinsatt3 = sat2) %>%
  mutate(relt3 = ifelse(relstat == 1 |
                          relstat == 6 |
                          relstat == 9, 0, 1)) %>% 
  replace(((.) < 0), NA) %>%
  select(-c(ehc2p1, ehc2p2, ehc2p3, ehc2p4, ehc2p5)) %>%
  mutate(months_rel_t2_t3 = rowSums(.[c(4:163)], na.rm = TRUE)) %>%
  select(id, aget3, relt3, months_rel_t2_t3, lifesatt3, sinsatt3)",match,"The code constructs personality variables as mean scores of their component items at each wave, consistent with the paper’s description of using wave-specific mean scores for traits. Additional steps (e.g., reverse-coding, rounding) are standard scoring procedures and do not contradict the described transformation approach.",,
avilles,45,"Pearson correlation between T3 life satisfaction and extraversion, testing whether extraversion relates to life satisfaction at the third measurement. The association was positive, r ≈ .12, p < .005.",Inference Specification,All correlations were significant at p < .005.,,unknown,"The paper states an inference criterion of p < .005, but there is no corresponding code provided to verify how p-values or significance thresholds were implemented.",,
avilles,46,"Pearson correlation between T1 singlehood satisfaction and neuroticism, examining whether more neurotic singles are less satisfied with being single at baseline. The correlation was negative, r ≈ −.16, p < .005.",Model Specification,Table 2. Descriptive Characteristics and Pearson Correlations Among the Study Variables.,"#### Table 2: Descriptive characteristics and Pearson correlations among study variables ###############

# Correlations across key variables

library(Hmisc)

cor <- rcorr(as.matrix(data[, c(""sinsatt1"", ""sinsatt2"", ""sinsatt3"", ""lifesatt1"", ""lifesatt2"", ""lifesatt3"", ""extra_M"", ""neuro_M"")]), type = ""pearson"")
cor_r <- as.data.frame(round(cor$r, 2))",match,"The paper describes using Pearson correlations, and the code explicitly computes Pearson correlations using rcorr with type set to 'pearson'.",,
avilles,46,"Pearson correlation between T1 singlehood satisfaction and neuroticism, examining whether more neurotic singles are less satisfied with being single at baseline. The correlation was negative, r ≈ −.16, p < .005.",Variable Specification,"Table 2. Descriptive Characteristics and Pearson Correlations Among the Study Variables.

""Variable 1. T1 singlehood satisfaction (n = 2,883)  ...  8. Neuroticism (n = 2,928) −.16 ...""

""Satisfaction with singlehood and life satisfaction were positively correlated with each other: The more satisfied singles felt with their singlehood, the more satisfied they were with their lives. Both satisfaction measures were positively associated with extraversion and negatively associated with neuroticism.""","#### Table 2: Descriptive characteristics and Pearson correlations among study variables ###############

# Correlations across key variables

library(Hmisc)

cor <- rcorr(as.matrix(data[, c(""sinsatt1"", ""sinsatt2"", ""sinsatt3"", ""lifesatt1"", ""lifesatt2"", ""lifesatt3"", ""extra_M"", ""neuro_M"")]), type = ""pearson"")
cor_r <- as.data.frame(round(cor$r, 2))

# sample sizes
row.names(cor_r)[1:8] <- c(paste0(""1. T1 Satisfaction with singlehood (n = "", cor$n[1,1], "")""),
                           paste0(""2. T2 Satisfaction with singlehood (n = "", cor$n[2,2], "")""),
                           paste0(""3. T3 Satisfaction with singlehood (n = "", cor$n[3,3], "")""),
                           paste0(""4. T1 Life satisfaction (n = "", cor$n[4,4], "")""),
                           paste0(""5. T2 Life satisfaction (n = "", cor$n[5,5], "")""),
                           paste0(""6. T3 Life satisfaction (n = "", cor$n[6,6], "")""),
                           paste0(""7. Extraversion (n = "", cor$n[7,7], "")""),
                           paste0(""8. Neuroticism (n = "", cor$n[8,8], "")""))

colnames(cor_r) <- c(1:8)

# means & SDs
M_SD <- data %>% ungroup() %>% select(sinsatt1, sinsatt2, sinsatt3, lifesatt1, lifesatt2, lifesatt3, extra_M, neuro_M) %>%
  summarise_all(funs(mean, sd), na.rm = TRUE) %>%
  mutate(across(everything(), round, 2))",match,"The code computes a Pearson correlation matrix including T1 singlehood satisfaction and neuroticism, labeled exactly as in the paper’s Table 2, so the variables and their roles in the correlation analysis align with the description.",,
avilles,46,"Pearson correlation between T1 singlehood satisfaction and neuroticism, examining whether more neurotic singles are less satisfied with being single at baseline. The correlation was negative, r ≈ −.16, p < .005.",Transformation Specification,"Personality traits were assessed in Waves 2, 10, and 11 (the latter only for the refreshment sample) in the CASI mode with a short version of the Big Five Inventory (Rammstedt & John, 2005). The dimensions extraversion (e.g., “I get enthusiastic easily and can motivate others easily”) and neuroticism (e.g., “I worry a lot”) were assessed with four items each. The response format ranged from 1 (absolutely incorrect) to 5 (absolutely correct). For each trait, we used wave-specific mean scores.","anchor2 <- anchor2 %>% select(id, age, relstat, starts_with(""ehc2p""), sat6, sat2, starts_with(""per3i"")) %>%
  rename(aget2 = age,
         lifesatt2 = sat6,
         sinsatt2 = sat2) %>%
  replace(((.) < 0), NA) %>%
  mutate(relt2 = ifelse(relstat == 1 |
                          relstat == 6 |
                          relstat == 9, 0, 1)) %>% 
  select(-c(ehc2p1, ehc2p2, ehc2p3, ehc2p4, ehc2p5)) %>%
  mutate(months_rel_t1_t2 = rowSums(.[c(4:93)], na.rm = TRUE)) %>%
  mutate_at(c(96:116), as.numeric) %>%
  mutate_at(c(""per3i1"", ""per3i11"", ""per3i9"", ""per3i2"", ""per3i12"", ""per3i17"", ""per3i8"", ""per3i21""),
            ~ recode(., ""1"" = 5, ""2"" = 4, ""3"" = 3, 
                     ""4"" = 2, ""5"" = 1)) %>%
  rowwise() %>%
  mutate(extra_M = round(mean(c(per3i1, per3i6, per3i11, per3i16), na.rm = TRUE), 2),
         neuro_M = round(mean(c(per3i4, per3i9, per3i14, per3i19), na.rm = TRUE), 2),
         agree_M = round(mean(c(per3i2, per3i7, per3i12, per3i17), na.rm = TRUE), 2),
         consc_M = round(mean(c(per3i3, per3i8, per3i13, per3i18), na.rm = TRUE), 2),
         open_M = round(mean(c(per3i5, per3i10, per3i15, per3i20, per3i21), na.rm = TRUE), 2)) %>%
  select(id, aget2, relt2, months_rel_t1_t2, lifesatt2, sinsatt2, extra_M, neuro_M, agree_M, consc_M, open_M)

anchor11 <- anchor11 %>% select(id, sex_gen, ethni, cohort, age, relstat, np, sat6, sat2, starts_with(""per3i"")) %>%
  rename(sex = sex_gen,
         aget1 = age,
         lifesatt1 = sat6,
         sinsatt1 = sat2,
         prevrel = np) %>%
  mutate(relt1 = ifelse(relstat == 1 |
                           relstat == 6 |
                           relstat == 9, 0, 1),
         sex = sex - 1) %>% 
  replace(((.) < 0), NA) %>%
  mutate_at(c(10:30), as.numeric) %>%
  mutate_at(c(""per3i1"", ""per3i11"", ""per3i9"", ""per3i2"", ""per3i12"", ""per3i17"", ""per3i8"", ""per3i21""),
            ~ recode(., ""1"" = 5, ""2"" = 4, ""3"" = 3, 
                     ""4"" = 2, ""5"" = 1)) %>%
  rowwise() %>%
  mutate(extra_M = round(mean(c(per3i1, per3i6, per3i11, per3i16), na.rm = TRUE), 2),
         neuro_M = round(mean(c(per3i4, per3i9, per3i14, per3i19), na.rm = TRUE), 2),
         agree_M = round(mean(c(per3i2, per3i7, per3i12, per3i17), na.rm = TRUE), 2),
         consc_M = round(mean(c(per3i3, per3i8, per3i13, per3i18), na.rm = TRUE), 2),
         open_M = round(mean(c(per3i5, per3i10, per3i15, per3i20, per3i21), na.rm = TRUE), 2)) %>%
  select(id, sex, ethni, cohort, aget1, relt1, prevrel, lifesatt1, sinsatt1, extra_M, neuro_M, agree_M, consc_M, open_M)

anchor10 <- anchor10 %>% select(id, starts_with(""per3i"")) %>%
  mutate_at(c(2:22), as.numeric) %>%
  mutate_at(c(""per3i1"", ""per3i11"", ""per3i9"", ""per3i2"", ""per3i12"", ""per3i17"", ""per3i8"", ""per3i21""),
            ~ recode(., ""1"" = 5, ""2"" = 4, ""3"" = 3, 
                     ""4"" = 2, ""5"" = 1)) %>% 
  replace(((.) < 0), NA) %>%
  rowwise() %>%
  mutate(extra_M = round(mean(c(per3i1, per3i6, per3i11, per3i16), na.rm = TRUE), 2),
         neuro_M = round(mean(c(per3i4, per3i9, per3i14, per3i19), na.rm = TRUE), 2),
         agree_M = round(mean(c(per3i2, per3i7, per3i12, per3i17), na.rm = TRUE), 2),
         consc_M = round(mean(c(per3i3, per3i8, per3i13, per3i18), na.rm = TRUE), 2),
         open_M  = round(mean(c(per3i5, per3i10, per3i15, per3i20, per3i21), na.rm = TRUE), 2)) %>%
  select(id, extra_M, neuro_M, agree_M, consc_M, open_M)

anchor11_13 <- anchor11_13 %>% left_join(anchor10, by = ""id"") %>%
  mutate(extra_M = ifelse(is.na(extra_M.x), extra_M.y, extra_M.x),
         neuro_M = ifelse(is.na(neuro_M.x), neuro_M.y, neuro_M.x),
         agree_M = ifelse(is.na(agree_M.x), agree_M.y, agree_M.x),
         consc_M = ifelse(is.na(consc_M.x), consc_M.y, consc_M.x),
         open_M = ifelse(is.na(open_M.x), open_M.y, open_M.x)) %>%
  select(-c(21:30))",match,"The code computes wave-specific mean scores for neuroticism from four items (with appropriate reverse-coding and handling of invalid values), which is consistent with the paper’s description of using mean scores from a short Big Five inventory. Any additional details in the code (e.g., reverse-coding, rounding, and setting negative values to NA) are reasonable implementations and do not contradict the transformation description in the paper.",,
avilles,46,"Pearson correlation between T1 singlehood satisfaction and neuroticism, examining whether more neurotic singles are less satisfied with being single at baseline. The correlation was negative, r ≈ −.16, p < .005.",Inference Specification,"Table 2. Descriptive Characteristics and Pearson Correlations Among the Study Variables. ... Note. Satisfaction with singlehood and life satisfaction ranged from 0 to 10. Extraversion and neuroticism ranged from 1 to 5. Extraversion and neuroticism were assessed in Waves 2, 6, and 11, depending on participants’ cohort membership. All correlations were significant at p < .005.","library(Hmisc)

cor <- rcorr(as.matrix(data[, c(""sinsatt1"", ""sinsatt2"", ""sinsatt3"", ""lifesatt1"", ""lifesatt2"", ""lifesatt3"", ""extra_M"", ""neuro_M"")]), type = ""pearson"")",mismatch,"The paper specifies an inference criterion of p < .005 for determining significance, whereas the code only computes correlations and p-values without encoding or applying this threshold. Thus, the inferential decision rule described in the paper is not implemented in the provided code segment.",,
avilles,47,"Pearson correlation between T2 singlehood satisfaction and neuroticism, testing associations between neuroticism and later singlehood satisfaction. The correlation was negative, r ≈ −.15, p < .005.",Model Specification,Table 2. Descriptive Characteristics and Pearson Correlations Among the Study Variables.,"library(Hmisc)

cor <- rcorr(as.matrix(data[, c(""sinsatt1"", ""sinsatt2"", ""sinsatt3"", ""lifesatt1"", ""lifesatt2"", ""lifesatt3"", ""extra_M"", ""neuro_M"")]), type = ""pearson"")
cor_r <- as.data.frame(round(cor$r, 2))",match,"The paper describes Pearson correlations among study variables, and the code uses a Pearson correlation procedure to generate the correlation matrix used in Table 2.",,
avilles,47,"Pearson correlation between T2 singlehood satisfaction and neuroticism, testing associations between neuroticism and later singlehood satisfaction. The correlation was negative, r ≈ −.15, p < .005.",Variable Specification,"Table 2. Descriptive Characteristics and Pearson Correlations Among the Study Variables.
Variable 1 2 3 4 5 6 7 8
1. T1 singlehood satisfaction (n = 2,883)  
2. T2 singlehood satisfaction (n = 2,894) .48  
3. T3 singlehood satisfaction (n = 2,890) .43 .55  
4. T1 life satisfaction (n = 2,935) .34 .25 .24  
5. T2 life satisfaction (n = 2,932) .26 .32 .23 .54  
6. T3 life satisfaction (n = 2,934) .23 .23 .30 .45 .53  
7. Extraversion (n = 2,927) .07 .05 .07 .16 .20 .12  
8. Neuroticism (n = 2,928) −.16 −.15 −.16 −.30 −.33 −.28 −.27  
M 6.77 6.51 6.48 7.55 7.49 7.28 3.31 2.74
SD 2.39 2.48 2.39 1.78 1.73 1.73 0.88 0.83
Note. Satisfaction with singlehood and life satisfaction ranged from 0 to 10. Extraversion and neuroticism ranged from 1 to 5. Extraversion and 
neuroticism were assessed in Waves 2, 6, and 11, depending on participants’ cohort membership. All correlations were significant at p < .005.

""Table 2 shows the means, standard deviations, and zero-order correlations among the study variables across birth cohorts and age groups (see Supplemental Table S2 for 
means and standard deviations separated by birth cohorts and age groups). Satisfaction with singlehood and life satisfaction were positively correlated with each other: The more 
satisfied singles felt with their singlehood, the more satisfied they were with their lives. Both satisfaction measures were positively associated with extraversion and negatively asso-
ciated with neuroticism.""","#### Table 2: Descriptive characteristics and Pearson correlations among study variables ###############

# Correlations across key variables

library(Hmisc)

cor <- rcorr(as.matrix(data[, c(""sinsatt1"", ""sinsatt2"", ""sinsatt3"", ""lifesatt1"", ""lifesatt2"", ""lifesatt3"", ""extra_M"", ""neuro_M"")]), type = ""pearson"")",match,"The code computes Pearson correlations between T2 singlehood satisfaction (sinsatt2) and neuroticism (neuro_M), matching the variables described in Table 2. Both are included as Study variables in a zero-order correlation matrix, consistent with the paper’s description.",,
avilles,47,"Pearson correlation between T2 singlehood satisfaction and neuroticism, testing associations between neuroticism and later singlehood satisfaction. The correlation was negative, r ≈ −.15, p < .005.",Transformation Specification,"“The dimensions extraversion (e.g., ‘I get enthusiastic easily and can motivate others easily’) and neuroticism (e.g., ‘I worry a lot’) were assessed with four items each. The response format ranged from 1 (absolutely incorrect) to 5 (absolutely correct). For each trait, we used wave-specific mean scores.”

“For the remaining hypotheses (Hypotheses 3-10) and research questions (Research Questions 1 and 2), we focused on participants who were continuously single between T1 and T3 and therefore excluded participants who reported being in a romantic relationship at some point during this period (‘Do you currently have a partner?’ ‘Did you have a partner sometime after [date of interview previous wave]?’; n = 14,761).”","### Participants from wave 2 ###
anchor2 <- anchor2 %>% select(id, age, relstat, starts_with(""ehc2p""), sat6, sat2, starts_with(""per3i"")) %>%
  rename(aget2 = age,
         lifesatt2 = sat6,
         sinsatt2 = sat2) %>%
  replace(((.) < 0), NA) %>%
  mutate(relt2 = ifelse(relstat == 1 |
                          relstat == 6 |
                          relstat == 9, 0, 1)) %>% 
  select(-c(ehc2p1, ehc2p2, ehc2p3, ehc2p4, ehc2p5)) %>%
  mutate(months_rel_t1_t2 = rowSums(.[c(4:93)], na.rm = TRUE)) %>%
  mutate_at(c(96:116), as.numeric) %>%
  mutate_at(c(""per3i1"", ""per3i11"", ""per3i9"", ""per3i2"", ""per3i12"", ""per3i17"", ""per3i8"", ""per3i21""),
            ~ recode(., ""1"" = 5, ""2"" = 4, ""3"" = 3, 
                     ""4"" = 2, ""5"" = 1)) %>%
  rowwise() %>%
  mutate(extra_M = round(mean(c(per3i1, per3i6, per3i11, per3i16), na.rm = TRUE), 2),
         neuro_M = round(mean(c(per3i4, per3i9, per3i14, per3i19), na.rm = TRUE), 2),
         agree_M = round(mean(c(per3i2, per3i7, per3i12, per3i17), na.rm = TRUE), 2),
         consc_M = round(mean(c(per3i3, per3i8, per3i13, per3i18), na.rm = TRUE), 2),
         open_M = round(mean(c(per3i5, per3i10, per3i15, per3i20, per3i21), na.rm = TRUE), 2)) %>%
  select(id, aget2, relt2, months_rel_t1_t2, lifesatt2, sinsatt2, extra_M, neuro_M, agree_M, consc_M, open_M)

### Participants from wave 11 ###
anchor11 <- anchor11 %>% select(id, sex_gen, ethni, cohort, age, relstat, np, sat6, sat2, starts_with(""per3i"")) %>%
  rename(sex = sex_gen,
         aget1 = age,
         lifesatt1 = sat6,
         sinsatt1 = sat2,
         prevrel = np) %>%
  mutate(relt1 = ifelse(relstat == 1 |
                           relstat == 6 |
                           relstat == 9, 0, 1),
         sex = sex - 1) %>% 
  replace(((.) < 0), NA) %>%
  mutate_at(c(10:30), as.numeric) %>%
  mutate_at(c(""per3i1"", ""per3i11"", ""per3i9"", ""per3i2"", ""per3i12"", ""per3i17"", ""per3i8"", ""per3i21""),
            ~ recode(., ""1"" = 5, ""2"" = 4, ""3"" = 3, 
                     ""4"" = 2, ""5"" = 1)) %>%
  rowwise() %>%
  mutate(extra_M = round(mean(c(per3i1, per3i6, per3i11, per3i16), na.rm = TRUE), 2),
         neuro_M = round(mean(c(per3i4, per3i9, per3i14, per3i19), na.rm = TRUE), 2),
         agree_M = round(mean(c(per3i2, per3i7, per3i12, per3i17), na.rm = TRUE), 2),
         consc_M = round(mean(c(per3i3, per3i8, per3i13, per3i18), na.rm = TRUE), 2),
         open_M = round(mean(c(per3i5, per3i10, per3i15, per3i20, per3i21), na.rm = TRUE), 2)) %>%
  select(id, sex, ethni, cohort, aget1, relt1, prevrel, lifesatt1, sinsatt1, extra_M, neuro_M, agree_M, consc_M, open_M)

### Filling in missing Big Five traits from Wave 10 ###
anchor10 <- anchor10 %>% select(id, starts_with(""per3i"")) %>%
  mutate_at(c(2:22), as.numeric) %>%
  mutate_at(c(""per3i1"", ""per3i11"", ""per3i9"", ""per3i2"", ""per3i12"", ""per3i17"", ""per3i8"", ""per3i21""),
            ~ recode(., ""1"" = 5, ""2"" = 4, ""3"" = 3, 
                     ""4"" = 2, ""5"" = 1)) %>% 
  replace(((.) < 0), NA) %>%
  rowwise() %>%
  mutate(extra_M = round(mean(c(per3i1, per3i6, per3i11, per3i16), na.rm = TRUE), 2),
         neuro_M = round(mean(c(per3i4, per3i9, per3i14, per3i19), na.rm = TRUE), 2),
         agree_M = round(mean(c(per3i2, per3i7, per3i12, per3i17), na.rm = TRUE), 2),
         consc_M = round(mean(c(per3i3, per3i8, per3i13, per3i18), na.rm = TRUE), 2),
         open_M  = round(mean(c(per3i5, per3i10, per3i15, per3i20, per3i21), na.rm = TRUE), 2)) %>%
  select(id, extra_M, neuro_M, agree_M, consc_M, open_M)

######################### FILTER PARTICIPANTS ##############################

### single at T1 ###
data <- data %>% filter(relt1 == 0) # N = 8,321

### single throughout T1-3 ###
data <- data %>% filter(months_rel_t1_t2 == 0, relt2 == 0, months_rel_t2_t3 == 0, relt3 == 0) # N = 3,161

### missings on both well-being measures ###
data <- data %>% filter(!(is.na(lifesatt1) & is.na(sinsatt1))) # N = 3,161

### only include first-time report ###
data <- data %>% group_by(id) %>% # N = 2,936
  mutate(total = sum(n()),
         unique = ifelse(total == 1, 1, 0)) %>%
  select(-total) %>% arrange(id) %>% slice_head() %>% select(-unique)",match,"The code applies wave-specific mean scores for neuroticism items and restricts the sample to participants continuously single between T1 and T3, consistent with the paper’s described transformations for this analysis. Additional recoding (reverse-scoring, missing-value handling) is standard and not in conflict with the reported procedure.",,
avilles,47,"Pearson correlation between T2 singlehood satisfaction and neuroticism, testing associations between neuroticism and later singlehood satisfaction. The correlation was negative, r ≈ −.15, p < .005.",Inference Specification,"""All correlations were significant at p < .005.""",,unknown,"The paper specifies an inference criterion of p < .005 for the correlations, but no corresponding code is provided to verify how statistical significance was determined.",,
avilles,48,"Pearson correlation between T3 singlehood satisfaction and neuroticism, assessing whether neuroticism is associated with lower satisfaction with singlehood at the third wave. The association was negative, r ≈ −.16, p < .005.",Model Specification,"Table 2. Descriptive Characteristics and Pearson Correlations Among the Study Variables.

""Table 2 shows the means, standard deviations, and zero- order correlations among the study variables across birth cohorts and age groups (see Supplemental Table S2 for means and standard deviations separated by birth cohorts and age groups).""","library(Hmisc)

cor <- rcorr(as.matrix(data[, c(""sinsatt1"", ""sinsatt2"", ""sinsatt3"", ""lifesatt1"", ""lifesatt2"", ""lifesatt3"", ""extra_M"", ""neuro_M"")]), type = ""pearson"")
cor_r <- as.data.frame(round(cor$r, 2))",match,"The paper describes using zero-order Pearson correlations, and the code computes Pearson correlation coefficients among the specified variables using rcorr with type='pearson'.",,
avilles,48,"Pearson correlation between T3 singlehood satisfaction and neuroticism, assessing whether neuroticism is associated with lower satisfaction with singlehood at the third wave. The association was negative, r ≈ −.16, p < .005.",Variable Specification,"Table 2 shows the means, standard deviations, and zero-order correlations among the study variables across birth cohorts and age groups (see Supplemental Table S2 for means and standard deviations separated by birth cohorts and age groups). Satisfaction with singlehood and life satisfaction were positively correlated with each other: The more satisfied singles felt with their singlehood, the more satisfied they were with their lives. Both satisfaction measures were positively associated with extraversion and negatively associated with neuroticism.
...
Table 2. Descriptive Characteristics and Pearson Correlations Among the Study Variables.
...
Note. Satisfaction with singlehood and life satisfaction ranged from 0 to 10. Extraversion and neuroticism ranged from 1 to 5. Extraversion and neuroticism were assessed in Waves 2, 6, and 11, depending on participants’ cohort membership. All correlations were significant at p < .005.","cor <- rcorr(as.matrix(data[, c(""sinsatt1"", ""sinsatt2"", ""sinsatt3"", ""lifesatt1"", ""lifesatt2"", ""lifesatt3"", ""extra_M"", ""neuro_M"")]), type = ""pearson"")
...
M_SD <- data %>% ungroup() %>% select(sinsatt1, sinsatt2, sinsatt3, lifesatt1, lifesatt2, lifesatt3, extra_M, neuro_M) %>%
  summarise_all(funs(mean, sd), na.rm = TRUE) %>%
  mutate(across(everything(), round, 2))",match,"The code computes a Pearson correlation between T3 satisfaction with singlehood (sinsatt3) and neuroticism (neuro_M), which aligns with the paper’s description of correlating T3 singlehood satisfaction with neuroticism. The variables used and their roles in the analysis match the study’s variable definitions for this correlation matrix.",,
avilles,48,"Pearson correlation between T3 singlehood satisfaction and neuroticism, assessing whether neuroticism is associated with lower satisfaction with singlehood at the third wave. The association was negative, r ≈ −.16, p < .005.",Transformation Specification,"Satisfaction with singlehood was measured at each assessment with a single item: ""How satisfied are you with your situation as a single?,"" ranging from 0 (very dissatisfied) to 10 (very satisfied).

The dimensions extraversion (e.g., “I get enthusiastic easily and can motivate others eas- ily”) and neuroticism (e.g., “I worry a lot”) were assessed with four items each. The response format ranged from 1 (absolutely incorrect) to 5 (absolutely correct). For each trait, we used wave-specific mean scores.","### Participants from wave 2 ###
anchor2 <- anchor2 %>% select(id, age, relstat, starts_with(""ehc2p""), sat6, sat2, starts_with(""per3i"")) %>%
  rename(aget2 = age,
         lifesatt2 = sat6,
         sinsatt2 = sat2) %>%
  replace(((.) < 0), NA) %>%
  mutate(relt2 = ifelse(relstat == 1 |
                          relstat == 6 |
                          relstat == 9, 0, 1)) %>% 
  select(-c(ehc2p1, ehc2p2, ehc2p3, ehc2p4, ehc2p5)) %>%
  mutate(months_rel_t1_t2 = rowSums(.[c(4:93)], na.rm = TRUE)) %>%
  mutate_at(c(96:116), as.numeric) %>%
  mutate_at(c(""per3i1"", ""per3i11"", ""per3i9"", ""per3i2"", ""per3i12"", ""per3i17"", ""per3i8"", ""per3i21""),
            ~ recode(., ""1"" = 5, ""2"" = 4, ""3"" = 3, 
                     ""4"" = 2, ""5"" = 1)) %>%
  rowwise() %>%
  mutate(extra_M = round(mean(c(per3i1, per3i6, per3i11, per3i16), na.rm = TRUE), 2),
         neuro_M = round(mean(c(per3i4, per3i9, per3i14, per3i19), na.rm = TRUE), 2),
         agree_M = round(mean(c(per3i2, per3i7, per3i12, per3i17), na.rm = TRUE), 2),
         consc_M = round(mean(c(per3i3, per3i8, per3i13, per3i18), na.rm = TRUE), 2),
         open_M = round(mean(c(per3i5, per3i10, per3i15, per3i20, per3i21), na.rm = TRUE), 2)) %>%
  select(id, aget2, relt2, months_rel_t1_t2, lifesatt2, sinsatt2, extra_M, neuro_M, agree_M, consc_M, open_M)

### Participants from wave 3 ###
anchor3 <- anchor3 %>% select(id, age, relstat, starts_with(""ehc2p""), sat6, sat2) %>%
  rename(aget3 = age,
         lifesatt3 = sat6,
         sinsatt3 = sat2) %>%
  mutate(relt3 = ifelse(relstat == 1 |
                          relstat == 6 |
                          relstat == 9, 0, 1)) %>% 
  replace(((.) < 0), NA) %>%
  select(-c(ehc2p1, ehc2p2, ehc2p3, ehc2p4, ehc2p5)) %>%
  mutate(months_rel_t2_t3 = rowSums(.[c(4:163)], na.rm = TRUE)) %>%
  select(id, aget3, relt3, months_rel_t2_t3, lifesatt3, sinsatt3)

### Participants from wave 11 ###
anchor11 <- anchor11 %>% select(id, sex_gen, ethni, cohort, age, relstat, np, sat6, sat2, starts_with(""per3i"")) %>%
  rename(sex = sex_gen,
         aget1 = age,
         lifesatt1 = sat6,
         sinsatt1 = sat2,
         prevrel = np) %>%
  mutate(relt1 = ifelse(relstat == 1 |
                           relstat == 6 |
                           relstat == 9, 0, 1),
         sex = sex - 1) %>% 
  replace(((.) < 0), NA) %>%
  mutate_at(c(10:30), as.numeric) %>%
  mutate_at(c(""per3i1"", ""per3i11"", ""per3i9"", ""per3i2"", ""per3i12"", ""per3i17"", ""per3i8"", ""per3i21""),
            ~ recode(., ""1"" = 5, ""2"" = 4, ""3"" = 3, 
                     ""4"" = 2, ""5"" = 1)) %>%
  rowwise() %>%
  mutate(extra_M = round(mean(c(per3i1, per3i6, per3i11, per3i16), na.rm = TRUE), 2),
         neuro_M = round(mean(c(per3i4, per3i9, per3i14, per3i19), na.rm = TRUE), 2),
         agree_M = round(mean(c(per3i2, per3i7, per3i12, per3i17), na.rm = TRUE), 2),
         consc_M = round(mean(c(per3i3, per3i8, per3i13, per3i18), na.rm = TRUE), 2),
         open_M = round(mean(c(per3i5, per3i10, per3i15, per3i20, per3i21), na.rm = TRUE), 2)) %>%
  select(id, sex, ethni, cohort, aget1, relt1, prevrel, lifesatt1, sinsatt1, extra_M, neuro_M, agree_M, consc_M, open_M)

### Participants from wave 13 ###
anchor13 <- anchor13 %>% select(id, age, relstat, starts_with(""ehc2p""), sat6, sat2) %>%
  rename(aget3 = age,
         lifesatt3 = sat6,
         sinsatt3 = sat2) %>%
  mutate(relt3 = ifelse(relstat == 1 |
                           relstat == 6 |
                           relstat == 9, 0, 1)) %>% 
  replace(((.) < 0), NA) %>%
  select(-c(ehc2p1, ehc2p2, ehc2p3, ehc2p4, ehc2p5)) %>%
  mutate(months_rel_t2_t3 = rowSums(.[c(4:163)], na.rm = TRUE)) %>%
  select(id, aget3, relt3, months_rel_t2_t3, lifesatt3, sinsatt3)

### Filling in missing Big Five traits from Wave 10 ###
anchor10 <- anchor10 %>% select(id, starts_with(""per3i"")) %>%
  mutate_at(c(2:22), as.numeric) %>%
  mutate_at(c(""per3i1"", ""per3i11"", ""per3i9"", ""per3i2"", ""per3i12"", ""per3i17"", ""per3i8"", ""per3i21""),
            ~ recode(., ""1"" = 5, ""2"" = 4, ""3"" = 3, 
                     ""4"" = 2, ""5"" = 1)) %>% 
  replace(((.) < 0), NA) %>%
  rowwise() %>%
  mutate(extra_M = round(mean(c(per3i1, per3i6, per3i11, per3i16), na.rm = TRUE), 2),
         neuro_M = round(mean(c(per3i4, per3i9, per3i14, per3i19), na.rm = TRUE), 2),
         agree_M = round(mean(c(per3i2, per3i7, per3i12, per3i17), na.rm = TRUE), 2),
         consc_M = round(mean(c(per3i3, per3i8, per3i13, per3i18), na.rm = TRUE), 2),
         open_M  = round(mean(c(per3i5, per3i10, per3i15, per3i20, per3i21), na.rm = TRUE), 2)) %>%
  select(id, extra_M, neuro_M, agree_M, consc_M, open_M)

#########################
# Correlations across key variables (includes T3 singlehood satisfaction and neuroticism)
cor <- rcorr(as.matrix(data[, c(""sinsatt1"", ""sinsatt2"", ""sinsatt3"", ""lifesatt1"", ""lifesatt2"", ""lifesatt3"", ""extra_M"", ""neuro_M"")]), type = ""pearson"")",match,"The code computes wave-specific mean scores for neuroticism from four 1–5 items and uses the single-item 0–10 singlehood satisfaction measure without additional scaling, consistent with the paper’s description of transformations. Additional steps (reverse-coding some items, setting negative values to NA, rounding) do not contradict the described measurement approach.",,
avilles,48,"Pearson correlation between T3 singlehood satisfaction and neuroticism, assessing whether neuroticism is associated with lower satisfaction with singlehood at the third wave. The association was negative, r ≈ −.16, p < .005.",Inference Specification,"Note. Satisfaction with singlehood and life satisfaction ranged from 0 to 10. Extraversion and neuroticism ranged from 1 to 5. Extraversion and neuroticism were assessed in Waves 2, 6, and 11, depending on participants’ cohort membership. All correlations were significant at p < .005.",,unknown,"The paper specifies an inference criterion of p < .005 for all correlations, but no corresponding code or settings related to p-values or alpha are provided to verify this implementation.",,
avilles,49,"Pearson correlation between T1 life satisfaction and neuroticism, evaluating whether neuroticism is linked to reduced life satisfaction at baseline among singles. The correlation was moderately negative, r ≈ −.30, p < .005.",Model Specification,Table 2. Descriptive Characteristics and Pearson Correlations Among the Study Variables.,"#### Table 2: Descriptive characteristics and Pearson correlations among study variables ###############

# Correlations across key variables

library(Hmisc)

cor <- rcorr(as.matrix(data[, c(""sinsatt1"", ""sinsatt2"", ""sinsatt3"", ""lifesatt1"", ""lifesatt2"", ""lifesatt3"", ""extra_M"", ""neuro_M"")]), type = ""pearson"")
cor_r <- as.data.frame(round(cor$r, 2))",match,"The paper describes using Pearson correlations for Table 2, and the code implements Pearson correlations via rcorr with type set to 'pearson'.",,
avilles,49,"Pearson correlation between T1 life satisfaction and neuroticism, evaluating whether neuroticism is linked to reduced life satisfaction at baseline among singles. The correlation was moderately negative, r ≈ −.30, p < .005.",Variable Specification,"Table 2. Descriptive Characteristics and Pearson Correlations Among the Study Variables.
...
4. T1 life satisfaction (n = 2,935) .34 .25 .24  
...
8. Neuroticism (n = 2,928) −.16 −.15 −.16 −.30 −.33 −.28 −.27
Note. Satisfaction with singlehood and life satisfaction ranged from 0 to 10. Extraversion and neuroticism ranged from 1 to 5. Extraversion and neuroticism were assessed in Waves 2, 6, and 11, depending on participants’ cohort membership. All correlations were significant at p < .005.","#### Table 2: Descriptive characteristics and Pearson correlations among study variables ###############

# Correlations across key variables

library(Hmisc)

cor <- rcorr(as.matrix(data[, c(""sinsatt1"", ""sinsatt2"", ""sinsatt3"", ""lifesatt1"", ""lifesatt2"", ""lifesatt3"", ""extra_M"", ""neuro_M"")]), type = ""pearson"")
cor_r <- as.data.frame(round(cor$r, 2))

cor_r[1, ] <- NA
cor_r[, 8] <- NA
cor_r[2, 2:7] <- NA
cor_r[3, 3:7] <- NA
cor_r[4, 4:7] <- NA
cor_r[5, 5:7] <- NA
cor_r[6, 6:7] <- NA
cor_r[7, 7] <- NA

# sample sizes
row.names(cor_r)[1:8] <- c(paste0(""1. T1 Satisfaction with singlehood (n = "", cor$n[1,1], "")""),
                           paste0(""2. T2 Satisfaction with singlehood (n = "", cor$n[2,2], "")""),
                           paste0(""3. T3 Satisfaction with singlehood (n = "", cor$n[3,3], "")""),
                           paste0(""4. T1 Life satisfaction (n = "", cor$n[4,4], "")""),
                           paste0(""5. T2 Life satisfaction (n = "", cor$n[5,5], "")""),
                           paste0(""6. T3 Life satisfaction (n = "", cor$n[6,6], "")""),
                           paste0(""7. Extraversion (n = "", cor$n[7,7], "")""),
                           paste0(""8. Neuroticism (n = "", cor$n[8,8], "")""))

colnames(cor_r) <- c(1:8)

# means & SDs
M_SD <- data %>% ungroup() %>% select(sinsatt1, sinsatt2, sinsatt3, lifesatt1, lifesatt2, lifesatt3, extra_M, neuro_M) %>%
  summarise_all(funs(mean, sd), na.rm = TRUE) %>%
  mutate(across(everything(), round, 2))",match,"The code uses T1 life satisfaction (lifesatt1) and neuroticism (neuro_M) as variables in a Pearson correlation matrix, matching the paper’s description of correlating T1 life satisfaction with neuroticism in Table 2. The same set and labeling of variables (three time points of singlehood satisfaction and life satisfaction, plus extraversion and neuroticism) aligns with the variables described in the paper note.",,
avilles,49,"Pearson correlation between T1 life satisfaction and neuroticism, evaluating whether neuroticism is linked to reduced life satisfaction at baseline among singles. The correlation was moderately negative, r ≈ −.30, p < .005.",Transformation Specification,"Personality Traits. Personality traits were assessed in Waves 2, 10, and 11 (the latter only for the refreshment sample) in the CASI mode with a short version of the Big Five Inventory (Rammstedt & John, 2005). The dimensions extraversion (e.g., “I get enthusiastic easily and can motivate others easily”) and neuroticism (e.g., “I worry a lot”) were assessed with four items each. The response format ranged from 1 (absolutely incorrect) to 5 (absolutely correct). For each trait, we used wave-specific mean scores. Specifically, for individuals in the earlier-born cohort, we used personality-trait items from Wave 2; for individuals in the later-born cohort, we used personality-trait items from Waves 10 (birth cohorts 1991-1993 and 1981-1983) and 11 (birth cohort 2001-2003).

Life Satisfaction. Life satisfaction was measured at each assessment with one item: “All in all, how satisfied are you with your life at the moment?” The item was assessed in the CAPI mode ranging from 0 (very dissatisfied) to 10 (very satisfied).","anchor1 <- anchor1 %>% select(id, sex_gen, ethni, cohort, age, sd3, np, sat6, sat2) %>%
  rename(sex = sex_gen,
         aget1 = age,
         relt1 = sd3,
         prevrel = np,
         lifesatt1 = sat6,
         sinsatt1 = sat2) %>%
  replace(((.) < 0), NA) %>%
  mutate(sex = sex - 1,
         relt1 = ifelse(relt1 == 2, 0, relt1))

anchor2 <- anchor2 %>% select(id, age, relstat, starts_with(""ehc2p""), sat6, sat2, starts_with(""per3i"")) %>%
  rename(aget2 = age,
         lifesatt2 = sat6,
         sinsatt2 = sat2) %>%
  replace(((.) < 0), NA) %>%
  mutate(relt2 = ifelse(relstat == 1 |
                          relstat == 6 |
                          relstat == 9, 0, 1)) %>% 
  select(-c(ehc2p1, ehc2p2, ehc2p3, ehc2p4, ehc2p5)) %>%
  mutate(months_rel_t1_t2 = rowSums(.[c(4:93)], na.rm = TRUE)) %>%
  mutate_at(c(96:116), as.numeric) %>%
  mutate_at(c(""per3i1"", ""per3i11"", ""per3i9"", ""per3i2"", ""per3i12"", ""per3i17"", ""per3i8"", ""per3i21""),
            ~ recode(., ""1"" = 5, ""2"" = 4, ""3"" = 3, 
                     ""4"" = 2, ""5"" = 1)) %>%
  rowwise() %>%
  mutate(extra_M = round(mean(c(per3i1, per3i6, per3i11, per3i16), na.rm = TRUE), 2),
         neuro_M = round(mean(c(per3i4, per3i9, per3i14, per3i19), na.rm = TRUE), 2),
         agree_M = round(mean(c(per3i2, per3i7, per3i12, per3i17), na.rm = TRUE), 2),
         consc_M = round(mean(c(per3i3, per3i8, per3i13, per3i18), na.rm = TRUE), 2),
         open_M = round(mean(c(per3i5, per3i10, per3i15, per3i20, per3i21), na.rm = TRUE), 2)) %>%
  select(id, aget2, relt2, months_rel_t1_t2, lifesatt2, sinsatt2, extra_M, neuro_M, agree_M, consc_M, open_M)

anchor11 <- anchor11 %>% select(id, sex_gen, ethni, cohort, age, relstat, np, sat6, sat2, starts_with(""per3i"")) %>%
  rename(sex = sex_gen,
         aget1 = age,
         lifesatt1 = sat6,
         sinsatt1 = sat2,
         prevrel = np) %>%
  mutate(relt1 = ifelse(relstat == 1 |
                           relstat == 6 |
                           relstat == 9, 0, 1),
         sex = sex - 1) %>% 
  replace(((.) < 0), NA) %>%
  mutate_at(c(10:30), as.numeric) %>%
  mutate_at(c(""per3i1"", ""per3i11"", ""per3i9"", ""per3i2"", ""per3i12"", ""per3i17"", ""per3i8"", ""per3i21""),
            ~ recode(., ""1"" = 5, ""2"" = 4, ""3"" = 3, 
                     ""4"" = 2, ""5"" = 1)) %>%
  rowwise() %>%
  mutate(extra_M = round(mean(c(per3i1, per3i6, per3i11, per3i16), na.rm = TRUE), 2),
         neuro_M = round(mean(c(per3i4, per3i9, per3i14, per3i19), na.rm = TRUE), 2),
         agree_M = round(mean(c(per3i2, per3i7, per3i12, per3i17), na.rm = TRUE), 2),
         consc_M = round(mean(c(per3i3, per3i8, per3i13, per3i18), na.rm = TRUE), 2),
         open_M = round(mean(c(per3i5, per3i10, per3i15, per3i20, per3i21), na.rm = TRUE), 2)) %>%
  select(id, sex, ethni, cohort, aget1, relt1, prevrel, lifesatt1, sinsatt1, extra_M, neuro_M, agree_M, consc_M, open_M)

anchor10 <- anchor10 %>% select(id, starts_with(""per3i"")) %>%
  mutate_at(c(2:22), as.numeric) %>%
  mutate_at(c(""per3i1"", ""per3i11"", ""per3i9"", ""per3i2"", ""per3i12"", ""per3i17"", ""per3i8"", ""per3i21""),
            ~ recode(., ""1"" = 5, ""2"" = 4, ""3"" = 3, 
                     ""4"" = 2, ""5"" = 1)) %>% 
  replace(((.) < 0), NA) %>%
  rowwise() %>%
  mutate(extra_M = round(mean(c(per3i1, per3i6, per3i11, per3i16), na.rm = TRUE), 2),
         neuro_M = round(mean(c(per3i4, per3i9, per3i14, per3i19), na.rm = TRUE), 2),
         agree_M = round(mean(c(per3i2, per3i7, per3i12, per3i17), na.rm = TRUE), 2),
         consc_M = round(mean(c(per3i3, per3i8, per3i13, per3i18), na.rm = TRUE), 2),
         open_M  = round(mean(c(per3i5, per3i10, per3i15, per3i20, per3i21), na.rm = TRUE), 2)) %>%
  select(id, extra_M, neuro_M, agree_M, consc_M, open_M)

anchor11_13 <- anchor11_13 %>% left_join(anchor10, by = ""id"") %>%
  mutate(extra_M = ifelse(is.na(extra_M.x), extra_M.y, extra_M.x),
         neuro_M = ifelse(is.na(neuro_M.x), neuro_M.y, neuro_M.x),
         agree_M = ifelse(is.na(agree_M.x), agree_M.y, agree_M.x),
         consc_M = ifelse(is.na(consc_M.x), consc_M.y, consc_M.x),
         open_M = ifelse(is.na(open_M.x), open_M.y, open_M.x)) %>%
  select(-c(21:30))

### single at T1 ###
data <- data %>% filter(relt1 == 0) # N = 8,321

### single throughout T1-3 ###
data <- data %>% filter(months_rel_t1_t2 == 0, relt2 == 0, months_rel_t2_t3 == 0, relt3 == 0) # N = 3,161

### missings on both well-being measures ###
data <- data %>% filter(!(is.na(lifesatt1) & is.na(sinsatt1))) # N = 3,161
",match,"The code computes wave-specific mean scores for neuroticism from the 1–5 items and uses the raw 0–10 life satisfaction item (with invalid negatives set to missing), consistent with the paper’s described transformations. Additional reverse-coding and rounding in the code are standard scale-scoring steps and do not contradict the paper’s description.",,
avilles,49,"Pearson correlation between T1 life satisfaction and neuroticism, evaluating whether neuroticism is linked to reduced life satisfaction at baseline among singles. The correlation was moderately negative, r ≈ −.30, p < .005.",Inference Specification,All correlations were significant at p < .005.,,unknown,"The paper specifies that all correlations were significant at p < .005, but no relevant code is provided to verify the inference criteria used in the implementation.",,
avilles,50,"Pearson correlation between T2 life satisfaction and neuroticism, examining the association at the second wave. The correlation was negative, r ≈ −.33, p < .005.",Model Specification,Table 2. Descriptive Characteristics and Pearson Correlations Among the Study Variables.,"#### Table 2: Descriptive characteristics and Pearson correlations among study variables ###############

# Correlations across key variables

library(Hmisc)

cor <- rcorr(as.matrix(data[, c(""sinsatt1"", ""sinsatt2"", ""sinsatt3"", ""lifesatt1"", ""lifesatt2"", ""lifesatt3"", ""extra_M"", ""neuro_M"")]), type = ""pearson"")
cor_r <- as.data.frame(round(cor$r, 2))",match,"The paper describes Pearson correlations in Table 2, and the code computes Pearson correlations using rcorr for the relevant variables, matching the stated model specification.",,
avilles,50,"Pearson correlation between T2 life satisfaction and neuroticism, examining the association at the second wave. The correlation was negative, r ≈ −.33, p < .005.",Variable Specification,"Table 2. Descriptive Characteristics and Pearson Correlations Among the Study Variables.

""Variable 1 2 3 4 5 6 7 8
...
5. T2 life satisfaction (n = 2,932) .26 .32 .23 .54  
...
8. Neuroticism (n = 2,928) −.16 −.15 −.16 −.30 −.33 −.28 −.27  
M 6.77 6.51 6.48 7.55 7.49 7.28 3.31 2.74
SD 2.39 2.48 2.39 1.78 1.73 1.73 0.88 0.83
Note. Satisfaction with singlehood and life satisfaction ranged from 0 to 10. Extraversion and neuroticism ranged from 1 to 5. Extraversion and 
neuroticism were assessed in Waves 2, 6, and 11, depending on participants’ cohort membership. All correlations were significant at p < .005.""","#### Table 2: Descriptive characteristics and Pearson correlations among study variables ###############

# Correlations across key variables

library(Hmisc)

cor <- rcorr(as.matrix(data[, c(""sinsatt1"", ""sinsatt2"", ""sinsatt3"", ""lifesatt1"", ""lifesatt2"", ""lifesatt3"", ""extra_M"", ""neuro_M"")]), type = ""pearson"")
cor_r <- as.data.frame(round(cor$r, 2))
...
# sample sizes
row.names(cor_r)[1:8] <- c(paste0(""1. T1 Satisfaction with singlehood (n = "", cor$n[1,1], "")""),
                           paste0(""2. T2 Satisfaction with singlehood (n = "", cor$n[2,2], "")""),
                           paste0(""3. T3 Satisfaction with singlehood (n = "", cor$n[3,3], "")""),
                           paste0(""4. T1 Life satisfaction (n = "", cor$n[4,4], "")""),
                           paste0(""5. T2 Life satisfaction (n = "", cor$n[5,5], "")""),
                           paste0(""6. T3 Life satisfaction (n = "", cor$n[6,6], "")""),
                           paste0(""7. Extraversion (n = "", cor$n[7,7], "")""),
                           paste0(""8. Neuroticism (n = "", cor$n[8,8], "")""))
...
# means & SDs
M_SD <- data %>% ungroup() %>% select(sinsatt1, sinsatt2, sinsatt3, lifesatt1, lifesatt2, lifesatt3, extra_M, neuro_M) %>%
  summarise_all(funs(mean, sd), na.rm = TRUE) %>%
  mutate(across(everything(), round, 2))",match,"The code uses T2 life satisfaction (lifesatt2) and a neuroticism variable (neuro_M), labeled as '5. T2 Life satisfaction' and '8. Neuroticism' in the correlation matrix, which aligns with the paper’s description of correlating T2 life satisfaction with neuroticism. Although the construction of neuro_M is not shown, its role and labeling correspond to the paper’s variable specification.",,
avilles,50,"Pearson correlation between T2 life satisfaction and neuroticism, examining the association at the second wave. The correlation was negative, r ≈ −.33, p < .005.",Transformation Specification,"Life Satisfaction. Life satisfaction was measured at each assessment with one item: “All in all, how satisfied are you with your life at the moment?” The item was assessed in the CAPI mode ranging from 0 (very dissatisfied) to 10 (very satisfied).

Personality Traits. Personality traits were assessed in Waves 2, 10, and 11 (the latter only for the refreshment sample) in the CASI mode with a short version of the Big Five Inventory (Rammstedt & John, 2005). The dimensions extraversion (e.g., “I get enthusiastic easily and can motivate others easily”) and neuroticism (e.g., “I worry a lot”) were assessed with four items each. The response format ranged from 1 (absolutely incorrect) to 5 (absolutely correct). For each trait, we used wave-specific mean scores.

For the remaining hypotheses (Hypotheses 3-10) and research questions (Research Questions 1 and 2), we focused on participants who were continuously single between T1 and T3 and therefore excluded participants who reported being in a romantic relationship at some point during this period (“Do you currently have a partner?” “Did you have a partner sometime after [date of interview previous wave]?”; n = 14,761).","anchor2 <- anchor2 %>% select(id, age, relstat, starts_with(""ehc2p""), sat6, sat2, starts_with(""per3i"")) %>%
  rename(aget2 = age,
         lifesatt2 = sat6,
         sinsatt2 = sat2) %>%
  replace(((.) < 0), NA) %>%
  mutate(relt2 = ifelse(relstat == 1 |
                          relstat == 6 |
                          relstat == 9, 0, 1)) %>% 
  select(-c(ehc2p1, ehc2p2, ehc2p3, ehc2p4, ehc2p5)) %>%
  mutate(months_rel_t1_t2 = rowSums(.[c(4:93)], na.rm = TRUE)) %>%
  mutate_at(c(96:116), as.numeric) %>%
  mutate_at(c(""per3i1"", ""per3i11"", ""per3i9"", ""per3i2"", ""per3i12"", ""per3i17"", ""per3i8"", ""per3i21""),
            ~ recode(., ""1"" = 5, ""2"" = 4, ""3"" = 3, 
                     ""4"" = 2, ""5"" = 1)) %>%
  rowwise() %>%
  mutate(extra_M = round(mean(c(per3i1, per3i6, per3i11, per3i16), na.rm = TRUE), 2),
         neuro_M = round(mean(c(per3i4, per3i9, per3i14, per3i19), na.rm = TRUE), 2),
         agree_M = round(mean(c(per3i2, per3i7, per3i12, per3i17), na.rm = TRUE), 2),
         consc_M = round(mean(c(per3i3, per3i8, per3i13, per3i18), na.rm = TRUE), 2),
         open_M = round(mean(c(per3i5, per3i10, per3i15, per3i20, per3i21), na.rm = TRUE), 2)) %>%
  select(id, aget2, relt2, months_rel_t1_t2, lifesatt2, sinsatt2, extra_M, neuro_M, agree_M, consc_M, open_M)
...
anchor10 <- anchor10 %>% select(id, starts_with(""per3i"")) %>%
  mutate_at(c(2:22), as.numeric) %>%
  mutate_at(c(""per3i1"", ""per3i11"", ""per3i9"", ""per3i2"", ""per3i12"", ""per3i17"", ""per3i8"", ""per3i21""),
            ~ recode(., ""1"" = 5, ""2"" = 4, ""3"" = 3, 
                     ""4"" = 2, ""5"" = 1)) %>% 
  replace(((.) < 0), NA) %>%
  rowwise() %>%
  mutate(extra_M = round(mean(c(per3i1, per3i6, per3i11, per3i16), na.rm = TRUE), 2),
         neuro_M = round(mean(c(per3i4, per3i9, per3i14, per3i19), na.rm = TRUE), 2),
         agree_M = round(mean(c(per3i2, per3i7, per3i12, per3i17), na.rm = TRUE), 2),
         consc_M = round(mean(c(per3i3, per3i8, per3i13, per3i18), na.rm = TRUE), 2),
         open_M  = round(mean(c(per3i5, per3i10, per3i15, per3i20, per3i21), na.rm = TRUE), 2)) %>%
  select(id, extra_M, neuro_M, agree_M, consc_M, open_M)

anchor11_13 <- anchor11_13 %>% left_join(anchor10, by = ""id"") %>%
  mutate(extra_M = ifelse(is.na(extra_M.x), extra_M.y, extra_M.x),
         neuro_M = ifelse(is.na(neuro_M.x), neuro_M.y, neuro_M.x),
         agree_M = ifelse(is.na(agree_M.x), agree_M.y, agree_M.x),
         consc_M = ifelse(is.na(consc_M.x), consc_M.y, consc_M.x),
         open_M = ifelse(is.na(open_M.x), open_M.y, open_M.x)) %>%
  select(-c(21:30))",match,"The code constructs wave-specific mean scores for neuroticism after appropriate reverse-coding and uses the raw single-item life satisfaction score (with only missing-value recoding), which aligns with the paper’s description of transformations.",,
avilles,50,"Pearson correlation between T2 life satisfaction and neuroticism, examining the association at the second wave. The correlation was negative, r ≈ −.33, p < .005.",Inference Specification,All correlations were significant at p < .005.,"library(Hmisc)

cor <- rcorr(as.matrix(data[, c(""sinsatt1"", ""sinsatt2"", ""sinsatt3"", ""lifesatt1"", ""lifesatt2"", ""lifesatt3"", ""extra_M"", ""neuro_M"")]), type = ""pearson"")
cor_r <- as.data.frame(round(cor$r, 2))
...
xtable(cor_r)",mismatch,"The paper specifies an inference criterion (all correlations significant at p < .005), but the code only computes and tabulates correlation coefficients without applying or reporting any p-value-based significance threshold. Thus, the code does not implement the stated inference specification from the paper.",,
avilles,51,"Pearson correlation between T3 life satisfaction and neuroticism, evaluating the relationship between neuroticism and life satisfaction at the third wave. The association was negative, r ≈ −.28, p < .005.",Model Specification,Table 2. Descriptive Characteristics and Pearson Correlations Among the Study Variables.,"#### Table 2: Descriptive characteristics and Pearson correlations among study variables ###############

# Correlations across key variables

library(Hmisc)

cor <- rcorr(as.matrix(data[, c(""sinsatt1"", ""sinsatt2"", ""sinsatt3"", ""lifesatt1"", ""lifesatt2"", ""lifesatt3"", ""extra_M"", ""neuro_M"")]), type = ""pearson"")",match,"The paper describes Table 2 as reporting Pearson correlations, and the code computes Pearson correlations among the study variables. Thus, the model specification (Pearson correlation) in the code aligns with the paper description.",,
avilles,51,"Pearson correlation between T3 life satisfaction and neuroticism, evaluating the relationship between neuroticism and life satisfaction at the third wave. The association was negative, r ≈ −.28, p < .005.",Variable Specification,"Table 2. Descriptive Characteristics and Pearson Correlations Among the Study Variables.
...
6. T3 life satisfaction (n = 2,934) .23 .23 .30 .45 .53  
...
8. Neuroticism (n = 2,928) −.16 −.15 −.16 −.30 −.33 −.28 −.27  
...
Note. Satisfaction with singlehood and life satisfaction ranged from 0 to 10. Extraversion and neuroticism ranged from 1 to 5. Extraversion and 
neuroticism were assessed in Waves 2, 6, and 11, depending on participants’ cohort membership. All correlations were significant at p < .005.","#### Table 2: Descriptive characteristics and Pearson correlations among study variables ###############

# Correlations across key variables

library(Hmisc)

cor <- rcorr(as.matrix(data[, c(""sinsatt1"", ""sinsatt2"", ""sinsatt3"", ""lifesatt1"", ""lifesatt2"", ""lifesatt3"", ""extra_M"", ""neuro_M"")]), type = ""pearson"")
cor_r <- as.data.frame(round(cor$r, 2))

cor_r[1, ] <- NA
cor_r[, 8] <- NA
cor_r[2, 2:7] <- NA
cor_r[3, 3:7] <- NA
cor_r[4, 4:7] <- NA
cor_r[5, 5:7] <- NA
cor_r[6, 6:7] <- NA
cor_r[7, 7] <- NA

# sample sizes
row.names(cor_r)[1:8] <- c(paste0(""1. T1 Satisfaction with singlehood (n = "", cor$n[1,1], "")""),
                           paste0(""2. T2 Satisfaction with singlehood (n = "", cor$n[2,2], "")""),
                           paste0(""3. T3 Satisfaction with singlehood (n = "", cor$n[3,3], "")""),
                           paste0(""4. T1 Life satisfaction (n = "", cor$n[4,4], "")""),
                           paste0(""5. T2 Life satisfaction (n = "", cor$n[5,5], "")""),
                           paste0(""6. T3 Life satisfaction (n = "", cor$n[6,6], "")""),
                           paste0(""7. Extraversion (n = "", cor$n[7,7], "")""),
                           paste0(""8. Neuroticism (n = "", cor$n[8,8], "")""))

colnames(cor_r) <- c(1:8)

# means & SDs
M_SD <- data %>% ungroup() %>% select(sinsatt1, sinsatt2, sinsatt3, lifesatt1, lifesatt2, lifesatt3, extra_M, neuro_M) %>%
  summarise_all(funs(mean, sd), na.rm = TRUE) %>%
  mutate(across(everything(), round, 2)) 

cor_r[9, ] <- M_SD[1:8]
cor_r[10, ] <- M_SD[9:16]

row.names(cor_r)[9:10] <- c(""M"", ""SD"")

xtable(cor_r)
",match,"The code computes a Pearson correlation matrix including T3 life satisfaction and neuroticism variables that correspond directly to those reported in the paper’s Table 2, with matching labels and sample sizes. There is no indication of any different or additional variables being used for this specific correlation.",,
avilles,51,"Pearson correlation between T3 life satisfaction and neuroticism, evaluating the relationship between neuroticism and life satisfaction at the third wave. The association was negative, r ≈ −.28, p < .005.",Transformation Specification,"The dimensions extraversion (e.g., ""I get enthusiastic easily and can motivate others easily"") and neuroticism (e.g., ""I worry a lot"") were assessed with four items each. The response format ranged from 1 (absolutely incorrect) to 5 (absolutely correct). For each trait, we used wave-specific mean scores. Specifically, for individuals in the earlier-born cohort, we used personality-trait items from Wave 2; for individuals in the later-born cohort, we used personality-trait items from Waves 10 (birth cohorts 1991-1993 and 1981-1983) and 11 (birth cohort 2001-2003).","anchor2 <- anchor2 %>% select(id, age, relstat, starts_with(""ehc2p""), sat6, sat2, starts_with(""per3i"")) %>%
  rename(aget2 = age,
         lifesatt2 = sat6,
         sinsatt2 = sat2) %>%
  replace(((.) < 0), NA) %>%
  mutate(relt2 = ifelse(relstat == 1 |
                          relstat == 6 |
                          relstat == 9, 0, 1)) %>% 
  select(-c(ehc2p1, ehc2p2, ehc2p3, ehc2p4, ehc2p5)) %>%
  mutate(months_rel_t1_t2 = rowSums(.[c(4:93)], na.rm = TRUE)) %>%
  mutate_at(c(96:116), as.numeric) %>%
  mutate_at(c(""per3i1"", ""per3i11"", ""per3i9"", ""per3i2"", ""per3i12"", ""per3i17"", ""per3i8"", ""per3i21""),
            ~ recode(., ""1"" = 5, ""2"" = 4, ""3"" = 3, 
                     ""4"" = 2, ""5"" = 1)) %>%
  rowwise() %>%
  mutate(extra_M = round(mean(c(per3i1, per3i6, per3i11, per3i16), na.rm = TRUE), 2),
         neuro_M = round(mean(c(per3i4, per3i9, per3i14, per3i19), na.rm = TRUE), 2),
         agree_M = round(mean(c(per3i2, per3i7, per3i12, per3i17), na.rm = TRUE), 2),
         consc_M = round(mean(c(per3i3, per3i8, per3i13, per3i18), na.rm = TRUE), 2),
         open_M = round(mean(c(per3i5, per3i10, per3i15, per3i20, per3i21), na.rm = TRUE), 2)) %>%
  select(id, aget2, relt2, months_rel_t1_t2, lifesatt2, sinsatt2, extra_M, neuro_M, agree_M, consc_M, open_M)
...
anchor11 <- anchor11 %>% select(id, sex_gen, ethni, cohort, age, relstat, np, sat6, sat2, starts_with(""per3i"")) %>%
  rename(sex = sex_gen,
         aget1 = age,
         lifesatt1 = sat6,
         sinsatt1 = sat2,
         prevrel = np) %>%
  mutate(relt1 = ifelse(relstat == 1 |
                           relstat == 6 |
                           relstat == 9, 0, 1),
         sex = sex - 1) %>% 
  replace(((.) < 0), NA) %>%
  mutate_at(c(10:30), as.numeric) %>%
  mutate_at(c(""per3i1"", ""per3i11"", ""per3i9"", ""per3i2"", ""per3i12"", ""per3i17"", ""per3i8"", ""per3i21""),
            ~ recode(., ""1"" = 5, ""2"" = 4, ""3"" = 3, 
                     ""4"" = 2, ""5"" = 1)) %>%
  rowwise() %>%
  mutate(extra_M = round(mean(c(per3i1, per3i6, per3i11, per3i16), na.rm = TRUE), 2),
         neuro_M = round(mean(c(per3i4, per3i9, per3i14, per3i19), na.rm = TRUE), 2),
         agree_M = round(mean(c(per3i2, per3i7, per3i12, per3i17), na.rm = TRUE), 2),
         consc_M = round(mean(c(per3i3, per3i8, per3i13, per3i18), na.rm = TRUE), 2),
         open_M = round(mean(c(per3i5, per3i10, per3i15, per3i20, per3i21), na.rm = TRUE), 2)) %>%
  select(id, sex, ethni, cohort, aget1, relt1, prevrel, lifesatt1, sinsatt1, extra_M, neuro_M, agree_M, consc_M, open_M)
...
anchor10 <- anchor10 %>% select(id, starts_with(""per3i"")) %>%
  mutate_at(c(2:22), as.numeric) %>%
  mutate_at(c(""per3i1"", ""per3i11"", ""per3i9"", ""per3i2"", ""per3i12"", ""per3i17"", ""per3i8"", ""per3i21""),
            ~ recode(., ""1"" = 5, ""2"" = 4, ""3"" = 3, 
                     ""4"" = 2, ""5"" = 1)) %>% 
  replace(((.) < 0), NA) %>%
  rowwise() %>%
  mutate(extra_M = round(mean(c(per3i1, per3i6, per3i11, per3i16), na.rm = TRUE), 2),
         neuro_M = round(mean(c(per3i4, per3i9, per3i14, per3i19), na.rm = TRUE), 2),
         agree_M = round(mean(c(per3i2, per3i7, per3i12, per3i17), na.rm = TRUE), 2),
         consc_M = round(mean(c(per3i3, per3i8, per3i13, per3i18), na.rm = TRUE), 2),
         open_M  = round(mean(c(per3i5, per3i10, per3i15, per3i20, per3i21), na.rm = TRUE), 2)) %>%
  select(id, extra_M, neuro_M, agree_M, consc_M, open_M)

anchor11_13 <- anchor11_13 %>% left_join(anchor10, by = ""id"") %>%
  mutate(extra_M = ifelse(is.na(extra_M.x), extra_M.y, extra_M.x),
         neuro_M = ifelse(is.na(neuro_M.x), neuro_M.y, neuro_M.x),
         agree_M = ifelse(is.na(agree_M.x), agree_M.y, agree_M.x),
         consc_M = ifelse(is.na(consc_M.x), consc_M.y, consc_M.x),
         open_M = ifelse(is.na(open_M.x), open_M.y, open_M.x)) %>%
  select(-c(21:30))",match,"The code computes wave-specific mean scores for neuroticism (and other traits) from four Likert items, consistent with the paper’s description of using four items per trait with wave-specific mean scores; no conflicting transformations are evident for this correlation analysis.",,
avilles,51,"Pearson correlation between T3 life satisfaction and neuroticism, evaluating the relationship between neuroticism and life satisfaction at the third wave. The association was negative, r ≈ −.28, p < .005.",Inference Specification,"Table 2. Descriptive Characteristics and Pearson Correlations Among the Study Variables.
...
Note. Satisfaction with singlehood and life satisfaction ranged from 0 to 10. Extraversion and neuroticism ranged from 1 to 5. Extraversion and neuroticism were assessed in Waves 2, 6, and 11, depending on participants’ cohort membership. All correlations were significant at p < .005.",,unknown,"The paper specifies that all correlations in Table 2 are significant at p < .005, but there is no corresponding code provided to verify how statistical significance was determined or what alpha level was used.",,
avilles,52,"Pearson correlation between extraversion and neuroticism, assessing the association between these two personality traits among singles. The correlation was negative, indicating that more extraverted individuals tended to be less neurotic, r ≈ −.27, p < .005.",Model Specification,"Table 2. Descriptive Characteristics and Pearson Correlations Among the Study Variables.

""Table 2 shows the means, standard deviations, and zero-order correlations among the study variables...""","#### Table 2: Descriptive characteristics and Pearson correlations among study variables ###############

# Correlations across key variables

library(Hmisc)

cor <- rcorr(as.matrix(data[, c(""sinsatt1"", ""sinsatt2"", ""sinsatt3"", ""lifesatt1"", ""lifesatt2"", ""lifesatt3"", ""extra_M"", ""neuro_M"")]), type = ""pearson"")
cor_r <- as.data.frame(round(cor$r, 2))",match,"The paper specifies Pearson (zero-order) correlations among variables, and the code computes Pearson correlations using rcorr. Thus, the model/test type in the code aligns with the described analysis in the paper.",,
avilles,52,"Pearson correlation between extraversion and neuroticism, assessing the association between these two personality traits among singles. The correlation was negative, indicating that more extraverted individuals tended to be less neurotic, r ≈ −.27, p < .005.",Variable Specification,"Table 2. Descriptive Characteristics and Pearson Correlations Among the Study Variables.
...
""7. Extraversion (n = 2,927) .07 .05 .07 .16 .20 .12  
8. Neuroticism (n = 2,928) −.16 −.15 −.16 −.30 −.33 −.28 −.27  
M 6.77 6.51 6.48 7.55 7.49 7.28 3.31 2.74
SD 2.39 2.48 2.39 1.78 1.73 1.73 0.88 0.83
Note. Satisfaction with singlehood and life satisfaction ranged from 0 to 10. Extraversion and neuroticism ranged from 1 to 5. Extraversion and 
neuroticism were assessed in Waves 2, 6, and 11, depending on participants’ cohort membership. All correlations were significant at p < .005.""","#### Table 2: Descriptive characteristics and Pearson correlations among study variables ###############

# Correlations across key variables

library(Hmisc)

cor <- rcorr(as.matrix(data[, c(""sinsatt1"", ""sinsatt2"", ""sinsatt3"", ""lifesatt1"", ""lifesatt2"", ""lifesatt3"", ""extra_M"", ""neuro_M"")]), type = ""pearson"")
cor_r <- as.data.frame(round(cor$r, 2))
...
# sample sizes
row.names(cor_r)[1:8] <- c(paste0(""1. T1 Satisfaction with singlehood (n = "", cor$n[1,1], "")""),
                           paste0(""2. T2 Satisfaction with singlehood (n = "", cor$n[2,2], "")""),
                           paste0(""3. T3 Satisfaction with singlehood (n = "", cor$n[3,3], "")""),
                           paste0(""4. T1 Life satisfaction (n = "", cor$n[4,4], "")""),
                           paste0(""5. T2 Life satisfaction (n = "", cor$n[5,5], "")""),
                           paste0(""6. T3 Life satisfaction (n = "", cor$n[6,6], "")""),
                           paste0(""7. Extraversion (n = "", cor$n[7,7], "")""),
                           paste0(""8. Neuroticism (n = "", cor$n[8,8], "")""))",match,"The code computes Pearson correlations including the variables labeled as Extraversion and Neuroticism, matching the paper’s description of correlating these two personality traits. Both are included as separate variables in the correlation matrix, with corresponding labels in the output matching the table description.",,
avilles,52,"Pearson correlation between extraversion and neuroticism, assessing the association between these two personality traits among singles. The correlation was negative, indicating that more extraverted individuals tended to be less neurotic, r ≈ −.27, p < .005.",Transformation Specification,"The dimensions extraversion (e.g., ""I get enthusiastic easily and can motivate others eas- ily"") and neuroticism (e.g., ""I worry a lot"") were assessed with four items each. The response format ranged from 1 (absolutely incorrect) to 5 (absolutely correct). For each trait, we used wave-specific mean scores.","  mutate_at(c(96:116), as.numeric) %>%
  mutate_at(c(""per3i1"", ""per3i11"", ""per3i9"", ""per3i2"", ""per3i12"", ""per3i17"", ""per3i8"", ""per3i21""),
            ~ recode(., ""1"" = 5, ""2"" = 4, ""3"" = 3, 
                     ""4"" = 2, ""5"" = 1)) %>%
  rowwise() %>%
  mutate(extra_M = round(mean(c(per3i1, per3i6, per3i11, per3i16), na.rm = TRUE), 2),
         neuro_M = round(mean(c(per3i4, per3i9, per3i14, per3i19), na.rm = TRUE), 2),
         agree_M = round(mean(c(per3i2, per3i7, per3i12, per3i17), na.rm = TRUE), 2),
         consc_M = round(mean(c(per3i3, per3i8, per3i13, per3i18), na.rm = TRUE), 2),
         open_M = round(mean(c(per3i5, per3i10, per3i15, per3i20, per3i21), na.rm = TRUE), 2)) %>%
  select(id, aget2, relt2, months_rel_t1_t2, lifesatt2, sinsatt2, extra_M, neuro_M, agree_M, consc_M, open_M)

  mutate_at(c(10:30), as.numeric) %>%
  mutate_at(c(""per3i1"", ""per3i11"", ""per3i9"", ""per3i2"", ""per3i12"", ""per3i17"", ""per3i8"", ""per3i21""),
            ~ recode(., ""1"" = 5, ""2"" = 4, ""3"" = 3, 
                     ""4"" = 2, ""5"" = 1)) %>%
  rowwise() %>%
  mutate(extra_M = round(mean(c(per3i1, per3i6, per3i11, per3i16), na.rm = TRUE), 2),
         neuro_M = round(mean(c(per3i4, per3i9, per3i14, per3i19), na.rm = TRUE), 2),
         agree_M = round(mean(c(per3i2, per3i7, per3i12, per3i17), na.rm = TRUE), 2),
         consc_M = round(mean(c(per3i3, per3i8, per3i13, per3i18), na.rm = TRUE), 2),
         open_M = round(mean(c(per3i5, per3i10, per3i15, per3i20, per3i21), na.rm = TRUE), 2)) %>%
  select(id, sex, ethni, cohort, aget1, relt1, prevrel, lifesatt1, sinsatt1, extra_M, neuro_M, agree_M, consc_M, open_M)

anchor10 <- anchor10 %>% select(id, starts_with(""per3i"")) %>%
  mutate_at(c(2:22), as.numeric) %>%
  mutate_at(c(""per3i1"", ""per3i11"", ""per3i9"", ""per3i2"", ""per3i12"", ""per3i17"", ""per3i8"", ""per3i21""),
            ~ recode(., ""1"" = 5, ""2"" = 4, ""3"" = 3, 
                     ""4"" = 2, ""5"" = 1)) %>% 
  replace(((.) < 0), NA) %>%
  rowwise() %>%
  mutate(extra_M = round(mean(c(per3i1, per3i6, per3i11, per3i16), na.rm = TRUE), 2),
         neuro_M = round(mean(c(per3i4, per3i9, per3i14, per3i19), na.rm = TRUE), 2),
         agree_M = round(mean(c(per3i2, per3i7, per3i12, per3i17), na.rm = TRUE), 2),
         consc_M = round(mean(c(per3i3, per3i8, per3i13, per3i18), na.rm = TRUE), 2),
         open_M  = round(mean(c(per3i5, per3i10, per3i15, per3i20, per3i21), na.rm = TRUE), 2)) %>%
  select(id, extra_M, neuro_M, agree_M, consc_M, open_M)

### single at T1 ###
data <- data %>% filter(relt1 == 0) # N = 8,321

### single throughout T1-3 ###
data <- data %>% filter(months_rel_t1_t2 == 0, relt2 == 0, months_rel_t2_t3 == 0, relt3 == 0) # N = 3,161

### missings on both well-being measures ###
data <- data %>% filter(!(is.na(lifesatt1) & is.na(sinsatt1))) # N = 3,161",match,"The code implements wave-specific mean scores of four items each for extraversion and neuroticism on 1–5 scales, consistent with the paper’s description of trait score construction for the correlation analysis among singles.",,
avilles,52,"Pearson correlation between extraversion and neuroticism, assessing the association between these two personality traits among singles. The correlation was negative, indicating that more extraverted individuals tended to be less neurotic, r ≈ −.27, p < .005.",Inference Specification,"Note. Satisfaction with singlehood and life satisfaction ranged from 0 to 10. Extraversion and neuroticism ranged from 1 to 5. Extraversion and
neuroticism were assessed in Waves 2, 6, and 11, depending on participants’ cohort membership. All correlations were significant at p < .005.","library(Hmisc)

cor <- rcorr(as.matrix(data[, c(""sinsatt1"", ""sinsatt2"", ""sinsatt3"", ""lifesatt1"", ""lifesatt2"", ""lifesatt3"", ""extra_M"", ""neuro_M"")]), type = ""pearson"")
cor_r <- as.data.frame(round(cor$r, 2))

cor_r[1, ] <- NA
cor_r[, 8] <- NA
cor_r[2, 2:7] <- NA
cor_r[3, 3:7] <- NA
cor_r[4, 4:7] <- NA
cor_r[5, 5:7] <- NA
cor_r[6, 6:7] <- NA
cor_r[7, 7] <- NA

xtable(cor_r)",mismatch,"The paper explicitly states an inference criterion that all correlations were significant at p < .005, whereas the provided code only computes Pearson correlations and formats them, without calculating or applying any p-value thresholds or alpha levels. Thus, the inference specification described in the paper is not implemented or reflected in the shown code.",,
