paper_id,analysis_id,brief_description,dimension,paper_value,code_value,match_status,explanation,paper_evidence,code_evidence
besken,1,"In Experiment 1, a single-factor repeated-measures ANOVA tested whether mean JOL ratings differed across four image pair types (identical, similar, related, unrelated). JOLs varied significantly by pair type, F(3,69) = 24.38, MSE = 133.20, p < .001, ηp² = .51, indicating that participants’ memory predictions were sensitive to the type of relationship between pictures.",Model Specification,"Table 1 shows the mean JOL ratings across the four pair types (identical, similar, related, and unrelated). These means were submitted to a single-factor repeated measures ANOVA and revealed significantly different JOLs for each pair type, F(3, 69) = 24.38, MSE = 133.20, p < .001, ηp2 = .51.","#-------------------------------E1 JOL--------------------------------------------------
...

b1<- ezANOVA(data = s1,
             dv = mean_conf,
             wid = Subject,
             within = .(type_correct),
             #between = .(bias),
             type = 2,
             return_aov = FALSE,
             detailed = T) %>%
  get_pes() %>% select(Effect,DFn,DFd,SSd,F,p,pes) %>% filter(Effect!='(Intercept)') %>%
  mutate_if(is.double,round,4) %>% pastey() %>% print()",match,"The code implements a single-factor repeated-measures ANOVA on JOLs across image pair types, consistent with the paper’s description.",,
besken,1,"In Experiment 1, a single-factor repeated-measures ANOVA tested whether mean JOL ratings differed across four image pair types (identical, similar, related, unrelated). JOLs varied significantly by pair type, F(3,69) = 24.38, MSE = 133.20, p < .001, ηp² = .51, indicating that participants’ memory predictions were sensitive to the type of relationship between pictures.",Variable Specification,"The experiment was designed as a within-subject study with four levels of pair types: identical, similar, related, and unrelated.

Table 1 shows the mean JOL ratings across the four pair types (identical, similar, related, and unrelated). These means were submitted to a single-factor repeated measures ANOVA and revealed significantly different JOLs for each pair type, F(3, 69) = 24.38, MSE = 133.20, p < .001, ηp2 = .51.","#-------------------------------E1 JOL--------------------------------------------------
##	Exclude: Incorrect encoding trials,No response in JOLs, Response out of 1-100 range
####data cleaning
initial_trials <- nrow(d1)  # Initial total number of trials

d1 <- d1%>% filter(confidence.RESP!="""")
excluded_trials1 <- initial_trials - nrow(d1)  # Excluded trials after removing NA responses
#there is no trials to exclude


b1<- ezANOVA(data = s1,
             dv = mean_conf,
             wid = Subject,
             within = .(type_correct),
             #between = .(bias),
             type = 2,
             return_aov = FALSE,
             detailed = T) %>%
  get_pes() %>% select(Effect,DFn,DFd,SSd,F,p,pes) %>% filter(Effect!='(Intercept)') %>%
  mutate_if(is.double,round,4) %>% pastey() %>% print()
",match,"The code uses mean_conf as the dependent variable and type_correct as the within-subject factor, matching the paper’s description of mean JOL ratings analyzed across four within-subject pair types. Subject is specified as the repeated-measures identifier, consistent with the within-subject ANOVA reported in the paper.",,
besken,1,"In Experiment 1, a single-factor repeated-measures ANOVA tested whether mean JOL ratings differed across four image pair types (identical, similar, related, unrelated). JOLs varied significantly by pair type, F(3,69) = 24.38, MSE = 133.20, p < .001, ηp² = .51, indicating that participants’ memory predictions were sensitive to the type of relationship between pictures.",Transformation Specification,"Table 1 shows the mean JOL ratings across the four pair types (identical, similar, related, and unrelated). These means were submitted to a single-factor repeated measures ANOVA and revealed significantly different JOLs for each pair type, F(3, 69) = 24.38, MSE = 133.20, p < .001, ηp2 = .51.","d1<- read.csv(file='identical-exp1.csv')
d1<- d1[, c(-13)]

##Experiment 1
# ANOVA ANALYSES #

###-----------------------Test Accuracy------------------------------
#---------------
s1<- d1 %>% group_by(Subject,type_correct) %>%
  summarise(mean_test_acc=mean(test_Slide2.ACC == 1), mean_conf = mean(confidence.RESP))

#-------------------------------E1 JOL--------------------------------------------------
##	Exclude: Incorrect encoding trials,No response in JOLs, Response out of 1-100 range
####data cleaning
initial_trials <- nrow(d1)  # Initial total number of trials

d1 <- d1%>% filter(confidence.RESP!="""")
excluded_trials1 <- initial_trials - nrow(d1)  # Excluded trials after removing NA responses
#there is no trials to exclude


b1<- ezANOVA(data = s1,
             dv = mean_conf,
             wid = Subject,
             within = .(type_correct),
             #between = .(bias),
             type = 2,
             return_aov = FALSE,
             detailed = T) %>%
  get_pes() %>% select(Effect,DFn,DFd,SSd,F,p,pes) %>% filter(Effect!='(Intercept)') %>%
  mutate_if(is.double,round,4) %>% pastey() %>% print()",unknown,,,
besken,1,"In Experiment 1, a single-factor repeated-measures ANOVA tested whether mean JOL ratings differed across four image pair types (identical, similar, related, unrelated). JOLs varied significantly by pair type, F(3,69) = 24.38, MSE = 133.20, p < .001, ηp² = .51, indicating that participants’ memory predictions were sensitive to the type of relationship between pictures.",Inference Specification,"For all analyses, the alpha level was set at .05. For all pairwise comparisons, Bonferroni correction was used.","#-------------------------------E1 JOL--------------------------------------------------
##	Exclude: Incorrect encoding trials,No response in JOLs, Response out of 1-100 range
####data cleaning
initial_trials <- nrow(d1)  # Initial total number of trials

d1 <- d1%>% filter(confidence.RESP!="""")
excluded_trials1 <- initial_trials - nrow(d1)  # Excluded trials after removing NA responses
#there is no trials to exclude


b1<- ezANOVA(data = s1,
             dv = mean_conf,
             wid = Subject,
             within = .(type_correct),
             #between = .(bias),
             type = 2,
             return_aov = FALSE,
             detailed = T) %>%
  get_pes() %>% select(Effect,DFn,DFd,SSd,F,p,pes) %>% filter(Effect!='(Intercept)') %>%
  mutate_if(is.double,round,4) %>% pastey() %>% print()

mse1 = b1$SSd/b1$DFd

mse1


s1 %>% ungroup () %>%
  t_test(mean_conf~type_correct,paired = T,var.equal = T , 
         p.adjust.method = ""bonferroni"") %>% print()",match,"The paper specifies α = .05 and Bonferroni correction for pairwise comparisons, and the code implements an ANOVA with standard p-values and paired t-tests using Bonferroni-adjusted p-values, consistent with this inference specification. There is no conflicting alpha specification in the code.",,
besken,2,"In Experiment 1, a Bonferroni-corrected paired-samples t-test compared mean JOLs for identical versus similar image pairs. Identical pairs received significantly higher JOLs than similar pairs, t(23) = 5.18, d = 1.06, p < .001, indicating an identical-effect-like inflation of predicted memory relative to similar exemplars.",Model Specification,"Pairwise comparisons for each pair type demonstrated that identical pairs received significantly higher JOL ratings than similar and unrelated pairs [ identical versus similar: t(23) = 5.18, d = 1.06, p < .001; identical versus unrelated: t(23) = 5.74,d= 1.17,p < .001], but did not significantly differ from related pairs, t(23) = 2.51, d = 0.51, p = .116.","#-------------------------------E1 JOL--------------------------------------------------
...

b1<- ezANOVA(data = s1,
             dv = mean_conf,
             wid = Subject,
             within = .(type_correct),
             #between = .(bias),
             type = 2,
             return_aov = FALSE,
             detailed = T) %>%
  get_pes() %>% select(Effect,DFn,DFd,SSd,F,p,pes) %>% filter(Effect!='(Intercept)') %>%
  mutate_if(is.double,round,4) %>% pastey() %>% print()
...

s1 %>% ungroup () %>%
  t_test(mean_conf~type_correct,paired = T,var.equal = T , 
         p.adjust.method = ""bonferroni"") %>% print()",match,"The paper describes Bonferroni-corrected paired-samples t-tests comparing JOLs across pair types, and the code implements paired t-tests with Bonferroni adjustment for the same factors. This aligns with the specified model type for the analysis-dimension pairing.",,
besken,2,"In Experiment 1, a Bonferroni-corrected paired-samples t-test compared mean JOLs for identical versus similar image pairs. Identical pairs received significantly higher JOLs than similar pairs, t(23) = 5.18, d = 1.06, p < .001, indicating an identical-effect-like inflation of predicted memory relative to similar exemplars.",Variable Specification,"Table 1 shows the mean JOL ratings across the four pair types (identical, similar, related, and unrelated). These means were submitted to a single-factor repeated measures ANOVA and revealed significantly different JOLs for each pair type, F(3, 69) = 24.38, MSE = 133.20, p < .001, ηp2 = .51. Pairwise comparisons for each pair type demonstrated that identical pairs received significantly higher JOL ratings than similar and unrelated pairs [ identical versus similar: t (23) = 5.18, d = 1.06, p < .001; identical versus unrelated: t(23) = 5.74,d= 1.17,p < .001], but did not significantly differ from related pairs, t(23) = 2.51, d = 0.51, p = .116. JOLs for similar and related pairs did not significantly differ from each other, t(23) = 2.67, d = 0.55, p = .082.","s1<- d1 %>% group_by(Subject,type_correct) %>%
  summarise(mean_test_acc=mean(test_Slide2.ACC == 1), mean_conf = mean(confidence.RESP))
...

#-------------------------------E1 JOL--------------------------------------------------
...

b1<- ezANOVA(data = s1,
             dv = mean_conf,
             wid = Subject,
             within = .(type_correct),
             #between = .(bias),
             type = 2,
             return_aov = FALSE,
             detailed = T) %>%
  get_pes() %>% select(Effect,DFn,DFd,SSd,F,p,pes) %>% filter(Effect!='(Intercept)') %>%
  mutate_if(is.double,round,4) %>% pastey() %>% print()
...

s1 %>% ungroup () %>%
  t_test(mean_conf~type_correct,paired = T,var.equal = T , 
         p.adjust.method = ""bonferroni"") %>% print()

s1 %>% ungroup () %>%
  cohens_d(mean_conf~type_correct,paired = T,
           var.equal = T) %>% print()",match,"The code uses mean_conf (mean confidence/JOL rating) as the dependent variable and type_correct (pair type) as the within-subject factor, consistent with the paper’s analysis of JOL ratings across identical vs. similar (and other) pair types. Thus, the variables and their roles in the analysis align between the paper and the code.",,
besken,2,"In Experiment 1, a Bonferroni-corrected paired-samples t-test compared mean JOLs for identical versus similar image pairs. Identical pairs received significantly higher JOLs than similar pairs, t(23) = 5.18, d = 1.06, p < .001, indicating an identical-effect-like inflation of predicted memory relative to similar exemplars.",Transformation Specification,"Table 1 shows the mean JOL ratings across the four pair types (identical, similar, related, and unrelated). These means were submitted to a single-factor repeated measures ANOVA and revealed significantly different JOLs for each pair type, F(3, 69) = 24.38, MSE = 133.20, p < .001, ηp2 = .51. Pairwise comparisons for each pair type demonstrated that identical pairs received significantly higher JOL ratings than similar and unrelated pairs [ identical versus similar: t (23) = 5.18, d = 1.06, p < .001; identical versus unrelated: t(23) = 5.74,d= 1.17,p < .001] ...","s1<- d1 %>% group_by(Subject,type_correct) %>%
  summarise(mean_test_acc=mean(test_Slide2.ACC == 1), mean_conf = mean(confidence.RESP))

#-------------------------------E1 JOL--------------------------------------------------
##	Exclude: Incorrect encoding trials,No response in JOLs, Response out of 1-100 range
####data cleaning
initial_trials <- nrow(d1)  # Initial total number of trials


d1 <- d1%>% filter(confidence.RESP!="""")
excluded_trials1 <- initial_trials - nrow(d1)  # Excluded trials after removing NA responses
#there is no trials to exclude


b1<- ezANOVA(data = s1,
             dv = mean_conf,
             wid = Subject,
             within = .(type_correct),
             #between = .(bias),
             type = 2,
             return_aov = FALSE,
             detailed = T) %>%
  get_pes() %>% select(Effect,DFn,DFd,SSd,F,p,pes) %>% filter(Effect!='(Intercept)') %>%
  mutate_if(is.double,round,4) %>% pastey() %>% print()

mse1 = b1$SSd/b1$DFd

mse1


s1 %>% ungroup () %>%
  t_test(mean_conf~type_correct,paired = T,var.equal = T , 
         p.adjust.method = ""bonferroni"") %>% print()

s1 %>% ungroup () %>%
  cohens_d(mean_conf~type_correct,paired = T,
           var.equal = T) %>% print()",match,"The code computes per-subject mean JOL ratings by pair type and then uses these means in a Bonferroni-corrected paired-samples t-test, which aligns with the paper’s description of comparing mean JOLs for identical versus similar image pairs. Although the code comments mention additional exclusions, the implemented transformation (averaging JOLs by subject and pair type) matches the transformation implied in the paper for this analysis.",,
besken,2,"In Experiment 1, a Bonferroni-corrected paired-samples t-test compared mean JOLs for identical versus similar image pairs. Identical pairs received significantly higher JOLs than similar pairs, t(23) = 5.18, d = 1.06, p < .001, indicating an identical-effect-like inflation of predicted memory relative to similar exemplars.",Inference Specification,"For all analyses, the alpha level was set at .05. For all pairwise comparisons, Bonferroni correction was used.","s1 %>% ungroup () %>%
  t_test(mean_conf~type_correct,paired = T,var.equal = T , 
         p.adjust.method = ""bonferroni"") %>% print()",match,"The code conducts a paired-samples t-test with Bonferroni correction, consistent with the paper’s stated use of Bonferroni-corrected pairwise comparisons at alpha .05. No conflicting inference criteria are evident between the paper and code for this analysis.",,
besken,3,"In Experiment 1, a Bonferroni-corrected paired-samples t-test compared JOLs for identical versus unrelated image pairs. Identical pairs elicited significantly higher JOLs than unrelated pairs, t(23) = 5.74, d = 1.17, p < .001, showing that participants strongly expected better memory for identical images than for conceptually and perceptually dissimilar ones.",Model Specification,"Table 1 shows the mean JOL ratings across the four pair types (identical, similar, related, and unrelated). These means were submitted to a single-factor repeated measures ANOVA and revealed significantly different JOLs for each pair type, F(3, 69) = 24.38, MSE = 133.20, p < .001, ηp2 = .51. Pairwise comparisons for each pair type demonstrated that identical pairs received significantly higher JOL ratings than similar and unrelated pairs [ identical versus similar: t (23) = 5.18, d = 1.06, p < .001; identical versus unrelated: t(23) = 5.74,d= 1.17,p < .001], but did not significantly differ from related pairs, t(23) = 2.51, d = 0.51, p = .116.","b1<- ezANOVA(data = s1,
             dv = mean_conf,
             wid = Subject,
             within = .(type_correct),
             #between = .(bias),
             type = 2,
             return_aov = FALSE,
             detailed = T) %>%
  get_pes() %>% select(Effect,DFn,DFd,SSd,F,p,pes) %>% filter(Effect!='(Intercept)') %>%
  mutate_if(is.double,round,4) %>% pastey() %>% print()
...

s1 %>% ungroup () %>%
  t_test(mean_conf~type_correct,paired = T,var.equal = T , 
         p.adjust.method = ""bonferroni"") %>% print()",match,"The code implements a single-factor repeated-measures ANOVA followed by Bonferroni-corrected paired t-tests, which matches the model specification described in the paper for comparing JOLs across pair types, including identical vs. unrelated pairs.",,
besken,3,"In Experiment 1, a Bonferroni-corrected paired-samples t-test compared JOLs for identical versus unrelated image pairs. Identical pairs elicited significantly higher JOLs than unrelated pairs, t(23) = 5.74, d = 1.17, p < .001, showing that participants strongly expected better memory for identical images than for conceptually and perceptually dissimilar ones.",Variable Specification,"Table 1 shows the mean JOL ratings across the four pair types (identical, similar, related, and unrelated). These means were submitted to a single-factor repeated measures ANOVA and revealed significantly different JOLs for each pair type, F(3, 69) = 24.38, MSE = 133.20, p < .001, ηp2 = .51. Pairwise comparisons for each pair type demonstrated that identical pairs received significantly higher JOL ratings than similar and unrelated pairs [ identical versus similar: t (23) = 5.18, d = 1.06, p < .001; identical versus unrelated: t(23) = 5.74, d = 1.17, p < .001], but did not significantly differ from related pairs, t(23) = 2.51, d = 0.51, p = .116.","s1<- d1 %>% group_by(Subject,type_correct) %>%
  summarise(mean_test_acc=mean(test_Slide2.ACC == 1), mean_conf = mean(confidence.RESP))
...

b1<- ezANOVA(data = s1,
             dv = mean_conf,
             wid = Subject,
             within = .(type_correct),
             #between = .(bias),
             type = 2,
             return_aov = FALSE,
             detailed = T) %>%
  get_pes() %>% select(Effect,DFn,DFd,SSd,F,p,pes) %>% filter(Effect!='(Intercept)') %>%
  mutate_if(is.double,round,4) %>% pastey() %>% print()
...

s1 %>% ungroup () %>%
  t_test(mean_conf~type_correct,paired = T,var.equal = T , 
         p.adjust.method = ""bonferroni"") %>% print()",match,"The paper describes JOL ratings as the dependent variable and pair type (identical, similar, related, unrelated) as a within-subject factor, and the code uses mean_conf (from confidence.RESP) as the dependent variable and type_correct as the within-subject factor for the ANOVA and paired t-tests. Thus, the variables and their roles in the analysis correspond between the paper and the code.",,
besken,3,"In Experiment 1, a Bonferroni-corrected paired-samples t-test compared JOLs for identical versus unrelated image pairs. Identical pairs elicited significantly higher JOLs than unrelated pairs, t(23) = 5.74, d = 1.17, p < .001, showing that participants strongly expected better memory for identical images than for conceptually and perceptually dissimilar ones.",Transformation Specification,"Table 1 shows the mean JOL ratings across the four pair types (identical, similar, related, and unrelated). These means were submitted to a single-factor repeated measures ANOVA and revealed significantly different JOLs for each pair type, F(3, 69) = 24.38, MSE = 133.20, p < .001, ηp2 = .51.","#---------------
s1<- d1 %>% group_by(Subject,type_correct) %>%
  summarise(mean_test_acc=mean(test_Slide2.ACC == 1), mean_conf = mean(confidence.RESP))


s1_table<- s1 %>%group_by(type_correct)%>%
  summarise(mean(mean_test_acc),
            sd(mean_test_acc),
            mean(mean_conf),
            sd(mean_conf))
...
#-------------------------------E1 JOL--------------------------------------------------
##	Exclude: Incorrect encoding trials,No response in JOLs, Response out of 1-100 range
####data cleaning
initial_trials <- nrow(d1)  # Initial total number of trials

d1 <- d1%>% filter(confidence.RESP!="""")
excluded_trials1 <- initial_trials - nrow(d1)  # Excluded trials after removing NA responses
#there is no trials to exclude
...

b1<- ezANOVA(data = s1,
             dv = mean_conf,
             wid = Subject,
             within = .(type_correct),
             #between = .(bias),
             type = 2,
             return_aov = FALSE,
             detailed = T) %>%
  get_pes() %>% select(Effect,DFn,DFd,SSd,F,p,pes) %>% filter(Effect!='(Intercept)') %>%
  mutate_if(is.double,round,4) %>% pastey() %>% print()
...

s1 %>% ungroup () %>%
  t_test(mean_conf~type_correct,paired = T,var.equal = T , 
         p.adjust.method = ""bonferroni"") %>% print()",match,"The code computes per-subject mean JOL (confidence) ratings by pair type and uses these means in a within-subject ANOVA and Bonferroni-corrected paired t-tests, which aligns with the paper’s description of using mean JOL ratings across pair types in a repeated-measures ANOVA and follow-up tests.",,
besken,3,"In Experiment 1, a Bonferroni-corrected paired-samples t-test compared JOLs for identical versus unrelated image pairs. Identical pairs elicited significantly higher JOLs than unrelated pairs, t(23) = 5.74, d = 1.17, p < .001, showing that participants strongly expected better memory for identical images than for conceptually and perceptually dissimilar ones.",Inference Specification,"For all analyses, the alpha level was set at .05. For all pairwise comparisons, Bonferroni correction was used.","s1 %>% ungroup () %>%
  t_test(mean_conf~type_correct,paired = T,var.equal = T , 
         p.adjust.method = ""bonferroni"") %>% print()",match,"The code applies a paired t-test with Bonferroni correction, consistent with the paper’s stated inference approach of α = .05 and Bonferroni-corrected pairwise comparisons. Although α is not explicitly set in the code, the use of Bonferroni adjustment aligns with the described inference specification.",,
besken,4,"In Experiment 1, a Bonferroni-corrected paired-samples t-test compared JOLs for identical versus related image pairs. Identical pairs showed numerically higher JOLs, but this difference did not reach corrected significance, t(23) = 2.51, d = 0.51, p = .116, suggesting only a trend toward overprediction for identical versus conceptually related pairs.",Model Specification,"Table 1 shows the mean JOL ratings across the four pair types (identical, similar, related, and unrelated). These means were submitted to a single-factor repeated measures ANOVA and revealed significantly different JOLs for each pair type, F(3, 69) = 24.38, MSE = 133.20, p < .001, ηp2 = .51. Pairwise comparisons for each pair type demonstrated that identical pairs received significantly higher JOL ratings than similar and unrelated pairs [ identical versus similar: t (23) = 5.18, d = 1.06, p < .001; identical versus unrelated: t(23) = 5.74,d= 1.17,p < .001], but did not significantly differ from related pairs, t(23) = 2.51, d = 0.51, p = .116.","b1<- ezANOVA(data = s1,
             dv = mean_conf,
             wid = Subject,
             within = .(type_correct),
             #between = .(bias),
             type = 2,
             return_aov = FALSE,
             detailed = T) %>%
  get_pes() %>% select(Effect,DFn,DFd,SSd,F,p,pes) %>% filter(Effect!='(Intercept)') %>%
  mutate_if(is.double,round,4) %>% pastey() %>% print()

mse1 = b1$SSd/b1$DFd

mse1


s1 %>% ungroup () %>%
  t_test(mean_conf~type_correct,paired = T,var.equal = T , 
         p.adjust.method = ""bonferroni"") %>% print()

s1 %>% ungroup () %>%
  cohens_d(mean_conf~type_correct,paired = T,
           var.equal = T) %>% print()",match,"The paper describes a single-factor repeated measures ANOVA followed by Bonferroni-corrected paired-samples t-tests, and the code implements exactly this model structure for JOL comparisons across pair types. The use of paired t-tests with Bonferroni adjustment matches the specified comparison of JOLs for identical versus related image pairs.",,
besken,4,"In Experiment 1, a Bonferroni-corrected paired-samples t-test compared JOLs for identical versus related image pairs. Identical pairs showed numerically higher JOLs, but this difference did not reach corrected significance, t(23) = 2.51, d = 0.51, p = .116, suggesting only a trend toward overprediction for identical versus conceptually related pairs.",Variable Specification,"The experiment was designed as a within-subject study with four levels of pair types: identical, similar, related, and unrelated. Table 1 shows the mean JOL ratings across the four pair types (identical, similar, related, and unrelated). These means were submitted to a single-factor repeated measures ANOVA and revealed significantly different JOLs for each pair type, F(3, 69) = 24.38, MSE = 133.20, p < .001, ηp2 = .51. Pairwise comparisons for each pair type demonstrated that identical pairs received significantly higher JOL ratings than similar and unrelated pairs [ identical versus similar: t (23) = 5.18, d = 1.06, p < .001; identical versus unrelated: t(23) = 5.74,d= 1.17,p < .001], but did not significantly differ from related pairs, t(23) = 2.51, d = 0.51, p = .116.","s1<- d1 %>% group_by(Subject,type_correct) %>%
  summarise(mean_test_acc=mean(test_Slide2.ACC == 1), mean_conf = mean(confidence.RESP))
...

b1<- ezANOVA(data = s1,
             dv = mean_conf,
             wid = Subject,
             within = .(type_correct),
             #between = .(bias),
             type = 2,
             return_aov = FALSE,
             detailed = T) %>%
  get_pes() %>% select(Effect,DFn,DFd,SSd,F,p,pes) %>% filter(Effect!='(Intercept)') %>%
  mutate_if(is.double,round,4) %>% pastey() %>% print()
...

s1 %>% ungroup () %>%
  t_test(mean_conf~type_correct,paired = T,var.equal = T , 
         p.adjust.method = ""bonferroni"") %>% print()",match,"The code uses mean_conf (mean confidence/JOL rating) as the dependent variable and type_correct (pair type: identical, similar, related, unrelated) as the within-subject factor, matching the paper’s description of JOL ratings compared across pair types. The paired-samples t-tests with Bonferroni correction are conducted on these variables, consistent with the reported comparisons between identical and related pairs.",,
besken,4,"In Experiment 1, a Bonferroni-corrected paired-samples t-test compared JOLs for identical versus related image pairs. Identical pairs showed numerically higher JOLs, but this difference did not reach corrected significance, t(23) = 2.51, d = 0.51, p = .116, suggesting only a trend toward overprediction for identical versus conceptually related pairs.",Transformation Specification,"Table 1 shows the mean JOL ratings across the four pair types (identical, similar, related, and unrelated). These means were submitted to a single-factor repeated measures ANOVA and revealed significantly different JOLs for each pair type, F(3, 69) = 24.38, MSE = 133.20, p < .001, ηp2 = .51. ... For all analyses, the alpha level was set at .05. For all pairwise comparisons, Bonferroni correction was used.","#-------------------------------E1 JOL--------------------------------------------------
##	Exclude: Incorrect encoding trials,No response in JOLs, Response out of 1-100 range
####data cleaning
initial_trials <- nrow(d1)  # Initial total number of trials

# summarise per Subject x pair-type (includes JOL means)
s1<- d1 %>% group_by(Subject,type_correct) %>%
  summarise(mean_test_acc=mean(test_Slide2.ACC == 1), mean_conf = mean(confidence.RESP))

# trial-level exclusion based on JOL response

d1 <- d1%>% filter(confidence.RESP!="""")
excluded_trials1 <- initial_trials - nrow(d1)  # Excluded trials after removing NA responses
#there is no trials to exclude

# ANOVA on per-subject mean JOLs
b1<- ezANOVA(data = s1,
             dv = mean_conf,
             wid = Subject,
             within = .(type_correct),
             #between = .(bias),
             type = 2,
             return_aov = FALSE,
             detailed = T) %>%
  get_pes() %>% select(Effect,DFn,DFd,SSd,F,p,pes) %>% filter(Effect!='(Intercept)') %>%
  mutate_if(is.double,round,4) %>% pastey() %>% print()

mse1 = b1$SSd/b1$DFd

mse1

# Bonferroni-corrected paired t-tests on per-subject mean JOLs
s1 %>% ungroup () %>%
  t_test(mean_conf~type_correct,paired = T,var.equal = T , 
         p.adjust.method = ""bonferroni"") %>% print()

s1 %>% ungroup () %>%
  cohens_d(mean_conf~type_correct,paired = T,
           var.equal = T) %>% print()",match,"The code computes per-subject mean JOLs by pair type and then applies Bonferroni-corrected paired-samples tests, which is consistent with the paper’s description of using mean JOL ratings across pair types with Bonferroni corrections. The additional trial-level exclusion of missing JOL responses is a standard preprocessing step and is not contradicted by the paper text provided.",,
besken,4,"In Experiment 1, a Bonferroni-corrected paired-samples t-test compared JOLs for identical versus related image pairs. Identical pairs showed numerically higher JOLs, but this difference did not reach corrected significance, t(23) = 2.51, d = 0.51, p = .116, suggesting only a trend toward overprediction for identical versus conceptually related pairs.",Inference Specification,"For all analyses, the alpha level was set at .05. For all pairwise comparisons, Bonferroni correction was used.","#-------------------------------E1 JOL--------------------------------------------------
...

s1 %>% ungroup () %>%
  t_test(mean_conf~type_correct,paired = T,var.equal = T , 
         p.adjust.method = ""bonferroni"") %>% print()",match,"The code applies a Bonferroni correction to the paired-samples t-test, consistent with the paper’s stated use of Bonferroni correction with alpha = .05 for pairwise comparisons. Although alpha is not explicitly set in the code, standard t-test functions default to .05, which aligns with the paper’s specification.",,
besken,5,"In Experiment 1, a Bonferroni-corrected paired-samples t-test compared JOLs for similar versus related image pairs. JOLs did not significantly differ between similar and related pairs, t(23) = 2.67, d = 0.55, p = .082, indicating that perceptual similarity among exemplars did not reliably inflate JOLs above those for merely conceptually related pairs.",Model Specification,"Table 1 shows the mean JOL ratings across the four pair types (identical, similar, related, and unrelated). These means were submitted to a single-factor repeated measures ANOVA and revealed significantly different JOLs for each pair type, F(3, 69) = 24.38, MSE = 133.20, p < .001, ηp2 = .51. Pairwise comparisons for each pair type demonstrated that identical pairs received significantly higher JOL ratings than similar and unrelated pairs [ identical versus similar: t (23) = 5.18, d = 1.06, p < .001; identical versus unrelated: t(23) = 5.74,d= 1.17,p < .001], but did not significantly differ from related pairs, t(23) = 2.51, d = 0.51, p = .116. JOLs for similar and related pairs did not significantly differ from each other, t(23) = 2.67, d = 0.55, p = .082.","#-------------------------------E1 JOL--------------------------------------------------
##	Exclude: Incorrect encoding trials,No response in JOLs, Response out of 1-100 range
####data cleaning
initial_trials <- nrow(d1)  # Initial total number of trials


d1 <- d1%>% filter(confidence.RESP!="""")
excluded_trials1 <- initial_trials - nrow(d1)  # Excluded trials after removing NA responses
#there is no trials to exclude


b1<- ezANOVA(data = s1,
             dv = mean_conf,
             wid = Subject,
             within = .(type_correct),
             #between = .(bias),
             type = 2,
             return_aov = FALSE,
             detailed = T) %>%
  get_pes() %>% select(Effect,DFn,DFd,SSd,F,p,pes) %>% filter(Effect!='(Intercept)') %>%
  mutate_if(is.double,round,4) %>% pastey() %>% print()

mse1 = b1$SSd/b1$DFd

mse1


s1 %>% ungroup () %>%
  t_test(mean_conf~type_correct,paired = T,var.equal = T , 
         p.adjust.method = ""bonferroni"") %>% print()

s1 %>% ungroup () %>%
  cohens_d(mean_conf~type_correct,paired = T,
           var.equal = T) %>% print()
",match,"The paper describes using Bonferroni-corrected paired-samples t-tests on JOL ratings by pair type, and the code implements paired t-tests with Bonferroni adjustment across the within-subject factor levels, which includes the similar vs. related comparison. Thus, the model specification in the code aligns with the reported statistical test in the paper.",,
besken,5,"In Experiment 1, a Bonferroni-corrected paired-samples t-test compared JOLs for similar versus related image pairs. JOLs did not significantly differ between similar and related pairs, t(23) = 2.67, d = 0.55, p = .082, indicating that perceptual similarity among exemplars did not reliably inflate JOLs above those for merely conceptually related pairs.",Variable Specification,"Table 1 shows the mean JOL ratings across the four pair types (identical, similar, related, and unrelated). These means were submitted to a single-factor repeated measures ANOVA and revealed significantly different JOLs for each pair type, F(3, 69) = 24.38, MSE = 133.20, p < .001, ηp2 = .51. Pairwise comparisons for each pair type demonstrated that identical pairs received significantly higher JOL ratings than similar and unrelated pairs [ identical versus similar: t (23) = 5.18, d = 1.06, p < .001; identical versus unrelated: t(23) = 5.74,d= 1.17,p < .001], but did not significantly differ from related pairs, t(23) = 2.51, d = 0.51, p = .116. JOLs for similar and related pairs did not significantly differ from each other, t(23) = 2.67, d = 0.55, p = .082.","s1<- d1 %>% group_by(Subject,type_correct) %>%
  summarise(mean_test_acc=mean(test_Slide2.ACC == 1), mean_conf = mean(confidence.RESP))
...

b1<- ezANOVA(data = s1,
             dv = mean_conf,
             wid = Subject,
             within = .(type_correct),
             #between = .(bias),
             type = 2,
             return_aov = FALSE,
             detailed = T) %>%
  get_pes() %>% select(Effect,DFn,DFd,SSd,F,p,pes) %>% filter(Effect!='(Intercept)') %>%
  mutate_if(is.double,round,4) %>% pastey() %>% print()
...

s1 %>% ungroup () %>%
  t_test(mean_conf~type_correct,paired = T,var.equal = T , 
         p.adjust.method = ""bonferroni"") %>% print()",match,"The code uses mean_conf (mean confidence/JOL ratings) as the dependent variable and type_correct (pair type: identical, similar, related, unrelated) as the within-subject factor, which corresponds to the paper’s description of comparing JOL ratings across pair types, including the similar vs. related comparison. Thus, the variables and their roles in the analysis align with the paper’s variable specification for this comparison.",,
besken,5,"In Experiment 1, a Bonferroni-corrected paired-samples t-test compared JOLs for similar versus related image pairs. JOLs did not significantly differ between similar and related pairs, t(23) = 2.67, d = 0.55, p = .082, indicating that perceptual similarity among exemplars did not reliably inflate JOLs above those for merely conceptually related pairs.",Transformation Specification,"Table 1 shows the mean JOL ratings across the four pair types (identical, similar, related, and unrelated). These means were submitted to a single-factor repeated measures ANOVA and revealed significantly different JOLs for each pair type, F(3, 69) = 24.38, MSE = 133.20, p < .001, ηp2 = .51. ... For all analyses, the alpha level was set at .05. For all pairwise comparisons, Bonferroni correction was used.","d1<- read.csv(file='identical-exp1.csv')
d1<- d1[, c(-13)]

##Experiment 1
# ANOVA ANALYSES #

###-----------------------Test Accuracy------------------------------
#---------------
s1<- d1 %>% group_by(Subject,type_correct) %>%
  summarise(mean_test_acc=mean(test_Slide2.ACC == 1), mean_conf = mean(confidence.RESP))
...
#-------------------------------E1 JOL--------------------------------------------------
##	Exclude: Incorrect encoding trials,No response in JOLs, Response out of 1-100 range
####data cleaning
initial_trials <- nrow(d1)  # Initial total number of trials

d1 <- d1%>% filter(confidence.RESP!="""")
excluded_trials1 <- initial_trials - nrow(d1)  # Excluded trials after removing NA responses
#there is no trials to exclude


b1<- ezANOVA(data = s1,
             dv = mean_conf,
             wid = Subject,
             within = .(type_correct),
             #between = .(bias),
             type = 2,
             return_aov = FALSE,
             detailed = T) %>%
  get_pes() %>% select(Effect,DFn,DFd,SSd,F,p,pes) %>% filter(Effect!='(Intercept)') %>%
  mutate_if(is.double,round,4) %>% pastey() %>% print()
...

s1 %>% ungroup () %>%
  t_test(mean_conf~type_correct,paired = T,var.equal = T , 
         p.adjust.method = ""bonferroni"") %>% print()",match,"The code computes per-subject mean JOL ratings by pair type and then uses those means in the ANOVA and Bonferroni-corrected paired t-tests, which aligns with the paper’s description of using mean JOL ratings across pair types with Bonferroni correction for pairwise comparisons. No additional data transformations beyond those implied in the paper (aggregation to means and multiple-comparison correction) are evident in the code.",,
besken,5,"In Experiment 1, a Bonferroni-corrected paired-samples t-test compared JOLs for similar versus related image pairs. JOLs did not significantly differ between similar and related pairs, t(23) = 2.67, d = 0.55, p = .082, indicating that perceptual similarity among exemplars did not reliably inflate JOLs above those for merely conceptually related pairs.",Inference Specification,"For all analyses, the alpha level was set at .05. For all pairwise comparisons, Bonferroni correction was used.","s1 %>% ungroup () %>%
  t_test(mean_conf~type_correct,paired = T,var.equal = T , 
         p.adjust.method = ""bonferroni"") %>% print()",match,"The code applies a Bonferroni correction for the paired-samples t-test, consistent with the paper’s stated use of Bonferroni correction for pairwise comparisons at alpha = .05. Although alpha is not explicitly set in the code, this is standardly 0.05 and there is no indication of a different threshold being used.",,
besken,6,"In Experiment 1, a Bonferroni-corrected paired-samples t-test compared JOLs for related versus unrelated image pairs. Related pairs produced significantly higher JOLs than unrelated pairs, t(23) = 6.10, d = 1.25, p < .001, consistent with participants expecting better memory for conceptually related content.",Model Specification,"Table 1 shows the mean JOL ratings across the four pair types (identical, similar, related, and unrelated). These means were submitted to a single-factor repeated measures ANOVA and revealed significantly different JOLs for each pair type, F(3, 69) = 24.38, MSE = 133.20, p < .001, ηp2 = .51. Pairwise comparisons for each pair type demonstrated that identical pairs received significantly higher JOL ratings than similar and unrelated pairs [identical versus similar: t(23) = 5.18, d = 1.06, p < .001; identical versus unrelated: t(23) = 5.74, d = 1.17, p < .001], but did not significantly differ from related pairs, t(23) = 2.51, d = 0.51, p = .116. JOLs for similar and related pairs did not significantly differ from each other, t(23) = 2.67, d = 0.55, p = .082. Unrelated pairs produced significantly the lowest JOL rating compared to all other pair types [related versus unrelated: t(23) = 6.10, d = 1.25, p < .001; similar versus unrelated, t(23) = 3.96, d = 0.81, p = .004].","#-------------------------------E1 JOL--------------------------------------------------
...

b1<- ezANOVA(data = s1,
             dv = mean_conf,
             wid = Subject,
             within = .(type_correct),
             #between = .(bias),
             type = 2,
             return_aov = FALSE,
             detailed = T) %>%
  get_pes() %>% select(Effect,DFn,DFd,SSd,F,p,pes) %>% filter(Effect!='(Intercept)') %>%
  mutate_if(is.double,round,4) %>% pastey() %>% print()

mse1 = b1$SSd/b1$DFd

mse1


s1 %>% ungroup () %>%
  t_test(mean_conf~type_correct,paired = T,var.equal = T , 
         p.adjust.method = ""bonferroni"") %>% print()

s1 %>% ungroup () %>%
  cohens_d(mean_conf~type_correct,paired = T,
           var.equal = T) %>% print()",match,"The paper describes using a repeated-measures ANOVA followed by Bonferroni-corrected paired-samples t-tests for JOLs across pair types, including the related vs. unrelated comparison, and the code implements exactly this model specification. The ezANOVA call sets up a within-subjects ANOVA on type_correct, and the subsequent paired t_test with Bonferroni correction conducts the planned pairwise comparisons, which would include related vs. unrelated JOL ratings.",,
besken,6,"In Experiment 1, a Bonferroni-corrected paired-samples t-test compared JOLs for related versus unrelated image pairs. Related pairs produced significantly higher JOLs than unrelated pairs, t(23) = 6.10, d = 1.25, p < .001, consistent with participants expecting better memory for conceptually related content.",Variable Specification,"Table 1 shows the mean JOL ratings across the four pair types (identical, similar, related, and unrelated). These means were submitted to a single-factor repeated measures ANOVA and revealed significantly different JOLs for each pair type, F(3, 69) = 24.38, MSE = 133.20, p < .001, ηp2 = .51. Pairwise comparisons for each pair type demonstrated that ... Unrelated pairs produced significantly the lowest JOL rating compared to all other pair types [ related versus unrelated: t(23) = 6.10, d = 1.25, p < .001; similar versus unrelated, t(23) = 3.96, d = 0.81, p = .004].","s1<- d1 %>% group_by(Subject,type_correct) %>%
  summarise(mean_test_acc=mean(test_Slide2.ACC == 1), mean_conf = mean(confidence.RESP))
...
#-------------------------------E1 JOL--------------------------------------------------
##	Exclude: Incorrect encoding trials,No response in JOLs, Response out of 1-100 range
####data cleaning
initial_trials <- nrow(d1)  # Initial total number of trials

d1 <- d1%>% filter(confidence.RESP!="""")
excluded_trials1 <- initial_trials - nrow(d1)  # Excluded trials after removing NA responses
#there is no trials to exclude


b1<- ezANOVA(data = s1,
             dv = mean_conf,
             wid = Subject,
             within = .(type_correct),
             #between = .(bias),
             type = 2,
             return_aov = FALSE,
             detailed = T) %>%
  get_pes() %>% select(Effect,DFn,DFd,SSd,F,p,pes) %>% filter(Effect!='(Intercept)') %>%
  mutate_if(is.double,round,4) %>% pastey() %>% print()

mse1 = b1$SSd/b1$DFd

mse1


s1 %>% ungroup () %>%
  t_test(mean_conf~type_correct,paired = T,var.equal = T , 
         p.adjust.method = ""bonferroni"") %>% print()

s1 %>% ungroup () %>%
  cohens_d(mean_conf~type_correct,paired = T,
           var.equal = T) %>% print()",match,"The code uses mean_conf (mean JOL ratings) as the dependent variable and type_correct (pair type: identical/similar/related/unrelated) as the within-subjects factor, matching the paper’s description of comparing JOLs across pair types, including the related vs. unrelated contrast. The Bonferroni-corrected paired t-tests in the code implement the specified pairwise comparisons on JOL ratings.",,
besken,6,"In Experiment 1, a Bonferroni-corrected paired-samples t-test compared JOLs for related versus unrelated image pairs. Related pairs produced significantly higher JOLs than unrelated pairs, t(23) = 6.10, d = 1.25, p < .001, consistent with participants expecting better memory for conceptually related content.",Transformation Specification,"Table 1 shows the mean JOL ratings across the four pair types (identical, similar, related, and unrelated). These means were submitted to a single-factor repeated measures ANOVA and revealed significantly different JOLs for each pair type, F(3, 69) = 24.38, MSE = 133.20, p < .001, ηp2 = .51. For all pairwise comparisons, Bonferroni correction was used. ... Unrelated pairs produced significantly the lowest JOL rating compared to all other pair types [ related versus unrelated: t(23) = 6.10, d = 1.25, p < .001; similar versus unrelated, t(23) = 3.96, d = 0.81, p = .004].","#-------------------------------E1 JOL--------------------------------------------------
##	Exclude: Incorrect encoding trials,No response in JOLs, Response out of 1-100 range
####data cleaning
initial_trials <- nrow(d1)  # Initial total number of trials

d1 <- d1%>% filter(confidence.RESP!="""")
excluded_trials1 <- initial_trials - nrow(d1)  # Excluded trials after removing NA responses
#there is no trials to exclude


s1<- d1 %>% group_by(Subject,type_correct) %>%
  summarise(mean_test_acc=mean(test_Slide2.ACC == 1), mean_conf = mean(confidence.RESP))


b1<- ezANOVA(data = s1,
             dv = mean_conf,
             wid = Subject,
             within = .(type_correct),
             #between = .(bias),
             type = 2,
             return_aov = FALSE,
             detailed = T) %>%
  get_pes() %>% select(Effect,DFn,DFd,SSd,F,p,pes) %>% filter(Effect!='(Intercept)') %>%
  mutate_if(is.double,round,4) %>% pastey() %>% print()

mse1 = b1$SSd/b1$DFd

mse1


s1 %>% ungroup () %>%
  t_test(mean_conf~type_correct,paired = T,var.equal = T , 
         p.adjust.method = ""bonferroni"") %>% print()

s1 %>% ungroup () %>%
  cohens_d(mean_conf~type_correct,paired = T,
           var.equal = T) %>% print()",match,"The code computes subject-level mean JOL ratings for each pair type and then applies a repeated-measures ANOVA and Bonferroni-corrected paired t-tests, which aligns with the paper’s description of using mean JOL ratings across pair types for these analyses. Any additional data-cleaning steps (e.g., exclusion criteria) are not specified in the paper, so they do not create a clear conflict for the transformation specification dimension.",,
besken,6,"In Experiment 1, a Bonferroni-corrected paired-samples t-test compared JOLs for related versus unrelated image pairs. Related pairs produced significantly higher JOLs than unrelated pairs, t(23) = 6.10, d = 1.25, p < .001, consistent with participants expecting better memory for conceptually related content.",Inference Specification,"For all analyses, the alpha level was set at .05. For all pairwise comparisons, Bonferroni correction was used.","s1 %>% ungroup () %>%
  t_test(mean_conf~type_correct,paired = T,var.equal = T , 
         p.adjust.method = ""bonferroni"") %>% print()",match,"The code implements a paired-samples t-test with Bonferroni adjustment, consistent with the paper’s stated inference procedure using Bonferroni correction at alpha .05. The default alpha of .05 is standard for t-tests and the Bonferroni correction is explicitly specified in the code.",,
besken,7,"In Experiment 1, a Bonferroni-corrected paired-samples t-test contrasted JOLs for similar versus unrelated image pairs. Similar pairs yielded significantly higher JOLs than unrelated pairs, t(23) = 3.96, d = 0.81, p = .004, reflecting that within-category exemplars were judged more memorable than unrelated items.",Model Specification,"Table 1 shows the mean JOL ratings across the four pair types (identical, similar, related, and unrelated). These means were submitted to a single-factor repeated measures ANOVA and revealed significantly different JOLs for each pair type, F(3, 69) = 24.38, MSE = 133.20, p < .001, ηp2 = .51. Pairwise comparisons for each pair type demonstrated that identical pairs received significantly higher JOL ratings than similar and unrelated pairs [ identical versus similar: t (23) = 5.18, d = 1.06, p < .001; identical versus unrelated: t(23) = 5.74,d= 1.17,p < .001], but did not significantly differ from related pairs, t(23) = 2.51, d = 0.51, p = .116. JOLs for similar and related pairs did not significantly differ from each other, t(23) = 2.67, d = 0.55, p = .082. Unrelated pairs produced significantly the lowest JOL rating compared to all other pair types [ related versus unrelated: t(23) = 6.10, d = 1.25, p < .001; similar versus unrelated, t(23) = 3.96, d = 0.81, p = .004]. For all analyses, the alpha level was set at .05. For all pairwise comparisons, Bonferroni correction was used.","b1<- ezANOVA(data = s1,
             dv = mean_conf,
             wid = Subject,
             within = .(type_correct),
             #between = .(bias),
             type = 2,
             return_aov = FALSE,
             detailed = T) %>%
  get_pes() %>% select(Effect,DFn,DFd,SSd,F,p,pes) %>% filter(Effect!='(Intercept)') %>%
  mutate_if(is.double,round,4) %>% pastey() %>% print()

mse1 = b1$SSd/b1$DFd

mse1


s1 %>% ungroup () %>%
  t_test(mean_conf~type_correct,paired = T,var.equal = T , 
         p.adjust.method = ""bonferroni"") %>% print()

s1 %>% ungroup () %>%
  cohens_d(mean_conf~type_correct,paired = T,
           var.equal = T) %>% print()",match,"The paper reports a single-factor repeated-measures ANOVA on JOLs followed by Bonferroni-corrected paired-samples t-tests, including the similar vs. unrelated contrast, and the code implements exactly this model structure. The code uses ezANOVA for a within-subjects factor and then performs paired t-tests with Bonferroni adjustment across pair types, matching the described model specification.",,
besken,7,"In Experiment 1, a Bonferroni-corrected paired-samples t-test contrasted JOLs for similar versus unrelated image pairs. Similar pairs yielded significantly higher JOLs than unrelated pairs, t(23) = 3.96, d = 0.81, p = .004, reflecting that within-category exemplars were judged more memorable than unrelated items.",Variable Specification,"The experiment was designed as a within-subject study with four levels of pair types: identical, similar, related, and unrelated.

They were instructed to provide JOLs after each trial by indicating how likely they were to remember the second item (on the right) of the pair if they were given the first item (on the left) on a subsequent memory test. JOLs ranged from 0 (I will definitely not remember these items) to 100 (I will definitely remember these items) and were self-paced.

Table 1 shows the mean JOL ratings across the four pair types (identical, similar, related, and unrelated). These means were submitted to a single-factor repeated measures ANOVA and revealed significantly different JOLs for each pair type, F(3, 69) = 24.38, MSE = 133.20, p < .001, ηp2 = .51. … Unrelated pairs produced significantly the lowest JOL rating compared to all other pair types [ related versus unrelated: t(23) = 6.10, d = 1.25, p < .001; similar versus unrelated, t(23) = 3.96, d = 0.81, p = .004].","s1<- d1 %>% group_by(Subject,type_correct) %>%
  summarise(mean_test_acc=mean(test_Slide2.ACC == 1), mean_conf = mean(confidence.RESP))
...
#-------------------------------E1 JOL--------------------------------------------------
...

b1<- ezANOVA(data = s1,
             dv = mean_conf,
             wid = Subject,
             within = .(type_correct),
             #between = .(bias),
             type = 2,
             return_aov = FALSE,
             detailed = T) %>%
  get_pes() %>% select(Effect,DFn,DFd,SSd,F,p,pes) %>% filter(Effect!='(Intercept)') %>%
  mutate_if(is.double,round,4) %>% pastey() %>% print()
...

s1 %>% ungroup () %>%
  t_test(mean_conf~type_correct,paired = T,var.equal = T , 
         p.adjust.method = ""bonferroni"") %>% print()

s1 %>% ungroup () %>%
  cohens_d(mean_conf~type_correct,paired = T,
           var.equal = T) %>% print()",match,"The code uses mean_conf (mean of confidence.RESP) as the JOL outcome and type_correct as the within-subject factor of pair type, matching the paper’s description of comparing JOL ratings across similar and unrelated image pairs. The paired t-tests and ANOVA are conducted on JOLs (mean_conf) by pair type, consistent with the reported analysis.",,
besken,7,"In Experiment 1, a Bonferroni-corrected paired-samples t-test contrasted JOLs for similar versus unrelated image pairs. Similar pairs yielded significantly higher JOLs than unrelated pairs, t(23) = 3.96, d = 0.81, p = .004, reflecting that within-category exemplars were judged more memorable than unrelated items.",Transformation Specification,"Table 1 shows the mean JOL ratings across the four pair types (identical, similar, related, and unrelated). These means were submitted to a single-factor repeated measures ANOVA ... Unrelated pairs produced significantly the lowest JOL rating compared to all other pair types [ related versus unrelated: t(23) = 6.10, d = 1.25, p < .001; similar versus unrelated, t(23) = 3.96, d = 0.81, p = .004]. For all analyses, the alpha level was set at .05. For all pairwise comparisons, Bonferroni correction was used.","s1<- d1 %>% group_by(Subject,type_correct) %>%
  summarise(mean_test_acc=mean(test_Slide2.ACC == 1), mean_conf = mean(confidence.RESP))
...
#-------------------------------E1 JOL--------------------------------------------------
##	Exclude: Incorrect encoding trials,No response in JOLs, Response out of 1-100 range
####data cleaning
initial_trials <- nrow(d1)  # Initial total number of trials

d1 <- d1%>% filter(confidence.RESP!="""")
excluded_trials1 <- initial_trials - nrow(d1)  # Excluded trials after removing NA responses
#there is no trials to exclude
...

b1<- ezANOVA(data = s1,
             dv = mean_conf,
             wid = Subject,
             within = .(type_correct),
             #between = .(bias),
             type = 2,
             return_aov = FALSE,
             detailed = T) %>%
  get_pes() %>% select(Effect,DFn,DFd,SSd,F,p,pes) %>% filter(Effect!='(Intercept)') %>%
  mutate_if(is.double,round,4) %>% pastey() %>% print()
...

s1 %>% ungroup () %>%
  t_test(mean_conf~type_correct,paired = T,var.equal = T , 
         p.adjust.method = ""bonferroni"") %>% print()",match,"The code aggregates JOLs to per-subject, per-condition means and then applies Bonferroni-corrected paired t-tests, which is consistent with the paper’s description of using mean JOL ratings per pair type with Bonferroni correction for pairwise comparisons. Any additional exclusion criteria are not specified in the paper, so no clear discrepancy in transformations can be established.",,
besken,7,"In Experiment 1, a Bonferroni-corrected paired-samples t-test contrasted JOLs for similar versus unrelated image pairs. Similar pairs yielded significantly higher JOLs than unrelated pairs, t(23) = 3.96, d = 0.81, p = .004, reflecting that within-category exemplars were judged more memorable than unrelated items.",Inference Specification,"For all analyses, the alpha level was set at .05. For all pairwise comparisons, Bonferroni correction was used.","b1<- ezANOVA(data = s1,
             dv = mean_conf,
             wid = Subject,
             within = .(type_correct),
             #between = .(bias),
             type = 2,
             return_aov = FALSE,
             detailed = T) %>%
  get_pes() %>% select(Effect,DFn,DFd,SSd,F,p,pes) %>% filter(Effect!='(Intercept)') %>%
  mutate_if(is.double,round,4) %>% pastey() %>% print()

mse1 = b1$SSd/b1$DFd

mse1


s1 %>% ungroup () %>%
  t_test(mean_conf~type_correct,paired = T,var.equal = T , 
         p.adjust.method = ""bonferroni"") %>% print()",match,"The paper specifies Bonferroni correction for pairwise comparisons with alpha .05, and the code applies a paired t-test with Bonferroni-adjusted p-values, consistent with that specification. The alpha level is not explicitly set in the code, but standard defaults of .05 make this consistent rather than contradictory.",,
besken,8,"In Experiment 1, a single-factor repeated-measures ANOVA examined whether median JOL response times differed across identical, similar, related, and unrelated image pairs. The analysis found no significant RT differences among conditions, F(3,69) = 1.12, MSE = 160,816.17, p = .347, ηp² = .046, suggesting that JOL entry speed did not vary systematically with pair type.",Model Specification,"These means were submitted to a single-factor repeated measures ANOVA and revealed no significant differences across conditions, F(3, 69) = 1.12, MSE = 160,816.17, p = .347, ηp² = .046.",,unknown,"The paper reports using a single-factor repeated-measures ANOVA, but no corresponding code or model specification is provided to verify this implementation.",,
besken,8,"In Experiment 1, a single-factor repeated-measures ANOVA examined whether median JOL response times differed across identical, similar, related, and unrelated image pairs. The analysis found no significant RT differences among conditions, F(3,69) = 1.12, MSE = 160,816.17, p = .347, ηp² = .046, suggesting that JOL entry speed did not vary systematically with pair type.",Variable Specification,"For encoding, the median response latency for completing JOLs was calculated separately for all pair types for each participant. These means were submitted to a single-factor repeated measures ANOVA and revealed no significant differences across conditions, F(3, 69) = 1.12, MSE = 160,816.17, p = .347, ηp2 = .046.",,unknown,"No relevant code related to the JOL response time ANOVA is provided, so it is impossible to assess whether the implemented variables match those described in the paper.",,
besken,8,"In Experiment 1, a single-factor repeated-measures ANOVA examined whether median JOL response times differed across identical, similar, related, and unrelated image pairs. The analysis found no significant RT differences among conditions, F(3,69) = 1.12, MSE = 160,816.17, p = .347, ηp² = .046, suggesting that JOL entry speed did not vary systematically with pair type.",Transformation Specification,"For encoding, the median response latency for completing JOLs was calculated separately for all pair types for each participant. These means were submitted to a single-factor repeated measures ANOVA and revealed no significant differences across conditions, F(3, 69) = 1.12, MSE = 160,816.17, p = .347, ηp2 = .046.",,unknown,There is not enough information about the code to determine whether the transformation (per-participant median JOL RTs by pair type entered into a repeated-measures ANOVA) matches the paper description.,,
besken,8,"In Experiment 1, a single-factor repeated-measures ANOVA examined whether median JOL response times differed across identical, similar, related, and unrelated image pairs. The analysis found no significant RT differences among conditions, F(3,69) = 1.12, MSE = 160,816.17, p = .347, ηp² = .046, suggesting that JOL entry speed did not vary systematically with pair type.",Inference Specification,"For all analyses, the alpha level was set at .05. For all pairwise comparisons, Bonferroni correction was used.",,unknown,"There is no available code excerpt related to the inference specification for this analysis, so it is impossible to determine whether the implementation matches the paper’s stated alpha level and use of Bonferroni corrections.",,
besken,9,"In Experiment 1, a single-factor repeated-measures ANOVA tested whether cued 4-AFC recognition accuracy differed across the four pair types. Recognition accuracy varied significantly by pair type, F(3,69) = 7.46, MSE = .004, p < .001, ηp² = .24, indicating that the relational structure of image pairs influenced actual memory performance.",Model Specification,"The single-factor repeated measures ANOVA showed that the accuracy rate significantly differed among pair types, F(3, 69) = 7.46, MSE = .004, p < .001, ηp2 = .24.","s1<- d1 %>% group_by(Subject,type_correct) %>%
  summarise(mean_test_acc=mean(test_Slide2.ACC == 1), mean_conf = mean(confidence.RESP))
...
#####################################################
s1<- s1  %>%
  mutate_if(is.character,as.factor) %>%
  mutate(sub=as.factor(Subject))

a1<- ezANOVA(data = s1,
                dv = mean_test_acc,
                wid = sub,
                within = .(type_correct),
                type = 2,
                return_aov = FALSE,
                detailed = T) %>%
  get_pes() %>% select(Effect,DFn,DFd,SSd,F,p,pes) %>% filter(Effect!='(Intercept)') %>%
  mutate_if(is.double,round,4) %>% pastey() %>% print()

mse1 = a1$SSd/a1$DFd
mse1",match,"The code implements a single-factor within-subjects (repeated-measures) ANOVA on recognition accuracy across pair types, which matches the paper’s description. It uses subject as the random factor and pair type as the sole within-subject factor on mean accuracy, consistent with the reported analysis.",,
besken,9,"In Experiment 1, a single-factor repeated-measures ANOVA tested whether cued 4-AFC recognition accuracy differed across the four pair types. Recognition accuracy varied significantly by pair type, F(3,69) = 7.46, MSE = .004, p < .001, ηp² = .24, indicating that the relational structure of image pairs influenced actual memory performance.",Variable Specification,"Table 1 shows the accuracy rate for the cued 4-AFC recognition performance of participants across the four pair types (identical, similar, related, and unrelated). The single-factor repeated measures ANOVA showed that the accuracy rate significantly differed among pair types, F(3, 69) = 7.46, MSE = .004, p < .001, ηp2 = .24.

The experiment was designed as a within-subject study with four levels of pair types: identical, similar, related, and unrelated.","s1<- d1 %>% group_by(Subject,type_correct) %>%
  summarise(mean_test_acc=mean(test_Slide2.ACC == 1), mean_conf = mean(confidence.RESP))

s1<- s1  %>%
  mutate_if(is.character,as.factor) %>%
  mutate(sub=as.factor(Subject))

a1<- ezANOVA(data = s1,
                dv = mean_test_acc,
                wid = sub,
                within = .(type_correct),
                type = 2,
                return_aov = FALSE,
                detailed = T) %>%
  get_pes() %>% select(Effect,DFn,DFd,SSd,F,p,pes) %>% filter(Effect!='(Intercept)') %>%
  mutate_if(is.double,round,4) %>% pastey() %>% print()",match,"The code uses mean_test_acc (mean test_Slide2.ACC) as the dependent variable and type_correct as the within-subject factor, aligning with the paper’s within-subject ANOVA on cued 4-AFC recognition accuracy across four pair types. Subject is correctly specified as the random/repeated-measures factor (wid=sub), matching the described design.",,
besken,9,"In Experiment 1, a single-factor repeated-measures ANOVA tested whether cued 4-AFC recognition accuracy differed across the four pair types. Recognition accuracy varied significantly by pair type, F(3,69) = 7.46, MSE = .004, p < .001, ηp² = .24, indicating that the relational structure of image pairs influenced actual memory performance.",Transformation Specification,"Table 1 shows the accuracy rate for the cued 4-AFC recognition performance of participants across the four pair types (identical, similar, related, and unrelated). ... The actual recall was calculated by multiplying the percent correct recognition by 100 to provide a comparison between JOLs (predicted) and percent correct (actual) recognition.","s1<- d1 %>% group_by(Subject,type_correct) %>%
  summarise(mean_test_acc=mean(test_Slide2.ACC == 1), mean_conf = mean(confidence.RESP))

s1_table<- s1 %>%group_by(type_correct)%>%
  summarise(mean(mean_test_acc),
            sd(mean_test_acc),
            mean(mean_conf),
            sd(mean_conf))
...
exp1_plot<-s1
colnames(exp1_plot)[colnames(exp1_plot) == ""type_correct""] <- ""type""

exp1_2_3<- rbind(exp1_plot,exp2_plot,exp3_plot )


exp1_2_3$pref_type <- NA
exp1_2_3 <- rbind (exp1_2_3, exp1_2_3)
exp1_2_3$pref_type <- c(rep(""actual"",296), rep(""predicted"",296))
exp1_2_3$score <- NA
exp1_2_3$score<-  c(exp1_2_3$mean_test_acc[1:296], exp1_2_3$mean_conf[297:592])",mismatch,"The paper states that actual recall (percent correct) was multiplied by 100 to compare with JOLs, but the code computes accuracy as a raw proportion and never rescales it by 100 before comparison with confidence/JOL ratings.",,
besken,9,"In Experiment 1, a single-factor repeated-measures ANOVA tested whether cued 4-AFC recognition accuracy differed across the four pair types. Recognition accuracy varied significantly by pair type, F(3,69) = 7.46, MSE = .004, p < .001, ηp² = .24, indicating that the relational structure of image pairs influenced actual memory performance.",Inference Specification,"For all analyses, the alpha level was set at .05. For all pairwise comparisons, Bonferroni correction was used.","a1<- ezANOVA(data = s1,
                dv = mean_test_acc,
                wid = sub,
                within = .(type_correct),
                type = 2,
                return_aov = FALSE,
                detailed = T) %>%
  get_pes() %>% select(Effect,DFn,DFd,SSd,F,p,pes) %>% filter(Effect!='(Intercept)') %>%
  mutate_if(is.double,round,4) %>% pastey() %>% print()

s1 %>% ungroup () %>%
  t_test(mean_test_acc~type_correct,paired = T,var.equal = T,
         p.adjust.method = ""bonferroni"") %>% print()",match,"The code implements Bonferroni correction for pairwise comparisons and uses standard p-values consistent with an alpha = .05 decision rule, matching the paper’s stated inference criteria.",,
besken,10,"In Experiment 1, a Bonferroni-corrected paired-samples t-test compared recognition accuracy for similar versus identical pairs. Accuracy did not significantly differ between similar and identical pairs, t(23) = 1.42, d = 0.29, p = 1.00, showing roughly equivalent memory performance despite higher JOLs for identical items.",Model Specification,"Pairwise comparisons indicated that the accuracy rate of identical, similar, and related pairs did not significantly differ from each other, [ similar versus identical: t(23) = 1.42, d = 0.29, p = 1.00; related versus identical: t(23) = 2.00, d = 0.41, p = .344; similar versus related pairs: t(23) = 0.72, d = 0.15, p = 1.00].","s1 %>% ungroup () %>%
  t_test(mean_test_acc~type_correct,paired = T,var.equal = T,
         p.adjust.method = ""bonferroni"") %>% print()",match,"The code performs paired-samples t-tests with Bonferroni-adjusted p-values across accuracy by pair type, which matches the paper’s description of Bonferroni-corrected paired-samples t-tests comparing recognition accuracy between item types (including similar vs. identical).",,
besken,10,"In Experiment 1, a Bonferroni-corrected paired-samples t-test compared recognition accuracy for similar versus identical pairs. Accuracy did not significantly differ between similar and identical pairs, t(23) = 1.42, d = 0.29, p = 1.00, showing roughly equivalent memory performance despite higher JOLs for identical items.",Variable Specification,"Table 1 shows the accuracy rate for the cued 4-AFC recognition performance of participants across the four pair types (identical, similar, related, and unrelated). The single-factor repeated measures ANOVA showed that the accuracy rate significantly differed among pair types, F(3, 69) = 7.46, MSE = .004, p < .001, ηp2 = .24. Pairwise comparisons indicated that the accuracy rate of identical, similar, and related pairs did not significantly differ from each other, [ similar versus identical: t(23) = 1.42, d = 0.29, p = 1.00; related versus identical: t(23) = 2.00, d = 0.41, p = .344; similar versus related pairs: t(23) = 0.72, d = 0.15, p = 1.00].","d1<- read.csv(file='identical-exp1.csv')
d1<- d1[, c(-13)]

##Experiment 1
# ANOVA ANALYSES #

###-----------------------Test Accuracy------------------------------
#---------------
s1<- d1 %>% group_by(Subject,type_correct) %>%
  summarise(mean_test_acc=mean(test_Slide2.ACC == 1), mean_conf = mean(confidence.RESP))


s1_table<- s1 %>%group_by(type_correct)%>%
  summarise(mean(mean_test_acc),
            sd(mean_test_acc),
            mean(mean_conf),
            sd(mean_conf))

#####################################################
s1<- s1  %>%
  mutate_if(is.character,as.factor) %>%
  mutate(sub=as.factor(Subject))

a1<- ezANOVA(data = s1,
                dv = mean_test_acc,
                wid = sub,
                within = .(type_correct),
                type = 2,
                return_aov = FALSE,
                detailed = T) %>%
  get_pes() %>% select(Effect,DFn,DFd,SSd,F,p,pes) %>% filter(Effect!='(Intercept)') %>%
  mutate_if(is.double,round,4) %>% pastey() %>% print()

mse1 = a1$SSd/a1$DFd
mse1

s1 %>% ungroup () %>%
  t_test(mean_test_acc~type_correct,paired = T,var.equal = T,
         p.adjust.method = ""bonferroni"") %>% print()


s1 %>% ungroup () %>%
  cohens_d(mean_test_acc~type_correct,paired = T,var.equal = T) %>% print()",match,"The paper describes comparing recognition accuracy across pair types (identical, similar, related, unrelated), with a specific paired t-test on accuracy between similar and identical pairs; the code uses mean_test_acc (accuracy) as the dependent variable and type_correct (pair type, within-subject) as the factor in a repeated-measures ANOVA and Bonferroni-corrected paired t-tests, which aligns with the described variables and roles.",,
besken,10,"In Experiment 1, a Bonferroni-corrected paired-samples t-test compared recognition accuracy for similar versus identical pairs. Accuracy did not significantly differ between similar and identical pairs, t(23) = 1.42, d = 0.29, p = 1.00, showing roughly equivalent memory performance despite higher JOLs for identical items.",Transformation Specification,"Table 1 shows the accuracy rate for the cued 4-AFC recognition performance of participants across the four pair types (identical, similar, related, and unrelated). ... The actual recall was calculated by multiplying the percent correct recognition by 100 to provide a comparison between JOLs (predicted) and percent correct (actual) recognition.","d1<- read.csv(file='identical-exp1.csv')
d1<- d1[, c(-13)]

##Experiment 1
# ANOVA ANALYSES #

###-----------------------Test Accuracy------------------------------
#---------------
s1<- d1 %>% group_by(Subject,type_correct) %>%
  summarise(mean_test_acc=mean(test_Slide2.ACC == 1), mean_conf = mean(confidence.RESP))


s1_table<- s1 %>%group_by(type_correct)%>%
  summarise(mean(mean_test_acc),
            sd(mean_test_acc),
            mean(mean_conf),
            sd(mean_conf))
...

s1 %>% ungroup () %>%
  t_test(mean_test_acc~type_correct,paired = T,var.equal = T,
         p.adjust.method = ""bonferroni"") %>% print()",match,"The code computes subject-by-condition mean accuracy as a proportion and uses it directly in the paired t-test, whereas the paper reports multiplying percent correct by 100 for comparison to JOLs; this is only a linear rescaling that does not change the inferential analysis. Thus, the transformation applied in code (mean accuracy per subject per pair type) is effectively the same as the transformation described in the paper (percent correct/accuracy rate), aside from trivial scaling.",,
besken,10,"In Experiment 1, a Bonferroni-corrected paired-samples t-test compared recognition accuracy for similar versus identical pairs. Accuracy did not significantly differ between similar and identical pairs, t(23) = 1.42, d = 0.29, p = 1.00, showing roughly equivalent memory performance despite higher JOLs for identical items.",Inference Specification,"For all analyses, the alpha level was set at .05. For all pairwise comparisons, Bonferroni correction was used.","s1 %>% ungroup () %>%
  t_test(mean_test_acc~type_correct,paired = T,var.equal = T,
         p.adjust.method = ""bonferroni"") %>% print()",match,"The code performs a paired-samples t-test with Bonferroni correction, consistent with the paper’s stated use of Bonferroni-corrected pairwise comparisons at α = .05.",,
besken,11,"In Experiment 1, a Bonferroni-corrected t-test compared recognition accuracy for related versus identical pairs. Related and identical pairs did not differ significantly in accuracy, t(23) = 2.00, d = 0.41, p = .344, indicating no clear memory advantage for conceptual relation over identity in this pictorial 4-AFC task.",Model Specification,"Table 1 shows the accuracy rate for the cued 4-AFC recognition performance of participants across the four pair types (identical, similar, related, and unrelated). The single-factor repeated measures ANOVA showed that the accuracy rate significantly differed among pair types, F(3, 69) = 7.46, MSE = .004, p < .001, ηp2 = .24. Pairwise comparisons indicated that the accuracy rate of identical, similar, and related pairs did not significantly differ from each other, [ similar versus identical: t(23) = 1.42, d = 0.29, p = 1.00; related versus identical: t(23) = 2.00, d = 0.41, p = .344; similar versus related pairs: t(23) = 0.72, d = 0.15, p = 1.00].","s1 %>% ungroup () %>%
  t_test(mean_test_acc~type_correct,paired = T,var.equal = T,
         p.adjust.method = ""bonferroni"") %>% print()",match,"The paper describes Bonferroni-corrected pairwise t-tests comparing accuracy between pair types, and the code implements paired t-tests with Bonferroni adjustment for these comparisons.",,
besken,11,"In Experiment 1, a Bonferroni-corrected t-test compared recognition accuracy for related versus identical pairs. Related and identical pairs did not differ significantly in accuracy, t(23) = 2.00, d = 0.41, p = .344, indicating no clear memory advantage for conceptual relation over identity in this pictorial 4-AFC task.",Variable Specification,"Table 1 shows the accuracy rate for the cued 4-AFC recognition performance of participants across the four pair types (identical, similar, related, and unrelated). The single-factor repeated measures ANOVA showed that the accuracy rate significantly differed among pair types, F(3, 69) = 7.46, MSE = .004, p < .001, ηp2 = .24. Pairwise comparisons indicated that the accuracy rate of identical, similar, and related pairs did not significantly differ from each other, [ similar versus identical: t(23) = 1.42, d = 0.29, p = 1.00; related versus identical: t(23) = 2.00, d = 0.41, p = .344; similar versus related pairs: t(23) = 0.72, d = 0.15, p = 1.00].","s1<- d1 %>% group_by(Subject,type_correct) %>%
  summarise(mean_test_acc=mean(test_Slide2.ACC == 1), mean_conf = mean(confidence.RESP))


s1_table<- s1 %>%group_by(type_correct)%>%
  summarise(mean(mean_test_acc),
            sd(mean_test_acc),
            mean(mean_conf),
            sd(mean_conf))

#####################################################
s1<- s1  %>%
  mutate_if(is.character,as.factor) %>%
  mutate(sub=as.factor(Subject))

a1<- ezANOVA(data = s1,
                dv = mean_test_acc,
                wid = sub,
                within = .(type_correct),
                type = 2,
                return_aov = FALSE,
                detailed = T) %>%
  get_pes() %>% select(Effect,DFn,DFd,SSd,F,p,pes) %>% filter(Effect!='(Intercept)') %>%
  mutate_if(is.double,round,4) %>% pastey() %>% print()

mse1 = a1$SSd/a1$DFd
mse1

s1 %>% ungroup () %>%
  t_test(mean_test_acc~type_correct,paired = T,var.equal = T,
         p.adjust.method = ""bonferroni"") %>% print()


s1 %>% ungroup () %>%
  cohens_d(mean_test_acc~type_correct,paired = T,var.equal = T) %>% print()",match,"The code uses mean recognition accuracy as the dependent variable and pair type (including related vs. identical) as the within-subject factor, matching the variables described in the paper. The Bonferroni-corrected paired t-tests are conducted on accuracy across levels of pair type, consistent with the reported analysis.",,
besken,11,"In Experiment 1, a Bonferroni-corrected t-test compared recognition accuracy for related versus identical pairs. Related and identical pairs did not differ significantly in accuracy, t(23) = 2.00, d = 0.41, p = .344, indicating no clear memory advantage for conceptual relation over identity in this pictorial 4-AFC task.",Transformation Specification,"“Participants completed two practice trials, followed by four trials for primacy, 40 critical trials, and four recency trials. Practice, primacy, and recency trials were not included in the testing phase.”

“Table 1 shows the accuracy rate for the cued 4-AFC recognition performance of participants across the four pair types (identical, similar, related, and unrelated).”

“The actual recall was calculated by multiplying the percent correct recognition by 100 to provide a comparison between JOLs (predicted) and percent correct (actual) recognition.”","d1<- read.csv(file='identical-exp1.csv')
d1<- d1[, c(-13)]

##Experiment 1
# ANOVA ANALYSES #

###-----------------------Test Accuracy------------------------------
#---------------
s1<- d1 %>% group_by(Subject,type_correct) %>%
  summarise(mean_test_acc=mean(test_Slide2.ACC == 1), mean_conf = mean(confidence.RESP))


s1_table<- s1 %>%group_by(type_correct)%>%
  summarise(mean(mean_test_acc),
            sd(mean_test_acc),
            mean(mean_conf),
            sd(mean_conf))
...

s1 %>% ungroup () %>%
  t_test(mean_test_acc~type_correct,paired = T,var.equal = T,
         p.adjust.method = ""bonferroni"") %>% print()",match,"The code computes per-subject accuracy as the mean of correct responses by pair type and then uses these values in a Bonferroni-corrected paired t-test, which is consistent with the paper’s description of comparing percent-correct recognition accuracy across pair types. The additional scaling of percent correct by 100 mentioned in the paper is only for comparison with JOLs and does not affect the t-test, so its absence in the code does not indicate a mismatch.",,
besken,11,"In Experiment 1, a Bonferroni-corrected t-test compared recognition accuracy for related versus identical pairs. Related and identical pairs did not differ significantly in accuracy, t(23) = 2.00, d = 0.41, p = .344, indicating no clear memory advantage for conceptual relation over identity in this pictorial 4-AFC task.",Inference Specification,"For all analyses, the alpha level was set at .05. For all pairwise comparisons, Bonferroni correction was used.","a1<- ezANOVA(data = s1,
                dv = mean_test_acc,
                wid = sub,
                within = .(type_correct),
                type = 2,
                return_aov = FALSE,
                detailed = T) %>%
  get_pes() %>% select(Effect,DFn,DFd,SSd,F,p,pes) %>% filter(Effect!='(Intercept)') %>%
  mutate_if(is.double,round,4) %>% pastey() %>% print()

mse1 = a1$SSd/a1$DFd
mse1

s1 %>% ungroup () %>%
  t_test(mean_test_acc~type_correct,paired = T,var.equal = T,
         p.adjust.method = ""bonferroni"") %>% print()",match,"The paper specifies alpha = .05 and Bonferroni correction for pairwise comparisons, and the code implements a Bonferroni-adjusted paired t-test consistent with this inference framework. While alpha is not explicitly coded, the use of Bonferroni-adjusted p-values aligns with the described inferential criteria.",,
besken,12,"In Experiment 1, a Bonferroni-corrected t-test compared recognition accuracy for similar versus related pairs. Similar and related pairs showed no significant difference, t(23) = 0.72, d = 0.15, p = 1.00, suggesting comparable memory support from within-category exemplars and conceptually related but perceptually distinct items.",Model Specification,"For all analyses, the alpha level was set at .05. For all pairwise comparisons, Bonferroni correction was used.
...
The single-factor repeated measures ANOVA showed that the accuracy rate significantly differed among pair types, F(3, 69) = 7.46, MSE = .004, p < .001, ηp2 = .24. Pairwise comparisons indicated that the accuracy rate of identical, similar, and related pairs did not significantly differ from each other, [ similar versus identical: t(23) = 1.42, d = 0.29, p = 1.00; related versus identical: t(23) = 2.00, d = 0.41, p = .344; similar versus related pairs: t(23) = 0.72, d = 0.15, p = 1.00].","a1<- ezANOVA(data = s1,
                dv = mean_test_acc,
                wid = sub,
                within = .(type_correct),
                type = 2,
                return_aov = FALSE,
                detailed = T) %>%
  get_pes() %>% select(Effect,DFn,DFd,SSd,F,p,pes) %>% filter(Effect!='(Intercept)') %>%
  mutate_if(is.double,round,4) %>% pastey() %>% print()

mse1 = a1$SSd/a1$DFd
mse1

s1 %>% ungroup () %>%
  t_test(mean_test_acc~type_correct,paired = T,var.equal = T,
         p.adjust.method = ""bonferroni"") %>% print()
",match,"The code implements a within-subjects ANOVA followed by Bonferroni-corrected paired t-tests, matching the paper’s description of a single-factor repeated measures ANOVA with Bonferroni-corrected pairwise comparisons between pair types (including similar vs. related).",,
besken,12,"In Experiment 1, a Bonferroni-corrected t-test compared recognition accuracy for similar versus related pairs. Similar and related pairs showed no significant difference, t(23) = 0.72, d = 0.15, p = 1.00, suggesting comparable memory support from within-category exemplars and conceptually related but perceptually distinct items.",Variable Specification,"Table 1 shows the accuracy rate for the cued 4-AFC recognition performance of participants across the four pair types (identical, similar, related, and unrelated). The single-factor repeated measures ANOVA showed that the accuracy rate significantly differed among pair types, F(3, 69) = 7.46, MSE = .004, p < .001, ηp2 = .24. Pairwise comparisons indicated that the accuracy rate of identical, similar, and related pairs did not significantly differ from each other, [ similar versus identical: t(23) = 1.42, d = 0.29, p = 1.00; related versus identical: t(23) = 2.00, d = 0.41, p = .344; similar versus related pairs: t(23) = 0.72, d = 0.15, p = 1.00].","s1<- d1 %>% group_by(Subject,type_correct) %>%
  summarise(mean_test_acc=mean(test_Slide2.ACC == 1), mean_conf = mean(confidence.RESP))

...

s1<- s1  %>%
  mutate_if(is.character,as.factor) %>%
  mutate(sub=as.factor(Subject))

a1<- ezANOVA(data = s1,
                dv = mean_test_acc,
                wid = sub,
                within = .(type_correct),
                type = 2,
                return_aov = FALSE,
                detailed = T) %>%
  get_pes() %>% select(Effect,DFn,DFd,SSd,F,p,pes) %>% filter(Effect!='(Intercept)') %>%
  mutate_if(is.double,round,4) %>% pastey() %>% print()

...

s1 %>% ungroup () %>%
  t_test(mean_test_acc~type_correct,paired = T,var.equal = T,
         p.adjust.method = ""bonferroni"") %>% print()


s1 %>% ungroup () %>%
  cohens_d(mean_test_acc~type_correct,paired = T,var.equal = T) %>% print()",match,"The code uses mean_test_acc (cued 4-AFC recognition accuracy) as the dependent variable and type_correct (pair type: identical, similar, related, unrelated) as the within-subject factor, matching the paper’s description of comparing recognition accuracy across pair types. The Bonferroni-corrected paired t-tests are applied to the same accuracy variable across the specified pair types, consistent with the reported similar vs. related comparison.",,
besken,12,"In Experiment 1, a Bonferroni-corrected t-test compared recognition accuracy for similar versus related pairs. Similar and related pairs showed no significant difference, t(23) = 0.72, d = 0.15, p = 1.00, suggesting comparable memory support from within-category exemplars and conceptually related but perceptually distinct items.",Transformation Specification,"Table 1 shows the accuracy rate for the cued 4-AFC recognition performance of participants across the four pair types (identical, similar, related, and unrelated). ... For all analyses, the alpha level was set at .05. For all pairwise comparisons, Bonferroni correction was used. ... The actual recall was calculated by multiplying the percent correct recognition by 100 to provide a comparison between JOLs (predicted) and percent correct (actual) recognition. ... Practice, primacy, and recency trials were not included in the testing phase.","d1<- read.csv(file='identical-exp1.csv')
d1<- d1[, c(-13)]

###-----------------------Test Accuracy------------------------------
#---------------
s1<- d1 %>% group_by(Subject,type_correct) %>%
  summarise(mean_test_acc=mean(test_Slide2.ACC == 1), mean_conf = mean(confidence.RESP))

s1<- s1  %>%
  mutate_if(is.character,as.factor) %>%
  mutate(sub=as.factor(Subject))

s1 %>% ungroup () %>%
  t_test(mean_test_acc~type_correct,paired = T,var.equal = T,
         p.adjust.method = ""bonferroni"") %>% print()",match,"The code computes mean recognition accuracy by pair type and applies a Bonferroni correction to the paired t-test, which aligns with the paper’s description of comparing recognition accuracy across pair types with Bonferroni-corrected tests. Any rescaling of accuracy to a 0–100 metric is a linear transformation that would not affect the t-test results and may occur elsewhere in the analysis pipeline.",,
besken,12,"In Experiment 1, a Bonferroni-corrected t-test compared recognition accuracy for similar versus related pairs. Similar and related pairs showed no significant difference, t(23) = 0.72, d = 0.15, p = 1.00, suggesting comparable memory support from within-category exemplars and conceptually related but perceptually distinct items.",Inference Specification,"For all analyses, the alpha level was set at .05. For all pairwise comparisons, Bonferroni correction was used.","s1 %>% ungroup () %>%
  t_test(mean_test_acc~type_correct,paired = T,var.equal = T,
         p.adjust.method = ""bonferroni"") %>% print()",match,"The code performs a paired t-test with Bonferroni correction, which is consistent with the paper’s description of Bonferroni-corrected pairwise comparisons at α = .05. Although alpha is not explicitly set in the code, the use of Bonferroni correction matches the stated inference procedure.",,
besken,13,"In Experiment 1, a Bonferroni-corrected paired t-test compared recognition accuracy for identical versus unrelated pairs. Identical pairs were recognized significantly more accurately than unrelated pairs, t(23) = 3.98, d = 0.81, p = .004, indicating that identity relations confer an advantage over unrelated images in actual memory.",Model Specification,"Table 1 shows the accuracy rate for the cued 4-AFC recognition performance of participants across the four pair types (identical, similar, related, and unrelated). The single-factor repeated measures ANOVA showed that the accuracy rate significantly differed among pair types, F(3, 69) = 7.46, MSE = .004, p < .001, ηp2 = .24. Pairwise comparisons indicated that the accuracy rate of identical, similar, and related pairs did not significantly differ from each other, [similar versus identical: t(23) = 1.42, d = 0.29, p = 1.00; related versus identical: t(23) = 2.00, d = 0.41, p = .344; similar versus related pairs: t(23) = 0.72, d = 0.15, p = 1.00]. However, identical pairs’ accuracy rate was higher than unrelated ones, t(23) = 3.98, d = 0.81, p = .004.","s1<- d1 %>% group_by(Subject,type_correct) %>%
  summarise(mean_test_acc=mean(test_Slide2.ACC == 1), mean_conf = mean(confidence.RESP))
...

a1<- ezANOVA(data = s1,
                dv = mean_test_acc,
                wid = sub,
                within = .(type_correct),
                type = 2,
                return_aov = FALSE,
                detailed = T) %>%
  get_pes() %>% select(Effect,DFn,DFd,SSd,F,p,pes) %>% filter(Effect!='(Intercept)') %>%
  mutate_if(is.double,round,4) %>% pastey() %>% print()
...

s1 %>% ungroup () %>%
  t_test(mean_test_acc~type_correct,paired = T,var.equal = T,
         p.adjust.method = ""bonferroni"") %>% print()",match,"The code uses a within-subjects ANOVA and Bonferroni-corrected paired t-tests, matching the model specification described in the paper. Both sources indicate a single-factor repeated measures ANOVA followed by pairwise paired t-tests with Bonferroni correction among pair types.",,
besken,13,"In Experiment 1, a Bonferroni-corrected paired t-test compared recognition accuracy for identical versus unrelated pairs. Identical pairs were recognized significantly more accurately than unrelated pairs, t(23) = 3.98, d = 0.81, p = .004, indicating that identity relations confer an advantage over unrelated images in actual memory.",Variable Specification,"Table 1 shows the accuracy rate for the cued 4-AFC recognition performance of participants across the four pair types (identical, similar, related, and unrelated). However, identical pairs’ accuracy rate was higher than unrelated ones, t(23) = 3.98,d = 0.81, p = .004.","s1<- d1 %>% group_by(Subject,type_correct) %>%
  summarise(mean_test_acc=mean(test_Slide2.ACC == 1), mean_conf = mean(confidence.RESP))

s1<- s1  %>%
  mutate_if(is.character,as.factor) %>%
  mutate(sub=as.factor(Subject))

a1<- ezANOVA(data = s1,
                dv = mean_test_acc,
                wid = sub,
                within = .(type_correct),
                type = 2,
                return_aov = FALSE,
                detailed = T) %>%
  get_pes() %>% select(Effect,DFn,DFd,SSd,F,p,pes) %>% filter(Effect!='(Intercept)') %>%
  mutate_if(is.double,round,4) %>% pastey() %>% print()

s1 %>% ungroup () %>%
  t_test(mean_test_acc~type_correct,paired = T,var.equal = T,
         p.adjust.method = ""bonferroni"") %>% print()",match,"The code uses mean recognition accuracy as the dependent variable and pair type (including identical and unrelated) as the within-subject factor, consistent with the paper’s description of comparing recognition accuracy between identical and unrelated pairs. Although the code performs pairwise tests among all levels of type_correct, the variable roles and definitions align with the paper.",,
besken,13,"In Experiment 1, a Bonferroni-corrected paired t-test compared recognition accuracy for identical versus unrelated pairs. Identical pairs were recognized significantly more accurately than unrelated pairs, t(23) = 3.98, d = 0.81, p = .004, indicating that identity relations confer an advantage over unrelated images in actual memory.",Transformation Specification,"Table 1 shows the accuracy rate for the cued 4-AFC recognition performance of participants across the four pair types (identical, similar, related, and unrelated).","d1<- read.csv(file='identical-exp1.csv')
d1<- d1[, c(-13)]

##Experiment 1
# ANOVA ANALYSES #

###-----------------------Test Accuracy------------------------------
#---------------
s1<- d1 %>% group_by(Subject,type_correct) %>%
  summarise(mean_test_acc=mean(test_Slide2.ACC == 1), mean_conf = mean(confidence.RESP))


s1_table<- s1 %>%group_by(type_correct)%>%
  summarise(mean(mean_test_acc),
            sd(mean_test_acc),
            mean(mean_conf),
            sd(mean_conf))

#####################################################
s1<- s1  %>%
  mutate_if(is.character,as.factor) %>%
  mutate(sub=as.factor(Subject))

s1 %>% ungroup () %>%
  t_test(mean_test_acc~type_correct,paired = T,var.equal = T,
         p.adjust.method = ""bonferroni"") %>% print()",match,"The code computes per-subject mean accuracy (proportion correct) by pair type before running the t-test, which is consistent with the paper’s description of comparing recognition accuracy across pair types. No evidence suggests a different or additional transformation than what is implied by reporting accuracy rates by condition.",,
besken,13,"In Experiment 1, a Bonferroni-corrected paired t-test compared recognition accuracy for identical versus unrelated pairs. Identical pairs were recognized significantly more accurately than unrelated pairs, t(23) = 3.98, d = 0.81, p = .004, indicating that identity relations confer an advantage over unrelated images in actual memory.",Inference Specification,"For all analyses, the alpha level was set at .05. For all pairwise comparisons, Bonferroni correction was used.","s1 %>% ungroup () %>%
  t_test(mean_test_acc~type_correct,paired = T,var.equal = T,
         p.adjust.method = ""bonferroni"") %>% print()",match,"The code applies a Bonferroni correction for the paired t-test, consistent with the paper’s stated use of Bonferroni correction for pairwise comparisons under an alpha of .05 (the default in such tests).",,
besken,14,"In Experiment 1, a Bonferroni-corrected paired t-test compared recognition accuracy for unrelated versus related pairs. Unrelated images did not differ significantly from related images in recognition accuracy, t(23) = 2.72, d = 0.55, p = .074, though the numerical pattern suggested somewhat poorer performance for unrelated items.",Model Specification,"Table 1 shows the accuracy rate for the cued 4-AFC recognition performance of participants across the four pair types (identical, similar, related, and unrelated). The single-factor repeated measures ANOVA showed that the accuracy rate significantly differed among pair types, F(3, 69) = 7.46, MSE = .004, p < .001, ηp2 = .24. Pairwise comparisons indicated that the accuracy rate of identical, similar, and related pairs did not significantly differ from each other, [ similar versus identical: t(23) = 1.42, d = 0.29, p = 1.00; related versus identical: t(23) = 2.00, d = 0.41, p = .344; similar versus related pairs: t(23) = 0.72, d = 0.15, p = 1.00]. However, identical pairs’ accuracy rate was higher than unrelated ones, t(23) = 3.98,d = 0.81, p = .004. Unrelated images’ accuracy rate did not significantly differ from related ones, t(23) = 2.72, d = .55,p = .074, and similar ones, t(23) = 2.80 ,d = 0.57, p = .061.","s1 %>% ungroup () %>%
  t_test(mean_test_acc~type_correct,paired = T,var.equal = T,
         p.adjust.method = ""bonferroni"") %>% print()",match,"The paper describes Bonferroni-corrected paired t-tests comparing recognition accuracy across pair types, including unrelated versus related images, and the code implements a paired t-test with Bonferroni adjustment across the type_correct factor. Thus, the statistical test type in the code matches the model specification in the paper for this analysis.",,
besken,14,"In Experiment 1, a Bonferroni-corrected paired t-test compared recognition accuracy for unrelated versus related pairs. Unrelated images did not differ significantly from related images in recognition accuracy, t(23) = 2.72, d = 0.55, p = .074, though the numerical pattern suggested somewhat poorer performance for unrelated items.",Variable Specification,"Table 1 shows the accuracy rate for the cued 4-AFC recognition performance of participants across the four pair types (identical, similar, related, and unrelated). Unrelated images’ accuracy rate did not significantly differ from related ones, t(23) = 2.72, d = .55,p = .074, and similar ones, t(23) = 2.80 ,d = 0.57, p = .061.","s1<- d1 %>% group_by(Subject,type_correct) %>%
  summarise(mean_test_acc=mean(test_Slide2.ACC == 1), mean_conf = mean(confidence.RESP))

s1<- s1  %>%
  mutate_if(is.character,as.factor) %>%
  mutate(sub=as.factor(Subject))

a1<- ezANOVA(data = s1,
                dv = mean_test_acc,
                wid = sub,
                within = .(type_correct),
                type = 2,
                return_aov = FALSE,
                detailed = T) %>%
  get_pes() %>% select(Effect,DFn,DFd,SSd,F,p,pes) %>% filter(Effect!='(Intercept)') %>%
  mutate_if(is.double,round,4) %>% pastey() %>% print()

s1 %>% ungroup () %>%
  t_test(mean_test_acc~type_correct,paired = T,var.equal = T,
         p.adjust.method = ""bonferroni"") %>% print()",match,"The code uses mean recognition accuracy as the dependent variable and pair type as the within-subject factor, matching the paper’s description of comparing recognition accuracy across relatedness conditions (including unrelated vs. related).",,
besken,14,"In Experiment 1, a Bonferroni-corrected paired t-test compared recognition accuracy for unrelated versus related pairs. Unrelated images did not differ significantly from related images in recognition accuracy, t(23) = 2.72, d = 0.55, p = .074, though the numerical pattern suggested somewhat poorer performance for unrelated items.",Transformation Specification,"Table 1 shows the accuracy rate for the cued 4-AFC
recognition performance of participants across the four
pair types (identical, similar, related, and unrelated). ... The actual recall was calculated by
multiplying the percent correct recognition by 100 to provide a comparison between JOLs (predicted) and percent correct (actual) recognition.","s1<- d1 %>% group_by(Subject,type_correct) %>%
  summarise(mean_test_acc=mean(test_Slide2.ACC == 1), mean_conf = mean(confidence.RESP))

...

s1<- s1  %>%
  mutate_if(is.character,as.factor) %>%
  mutate(sub=as.factor(Subject))

...

s1 %>% ungroup () %>%
  t_test(mean_test_acc~type_correct,paired = T,var.equal = T,
         p.adjust.method = ""bonferroni"") %>% print()",match,Both paper and code use mean recognition accuracy (proportion correct per subject per condition) as the basis for the t-test; the paper’s mention of multiplying by 100 is a trivial rescaling that does not change the underlying transformation used for the analysis. The code’s computation of mean_test_acc from binary correctness aligns with the described accuracy rate/percent correct metric.,,
besken,14,"In Experiment 1, a Bonferroni-corrected paired t-test compared recognition accuracy for unrelated versus related pairs. Unrelated images did not differ significantly from related images in recognition accuracy, t(23) = 2.72, d = 0.55, p = .074, though the numerical pattern suggested somewhat poorer performance for unrelated items.",Inference Specification,"For all analyses, the alpha level was set at .05. For all pairwise comparisons, Bonferroni correction was used. ... Unrelated images’ accuracy rate did not significantly differ from related ones, t(23) = 2.72, d = .55, p = .074, and similar ones, t(23) = 2.80, d = 0.57, p = .061.","s1 %>% ungroup () %>%
  t_test(mean_test_acc~type_correct,paired = T,var.equal = T,
         p.adjust.method = ""bonferroni"") %>% print()",match,"The code applies Bonferroni correction to the paired t-tests, consistent with the paper’s stated inference procedure using Bonferroni-corrected pairwise comparisons at alpha = .05. Although alpha is not explicitly set in the code, the default of .05 is standard and there is no indication of a different threshold being used.",,
besken,15,"In Experiment 1, a Bonferroni-corrected t-test contrasted recognition accuracy for unrelated versus similar pairs. The difference was not significant, t(23) = 2.80, d = 0.57, p = .061, indicating only a marginal trend toward higher accuracy for similar exemplars compared with unrelated images.",Model Specification,"For all analyses, the alpha level was set at .05. For all pairwise comparisons, Bonferroni correction was used. ... Unrelated images’ accuracy rate did not significantly differ from related ones, t(23) = 2.72, d = .55,p = .074, and similar ones, t(23) = 2.80 ,d = 0.57, p = .061.","##Experiment 1
# ANOVA ANALYSES #

###-----------------------Test Accuracy------------------------------
#---------------
s1<- d1 %>% group_by(Subject,type_correct) %>%
  summarise(mean_test_acc=mean(test_Slide2.ACC == 1), mean_conf = mean(confidence.RESP))
...

a1<- ezANOVA(data = s1,
                dv = mean_test_acc,
                wid = sub,
                within = .(type_correct),
                type = 2,
                return_aov = FALSE,
                detailed = T) %>%
  get_pes() %>% select(Effect,DFn,DFd,SSd,F,p,pes) %>% filter(Effect!='(Intercept)') %>%
  mutate_if(is.double,round,4) %>% pastey() %>% print()
...

s1 %>% ungroup () %>%
  t_test(mean_test_acc~type_correct,paired = T,var.equal = T,
         p.adjust.method = ""bonferroni"") %>% print()",match,Both the paper and the code indicate that pairwise t-tests with Bonferroni correction were used to compare recognition accuracy across conditions (including unrelated vs. similar).,,
besken,15,"In Experiment 1, a Bonferroni-corrected t-test contrasted recognition accuracy for unrelated versus similar pairs. The difference was not significant, t(23) = 2.80, d = 0.57, p = .061, indicating only a marginal trend toward higher accuracy for similar exemplars compared with unrelated images.",Variable Specification,"Table 1 shows the accuracy rate for the cued 4-AFC recognition performance of participants across the four pair types (identical, similar, related, and unrelated). ... Unrelated images’ accuracy rate did not significantly differ from related ones, t(23) = 2.72, d = .55, p = .074, and similar ones, t(23) = 2.80, d = 0.57, p = .061.","d1<- read.csv(file='identical-exp1.csv')
d1<- d1[, c(-13)]

##Experiment 1
# ANOVA ANALYSES #

###-----------------------Test Accuracy------------------------------
#---------------
s1<- d1 %>% group_by(Subject,type_correct) %>%
  summarise(mean_test_acc=mean(test_Slide2.ACC == 1), mean_conf = mean(confidence.RESP))

...

s1<- s1  %>%
  mutate_if(is.character,as.factor) %>%
  mutate(sub=as.factor(Subject))

a1<- ezANOVA(data = s1,
                dv = mean_test_acc,
                wid = sub,
                within = .(type_correct),
                type = 2,
                return_aov = FALSE,
                detailed = T) %>%
  get_pes() %>% select(Effect,DFn,DFd,SSd,F,p,pes) %>% filter(Effect!='(Intercept)') %>%
  mutate_if(is.double,round,4) %>% pastey() %>% print()

...

s1 %>% ungroup () %>%
  t_test(mean_test_acc~type_correct,paired = T,var.equal = T,
         p.adjust.method = ""bonferroni"") %>% print()


s1 %>% ungroup () %>%
  cohens_d(mean_test_acc~type_correct,paired = T,var.equal = T) %>% print()",match,"The code uses mean cued recognition accuracy as the dependent variable and item type (including similar and unrelated) as the within-subjects factor, matching the paper’s description of contrasting recognition accuracy between pair types. The Bonferroni-corrected paired t-tests in the code correspond to the reported comparisons (e.g., similar vs. unrelated).",,
besken,15,"In Experiment 1, a Bonferroni-corrected t-test contrasted recognition accuracy for unrelated versus similar pairs. The difference was not significant, t(23) = 2.80, d = 0.57, p = .061, indicating only a marginal trend toward higher accuracy for similar exemplars compared with unrelated images.",Transformation Specification,"Table 1 shows the accuracy rate for the cued 4-AFC recognition performance of participants across the four pair types (identical, similar, related, and unrelated). The single-factor repeated measures ANOVA showed that the accuracy rate significantly differed among pair types, F(3, 69) = 7.46, MSE = .004, p < .001, ηp2 = .24. Pairwise comparisons indicated that the accuracy rate of identical, similar, and related pairs did not significantly differ from each other, [ similar versus identical: t(23) = 1.42, d = 0.29, p = 1.00; related versus identical: t(23) = 2.00, d = 0.41, p = .344; similar versus related pairs: t(23) = 0.72, d = 0.15, p = 1.00]. However, identical pairs’ accuracy rate was higher than unrelated ones, t(23) = 3.98,d = 0.81, p = .004. Unrelated images’ accuracy rate did not significantly differ from related ones, t(23) = 2.72, d = .55,p = .074, and similar ones, t(23) = 2.80 ,d = 0.57, p = .061.","d1<- read.csv(file='identical-exp1.csv')
d1<- d1[, c(-13)]

##Experiment 1
# ANOVA ANALYSES #

###-----------------------Test Accuracy------------------------------
#---------------
s1<- d1 %>% group_by(Subject,type_correct) %>%
  summarise(mean_test_acc=mean(test_Slide2.ACC == 1), mean_conf = mean(confidence.RESP))

s1<- s1  %>%
  mutate_if(is.character,as.factor) %>%
  mutate(sub=as.factor(Subject))

s1 %>% ungroup () %>%
  t_test(mean_test_acc~type_correct,paired = T,var.equal = T,
         p.adjust.method = ""bonferroni"") %>% print()",match,"Both the paper and the code compute per-subject accuracy rates by pair type (proportion of correct responses) before conducting the Bonferroni-corrected paired t-tests, with no additional transformations apparent.",,
besken,15,"In Experiment 1, a Bonferroni-corrected t-test contrasted recognition accuracy for unrelated versus similar pairs. The difference was not significant, t(23) = 2.80, d = 0.57, p = .061, indicating only a marginal trend toward higher accuracy for similar exemplars compared with unrelated images.",Inference Specification,"For all analyses, the alpha level was set at .05. For all pairwise comparisons, Bonferroni correction was used.","s1 %>% ungroup () %>%
  t_test(mean_test_acc~type_correct,paired = T,var.equal = T,
         p.adjust.method = ""bonferroni"") %>% print()",match,"The code applies a paired t-test with Bonferroni correction, consistent with the paper’s description of Bonferroni-corrected pairwise comparisons at alpha = .05. Although alpha is not explicitly set in the code, standard defaults align with the paper’s stated criterion.",,
besken,16,"In Experiment 2, a repeated-measures ANOVA assessed differences in encoding-phase identification accuracy (classifying pairs as identical/similar/related/unrelated) across pair types. Identification accuracy varied significantly, F(3,69) = 28.17, MSE = .005, p < .001, ηp² = .55, showing that some relationships were easier to categorize than others.",Model Specification,"During encoding, the mean identification rates for pair types were computed (see Table 2) and submitted to a single-factor repeated measures ANOVA. This analysis revealed that there are significant differences in identification accuracy between pair types, F(3,69) = 28.17, MSE = .005, p < .001, ηₚ² = .55.","##-------------------------------------Exp2 encoding Accuracy----------------------------

##I run this analyses without excluding any trials, because the original summary data allying whit this
## if I run the analyses without any exclusion 

#summarization code
s2 <- d2%>% group_by(Subject, type) %>%
  summarise(mean_encode_acc = mean(Slide1.ACC))
#summarization code
s2_table <- d2%>% group_by(type) %>%
  summarise(mean_encode_acc = mean(Slide1.ACC), 
            sd(Slide1.ACC))
#encoding accuracy rate identical=0.9916,related=0.8187,similar=0.8770,unrelated=0.9625
# Assuming 'd2' is your data frame with paired observations
# Columns 'Subject', 'type', and 'Slide1.ACC' represent the paired measurements




a2<- ezANOVA(data = s2,
             dv = mean_encode_acc,
             wid = Subject,
             within = .(type),
             #between = .(bias),
             type = 2,
             return_aov = FALSE,
             detailed = T) %>%
  get_pes() %>% select(Effect,DFn,DFd,SSd,F,p,pes) %>% filter(Effect!='(Intercept)') %>%
  mutate_if(is.double,round,4) %>% pastey() %>% print()
##Anova shows that difference is significant",match,"The paper describes using a single-factor repeated-measures ANOVA on identification accuracy across pair types, and the code implements exactly this model using ezANOVA with type as a within-subject factor and mean encoding accuracy as the dependent variable.",,
besken,16,"In Experiment 2, a repeated-measures ANOVA assessed differences in encoding-phase identification accuracy (classifying pairs as identical/similar/related/unrelated) across pair types. Identification accuracy varied significantly, F(3,69) = 28.17, MSE = .005, p < .001, ηp² = .55, showing that some relationships were easier to categorize than others.",Variable Specification,"During encoding, the mean identification rates for pair types were computed (see Table 2) and submitted to a single-factor repeated measures ANOVA. This analysis revealed that there are significant differences in identification accuracy between pair types, F(3,69) = 28.17, MSE = .005, p < .001, ηp2 = .55.","##-------------------------------------Exp2 encoding Accuracy----------------------------

##I run this analyses without excluding any trials, because the original summary data allying whit this
## if I run the analyses without any exclusion 

#summarization code
s2 <- d2%>% group_by(Subject, type) %>%
  summarise(mean_encode_acc = mean(Slide1.ACC))
#summarization code
s2_table <- d2%>% group_by(type) %>%
  summarise(mean_encode_acc = mean(Slide1.ACC), 
            sd(Slide1.ACC))
#encoding accuracy rate identical=0.9916,related=0.8187,similar=0.8770,unrelated=0.9625
# Assuming 'd2' is your data frame with paired observations
# Columns 'Subject', 'type', and 'Slide1.ACC' represent the paired measurements



a2<- ezANOVA(data = s2,
             dv = mean_encode_acc,
             wid = Subject,
             within = .(type),
             #between = .(bias),
             type = 2,
             return_aov = FALSE,
             detailed = T) %>%
  get_pes() %>% select(Effect,DFn,DFd,SSd,F,p,pes) %>% filter(Effect!='(Intercept)') %>%
  mutate_if(is.double,round,4) %>% pastey() %>% print()
##Anova shows that difference is significant",match,"The code uses mean encoding accuracy as the dependent variable and pair type as a within-subject factor, matching the paper’s description of a single-factor repeated-measures ANOVA on identification accuracy across pair types.",,
besken,16,"In Experiment 2, a repeated-measures ANOVA assessed differences in encoding-phase identification accuracy (classifying pairs as identical/similar/related/unrelated) across pair types. Identification accuracy varied significantly, F(3,69) = 28.17, MSE = .005, p < .001, ηp² = .55, showing that some relationships were easier to categorize than others.",Transformation Specification,"During encoding, the mean identification rates for pair types were computed (see Table 2) and submitted to a single-factor repeated measures ANOVA.","##-------------------------------------Exp2 encoding Accuracy----------------------------

##I run this analyses without excluding any trials, because the original summary data allying whit this
## if I run the analyses without any exclusion 

#summarization code
s2 <- d2%>% group_by(Subject, type) %>%
  summarise(mean_encode_acc = mean(Slide1.ACC))
#summarization code
s2_table <- d2%>% group_by(type) %>%
  summarise(mean_encode_acc = mean(Slide1.ACC), 
            sd(Slide1.ACC))
#encoding accuracy rate identical=0.9916,related=0.8187,similar=0.8770,unrelated=0.9625

...

#####data cleaning##
## Exclude 1- incorrect identification trials(Slide1.ACC), 2-no response trials (Slide1.RESP)

initial_trials <- nrow(d2)  # Initial total number of trials

d2 <- d2%>% filter(Slide1.RESP!="""")
excluded_trials1 <- initial_trials - nrow(d2)  # Excluded trials after removing NA responses

d2a<- d2 %>% filter(Slide1.ACC != ""0"")
excluded_trials2 <- nrow(d2) - nrow(d2a)  # Excluded trials after filtering Slide1.ACC != 0

# Print or report the counts
cat(""Total Excluded Trials after removing NA responses:"", excluded_trials1, ""\n"")
cat(""Total Excluded Trials after filtering Slide1.ACC != 0:"", excluded_trials2, ""\n"")
# Calculate the percentages
percentage_excluded1 <- (excluded_trials1 / initial_trials) * 100
percentage_excluded2 <- (excluded_trials2 / initial_trials) * 100
##%1.51 trials were excluded due to no response to encoding task
##%7.24 trials were excluded due to inaccurate encoding responses (after na were trials were removed)



#summarization code - after NA trials excluded:

s2 <- d2%>% group_by(Subject, type) %>%
  summarise(mean_encode_acc = mean(Slide1.ACC))
#summarization code
s2_table <- d2%>% group_by(type) %>%
  summarise(mean_encode_acc = sum(Slide1.ACC) / n())
#encoding accuracy rate identical=0.996,related=0.836,similar=0.896,unrelated=0.977

a2<- ezANOVA(data = s2,
             dv = mean_encode_acc,
             wid = Subject,
             within = .(type),
             #between = .(bias),
             type = 2,
             return_aov = FALSE,
             detailed = T) %>%
  get_pes() %>% select(Effect,DFn,DFd,SSd,F,p,pes) %>% filter(Effect!='(Intercept)') %>%
  mutate_if(is.double,round,4) %>% pastey() %>% print()
##Anova shows that 
pairwise.t.test(s2$mean_encode_acc, s2$type, paired = TRUE, p.adjust.method = ""bonferroni"")
##if I run these tests after removing the NA trials, results are the same with the data before any exlcusion
",match,"Both the paper and the code compute mean identification accuracy by pair type (per subject) and submit these means to a repeated-measures ANOVA, with only missing-response trials optionally removed, which does not contradict the paper’s description. There is no evidence of additional transformations (e.g., outlier trimming, subsetting by correctness) being actually used for the reported ANOVA beyond this averaging step.",,
besken,16,"In Experiment 2, a repeated-measures ANOVA assessed differences in encoding-phase identification accuracy (classifying pairs as identical/similar/related/unrelated) across pair types. Identification accuracy varied significantly, F(3,69) = 28.17, MSE = .005, p < .001, ηp² = .55, showing that some relationships were easier to categorize than others.",Inference Specification,"For all analyses, the alpha level was set at .05. For all pairwise comparisons, Bonferroni correction was used.","a2<- ezANOVA(data = s2,
             dv = mean_encode_acc,
             wid = Subject,
             within = .(type),
             #between = .(bias),
             type = 2,
             return_aov = FALSE,
             detailed = T) %>%
  get_pes() %>% select(Effect,DFn,DFd,SSd,F,p,pes) %>% filter(Effect!='(Intercept)') %>%
  mutate_if(is.double,round,4) %>% pastey() %>% print()
##Anova shows that difference is significant


s2 %>% ungroup () %>%
  t_test(mean_encode_acc~type,paired = T,var.equal = T , 
         p.adjust.method = ""bonferroni"") %>% print()
...

a2<- ezANOVA(data = s2,
             dv = mean_encode_acc,
             wid = Subject,
             within = .(type),
             #between = .(bias),
             type = 2,
             return_aov = FALSE,
             detailed = T) %>%
  get_pes() %>% select(Effect,DFn,DFd,SSd,F,p,pes) %>% filter(Effect!='(Intercept)') %>%
  mutate_if(is.double,round,4) %>% pastey() %>% print()
##Anova shows that 
pairwise.t.test(s2$mean_encode_acc, s2$type, paired = TRUE, p.adjust.method = ""bonferroni"")",match,"The code applies Bonferroni correction for pairwise tests and uses standard p-value outputs from ANOVA consistent with an alpha of .05, matching the paper’s stated inference criteria.",,
besken,17,"In Experiment 2, a Bonferroni-corrected paired t-test compared identification accuracy for identical versus related pairs. Identical pairs were identified significantly more accurately than related pairs, t(23) = 10.20, d = 2.07, p < .001, indicating that participants were highly reliable at recognizing identical image relations.",Model Specification,"During encoding, the mean identification rates for pair types were computed (see Table 2) and submitted to a single-factor repeated measures ANOVA. This analysis revealed that there are significant differences in identification accuracy between pair types, F(3,69) = 28.17, MSE = .005, p < .001, ηp2 = .55. Pairwise comparisons showed that identical pairs were identified more than related and similar pairs [ identical versus related: t(23) = 10.20, d = 2.07, p < .001, identical versus similar: t(23) = 4.60, d = 0.94, p < .001].","s2 %>% ungroup () %>%
  t_test(mean_encode_acc~type,paired = T,var.equal = T , 
         p.adjust.method = ""bonferroni"") %>% print()
...
##Anova shows that 
pairwise.t.test(s2$mean_encode_acc, s2$type, paired = TRUE, p.adjust.method = ""bonferroni"")",match,"The paper describes Bonferroni-corrected paired t-tests for pairwise comparisons, and the code implements paired t-tests with Bonferroni correction for identification accuracy across pair types. This aligns with the specified model (paired t-test with Bonferroni adjustment) for comparing identical versus related pairs.",,
besken,17,"In Experiment 2, a Bonferroni-corrected paired t-test compared identification accuracy for identical versus related pairs. Identical pairs were identified significantly more accurately than related pairs, t(23) = 10.20, d = 2.07, p < .001, indicating that participants were highly reliable at recognizing identical image relations.",Variable Specification,"Pairwise comparisons showed that identical pairs were identified more than related and similar pairs [ identical versus related: t(23) = 10.20, d = 2.07, p < .001, identical versus similar: t(23) = 4.60, d = 0.94, p < .001].","##-------------------------------------Exp2 encoding Accuracy----------------------------

##I run this analyses without excluding any trials, because the original summary data allying whit this
## if I run the analyses without any exclusion 

#summarization code
s2 <- d2%>% group_by(Subject, type) %>%
  summarise(mean_encode_acc = mean(Slide1.ACC))
#summarization code
s2_table <- d2%>% group_by(type) %>%
  summarise(mean_encode_acc = mean(Slide1.ACC), 
            sd(Slide1.ACC))
#encoding accuracy rate identical=0.9916,related=0.8187,similar=0.8770,unrelated=0.9625
# Assuming 'd2' is your data frame with paired observations
# Columns 'Subject', 'type', and 'Slide1.ACC' represent the paired measurements


a2<- ezANOVA(data = s2,
             dv = mean_encode_acc,
             wid = Subject,
             within = .(type),
             #between = .(bias),
             type = 2,
             return_aov = FALSE,
             detailed = T) %>%
  get_pes() %>% select(Effect,DFn,DFd,SSd,F,p,pes) %>% filter(Effect!='(Intercept)') %>%
  mutate_if(is.double,round,4) %>% pastey() %>% print()
##Anova shows that difference is significant


s2 %>% ungroup () %>%
  t_test(mean_encode_acc~type,paired = T,var.equal = T , 
         p.adjust.method = ""bonferroni"") %>% print()

s2 %>% ungroup () %>%
  cohens_d(mean_encode_acc~type,paired = T,
           var.equal = T) %>% print()",match,"Both the paper and the code use identification/encoding accuracy as the dependent variable and pair type (identical, related, similar, etc.) as the within-subject factor, with paired comparisons between levels such as identical vs. related. The code computes mean accuracy per Subject × type and then performs Bonferroni-corrected paired t-tests on these, which aligns with the variable roles described in the paper.",,
besken,17,"In Experiment 2, a Bonferroni-corrected paired t-test compared identification accuracy for identical versus related pairs. Identical pairs were identified significantly more accurately than related pairs, t(23) = 10.20, d = 2.07, p < .001, indicating that participants were highly reliable at recognizing identical image relations.",Transformation Specification,"During encoding, the mean identification rates for pair types were computed (see Table 2) and submitted to a single-factor repeated measures ANOVA.","##-------------------------------------Exp2 encoding Accuracy----------------------------

##I run this analyses without excluding any trials, because the original summary data allying whit this
## if I run the analyses without any exclusion 

#summarization code
s2 <- d2%>% group_by(Subject, type) %>%
  summarise(mean_encode_acc = mean(Slide1.ACC))
#summarization code
s2_table <- d2%>% group_by(type) %>%
  summarise(mean_encode_acc = mean(Slide1.ACC), 
            sd(Slide1.ACC))
#encoding accuracy rate identical=0.9916,related=0.8187,similar=0.8770,unrelated=0.9625
# Assuming 'd2' is your data frame with paired observations
# Columns 'Subject', 'type', and 'Slide1.ACC' represent the paired measurements




a2<- ezANOVA(data = s2,
             dv = mean_encode_acc,
             wid = Subject,
             within = .(type),
             #between = .(bias),
             type = 2,
             return_aov = FALSE,
             detailed = T) %>%
  get_pes() %>% select(Effect,DFn,DFd,SSd,F,p,pes) %>% filter(Effect!='(Intercept)') %>%
  mutate_if(is.double,round,4) %>% pastey() %>% print()
##Anova shows that difference is significant


s2 %>% ungroup () %>%
  t_test(mean_encode_acc~type,paired = T,var.equal = T , 
         p.adjust.method = ""bonferroni"") %>% print()

s2 %>% ungroup () %>%
  cohens_d(mean_encode_acc~type,paired = T,
           var.equal = T) %>% print()
###identical-unrelated, related-similar encoding acc rate is not different, others differ.


#####data cleaning##
## Exclude 1- incorrect identification trials(Slide1.ACC), 2-no response trials (Slide1.RESP)

initial_trials <- nrow(d2)  # Initial total number of trials

d2 <- d2%>% filter(Slide1.RESP!="""")
excluded_trials1 <- initial_trials - nrow(d2)  # Excluded trials after removing NA responses

d2a<- d2 %>% filter(Slide1.ACC != ""0"")
excluded_trials2 <- nrow(d2) - nrow(d2a)  # Excluded trials after filtering Slide1.ACC != 0

# Print or report the counts
cat(""Total Excluded Trials after removing NA responses:"", excluded_trials1, ""\n"")
cat(""Total Excluded Trials after filtering Slide1.ACC != 0:"", excluded_trials2, ""\n"")
# Calculate the percentages
percentage_excluded1 <- (excluded_trials1 / initial_trials) * 100
percentage_excluded2 <- (excluded_trials2 / initial_trials) * 100
##%1.51 trials were excluded due to no response to encoding task
##%7.24 trials were excluded due to inaccurate encoding responses (after na were trials were removed)



#summarization code - after NA trials excluded:

s2 <- d2%>% group_by(Subject, type) %>%
  summarise(mean_encode_acc = mean(Slide1.ACC))
#summarization code
s2_table <- d2%>% group_by(type) %>%
  summarise(mean_encode_acc = sum(Slide1.ACC) / n())
#encoding accuracy rate identical=0.996,related=0.836,similar=0.896,unrelated=0.977

a2<- ezANOVA(data = s2,
             dv = mean_encode_acc,
             wid = Subject,
             within = .(type),
             #between = .(bias),
             type = 2,
             return_aov = FALSE,
             detailed = T) %>%
  get_pes() %>% select(Effect,DFn,DFd,SSd,F,p,pes) %>% filter(Effect!='(Intercept)') %>%
  mutate_if(is.double,round,4) %>% pastey() %>% print()
##Anova shows that 
pairwise.t.test(s2$mean_encode_acc, s2$type, paired = TRUE, p.adjust.method = ""bonferroni"")
##if I run these tests after removing the NA trials, results are the same with the data before any exlcusion
",match,"The code computes per-subject mean identification accuracy by pair type before running the repeated-measures ANOVA and Bonferroni-corrected paired t-tests, which aligns with the paper’s description of using mean identification rates for pair types. Additional trial-exclusion steps are explored but the main reported analysis explicitly uses unfiltered data, consistent with the summary data described in the paper.",,
besken,17,"In Experiment 2, a Bonferroni-corrected paired t-test compared identification accuracy for identical versus related pairs. Identical pairs were identified significantly more accurately than related pairs, t(23) = 10.20, d = 2.07, p < .001, indicating that participants were highly reliable at recognizing identical image relations.",Inference Specification,"For all analyses, the alpha level was set at .05. For all pairwise comparisons, Bonferroni correction was used.","### ACCuracy Pairwise comparisons 
s2 %>% ungroup () %>%
  t_test(mean_test_acc~type,paired = T,var.equal = T , 
         p.adjust.method = ""bonferroni"") %>% print()",match,"The paper specifies Bonferroni correction for pairwise comparisons with alpha = .05, and the code implements a paired t-test with Bonferroni-adjusted p-values, consistent with that specification.",,
besken,18,"In Experiment 2, a Bonferroni-corrected paired t-test compared identification accuracy for identical versus similar pairs. Identical pairs were identified significantly more accurately than similar pairs, t(23) = 4.60, d = 0.94, p < .001, showing that within-category exemplars were somewhat confusable compared with exact duplicates.",Model Specification,"During encoding, the mean identification rates for pair types were computed (see Table 2) and submitted to a single-factor repeated measures ANOVA. This analysis revealed that there are significant differences in identification accuracy between pair types, F(3,69) = 28.17, MSE = .005, p < .001, ηp2 = .55. Pairwise comparisons showed that identical pairs were identified more than related and similar pairs [identical versus related: t(23) = 10.20, d = 2.07, p < .001, identical versus similar: t(23) = 4.60, d = 0.94, p < .001].","###################----------------Unconditional test accuracy test--------------
d2<- read.csv(file='identical-exp2.csv')


s2<- d2 %>% group_by(Subject,type) %>%
  summarise(mean_test_acc=mean(test_Slide2.ACC == 1))

s2_table_acc <- d2 %>% group_by(type) %>%
  summarise(mean_test_acc=mean(test_Slide2.ACC == 1))

#####E2 Accuracy 
s2<- s2 %>% 
  mutate_if(is.character,as.factor) %>%
  mutate(Subject=as.factor(Subject))


a2<- ezANOVA(data = s2,
             dv = mean_test_acc,
             wid = Subject,
             within = .(type),
             #between = .(bias),
             type = 2,
             return_aov = FALSE,
             detailed = T) %>%
  get_pes() %>% select(Effect,DFn,DFd,SSd,F,p,pes) %>% filter(Effect!='(Intercept)') %>%
  mutate_if(is.double,round,4) %>% pastey() %>% print()

mse2 = a2$SSd/a2$DFd
mse2


### ACCuracy Pairwise comparisons 
s2 %>% ungroup () %>%
  t_test(mean_test_acc~type,paired = T,var.equal = T , 
         p.adjust.method = ""bonferroni"") %>% print()

s2 %>% ungroup () %>%
  cohens_d(mean_test_acc~type,paired = T,
           var.equal = T) %>% print()",match,"The code implements a single-factor repeated-measures ANOVA on identification accuracy by pair type and then conducts Bonferroni-corrected paired t-tests, matching the model specification described in the paper for Experiment 2. The use of paired t-tests with Bonferroni adjustment for comparisons among pair types (including identical vs. similar) aligns with the reported analysis.",,
besken,18,"In Experiment 2, a Bonferroni-corrected paired t-test compared identification accuracy for identical versus similar pairs. Identical pairs were identified significantly more accurately than similar pairs, t(23) = 4.60, d = 0.94, p < .001, showing that within-category exemplars were somewhat confusable compared with exact duplicates.",Variable Specification,"During encoding, the mean identification rates for pair types were computed (see Table 2) and submitted to a single-factor repeated measures ANOVA. This analysis revealed that there are significant differences in identification accuracy between pair types, F(3,69) = 28.17, MSE = .005, p < .001, ηp2 = .55. Pairwise comparisons showed that identical pairs were identified more than related and similar pairs [ identical versus related: t(23) = 10.20, d = 2.07, p < .001, identical versus similar: t(23) = 4.60, d = 0.94, p < .001].","##-------------------------------------Exp2 encoding Accuracy----------------------------

##I run this analyses without excluding any trials, because the original summary data allying whit this
## if I run the analyses without any exclusion 

#summarization code
s2 <- d2%>% group_by(Subject, type) %>%
  summarise(mean_encode_acc = mean(Slide1.ACC))
#summarization code
s2_table <- d2%>% group_by(type) %>%
  summarise(mean_encode_acc = mean(Slide1.ACC), 
            sd(Slide1.ACC))
#encoding accuracy rate identical=0.9916,related=0.8187,similar=0.8770,unrelated=0.9625
# Assuming 'd2' is your data frame with paired observations
# Columns 'Subject', 'type', and 'Slide1.ACC' represent the paired measurements
...

a2<- ezANOVA(data = s2,
             dv = mean_encode_acc,
             wid = Subject,
             within = .(type),
             #between = .(bias),
             type = 2,
             return_aov = FALSE,
             detailed = T) %>%
  get_pes() %>% select(Effect,DFn,DFd,SSd,F,p,pes) %>% filter(Effect!='(Intercept)') %>%
  mutate_if(is.double,round,4) %>% pastey() %>% print()
##Anova shows that difference is significant


s2 %>% ungroup () %>%
  t_test(mean_encode_acc~type,paired = T,var.equal = T , 
         p.adjust.method = ""bonferroni"") %>% print()",match,"The code and paper both use mean identification/encoding accuracy as the dependent variable and pair type (identical, related, similar, unrelated) as a within-subject factor for repeated-measures ANOVA and paired comparisons. The Bonferroni-corrected paired t-tests in the code are conducted on the same subject-level mean accuracy by type described in the paper.",,
besken,18,"In Experiment 2, a Bonferroni-corrected paired t-test compared identification accuracy for identical versus similar pairs. Identical pairs were identified significantly more accurately than similar pairs, t(23) = 4.60, d = 0.94, p < .001, showing that within-category exemplars were somewhat confusable compared with exact duplicates.",Transformation Specification,"During encoding, the mean identification rates for pair types were computed (see Table 2) and submitted to a single-factor repeated measures ANOVA.","###################----------------Unconditional test accuracy test--------------
d2<- read.csv(file='identical-exp2.csv')


s2<- d2 %>% group_by(Subject,type) %>%
  summarise(mean_test_acc=mean(test_Slide2.ACC == 1))

s2_table_acc <- d2 %>% group_by(type) %>%
  summarise(mean_test_acc=mean(test_Slide2.ACC == 1))

#####E2 Accuracy 
s2<- s2 %>% 
  mutate_if(is.character,as.factor) %>%
  mutate(Subject=as.factor(Subject))",match,"The code computes mean identification accuracy per subject and pair type, which aligns with the paper’s description of computing mean identification rates for pair types prior to analysis. No additional or conflicting transformations are evident in the provided snippet.",,
besken,18,"In Experiment 2, a Bonferroni-corrected paired t-test compared identification accuracy for identical versus similar pairs. Identical pairs were identified significantly more accurately than similar pairs, t(23) = 4.60, d = 0.94, p < .001, showing that within-category exemplars were somewhat confusable compared with exact duplicates.",Inference Specification,"For all analyses, the alpha level was set at .05. For all pairwise comparisons, Bonferroni correction was used.","### ACCuracy Pairwise comparisons 
s2 %>% ungroup () %>%
  t_test(mean_test_acc~type,paired = T,var.equal = T , 
         p.adjust.method = ""bonferroni"") %>% print()",match,"The code applies a Bonferroni correction for the paired t-test, consistent with the paper’s stated use of Bonferroni correction for pairwise comparisons at alpha .05.",,
besken,19,"In Experiment 2, a Bonferroni-corrected paired t-test compared identification accuracy for identical versus unrelated pairs. Although a numerical advantage was present, the difference did not reach corrected significance, t(23) = 2.81, d = 0.57, p = .06, suggesting similar high accuracy for identifying identical and unrelated relationships.",Model Specification,"During encoding, the mean identification rates for pair types were computed (see Table 2) and submitted to a single-factor repeated measures ANOVA. This analysis revealed that there are significant differences in identification accuracy between pair types, F(3,69) = 28.17, MSE = .005, p < .001, ηp2 = .55. Pairwise comparisons showed that identical pairs were identified more than related and similar pairs [identical versus related: t(23) = 10.20, d = 2.07, p < .001, identical versus similar: t(23) = 4.60, d = 0.94, p < .001]. For unrelated pairs, there was a numerical trend, but no significant differences, t(23) = 2.81, d = 0.57, p = .06.","##-------------------------------------Exp2 encoding Accuracy----------------------------

##I run this analyses without excluding any trials, because the original summary data allying whit this
## if I run the analyses without any exclusion 

#summarization code
s2 <- d2%>% group_by(Subject, type) %>%
  summarise(mean_encode_acc = mean(Slide1.ACC))
#summarization code
s2_table <- d2%>% group_by(type) %>%
  summarise(mean_encode_acc = mean(Slide1.ACC), 
            sd(Slide1.ACC))
#encoding accuracy rate identical=0.9916,related=0.8187,similar=0.8770,unrelated=0.9625
# Assuming 'd2' is your data frame with paired observations
# Columns 'Subject', 'type', and 'Slide1.ACC' represent the paired measurements




a2<- ezANOVA(data = s2,
             dv = mean_encode_acc,
             wid = Subject,
             within = .(type),
             #between = .(bias),
             type = 2,
             return_aov = FALSE,
             detailed = T) %>%
  get_pes() %>% select(Effect,DFn,DFd,SSd,F,p,pes) %>% filter(Effect!='(Intercept)') %>%
  mutate_if(is.double,round,4) %>% pastey() %>% print()
##Anova shows that difference is significant


s2 %>% ungroup () %>%
  t_test(mean_encode_acc~type,paired = T,var.equal = T , 
         p.adjust.method = ""bonferroni"") %>% print()

s2 %>% ungroup () %>%
  cohens_d(mean_encode_acc~type,paired = T,
           var.equal = T) %>% print()",match,"The paper describes Bonferroni-corrected paired t-tests comparing identification accuracy between pair types, including identical versus unrelated, and the code implements paired t-tests across types with Bonferroni p-value adjustment. This aligns with the specified model of a within-subjects (paired) t-test with multiple-comparison correction for the relevant pair-type comparisons.",,
besken,19,"In Experiment 2, a Bonferroni-corrected paired t-test compared identification accuracy for identical versus unrelated pairs. Although a numerical advantage was present, the difference did not reach corrected significance, t(23) = 2.81, d = 0.57, p = .06, suggesting similar high accuracy for identifying identical and unrelated relationships.",Variable Specification,"Pairwise comparisons showed that identical pairs were identified more than related and similar pairs [ identical versus related: t(23) = 10.20, d = 2.07, p < .001, identical versus similar: t(23) = 4.60, d = 0.94, p < .001]. For unrelated pairs, there was a numerical trend, but no significant differences, t(23) = 2.81, d = 0.57, p = .06.","###################----------------Unconditional test accuracy test--------------
d2<- read.csv(file='identical-exp2.csv')


s2<- d2 %>% group_by(Subject,type) %>%
  summarise(mean_test_acc=mean(test_Slide2.ACC == 1))

s2_table_acc <- d2 %>% group_by(type) %>%
  summarise(mean_test_acc=mean(test_Slide2.ACC == 1))

#####E2 Accuracy 
s2<- s2 %>% 
  mutate_if(is.character,as.factor) %>%
  mutate(Subject=as.factor(Subject))


a2<- ezANOVA(data = s2,
             dv = mean_test_acc,
             wid = Subject,
             within = .(type),
             #between = .(bias),
             type = 2,
             return_aov = FALSE,
             detailed = T) %>%
  get_pes() %>% select(Effect,DFn,DFd,SSd,F,p,pes) %>% filter(Effect!='(Intercept)') %>%
  mutate_if(is.double,round,4) %>% pastey() %>% print()

mse2 = a2$SSd/a2$DFd
mse2


### ACCuracy Pairwise comparisons 
s2 %>% ungroup () %>%
  t_test(mean_test_acc~type,paired = T,var.equal = T , 
         p.adjust.method = ""bonferroni"") %>% print()

s2 %>% ungroup () %>%
  cohens_d(mean_test_acc~type,paired = T,
           var.equal = T) %>% print()",match,"The code uses mean identification accuracy as the dependent variable and the within-subject factor 'type' (relationship type) for Bonferroni-corrected paired t-tests, which aligns with the paper’s description of comparing identification accuracy between identical and other pair types (including unrelated).",,
besken,19,"In Experiment 2, a Bonferroni-corrected paired t-test compared identification accuracy for identical versus unrelated pairs. Although a numerical advantage was present, the difference did not reach corrected significance, t(23) = 2.81, d = 0.57, p = .06, suggesting similar high accuracy for identifying identical and unrelated relationships.",Transformation Specification,"During encoding, the mean identification rates for pair types were computed (see Table 2) and submitted to a single-factor repeated measures ANOVA.","##-------------------------------------Exp2 encoding Accuracy----------------------------

##I run this analyses without excluding any trials, because the original summary data allying whit this
## if I run the analyses without any exclusion 

#summarization code
s2 <- d2%>% group_by(Subject, type) %>%
  summarise(mean_encode_acc = mean(Slide1.ACC))
#summarization code
s2_table <- d2%>% group_by(type) %>%
  summarise(mean_encode_acc = mean(Slide1.ACC), 
            sd(Slide1.ACC))

...

#####data cleaning##
## Exclude 1- incorrect identification trials(Slide1.ACC), 2-no response trials (Slide1.RESP)

initial_trials <- nrow(d2)  # Initial total number of trials

d2 <- d2%>% filter(Slide1.RESP!="""")
excluded_trials1 <- initial_trials - nrow(d2)  # Excluded trials after removing NA responses


d2a<- d2 %>% filter(Slide1.ACC != ""0"")
excluded_trials2 <- nrow(d2) - nrow(d2a)  # Excluded trials after filtering Slide1.ACC != 0

...

#summarization code - after NA trials excluded:

s2 <- d2%>% group_by(Subject, type) %>%
  summarise(mean_encode_acc = mean(Slide1.ACC))
#summarization code
s2_table <- d2%>% group_by(type) %>%
  summarise(mean_encode_acc = sum(Slide1.ACC) / n())",match,"The paper states that mean identification rates were computed by pair type, and the code computes mean accuracy (Slide1.ACC) grouped by Subject and pair type, which is consistent with that description. The additional exclusion of no-response trials is a reasonable data-cleaning step not contradicted by the paper.",,
besken,19,"In Experiment 2, a Bonferroni-corrected paired t-test compared identification accuracy for identical versus unrelated pairs. Although a numerical advantage was present, the difference did not reach corrected significance, t(23) = 2.81, d = 0.57, p = .06, suggesting similar high accuracy for identifying identical and unrelated relationships.",Inference Specification,"For all analyses, the alpha level was set at .05. For all pairwise comparisons, Bonferroni correction was used.

For unrelated pairs, there was a numerical trend, but no significant differences, t(23) = 2.81, d = 0.57, p = .06.","### ACCuracy Pairwise comparisons 

s2 %>% ungroup () %>%
  t_test(mean_test_acc~type,paired = T,var.equal = T , 
         p.adjust.method = ""bonferroni"") %>% print()",match,"The code conducts a paired t-test with Bonferroni adjustment, which aligns with the paper’s description of using Bonferroni-corrected pairwise comparisons at α = .05. Although the alpha level is not explicitly set in the code, this is consistent with standard defaults and does not conflict with the paper’s stated inference criteria.",,
besken,20,"In Experiment 2, a Bonferroni-corrected paired t-test contrasted identification accuracy for similar versus related pairs. No significant difference emerged, t(23) = 2.26, d = 0.46, p = .202, indicating comparable difficulty in distinguishing similar exemplars from conceptually related but visually distinct images.",Model Specification,"During encoding, the mean identification rates for pair types were computed (see Table 2) and submitted to a single-factor repeated measures ANOVA. This analysis revealed that there are significant differences in identification accuracy between pair types, F(3,69) = 28.17, MSE = .005, p < .001, ηp2 = .55. Pairwise comparisons showed that identical pairs were identified more than related and similar pairs [ identical versus related: t(23) = 10.20, d = 2.07, p < .001, identical versus similar: t(23) = 4.60, d = 0.94, p < .001]. For unrelated pairs, there was a numerical trend, but no significant differences, t(23) = 2.81, d = 0.57, p = .06. The identification rate of similar and related pairs did not differ, t(23) = 2.26, d = 0.46, p = .202.","##-------------------------------------Exp2 encoding Accuracy----------------------------
...
#summarization code
s2 <- d2%>% group_by(Subject, type) %>%
  summarise(mean_encode_acc = mean(Slide1.ACC))
...

a2<- ezANOVA(data = s2,
             dv = mean_encode_acc,
             wid = Subject,
             within = .(type),
             #between = .(bias),
             type = 2,
             return_aov = FALSE,
             detailed = T) %>%
  get_pes() %>% select(Effect,DFn,DFd,SSd,F,p,pes) %>% filter(Effect!='(Intercept)') %>%
  mutate_if(is.double,round,4) %>% pastey() %>% print()
##Anova shows that difference is significant


s2 %>% ungroup () %>%
  t_test(mean_encode_acc~type,paired = T,var.equal = T , 
         p.adjust.method = ""bonferroni"") %>% print()

s2 %>% ungroup () %>%
  cohens_d(mean_encode_acc~type,paired = T,
           var.equal = T) %>% print()",match,"The paper describes Bonferroni-corrected paired t-tests comparing identification accuracy between pair types, and the code implements paired t-tests with Bonferroni p-value adjustment across pair types. Thus, the model specification (paired t-tests with Bonferroni correction) aligns between paper and code.",,
besken,20,"In Experiment 2, a Bonferroni-corrected paired t-test contrasted identification accuracy for similar versus related pairs. No significant difference emerged, t(23) = 2.26, d = 0.46, p = .202, indicating comparable difficulty in distinguishing similar exemplars from conceptually related but visually distinct images.",Variable Specification,"During encoding, the mean identification rates for pair types were computed (see Table 2) and submitted to a single-factor repeated measures ANOVA. This analysis revealed that there are significant differences in identification accuracy between pair types, F(3,69) = 28.17, MSE = .005, p < .001, ηp2 = .55. Pairwise comparisons showed that identical pairs were identified more than related and similar pairs [ identical versus related: t(23) = 10.20, d = 2.07, p < .001, identical versus similar: t(23) = 4.60, d = 0.94, p < .001]. For unrelated pairs, there was a numerical trend, but no significant differences, t(23) = 2.81, d = 0.57, p = .06. The identification rate of similar and related pairs did not differ, t(23) = 2.26, d = 0.46, p = .202.","##-------------------------------------Exp2 encoding Accuracy----------------------------

##I run this analyses without excluding any trials, because the original summary data allying whit this
## if I run the analyses without any exclusion 

#summarization code
s2 <- d2%>% group_by(Subject, type) %>%
  summarise(mean_encode_acc = mean(Slide1.ACC))
#summarization code
s2_table <- d2%>% group_by(type) %>%
  summarise(mean_encode_acc = mean(Slide1.ACC), 
            sd(Slide1.ACC))
#encoding accuracy rate identical=0.9916,related=0.8187,similar=0.8770,unrelated=0.9625
...

a2<- ezANOVA(data = s2,
             dv = mean_encode_acc,
             wid = Subject,
             within = .(type),
             #between = .(bias),
             type = 2,
             return_aov = FALSE,
             detailed = T) %>%
  get_pes() %>% select(Effect,DFn,DFd,SSd,F,p,pes) %>% filter(Effect!='(Intercept)') %>%
  mutate_if(is.double,round,4) %>% pastey() %>% print()
##Anova shows that difference is significant


s2 %>% ungroup () %>%
  t_test(mean_encode_acc~type,paired = T,var.equal = T , 
         p.adjust.method = ""bonferroni"") %>% print()",match,"The code uses mean encoding accuracy as the dependent variable and pair type (including similar and related) as the within-subject factor in a Bonferroni-corrected paired t-test, matching the paper’s description of comparing identification accuracy between similar and related pairs. Both sources treat identification accuracy as the outcome and pair type as the repeated-measures predictor.",,
besken,20,"In Experiment 2, a Bonferroni-corrected paired t-test contrasted identification accuracy for similar versus related pairs. No significant difference emerged, t(23) = 2.26, d = 0.46, p = .202, indicating comparable difficulty in distinguishing similar exemplars from conceptually related but visually distinct images.",Transformation Specification,"During encoding, the mean identification rates for pair types were computed (see Table 2) and submitted to a single-factor repeated measures ANOVA. For all pairwise comparisons, Bonferroni correction was used.","##-------------------------------------Exp2 encoding Accuracy----------------------------

##I run this analyses without excluding any trials, because the original summary data allying whit this
## if I run the analyses without any exclusion 

#summarization code
s2 <- d2%>% group_by(Subject, type) %>%
  summarise(mean_encode_acc = mean(Slide1.ACC))
#summarization code
s2_table <- d2%>% group_by(type) %>%
  summarise(mean_encode_acc = mean(Slide1.ACC), 
            sd(Slide1.ACC))
#encoding accuracy rate identical=0.9916,related=0.8187,similar=0.8770,unrelated=0.9625
...

#####data cleaning##
## Exclude 1- incorrect identification trials(Slide1.ACC), 2-no response trials (Slide1.RESP)

initial_trials <- nrow(d2)  # Initial total number of trials

d2 <- d2%>% filter(Slide1.RESP!="""")
excluded_trials1 <- initial_trials - nrow(d2)  # Excluded trials after removing NA responses

d2a<- d2 %>% filter(Slide1.ACC != ""0"")
excluded_trials2 <- nrow(d2) - nrow(d2a)  # Excluded trials after filtering Slide1.ACC != 0
...

#summarization code - after NA trials excluded:

s2 <- d2%>% group_by(Subject, type) %>%
  summarise(mean_encode_acc = mean(Slide1.ACC))
#summarization code
s2_table <- d2%>% group_by(type) %>%
  summarise(mean_encode_acc = sum(Slide1.ACC) / n())
#encoding accuracy rate identical=0.996,related=0.836,similar=0.896,unrelated=0.977",match,"The code computes mean identification accuracy by pair type (and subject), which matches the paper’s description of using mean identification rates for pair types prior to analysis; no contradictory or additional transformations are evident for this step.",,
besken,20,"In Experiment 2, a Bonferroni-corrected paired t-test contrasted identification accuracy for similar versus related pairs. No significant difference emerged, t(23) = 2.26, d = 0.46, p = .202, indicating comparable difficulty in distinguishing similar exemplars from conceptually related but visually distinct images.",Inference Specification,"For all analyses, the alpha level was set at .05. For all pairwise comparisons, Bonferroni correction was used.","### ACCuracy Pairwise comparisons 
s2 %>% ungroup () %>%
  t_test(mean_test_acc~type,paired = T,var.equal = T , 
         p.adjust.method = ""bonferroni"") %>% print()

s2 %>% ungroup () %>%
  cohens_d(mean_test_acc~type,paired = T,
           var.equal = T) %>% print()",match,"The code implements Bonferroni correction for the paired t-test as described, consistent with an alpha of .05 implicitly used in standard t-test procedures. There is no indication of a different inference criterion being applied in the code.",,
besken,21,"In Experiment 2, a Bonferroni-corrected paired t-test compared identification accuracy for unrelated versus related pairs. Unrelated pairs were identified significantly more accurately than related pairs, t(23) = 7.72, d = 1.58, p < .001, suggesting that clearly unrelated pairings were easier to categorize than nuanced conceptual relations.",Model Specification,"Pairwise comparisons showed that identical pairs were identified more than related and similar pairs [ identical versus related: t(23) = 10.20, d = 2.07, p < .001, identical versus similar: t(23) = 4.60, d = 0.94, p < .001]. For unrelated pairs, there was a numerical trend, but no significant differences, t(23) = 2.81, d = 0.57, p = .06. The identification rate of similar and related pairs did not differ, t(23) = 2.26, d = 0.46, p = .202. The identification rate was higher for unrelated pairs compared to related and similar pairs [ related versus unrelated, t(23) = 7.72, d = 1.58, p < .001; similar versus unrelated, t(23) = 3.38, d = 0.69, p = .015].","### ACCuracy Pairwise comparisons 
s2 %>% ungroup () %>%
  t_test(mean_test_acc~type,paired = T,var.equal = T , 
         p.adjust.method = ""bonferroni"") %>% print()

s2 %>% ungroup () %>%
  cohens_d(mean_test_acc~type,paired = T,
           var.equal = T) %>% print()",match,"The paper describes Bonferroni-corrected paired t-tests for pairwise comparisons of identification accuracy across types, and the code implements paired t-tests with Bonferroni adjustment for the same variable structure. Thus, the model specification (paired t-test with Bonferroni correction) aligns between paper and code.",,
besken,21,"In Experiment 2, a Bonferroni-corrected paired t-test compared identification accuracy for unrelated versus related pairs. Unrelated pairs were identified significantly more accurately than related pairs, t(23) = 7.72, d = 1.58, p < .001, suggesting that clearly unrelated pairings were easier to categorize than nuanced conceptual relations.",Variable Specification,"Identification Accuracy
During encoding, the mean identification rates for pair types were computed (see Table 2) and submitted to a single-factor repeated measures ANOVA. This analysis revealed that there are significant differences in identification accuracy between pair types, F(3,69) = 28.17, MSE = .005, p < .001, ηp2 = .55. Pairwise comparisons showed that identical pairs were identified more than related and similar pairs [ identical versus related: t(23) = 10.20, d = 2.07, p < .001, identical versus similar: t(23) = 4.60, d = 0.94, p < .001]. For unrelated pairs, there was a numerical trend, but no significant differences, t(23) = 2.81, d = 0.57, p = .06. The identification rate of similar and related pairs did not differ, t(23) = 2.26, d = 0.46, p = .202. The identification rate was higher for unrelated pairs compared to related and similar pairs [ related versus unrelated, t(23) = 7.72, d = 1.58, p < .001; similar versus unrelated, t(23) = 3.38, d = 0.69, p = .015].","##-------------------------------------Exp2 encoding Accuracy----------------------------

##I run this analyses without excluding any trials, because the original summary data allying whit this
## if I run the analyses without any exclusion 

#summarization code
s2 <- d2%>% group_by(Subject, type) %>%
  summarise(mean_encode_acc = mean(Slide1.ACC))
#summarization code
s2_table <- d2%>% group_by(type) %>%
  summarise(mean_encode_acc = mean(Slide1.ACC), 
            sd(Slide1.ACC))
#encoding accuracy rate identical=0.9916,related=0.8187,similar=0.8770,unrelated=0.9625
# Assuming 'd2' is your data frame with paired observations
# Columns 'Subject', 'type', and 'Slide1.ACC' represent the paired measurements



a2<- ezANOVA(data = s2,
             dv = mean_encode_acc,
             wid = Subject,
             within = .(type),
             #between = .(bias),
             type = 2,
             return_aov = FALSE,
             detailed = T) %>%
  get_pes() %>% select(Effect,DFn,DFd,SSd,F,p,pes) %>% filter(Effect!='(Intercept)') %>%
  mutate_if(is.double,round,4) %>% pastey() %>% print()
##Anova shows that difference is significant


s2 %>% ungroup () %>%
  t_test(mean_encode_acc~type,paired = T,var.equal = T , 
         p.adjust.method = ""bonferroni"") %>% print()

s2 %>% ungroup () %>%
  cohens_d(mean_encode_acc~type,paired = T,
           var.equal = T) %>% print()
###identical-unrelated, related-similar encoding acc rate is not different, others differ.
",match,"The code uses identification accuracy as the dependent variable and pair type (identical, related, similar, unrelated) as a within-subject factor, matching the paper’s description of comparing identification accuracy across pair types, including the related vs. unrelated contrast. Thus, the variables and their roles (DV: accuracy; IV: pair type) align between the paper and the implementation.",,
besken,21,"In Experiment 2, a Bonferroni-corrected paired t-test compared identification accuracy for unrelated versus related pairs. Unrelated pairs were identified significantly more accurately than related pairs, t(23) = 7.72, d = 1.58, p < .001, suggesting that clearly unrelated pairings were easier to categorize than nuanced conceptual relations.",Transformation Specification,"During encoding, the mean identification rates for pair types were computed (see Table 2) and submitted to a single-factor repeated measures ANOVA.","d2<- read.csv(file='identical-exp2.csv')

##-------------------------------------Exp2 encoding Accuracy----------------------------

##I run this analyses without excluding any trials, because the original summary data allying whit this
## if I run the analyses without any exclusion 

#summarization code
s2 <- d2%>% group_by(Subject, type) %>%
  summarise(mean_encode_acc = mean(Slide1.ACC))
#summarization code
s2_table <- d2%>% group_by(type) %>%
  summarise(mean_encode_acc = mean(Slide1.ACC), 
            sd(Slide1.ACC))
...
#####data cleaning##
## Exclude 1- incorrect identification trials(Slide1.ACC), 2-no response trials (Slide1.RESP)

initial_trials <- nrow(d2)  # Initial total number of trials

d2 <- d2%>% filter(Slide1.RESP!="""")
excluded_trials1 <- initial_trials - nrow(d2)  # Excluded trials after removing NA responses


d2a<- d2 %>% filter(Slide1.ACC != ""0"")
excluded_trials2 <- nrow(d2) - nrow(d2a)  # Excluded trials after filtering Slide1.ACC != 0
...
#summarization code - after NA trials excluded:

s2 <- d2%>% group_by(Subject, type) %>%
  summarise(mean_encode_acc = mean(Slide1.ACC))
#summarization code
s2_table <- d2%>% group_by(type) %>%
  summarise(mean_encode_acc = sum(Slide1.ACC) / n())",match,"Both the paper and the code compute mean identification accuracy by pair type prior to inferential tests, and there is no explicit conflict regarding trial exclusions. The code’s only clear transformation is averaging accuracy (with standard exclusion of no-response trials), which is consistent with the paper’s description of computing mean identification rates for pair types.",,
besken,21,"In Experiment 2, a Bonferroni-corrected paired t-test compared identification accuracy for unrelated versus related pairs. Unrelated pairs were identified significantly more accurately than related pairs, t(23) = 7.72, d = 1.58, p < .001, suggesting that clearly unrelated pairings were easier to categorize than nuanced conceptual relations.",Inference Specification,"For all analyses, the alpha level was set at .05. For all pairwise comparisons, Bonferroni correction was used.","s2 %>% ungroup () %>%
  t_test(mean_test_acc~type,paired = T,var.equal = T , 
         p.adjust.method = ""bonferroni"") %>% print()",match,"The code applies a paired t-test with Bonferroni correction, consistent with the paper’s description of using Bonferroni-corrected pairwise comparisons at alpha .05 (the default for t-tests).",,
besken,22,"In Experiment 2, a Bonferroni-corrected t-test compared identification accuracy for unrelated versus similar pairs. Unrelated pairs showed significantly higher identification accuracy than similar pairs, t(23) = 3.38, d = 0.69, p = .015, again indicating that obvious dissimilarity facilitated categorization.",Model Specification,"During encoding, the mean identification rates for pair types were computed (see Table 2) and submitted to a single-factor repeated measures ANOVA. This analysis revealed that there are significant differences in identification accuracy between pair types, F(3,69) = 28.17, MSE = .005, p < .001, ηₚ² = .55. ... The identification rate was higher for unrelated pairs compared to related and similar pairs [ related versus unrelated, t(23) = 7.72, d = 1.58, p < .001; similar versus unrelated, t(23) = 3.38, d = 0.69, p = .015].","###################----------------Unconditional test accuracy test--------------
d2<- read.csv(file='identical-exp2.csv')


s2<- d2 %>% group_by(Subject,type) %>%
  summarise(mean_test_acc=mean(test_Slide2.ACC == 1))

s2_table_acc <- d2 %>% group_by(type) %>%
  summarise(mean_test_acc=mean(test_Slide2.ACC == 1))

#####E2 Accuracy 
s2<- s2 %>% 
  mutate_if(is.character,as.factor) %>%
  mutate(Subject=as.factor(Subject))


a2<- ezANOVA(data = s2,
             dv = mean_test_acc,
             wid = Subject,
             within = .(type),
             #between = .(bias),
             type = 2,
             return_aov = FALSE,
             detailed = T) %>%
  get_pes() %>% select(Effect,DFn,DFd,SSd,F,p,pes) %>% filter(Effect!='(Intercept)') %>%
  mutate_if(is.double,round,4) %>% pastey() %>% print()

mse2 = a2$SSd/a2$DFd
mse2


### ACCuracy Pairwise comparisons 
s2 %>% ungroup () %>%
  t_test(mean_test_acc~type,paired = T,var.equal = T , 
         p.adjust.method = ""bonferroni"") %>% print()

s2 %>% ungroup () %>%
  cohens_d(mean_test_acc~type,paired = T,
           var.equal = T) %>% print()
",match,"The code implements a within-subjects (repeated-measures) ANOVA followed by Bonferroni-corrected paired t-tests between pair types, matching the paper’s described model specification. Both sources use repeated-measures t-tests comparing identification accuracy across pair types with Bonferroni adjustment.",,
besken,22,"In Experiment 2, a Bonferroni-corrected t-test compared identification accuracy for unrelated versus similar pairs. Unrelated pairs showed significantly higher identification accuracy than similar pairs, t(23) = 3.38, d = 0.69, p = .015, again indicating that obvious dissimilarity facilitated categorization.",Variable Specification,"The identification rate was higher for unrelated pairs compared to related and similar pairs [ related versus unrelated, t(23) = 7.72, d = 1.58, p < .001; similar versus unrelated, t(23) = 3.38, d = 0.69, p = .015].","###################----------------Unconditional test accuracy test--------------
d2<- read.csv(file='identical-exp2.csv')


s2<- d2 %>% group_by(Subject,type) %>%
  summarise(mean_test_acc=mean(test_Slide2.ACC == 1))

s2_table_acc <- d2 %>% group_by(type) %>%
  summarise(mean_test_acc=mean(test_Slide2.ACC == 1))

#####E2 Accuracy 
s2<- s2 %>% 
  mutate_if(is.character,as.factor) %>%
  mutate(Subject=as.factor(Subject))


a2<- ezANOVA(data = s2,
             dv = mean_test_acc,
             wid = Subject,
             within = .(type),
             #between = .(bias),
             type = 2,
             return_aov = FALSE,
             detailed = T) %>%
  get_pes() %>% select(Effect,DFn,DFd,SSd,F,p,pes) %>% filter(Effect!='(Intercept)') %>%
  mutate_if(is.double,round,4) %>% pastey() %>% print()

mse2 = a2$SSd/a2$DFd
mse2


### ACCuracy Pairwise comparisons 
s2 %>% ungroup () %>%
  t_test(mean_test_acc~type,paired = T,var.equal = T , 
         p.adjust.method = ""bonferroni"") %>% print()

s2 %>% ungroup () %>%
  cohens_d(mean_test_acc~type,paired = T,
           var.equal = T) %>% print()",match,"The code uses mean identification accuracy as the dependent variable and pair type (including similar vs. unrelated) as the within-subjects factor, matching the paper’s description of comparing identification accuracy between unrelated and similar pairs with Bonferroni correction.",,
besken,22,"In Experiment 2, a Bonferroni-corrected t-test compared identification accuracy for unrelated versus similar pairs. Unrelated pairs showed significantly higher identification accuracy than similar pairs, t(23) = 3.38, d = 0.69, p = .015, again indicating that obvious dissimilarity facilitated categorization.",Transformation Specification,"During encoding, the mean identification rates for pair types were computed (see Table 2) and submitted to a single-factor repeated measures ANOVA.","##-------------------------------------Exp2 encoding Accuracy----------------------------

##I run this analyses without excluding any trials, because the original summary data allying whit this
## if I run the analyses without any exclusion 

#summarization code
s2 <- d2%>% group_by(Subject, type) %>%
  summarise(mean_encode_acc = mean(Slide1.ACC))
#summarization code
s2_table <- d2%>% group_by(type) %>%
  summarise(mean_encode_acc = mean(Slide1.ACC), 
            sd(Slide1.ACC))
#encoding accuracy rate identical=0.9916,related=0.8187,similar=0.8770,unrelated=0.9625
...

s2 %>% ungroup () %>%
  t_test(mean_encode_acc~type,paired = T,var.equal = T , 
         p.adjust.method = ""bonferroni"") %>% print()
...

#####data cleaning##
## Exclude 1- incorrect identification trials(Slide1.ACC), 2-no response trials (Slide1.RESP)

initial_trials <- nrow(d2)  # Initial total number of trials

d2 <- d2%>% filter(Slide1.RESP!="""")
excluded_trials1 <- initial_trials - nrow(d2)  # Excluded trials after removing NA responses

d2a<- d2 %>% filter(Slide1.ACC != ""0"")
excluded_trials2 <- nrow(d2) - nrow(d2a)  # Excluded trials after filtering Slide1.ACC != 0
...

#summarization code - after NA trials excluded:

s2 <- d2%>% group_by(Subject, type) %>%
  summarise(mean_encode_acc = mean(Slide1.ACC))
#summarization code
s2_table <- d2%>% group_by(type) %>%
  summarise(mean_encode_acc = sum(Slide1.ACC) / n())
#encoding accuracy rate identical=0.996,related=0.836,similar=0.896,unrelated=0.977
...

pairwise.t.test(s2$mean_encode_acc, s2$type, paired = TRUE, p.adjust.method = ""bonferroni"")",match,"The code computes mean identification accuracy per subject and pair type, which aligns with the paper’s description of using mean identification rates by pair type for analysis. There is no evidence of additional transformations that would contradict the paper’s description.",,
besken,22,"In Experiment 2, a Bonferroni-corrected t-test compared identification accuracy for unrelated versus similar pairs. Unrelated pairs showed significantly higher identification accuracy than similar pairs, t(23) = 3.38, d = 0.69, p = .015, again indicating that obvious dissimilarity facilitated categorization.",Inference Specification,"For all analyses, the alpha level was set at .05. For all pairwise comparisons, Bonferroni correction was used.

""The identification rate was higher for unrelated pairs compared to related and similar pairs [ related versus unrelated, t(23) = 7.72, d = 1.58, p < .001; similar versus unrelated, t(23) = 3.38, d = 0.69, p = .015].""","###################----------------Unconditional test accuracy test--------------
d2<- read.csv(file='identical-exp2.csv')


s2<- d2 %>% group_by(Subject,type) %>%
  summarise(mean_test_acc=mean(test_Slide2.ACC == 1))

s2_table_acc <- d2 %>% group_by(type) %>%
  summarise(mean_test_acc=mean(test_Slide2.ACC == 1))

#####E2 Accuracy 
s2<- s2 %>% 
  mutate_if(is.character,as.factor) %>%
  mutate(Subject=as.factor(Subject))


a2<- ezANOVA(data = s2,
             dv = mean_test_acc,
             wid = Subject,
             within = .(type),
             #between = .(bias),
             type = 2,
             return_aov = FALSE,
             detailed = T) %>%
  get_pes() %>% select(Effect,DFn,DFd,SSd,F,p,pes) %>% filter(Effect!='(Intercept)') %>%
  mutate_if(is.double,round,4) %>% pastey() %>% print()

mse2 = a2$SSd/a2$DFd
mse2


### ACCuracy Pairwise comparisons 

s2 %>% ungroup () %>%
  t_test(mean_test_acc~type,paired = T,var.equal = T , 
         p.adjust.method = ""bonferroni"") %>% print()

s2 %>% ungroup () %>%
  cohens_d(mean_test_acc~type,paired = T,
           var.equal = T) %>% print()


#[identical vs. similar: t(23) = 2.93, d = .60, p = .45, 
#identical vs. related: t(23) = 1.00, d = .20, p = 1.00, 
#identical vs. unrelated: t(23)= 2.16, d = .44, p =.251].
#Related pairs did not differ from similar pairs, t(23) = 1.64, d = , p = .684.
#[unrelated vs. related: t(23) =2.71 , d=.55 , p = .074, 
#unrelated vs. similar: t(23) = 5.40, d= 1.10, p <.001]
",match,"The code applies Bonferroni correction to the paired t-tests, consistent with the paper’s stated inference criterion of Bonferroni-corrected pairwise comparisons at alpha = .05.",,
besken,23,"In Experiment 2, a repeated-measures ANOVA tested whether median identification RTs differed across pair types. Pair type significantly affected identification speed, F(3,69) = 80.13, MSE = 48,098.85, p < .001, ηp² = .78, indicating strong processing-fluency differences between relationship types.",Model Specification,"For encoding, the median first keypress response latency (identification response times [RTs]) was calculated separately for all pair types for each participant (see Table 2), excluding trials in which participants misidentified the pair types or did not respond at all (exclusion rate = 8.75%), and the means of the medians were submitted to a repeated measures ANOVA. The analysis shows that the pair type had a significant effect on first keypress latency, F(3,69) = 80.13, MSE = 48,098.85, p < .001, ηp2 = .78.","c2<- ezANOVA(data = rt_data ,
             dv = Mean_Median_Reaction_Time,
             wid = Subject,
             within = .(type),
             #between = .(bias),
             type = 2,
             return_aov = FALSE,
             detailed = T) %>%
  get_pes() %>% select(Effect,DFn,DFd,SSd,F,p,pes) %>% filter(Effect!='(Intercept)') %>%
  mutate_if(is.double,round,4) %>% pastey() %>% print()",match,"The paper reports a repeated-measures ANOVA on identification RTs across pair types, and the code implements exactly this model using ezANOVA with a within-subject factor. Both sources describe a within-subjects ANOVA on median RTs by pair type, with no between-subject factors included.",,
besken,23,"In Experiment 2, a repeated-measures ANOVA tested whether median identification RTs differed across pair types. Pair type significantly affected identification speed, F(3,69) = 80.13, MSE = 48,098.85, p < .001, ηp² = .78, indicating strong processing-fluency differences between relationship types.",Variable Specification,"For encoding, the median first keypress response latency (identification response times [RTs]) was calculated separately for all pair types for each participant (see Table 2), excluding trials in which participants misidentified the pair types or did not respond at all (exclusion rate = 8.75%), and the means of the medians were submitted to a repeated measures ANOVA. The analysis shows that the pair type had a significant effect on first keypress latency, F(3,69) = 80.13, MSE = 48,098.85, p < .001, ηp2 = .78.","####---------------------------Experiment 2 - Encoding task response time--------------------------
d2<- read.csv(file='experiment 2_encode.csv')

##Exclude:  Incorrect identification trials,No response trials
initial_trials<- nrow(d2)
d2 <- d2%>% filter(Slide1.RESP!="""" & Slide1.ACC != ""0"")
excluded_trials <- initial_trials - nrow(d2) 
cat(""Total Excluded Trials after filtering Slide1.ACC != 0: and NA"", excluded_trials, ""\n"")
# Calculate the percentages
percentage_excluded<- (excluded_trials / initial_trials) * 100


#median RT for every subject
median_reaction_times <- d2 %>%
  group_by(Subject,type) %>%
  mutate(Median_Reaction_Time = median(Slide1.RT))

# Step 2: Calculate Mean Median Reaction Time for Each Item Type
rt_data<- median_reaction_times %>%
  group_by(Subject,type) %>%
  summarise(Mean_Median_Reaction_Time = mean(Median_Reaction_Time))

rt_data %>% group_by(type)%>%summarise(mean(Mean_Median_Reaction_Time))

#######################################

c2<- ezANOVA(data = rt_data ,
             dv = Mean_Median_Reaction_Time,
             wid = Subject,
             within = .(type),
             #between = .(bias),
             type = 2,
             return_aov = FALSE,
             detailed = T) %>%
  get_pes() %>% select(Effect,DFn,DFd,SSd,F,p,pes) %>% filter(Effect!='(Intercept)') %>%
  mutate_if(is.double,round,4) %>% pastey() %>% print()",match,"The code uses mean-of-median identification RTs per subject and pair type as the dependent variable and pair type as the within-subject factor, matching the paper’s description. Trials with incorrect identifications or no responses are excluded in both the paper and the code.",,
besken,23,"In Experiment 2, a repeated-measures ANOVA tested whether median identification RTs differed across pair types. Pair type significantly affected identification speed, F(3,69) = 80.13, MSE = 48,098.85, p < .001, ηp² = .78, indicating strong processing-fluency differences between relationship types.",Transformation Specification,"For encoding, the median first keypress response latency (identification response times [RTs]) was calculated separately for all pair types for each participant (see Table 2), excluding trials in which participants misidentified the pair types or did not respond at all (exclusion rate = 8.75%), and the means of the medians were submitted to a repeated measures ANOVA.","####---------------------------Experiment 2 - Encoding task response time--------------------------
d2<- read.csv(file='experiment 2_encode.csv')

##Exclude:  Incorrect identification trials,No response trials
initial_trials<- nrow(d2)
d2 <- d2%>% filter(Slide1.RESP!="""" & Slide1.ACC != ""0"")
excluded_trials <- initial_trials - nrow(d2) 
cat(""Total Excluded Trials after filtering Slide1.ACC != 0: and NA"", excluded_trials, ""\n"")
# Calculate the percentages
percentage_excluded<- (excluded_trials / initial_trials) * 100


#median RT for every subject
median_reaction_times <- d2 %>%
  group_by(Subject,type) %>%
  mutate(Median_Reaction_Time = median(Slide1.RT))

# Step 2: Calculate Mean Median Reaction Time for Each Item Type
rt_data<- median_reaction_times %>%
  group_by(Subject,type) %>%
  summarise(Mean_Median_Reaction_Time = mean(Median_Reaction_Time))

rt_data %>% group_by(type)%>%summarise(mean(Mean_Median_Reaction_Time))",match,"The code applies the same transformations described in the paper: it excludes incorrect and no-response trials, computes per-subject-per-type median RTs, and then takes means of these medians by type for summary/analysis. The additional `mean()` over a constant median within each Subject–type group does not change the values, so the effective transformation matches the described procedure.",,
besken,23,"In Experiment 2, a repeated-measures ANOVA tested whether median identification RTs differed across pair types. Pair type significantly affected identification speed, F(3,69) = 80.13, MSE = 48,098.85, p < .001, ηp² = .78, indicating strong processing-fluency differences between relationship types.",Inference Specification,"For all analyses, the alpha level was set at .05. For all pairwise comparisons, Bonferroni correction was used.","####---------------------------Experiment 2 - Encoding task response time--------------------------
d2<- read.csv(file='experiment 2_encode.csv')

##Exclude:  Incorrect identification trials,No response trials
initial_trials<- nrow(d2)
d2 <- d2%>% filter(Slide1.RESP!="""" & Slide1.ACC != ""0"")
excluded_trials <- initial_trials - nrow(d2) 
cat(""Total Excluded Trials after filtering Slide1.ACC != 0: and NA"", excluded_trials, ""\n"")
# Calculate the percentages
percentage_excluded<- (excluded_trials / initial_trials) * 100


#median RT for every subject
median_reaction_times <- d2 %>%
  group_by(Subject,type) %>%
  mutate(Median_Reaction_Time = median(Slide1.RT))

# Step 2: Calculate Mean Median Reaction Time for Each Item Type
rt_data<- median_reaction_times %>%
  group_by(Subject,type) %>%
  summarise(Mean_Median_Reaction_Time = mean(Median_Reaction_Time))

rt_data %>% group_by(type)%>%summarise(mean(Mean_Median_Reaction_Time))

#######################################

c2<- ezANOVA(data = rt_data ,
             dv = Mean_Median_Reaction_Time,
             wid = Subject,
             within = .(type),
             #between = .(bias),
             type = 2,
             return_aov = FALSE,
             detailed = T) %>%
  get_pes() %>% select(Effect,DFn,DFd,SSd,F,p,pes) %>% filter(Effect!='(Intercept)') %>%
  mutate_if(is.double,round,4) %>% pastey() %>% print()

### RT pairwise comparisons
rt_data %>% ungroup () %>%
  t_test(Mean_Median_Reaction_Time~type,paired = T,var.equal = T , 
         p.adjust.method = ""bonferroni"") %>% print()

rt_data %>% ungroup () %>%
  cohens_d(Mean_Median_Reaction_Time~type,paired = T,
           var.equal = T) %>% print()",match,"The code applies Bonferroni correction for pairwise comparisons and uses standard p-values from the ANOVA consistent with an alpha level of .05, matching the paper’s stated inference criteria.",,
besken,24,"In Experiment 2, a Bonferroni-corrected paired t-test compared identification RTs for identical versus related pairs. Identical pairs were identified much faster than related pairs, t(23) = 15.2, d = 3.09, p < .001, showing a large fluency advantage for exact identity relationships over conceptual associations.",Model Specification,"The means of the medians were submitted to a repeated measures ANOVA. The analysis shows that the pair type had a significant effect on first keypress latency, F(3,69) = 80.13, MSE = 48,098.85, p < .001, ηp2 = .78. Pairwise comparisons showed that identical pairs were identified faster than all other pairs [ identical versus related: t (23) = 15.2, d = 3.09, p < .001; identical versus similar: t(23) = 11.1, d = 2.26, p < .001; identical versus unrelated: t (23) = 12.4, d = 2.53, p < .001].","c2<- ezANOVA(data = rt_data ,
             dv = Mean_Median_Reaction_Time,
             wid = Subject,
             within = .(type),
             #between = .(bias),
             type = 2,
             return_aov = FALSE,
             detailed = T) %>%
  get_pes() %>% select(Effect,DFn,DFd,SSd,F,p,pes) %>% filter(Effect!='(Intercept)') %>%
  mutate_if(is.double,round,4) %>% pastey() %>% print()

### RT pairwise comparisons
rt_data %>% ungroup () %>%
  t_test(Mean_Median_Reaction_Time~type,paired = T,var.equal = T , 
         p.adjust.method = ""bonferroni"") %>% print()",match,"The code implements a repeated-measures ANOVA followed by paired t-tests with Bonferroni correction, matching the paper’s description of the model used for the identification RT comparisons.",,
besken,24,"In Experiment 2, a Bonferroni-corrected paired t-test compared identification RTs for identical versus related pairs. Identical pairs were identified much faster than related pairs, t(23) = 15.2, d = 3.09, p < .001, showing a large fluency advantage for exact identity relationships over conceptual associations.",Variable Specification,"For encoding, the median first keypress response latency (identification response times [RTs]) was calculated separately for all pair types for each participant (see Table 2), excluding trials in which participants misidentified the pair types or did not respond at all (exclusion rate = 8.75%), and the means of the medians were submitted to a repeated measures ANOVA. The analysis shows that the pair type had a significant effect on first keypress latency, F(3,69) = 80.13, MSE = 48,098.85, p < .001, ηp2 = .78. Pairwise comparisons showed that identical pairs were identified faster than all other pairs [ identical versus related: t (23) = 15.2, d = 3.09, p < .001; identical versus similar: t(23) = 11.1, d = 2.26, p < .001; identical versus unrelated: t (23) = 12.4, d = 2.53, p < .001].","####---------------------------Experiment 2 - Encoding task response time--------------------------
d2<- read.csv(file='experiment 2_encode.csv')

##Exclude:  Incorrect identification trials,No response trials
initial_trials<- nrow(d2)
d2 <- d2%>% filter(Slide1.RESP!="""" & Slide1.ACC != ""0"")
excluded_trials <- initial_trials - nrow(d2) 
cat(""Total Excluded Trials after filtering Slide1.ACC != 0: and NA"", excluded_trials, ""\n"")
# Calculate the percentages
percentage_excluded<- (excluded_trials / initial_trials) * 100


#median RT for every subject
median_reaction_times <- d2 %>%
  group_by(Subject,type) %>%
  mutate(Median_Reaction_Time = median(Slide1.RT))

# Step 2: Calculate Mean Median Reaction Time for Each Item Type
rt_data<- median_reaction_times %>%
  group_by(Subject,type) %>%
  summarise(Mean_Median_Reaction_Time = mean(Median_Reaction_Time))

rt_data %>% group_by(type)%>%summarise(mean(Mean_Median_Reaction_Time))

#######################################

c2<- ezANOVA(data = rt_data ,
             dv = Mean_Median_Reaction_Time,
             wid = Subject,
             within = .(type),
             #between = .(bias),
             type = 2,
             return_aov = FALSE,
             detailed = T) %>%
  get_pes() %>% select(Effect,DFn,DFd,SSd,F,p,pes) %>% filter(Effect!='(Intercept)') %>%
  mutate_if(is.double,round,4) %>% pastey() %>% print()

### RT pairwise comparisons
rt_data %>% ungroup () %>%
  t_test(Mean_Median_Reaction_Time~type,paired = T,var.equal = T , 
         p.adjust.method = ""bonferroni"") %>% print()

rt_data %>% ungroup () %>%
  cohens_d(Mean_Median_Reaction_Time~type,paired = T,
           var.equal = T) %>% print()
",match,"The code uses median identification response times per participant and pair type, aggregated to means of medians, as the dependent variable and pair type as the within-subject factor, matching the paper’s description. It also excludes incorrect and no-response trials, consistent with the identification RTs definition in the text.",,
besken,24,"In Experiment 2, a Bonferroni-corrected paired t-test compared identification RTs for identical versus related pairs. Identical pairs were identified much faster than related pairs, t(23) = 15.2, d = 3.09, p < .001, showing a large fluency advantage for exact identity relationships over conceptual associations.",Transformation Specification,"For encoding, the median first keypress response latency (identification response times [RTs]) was calculated separately for all pair types for each participant (see Table 2), excluding trials in which participants misidentified the pair types or did not respond at all (exclusion rate = 8.75%), and the means of the medians were submitted to a repeated measures ANOVA.","####---------------------------Experiment 2 - Encoding task response time--------------------------
d2<- read.csv(file='experiment 2_encode.csv')

##Exclude:  Incorrect identification trials,No response trials
initial_trials<- nrow(d2)
d2 <- d2%>% filter(Slide1.RESP!="""" & Slide1.ACC != ""0"")
excluded_trials <- initial_trials - nrow(d2) 
cat(""Total Excluded Trials after filtering Slide1.ACC != 0: and NA"", excluded_trials, ""\n"")
# Calculate the percentages
percentage_excluded<- (excluded_trials / initial_trials) * 100


#median RT for every subject
median_reaction_times <- d2 %>%
  group_by(Subject,type) %>%
  mutate(Median_Reaction_Time = median(Slide1.RT))

# Step 2: Calculate Mean Median Reaction Time for Each Item Type
rt_data<- median_reaction_times %>%
  group_by(Subject,type) %>%
  summarise(Mean_Median_Reaction_Time = mean(Median_Reaction_Time))

rt_data %>% group_by(type)%>%summarise(mean(Mean_Median_Reaction_Time))",match,"The code applies the same data transformations described in the paper: it excludes incorrect and no-response trials, computes per-participant per-type median RTs, and then takes means of those medians by pair type. The slightly indirect computation of the mean of a constant median per group is mathematically equivalent to directly using the medians as described.",,
besken,24,"In Experiment 2, a Bonferroni-corrected paired t-test compared identification RTs for identical versus related pairs. Identical pairs were identified much faster than related pairs, t(23) = 15.2, d = 3.09, p < .001, showing a large fluency advantage for exact identity relationships over conceptual associations.",Inference Specification,"For all analyses, the alpha level was set at .05. For all pairwise comparisons, Bonferroni correction was used.","rt_data %>% ungroup () %>%
  t_test(Mean_Median_Reaction_Time~type,paired = T,var.equal = T , 
         p.adjust.method = ""bonferroni"") %>% print()",match,"The code implements a paired t-test with Bonferroni correction, consistent with the paper’s stated inference procedure for pairwise comparisons at alpha .05.",,
besken,25,"In Experiment 2, a Bonferroni-corrected t-test compared identification RTs for identical versus similar pairs. Identical pairs were categorized significantly faster than similar pairs, t(23) = 11.1, d = 2.26, p < .001, demonstrating higher processing fluency for exact duplicates compared with exemplars of the same category.",Model Specification,"For encoding, the median first keypress response latency (identification response times [RTs]) was calculated separately for all pair types for each participant (see Table 2), excluding trials in which participants misidentified the pair types or did not respond at all (exclusion rate = 8.75%), and the means of the medians were submitted to a repeated measures ANOVA. The analysis shows that the pair type had a significant effect on first keypress latency, F(3,69) = 80.13, MSE = 48,098.85, p < .001, ηp2 = .78. Pairwise comparisons showed that identical pairs were identified faster than all other pairs [ identical versus related: t (23) = 15.2, d = 3.09, p < .001; identical versus similar: t(23) = 11.1, d = 2.26, p < .001; identical versus unrelated: t (23) = 12.4, d = 2.53, p < .001].","####---------------------------Experiment 2 - Encoding task response time--------------------------
d2<- read.csv(file='experiment 2_encode.csv')

##Exclude:  Incorrect identification trials,No response trials
initial_trials<- nrow(d2)
d2 <- d2%>% filter(Slide1.RESP!="""" & Slide1.ACC != ""0"")
excluded_trials <- initial_trials - nrow(d2) 
cat(""Total Excluded Trials after filtering Slide1.ACC != 0: and NA"", excluded_trials, ""\n"")
# Calculate the percentages
percentage_excluded<- (excluded_trials / initial_trials) * 100


#median RT for every subject
median_reaction_times <- d2 %>%
  group_by(Subject,type) %>%
  mutate(Median_Reaction_Time = median(Slide1.RT))

# Step 2: Calculate Mean Median Reaction Time for Each Item Type
rt_data<- median_reaction_times %>%
  group_by(Subject,type) %>%
  summarise(Mean_Median_Reaction_Time = mean(Median_Reaction_Time))

rt_data %>% group_by(type)%>%summarise(mean(Mean_Median_Reaction_Time))

#######################################

c2<- ezANOVA(data = rt_data ,
             dv = Mean_Median_Reaction_Time,
             wid = Subject,
             within = .(type),
             #between = .(bias),
             type = 2,
             return_aov = FALSE,
             detailed = T) %>%
  get_pes() %>% select(Effect,DFn,DFd,SSd,F,p,pes) %>% filter(Effect!='(Intercept)') %>%
  mutate_if(is.double,round,4) %>% pastey() %>% print()

### RT pairwise comparisons
rt_data %>% ungroup () %>%
  t_test(Mean_Median_Reaction_Time~type,paired = T,var.equal = T , 
         p.adjust.method = ""bonferroni"") %>% print()",match,"The paper describes Bonferroni-corrected t-tests comparing identification RTs between pair types after a repeated-measures ANOVA, and the code implements a within-subjects ANOVA followed by paired t-tests with Bonferroni correction. This aligns with the specified model (repeated-measures ANOVA plus paired t-tests with Bonferroni adjustment).",,
besken,25,"In Experiment 2, a Bonferroni-corrected t-test compared identification RTs for identical versus similar pairs. Identical pairs were categorized significantly faster than similar pairs, t(23) = 11.1, d = 2.26, p < .001, demonstrating higher processing fluency for exact duplicates compared with exemplars of the same category.",Variable Specification,"For encoding, the median first keypress response latency (identification response times [RTs]) was calculated separately for all pair types for each participant (see Table 2), excluding trials in which participants misidentified the pair types or did not respond at all (exclusion rate = 8.75%), and the means of the medians were submitted to a repeated measures ANOVA. The analysis shows that the pair type had a significant effect on first keypress latency, F(3,69) = 80.13, MSE = 48,098.85, p < .001, ηp2 = .78. Pairwise comparisons showed that identical pairs were identified faster than all other pairs [ identical versus related: t (23) = 15.2, d = 3.09, p < .001; identical versus similar: t(23) = 11.1, d = 2.26, p < .001; identical versus unrelated: t (23) = 12.4, d = 2.53, p < .001].","####---------------------------Experiment 2 - Encoding task response time--------------------------
d2<- read.csv(file='experiment 2_encode.csv')

##Exclude:  Incorrect identification trials,No response trials
initial_trials<- nrow(d2)
d2 <- d2%>% filter(Slide1.RESP!="""" & Slide1.ACC != ""0"")
excluded_trials <- initial_trials - nrow(d2) 
cat(""Total Excluded Trials after filtering Slide1.ACC != 0: and NA"", excluded_trials, ""\n"")
# Calculate the percentages
percentage_excluded<- (excluded_trials / initial_trials) * 100


#median RT for every subject
median_reaction_times <- d2 %>%
  group_by(Subject,type) %>%
  mutate(Median_Reaction_Time = median(Slide1.RT))

# Step 2: Calculate Mean Median Reaction Time for Each Item Type
rt_data<- median_reaction_times %>%
  group_by(Subject,type) %>%
  summarise(Mean_Median_Reaction_Time = mean(Median_Reaction_Time))

rt_data %>% group_by(type)%>%summarise(mean(Mean_Median_Reaction_Time))

#######################################

c2<- ezANOVA(data = rt_data ,
             dv = Mean_Median_Reaction_Time,
             wid = Subject,
             within = .(type),
             #between = .(bias),
             type = 2,
             return_aov = FALSE,
             detailed = T) %>%
  get_pes() %>% select(Effect,DFn,DFd,SSd,F,p,pes) %>% filter(Effect!='(Intercept)') %>%
  mutate_if(is.double,round,4) %>% pastey() %>% print()

### RT pairwise comparisons
rt_data %>% ungroup () %>%
  t_test(Mean_Median_Reaction_Time~type,paired = T,var.equal = T , 
         p.adjust.method = ""bonferroni"") %>% print()

rt_data %>% ungroup () %>%
  cohens_d(Mean_Median_Reaction_Time~type,paired = T,
           var.equal = T) %>% print()",match,"The code uses identification response times (Slide1.RT) as the dependent variable and pair type (type, including identical and similar) as the within-subject factor, matching the paper’s description of comparing identification RTs between identical and similar pairs with Bonferroni-corrected t-tests. Trials with incorrect or missing responses are excluded, and median RTs per subject and pair type are computed before running the ANOVA and Bonferroni-corrected paired t-tests, consistent with the paper.",,
besken,25,"In Experiment 2, a Bonferroni-corrected t-test compared identification RTs for identical versus similar pairs. Identical pairs were categorized significantly faster than similar pairs, t(23) = 11.1, d = 2.26, p < .001, demonstrating higher processing fluency for exact duplicates compared with exemplars of the same category.",Transformation Specification,"For encoding, the median first keypress response latency (identification response times [RTs]) was calculated separately for all pair types for each participant (see Table 2), excluding trials in which participants misidentified the pair types or did not respond at all (exclusion rate = 8.75%), and the means of the medians were submitted to a repeated measures ANOVA.","####---------------------------Experiment 2 - Encoding task response time--------------------------
d2<- read.csv(file='experiment 2_encode.csv')

##Exclude:  Incorrect identification trials,No response trials
initial_trials<- nrow(d2)
d2 <- d2%>% filter(Slide1.RESP!="""" & Slide1.ACC != ""0"")
excluded_trials <- initial_trials - nrow(d2) 
cat(""Total Excluded Trials after filtering Slide1.ACC != 0: and NA"", excluded_trials, ""\n"")
# Calculate the percentages
percentage_excluded<- (excluded_trials / initial_trials) * 100


#median RT for every subject
median_reaction_times <- d2 %>%
  group_by(Subject,type) %>%
  mutate(Median_Reaction_Time = median(Slide1.RT))

# Step 2: Calculate Mean Median Reaction Time for Each Item Type
rt_data<- median_reaction_times %>%
  group_by(Subject,type) %>%
  summarise(Mean_Median_Reaction_Time = mean(Median_Reaction_Time))

rt_data %>% group_by(type)%>%summarise(mean(Mean_Median_Reaction_Time))",match,"The code applies the same transformations described in the paper: it excludes incorrect and no-response trials, then computes per-participant, per-pair-type median RTs to be used in subsequent analyses. The redundant mean-of-medians step in the code still yields the same median RTs specified in the paper.",,
besken,25,"In Experiment 2, a Bonferroni-corrected t-test compared identification RTs for identical versus similar pairs. Identical pairs were categorized significantly faster than similar pairs, t(23) = 11.1, d = 2.26, p < .001, demonstrating higher processing fluency for exact duplicates compared with exemplars of the same category.",Inference Specification,"For all analyses, the alpha level was set at .05. For all pairwise comparisons, Bonferroni correction was used.","### RT pairwise comparisons
rt_data %>% ungroup () %>%
  t_test(Mean_Median_Reaction_Time~type,paired = T,var.equal = T , 
         p.adjust.method = ""bonferroni"") %>% print()",match,"The code applies Bonferroni correction for the pairwise t-test, consistent with the paper’s stated inference procedure, and the default significance level in such tests is alpha = .05 as specified in the paper.",,
besken,26,"In Experiment 2, a Bonferroni-corrected t-test compared identification RTs for identical versus unrelated pairs. Identical pairs were identified significantly faster than unrelated pairs, t(23) = 12.4, d = 2.53, p < .001, suggesting that recognizing identity was easier than recognizing unrelatedness in this classification task.",Model Specification,"For encoding, the median first keypress response latency (identification response times [RTs]) was calculated separately for all pair types for each participant (see Table 2), excluding trials in which participants misidentified the pair types or did not respond at all (exclusion rate = 8.75%), and the means of the medians were submitted to a repeated measures ANOVA. The analysis shows that the pair type had a significant effect on first keypress latency, F(3,69) = 80.13, MSE = 48,098.85, p < .001, ηp2 = .78. Pairwise comparisons showed that identical pairs were identified faster than all other pairs [ identical versus related: t (23) = 15.2, d = 3.09, p < .001; identical versus similar: t(23) = 11.1, d = 2.26, p < .001; identical versus unrelated: t (23) = 12.4, d = 2.53, p < .001].","### RT pairwise comparisons
rt_data %>% ungroup () %>%
  t_test(Mean_Median_Reaction_Time~type,paired = T,var.equal = T , 
         p.adjust.method = ""bonferroni"") %>% print()",match,"The paper describes pairwise t-tests comparing RTs between pair types with Bonferroni correction, and the code implements paired t-tests with Bonferroni-adjusted p-values for reaction times by type. Thus, the model specification (paired t-test with multiple-comparison correction) is consistent between paper and code.",,
besken,26,"In Experiment 2, a Bonferroni-corrected t-test compared identification RTs for identical versus unrelated pairs. Identical pairs were identified significantly faster than unrelated pairs, t(23) = 12.4, d = 2.53, p < .001, suggesting that recognizing identity was easier than recognizing unrelatedness in this classification task.",Variable Specification,"For encoding, the median first keypress response latency (identification response times [RTs]) was calculated separately for all pair types for each participant (see Table 2), excluding trials in which participants misidentified the pair types or did not respond at all (exclusion rate = 8.75%), and the means of the medians were submitted to a repeated measures ANOVA. The analysis shows that the pair type had a significant effect on first keypress latency, F(3,69) = 80.13, MSE = 48,098.85, p < .001, ηp2 = .78. Pairwise comparisons showed that identical pairs were identified faster than all other pairs [ identical versus related: t (23) = 15.2, d = 3.09, p < .001; identical versus similar: t(23) = 11.1, d = 2.26, p < .001; identical versus unrelated: t (23) = 12.4, d = 2.53, p < .001].","####---------------------------Experiment 2 - Encoding task response time--------------------------
d2<- read.csv(file='experiment 2_encode.csv')

##Exclude:  Incorrect identification trials,No response trials
initial_trials<- nrow(d2)
d2 <- d2%>% filter(Slide1.RESP!="""" & Slide1.ACC != ""0"")
excluded_trials <- initial_trials - nrow(d2) 
cat(""Total Excluded Trials after filtering Slide1.ACC != 0: and NA"", excluded_trials, ""\n"")
# Calculate the percentages
percentage_excluded<- (excluded_trials / initial_trials) * 100


#median RT for every subject
median_reaction_times <- d2 %>%
  group_by(Subject,type) %>%
  mutate(Median_Reaction_Time = median(Slide1.RT))

# Step 2: Calculate Mean Median Reaction Time for Each Item Type
rt_data<- median_reaction_times %>%
  group_by(Subject,type) %>%
  summarise(Mean_Median_Reaction_Time = mean(Median_Reaction_Time))

rt_data %>% group_by(type)%>%summarise(mean(Mean_Median_Reaction_Time))

#######################################

c2<- ezANOVA(data = rt_data ,
             dv = Mean_Median_Reaction_Time,
             wid = Subject,
             within = .(type),
             #between = .(bias),
             type = 2,
             return_aov = FALSE,
             detailed = T) %>%
  get_pes() %>% select(Effect,DFn,DFd,SSd,F,p,pes) %>% filter(Effect!='(Intercept)') %>%
  mutate_if(is.double,round,4) %>% pastey() %>% print()

### RT pairwise comparisons
rt_data %>% ungroup () %>%
  t_test(Mean_Median_Reaction_Time~type,paired = T,var.equal = T , 
         p.adjust.method = ""bonferroni"") %>% print()

rt_data %>% ungroup () %>%
  cohens_d(Mean_Median_Reaction_Time~type,paired = T,
           var.equal = T) %>% print()",match,"The code uses median identification response times as the dependent variable and pair type (including identical vs. unrelated) as the within-subject factor, matching the paper’s description of variables for the Bonferroni-corrected t-test. Trials with incorrect or missing responses are excluded as specified in the paper.",,
besken,26,"In Experiment 2, a Bonferroni-corrected t-test compared identification RTs for identical versus unrelated pairs. Identical pairs were identified significantly faster than unrelated pairs, t(23) = 12.4, d = 2.53, p < .001, suggesting that recognizing identity was easier than recognizing unrelatedness in this classification task.",Transformation Specification,"For encoding, the median first keypress response latency (identification response times [RTs]) was calculated separately for all pair types for each participant (see Table 2), excluding trials in which participants misidentified the pair types or did not respond at all (exclusion rate = 8.75%), and the means of the medians were submitted to a repeated measures ANOVA.","####---------------------------Experiment 2 - Encoding task response time--------------------------
d2<- read.csv(file='experiment 2_encode.csv')

##Exclude:  Incorrect identification trials,No response trials
initial_trials<- nrow(d2)
d2 <- d2%>% filter(Slide1.RESP!="""" & Slide1.ACC != ""0"")
excluded_trials <- initial_trials - nrow(d2) 
cat(""Total Excluded Trials after filtering Slide1.ACC != 0: and NA"", excluded_trials, ""\n"")
# Calculate the percentages
percentage_excluded<- (excluded_trials / initial_trials) * 100


#median RT for every subject
median_reaction_times <- d2 %>%
  group_by(Subject,type) %>%
  mutate(Median_Reaction_Time = median(Slide1.RT))

# Step 2: Calculate Mean Median Reaction Time for Each Item Type
rt_data<- median_reaction_times %>%
  group_by(Subject,type) %>%
  summarise(Mean_Median_Reaction_Time = mean(Median_Reaction_Time))

rt_data %>% group_by(type)%>%summarise(mean(Mean_Median_Reaction_Time))",match,"The code implements the same data transformations described in the paper: excluding incorrect and no-response trials, computing per-subject-per-pair-type medians, and then taking means of those medians by condition.",,
besken,26,"In Experiment 2, a Bonferroni-corrected t-test compared identification RTs for identical versus unrelated pairs. Identical pairs were identified significantly faster than unrelated pairs, t(23) = 12.4, d = 2.53, p < .001, suggesting that recognizing identity was easier than recognizing unrelatedness in this classification task.",Inference Specification,"For all analyses, the alpha level was set at .05. For all pairwise comparisons, Bonferroni correction was used.","### RT pairwise comparisons
rt_data %>% ungroup () %>%
  t_test(Mean_Median_Reaction_Time~type,paired = T,var.equal = T , 
         p.adjust.method = ""bonferroni"") %>% print()",match,"The code applies a Bonferroni correction for the pairwise t-tests, consistent with the paper’s stated inference procedure using Bonferroni for all pairwise comparisons and an alpha of .05. Although alpha is not explicitly set in the code, this is consistent with the default behavior and does not contradict the paper’s specification.",,
besken,27,"In Experiment 2, a Bonferroni-corrected t-test compared identification RTs for similar versus related pairs. Similar and related pairs did not differ significantly in RT, t(23) = 2.08, d = 0.42, p = .293, indicating comparable processing time for within-category exemplars and cross-category semantic relations.",Model Specification,"The analysis shows that the pair type had a significant effect on first keypress latency, F(3,69) = 80.13, MSE = 48,098.85, p < .001, ηp2 = .78. Pairwise comparisons showed that identical pairs were identified faster than all other pairs [ identical versus related: t (23) = 15.2, d = 3.09, p < .001; identical versus similar: t(23) = 11.1, d = 2.26, p < .001; identical versus unrelated: t (23) = 12.4, d = 2.53, p < .001]. RT for similar and related pairs did not differ, t(23) = 2.08, d = 0.42, p = .293, while unrelated pairs were identified faster than related pairs, but not than similar pairs [ related versus unrelated: t (23) = 4.10, d = 0.84, p = .003; similar versus unrelated: t (23) = 1.81, d = 0.37, p = .497].","####---------------------------Experiment 2 - Encoding task response time--------------------------
d2<- read.csv(file='experiment 2_encode.csv')

##Exclude:  Incorrect identification trials,No response trials
initial_trials<- nrow(d2)
d2 <- d2%>% filter(Slide1.RESP!="""" & Slide1.ACC != ""0"")

#median RT for every subject
median_reaction_times <- d2 %>%
  group_by(Subject,type) %>%
  mutate(Median_Reaction_Time = median(Slide1.RT))

# Step 2: Calculate Mean Median Reaction Time for Each Item Type
rt_data<- median_reaction_times %>%
  group_by(Subject,type) %>%
  summarise(Mean_Median_Reaction_Time = mean(Median_Reaction_Time))

c2<- ezANOVA(data = rt_data ,
             dv = Mean_Median_Reaction_Time,
             wid = Subject,
             within = .(type),
             type = 2,
             return_aov = FALSE,
             detailed = T) %>%
  get_pes() %>% select(Effect,DFn,DFd,SSd,F,p,pes) %>% filter(Effect!='(Intercept)') %>%
  mutate_if(is.double,round,4) %>% pastey() %>% print()

### RT pairwise comparisons
rt_data %>% ungroup () %>%
  t_test(Mean_Median_Reaction_Time~type,paired = T,var.equal = T , 
         p.adjust.method = ""bonferroni"") %>% print()",match,"The paper describes Bonferroni-corrected t-tests comparing identification RTs between pair types, and the code implements paired t-tests with Bonferroni adjustment across the same within-subject factor. Thus, the model specification (paired t-test with Bonferroni correction) aligns between the paper and the code.",,
besken,27,"In Experiment 2, a Bonferroni-corrected t-test compared identification RTs for similar versus related pairs. Similar and related pairs did not differ significantly in RT, t(23) = 2.08, d = 0.42, p = .293, indicating comparable processing time for within-category exemplars and cross-category semantic relations.",Variable Specification,"For encoding, the median first keypress response latency (identification response times [RTs]) was calculated separately for all pair types for each participant (see Table 2), excluding trials in which participants misidentified the pair types or did not respond at all (exclusion rate = 8.75%), and the means of the medians were submitted to a repeated measures ANOVA. The analysis shows that the pair type had a significant effect on first keypress latency, F(3,69) = 80.13, MSE = 48,098.85, p < .001, ηp2 = .78. Pairwise comparisons showed that identical pairs were identified faster than all other pairs [ identical versus related: t (23) = 15.2, d = 3.09, p < .001; identical versus similar: t(23) = 11.1, d = 2.26, p < .001; identical versus unrelated: t (23) = 12.4, d = 2.53, p < .001]. RT for similar and related pairs did not differ, t(23) = 2.08, d = 0.42, p = .293, while unrelated pairs were identified faster than related pairs, but not than similar pairs [ related versus unrelated: t (23) = 4.10, d = 0.84, p = .003; similar versus unrelated: t (23) = 1.81, d = 0.37, p = .497].","####---------------------------Experiment 2 - Encoding task response time--------------------------
d2<- read.csv(file='experiment 2_encode.csv')

##Exclude:  Incorrect identification trials,No response trials
initial_trials<- nrow(d2)
d2 <- d2%>% filter(Slide1.RESP!="""" & Slide1.ACC != ""0"")

#median RT for every subject
median_reaction_times <- d2 %>%
  group_by(Subject,type) %>%
  mutate(Median_Reaction_Time = median(Slide1.RT))

# Step 2: Calculate Mean Median Reaction Time for Each Item Type
rt_data<- median_reaction_times %>%
  group_by(Subject,type) %>%
  summarise(Mean_Median_Reaction_Time = mean(Median_Reaction_Time))

#######################################

c2<- ezANOVA(data = rt_data ,
             dv = Mean_Median_Reaction_Time,
             wid = Subject,
             within = .(type),
             #between = .(bias),
             type = 2,
             return_aov = FALSE,
             detailed = T) %>%
  get_pes() %>% select(Effect,DFn,DFd,SSd,F,p,pes) %>% filter(Effect!='(Intercept)') %>%
  mutate_if(is.double,round,4) %>% pastey() %>% print()

### RT pairwise comparisons
rt_data %>% ungroup () %>%
  t_test(Mean_Median_Reaction_Time~type,paired = T,var.equal = T , 
         p.adjust.method = ""bonferroni"") %>% print()

rt_data %>% ungroup () %>%
  cohens_d(Mean_Median_Reaction_Time~type,paired = T,
           var.equal = T) %>% print()",match,"The code uses identification response time as the dependent variable and pair type (including similar and related) as the within-subject factor, matching the paper’s variable specification for the RT comparison. It computes median RTs per subject and pair type, then uses these in a repeated-measures ANOVA and Bonferroni-corrected paired t-tests across pair types, consistent with the description.",,
besken,27,"In Experiment 2, a Bonferroni-corrected t-test compared identification RTs for similar versus related pairs. Similar and related pairs did not differ significantly in RT, t(23) = 2.08, d = 0.42, p = .293, indicating comparable processing time for within-category exemplars and cross-category semantic relations.",Transformation Specification,"For encoding, the median first keypress response latency (identification response times [RTs]) was calculated separately for all pair types for each participant (see Table 2), excluding trials in which participants misidentified the pair types or did not respond at all (exclusion rate = 8.75%), and the means of the medians were submitted to a repeated measures ANOVA.","####---------------------------Experiment 2 - Encoding task response time--------------------------
d2<- read.csv(file='experiment 2_encode.csv')

##Exclude:  Incorrect identification trials,No response trials
initial_trials<- nrow(d2)
d2 <- d2%>% filter(Slide1.RESP!="""" & Slide1.ACC != ""0"")
excluded_trials <- initial_trials - nrow(d2) 
cat(""Total Excluded Trials after filtering Slide1.ACC != 0: and NA"", excluded_trials, ""\n"")
# Calculate the percentages
percentage_excluded<- (excluded_trials / initial_trials) * 100


#median RT for every subject
median_reaction_times <- d2 %>%
  group_by(Subject,type) %>%
  mutate(Median_Reaction_Time = median(Slide1.RT))

# Step 2: Calculate Mean Median Reaction Time for Each Item Type
rt_data<- median_reaction_times %>%
  group_by(Subject,type) %>%
  summarise(Mean_Median_Reaction_Time = mean(Median_Reaction_Time))

rt_data %>% group_by(type)%>%summarise(mean(Mean_Median_Reaction_Time))

#######################################

c2<- ezANOVA(data = rt_data ,
             dv = Mean_Median_Reaction_Time,
             wid = Subject,
             within = .(type),
             #between = .(bias),
             type = 2,
             return_aov = FALSE,
             detailed = T) %>%
  get_pes() %>% select(Effect,DFn,DFd,SSd,F,p,pes) %>% filter(Effect!='(Intercept)') %>%
  mutate_if(is.double,round,4) %>% pastey() %>% print()

### RT pairwise comparisons
rt_data %>% ungroup () %>%
  t_test(Mean_Median_Reaction_Time~type,paired = T,var.equal = T , 
         p.adjust.method = ""bonferroni"") %>% print()",match,"The code applies the same preprocessing and aggregation steps described in the paper: excluding incorrect/no-response trials, computing per-participant per-pair-type median RTs, and then using the mean of these medians for analysis, which is what is used for the Bonferroni-corrected t-test between pair types.",,
besken,27,"In Experiment 2, a Bonferroni-corrected t-test compared identification RTs for similar versus related pairs. Similar and related pairs did not differ significantly in RT, t(23) = 2.08, d = 0.42, p = .293, indicating comparable processing time for within-category exemplars and cross-category semantic relations.",Inference Specification,"For all analyses, the alpha level was set at .05. For all pairwise comparisons, Bonferroni correction was used.
...
RT for similar and related pairs did not differ, t(23) = 2.08, d = 0.42, p = .293, while unrelated pairs were identified faster than related pairs, but not than similar pairs [ related versus unrelated: t (23) = 4.10, d = 0.84, p = .003; similar versus unrelated: t (23) = 1.81, d = 0.37, p = .497].","### RT pairwise comparisons
rt_data %>% ungroup () %>%
  t_test(Mean_Median_Reaction_Time~type,paired = T,var.equal = T , 
         p.adjust.method = ""bonferroni"") %>% print()",match,"The code applies Bonferroni correction for the pairwise t-tests, consistent with the paper’s stated inference procedure using Bonferroni-corrected comparisons at α = .05. Although alpha is not explicitly set in the code, the use of Bonferroni-adjusted p-values aligns with the described inference specification.",,
besken,28,"In Experiment 2, a Bonferroni-corrected t-test compared identification RTs for related versus unrelated pairs. Unrelated pairs were identified significantly faster than related pairs, t(23) = 4.10, d = 0.84, p = .003, implying that clear dissimilarity sped classification relative to more ambiguous relatedness.",Model Specification,"For encoding, the median first keypress response latency (identification response times [RTs]) was calculated separately for all pair types for each participant (see Table 2), excluding trials in which participants misidentified the pair types or did not respond at all (exclusion rate = 8.75%), and the means of the medians were submitted to a repeated measures ANOVA. The analysis shows that the pair type had a significant effect on first keypress latency, F(3,69) = 80.13, MSE = 48,098.85, p < .001, ηp2 = .78. Pairwise comparisons showed that identical pairs were identified faster than all other pairs [...], while unrelated pairs were identified faster than related pairs, but not than similar pairs [related versus unrelated: t (23) = 4.10, d = 0.84, p = .003; similar versus unrelated: t (23) = 1.81, d = 0.37, p = .497].","####---------------------------Experiment 2 - Encoding task response time--------------------------
d2<- read.csv(file='experiment 2_encode.csv')

##Exclude:  Incorrect identification trials,No response trials
initial_trials<- nrow(d2)
d2 <- d2%>% filter(Slide1.RESP!="""" & Slide1.ACC != ""0"")
excluded_trials <- initial_trials - nrow(d2) 
cat(""Total Excluded Trials after filtering Slide1.ACC != 0: and NA"", excluded_trials, ""\n"")
# Calculate the percentages
percentage_excluded<- (excluded_trials / initial_trials) * 100


#median RT for every subject
median_reaction_times <- d2 %>%
  group_by(Subject,type) %>%
  mutate(Median_Reaction_Time = median(Slide1.RT))

# Step 2: Calculate Mean Median Reaction Time for Each Item Type
rt_data<- median_reaction_times %>%
  group_by(Subject,type) %>%
  summarise(Mean_Median_Reaction_Time = mean(Median_Reaction_Time))

rt_data %>% group_by(type)%>%summarise(mean(Mean_Median_Reaction_Time))

#######################################

c2<- ezANOVA(data = rt_data ,
             dv = Mean_Median_Reaction_Time,
             wid = Subject,
             within = .(type),
             #between = .(bias),
             type = 2,
             return_aov = FALSE,
             detailed = T) %>%
  get_pes() %>% select(Effect,DFn,DFd,SSd,F,p,pes) %>% filter(Effect!='(Intercept)') %>%
  mutate_if(is.double,round,4) %>% pastey() %>% print()

### RT pairwise comparisons
rt_data %>% ungroup () %>%
  t_test(Mean_Median_Reaction_Time~type,paired = T,var.equal = T , 
         p.adjust.method = ""bonferroni"") %>% print()

rt_data %>% ungroup () %>%
  cohens_d(Mean_Median_Reaction_Time~type,paired = T,
           var.equal = T) %>% print()",match,"The paper describes Bonferroni-corrected pairwise t-tests (related vs. unrelated) following a repeated-measures ANOVA, and the code implements paired t-tests with Bonferroni adjustment on the within-subject factor 'type'.",,
besken,28,"In Experiment 2, a Bonferroni-corrected t-test compared identification RTs for related versus unrelated pairs. Unrelated pairs were identified significantly faster than related pairs, t(23) = 4.10, d = 0.84, p = .003, implying that clear dissimilarity sped classification relative to more ambiguous relatedness.",Variable Specification,"For encoding, the median first keypress response latency (identification response times [RTs]) was calculated separately for all pair types for each participant (see Table 2), excluding trials in which participants misidentified the pair types or did not respond at all (exclusion rate = 8.75%), and the means of the medians were submitted to a repeated measures ANOVA. The analysis shows that the pair type had a significant effect on first keypress latency, F(3,69) = 80.13, MSE = 48,098.85, p < .001, ηp2 = .78. Pairwise comparisons showed that identical pairs were identified faster than all other pairs [ identical versus related: t (23) = 15.2, d = 3.09, p < .001; identical versus similar: t(23) = 11.1, d = 2.26, p < .001; identical versus unrelated: t (23) = 12.4, d = 2.53, p < .001]. RT for similar and related pairs did not differ, t(23) = 2.08, d = 0.42, p = .293, while unrelated pairs were identified faster than related pairs [ related versus unrelated: t (23) = 4.10, d = 0.84, p = .003; similar versus unrelated: t (23) = 1.81, d = 0.37, p = .497].","####---------------------------Experiment 2 - Encoding task response time--------------------------
d2<- read.csv(file='experiment 2_encode.csv')

##Exclude:  Incorrect identification trials,No response trials
initial_trials<- nrow(d2)
d2 <- d2%>% filter(Slide1.RESP!="""" & Slide1.ACC != ""0"")
excluded_trials <- initial_trials - nrow(d2) 
cat(""Total Excluded Trials after filtering Slide1.ACC != 0: and NA"", excluded_trials, ""\n"")
# Calculate the percentages
percentage_excluded<- (excluded_trials / initial_trials) * 100


#median RT for every subject
median_reaction_times <- d2 %>%
  group_by(Subject,type) %>%
  mutate(Median_Reaction_Time = median(Slide1.RT))

# Step 2: Calculate Mean Median Reaction Time for Each Item Type
rt_data<- median_reaction_times %>%
  group_by(Subject,type) %>%
  summarise(Mean_Median_Reaction_Time = mean(Median_Reaction_Time))

rt_data %>% group_by(type)%>%summarise(mean(Mean_Median_Reaction_Time))

#######################################

c2<- ezANOVA(data = rt_data ,
             dv = Mean_Median_Reaction_Time,
             wid = Subject,
             within = .(type),
             #between = .(bias),
             type = 2,
             return_aov = FALSE,
             detailed = T) %>%
  get_pes() %>% select(Effect,DFn,DFd,SSd,F,p,pes) %>% filter(Effect!='(Intercept)') %>%
  mutate_if(is.double,round,4) %>% pastey() %>% print()

### RT pairwise comparisons
rt_data %>% ungroup () %>%
  t_test(Mean_Median_Reaction_Time~type,paired = T,var.equal = T , 
         p.adjust.method = ""bonferroni"") %>% print()

rt_data %>% ungroup () %>%
  cohens_d(Mean_Median_Reaction_Time~type,paired = T,
           var.equal = T) %>% print()

###similar and related, and unrelated and similar are not different


exp2_rt_data<- rt_data",match,"The code uses identification response time as the dependent variable and pair type as the within-subject factor, matching the paper’s description of median RTs by pair type submitted to repeated-measures ANOVA and pairwise t-tests (including related vs. unrelated).",,
besken,28,"In Experiment 2, a Bonferroni-corrected t-test compared identification RTs for related versus unrelated pairs. Unrelated pairs were identified significantly faster than related pairs, t(23) = 4.10, d = 0.84, p = .003, implying that clear dissimilarity sped classification relative to more ambiguous relatedness.",Transformation Specification,"For encoding, the median first keypress response latency (identification response times [RTs]) was calculated separately for all pair types for each participant (see Table 2), excluding trials in which participants misidentified the pair types or did not respond at all (exclusion rate = 8.75%), and the means of the medians were submitted to a repeated measures ANOVA.","####---------------------------Experiment 2 - Encoding task response time--------------------------
d2<- read.csv(file='experiment 2_encode.csv')

##Exclude:  Incorrect identification trials,No response trials
initial_trials<- nrow(d2)
d2 <- d2%>% filter(Slide1.RESP!="""" & Slide1.ACC != ""0"")
excluded_trials <- initial_trials - nrow(d2) 
cat(""Total Excluded Trials after filtering Slide1.ACC != 0: and NA"", excluded_trials, ""\n"")
# Calculate the percentages
percentage_excluded<- (excluded_trials / initial_trials) * 100


#median RT for every subject
median_reaction_times <- d2 %>%
  group_by(Subject,type) %>%
  mutate(Median_Reaction_Time = median(Slide1.RT))

# Step 2: Calculate Mean Median Reaction Time for Each Item Type
rt_data<- median_reaction_times %>%
  group_by(Subject,type) %>%
  summarise(Mean_Median_Reaction_Time = mean(Median_Reaction_Time))

rt_data %>% group_by(type)%>%summarise(mean(Mean_Median_Reaction_Time))",match,"The code applies the same transformations described in the paper: excluding incorrect/no-response trials, computing per-subject-per-type medians, and then averaging these medians across subjects. The extra mean step within each subject-type group is redundant but leaves the values equal to the medians, so it does not change the intended transformation.",,
besken,28,"In Experiment 2, a Bonferroni-corrected t-test compared identification RTs for related versus unrelated pairs. Unrelated pairs were identified significantly faster than related pairs, t(23) = 4.10, d = 0.84, p = .003, implying that clear dissimilarity sped classification relative to more ambiguous relatedness.",Inference Specification,"For all analyses, the alpha level was set at .05. For all pairwise comparisons, Bonferroni correction was used.","### RT pairwise comparisons
rt_data %>% ungroup () %>%
  t_test(Mean_Median_Reaction_Time~type,paired = T,var.equal = T , 
         p.adjust.method = ""bonferroni"") %>% print()",match,"The code applies a paired t-test with Bonferroni correction, consistent with the paper’s statement that pairwise comparisons use Bonferroni correction at alpha .05.",,
besken,29,"In Experiment 2, a Bonferroni-corrected t-test compared identification RTs for similar versus unrelated pairs. The RT difference was nonsignificant, t(23) = 1.81, d = 0.37, p = .497, suggesting similar processing speeds for judging pairs as similar exemplars versus unrelated.",Model Specification,"For encoding, the median first keypress response latency (identification response times [RTs]) was calculated separately for all pair types for each participant (see Table 2), excluding trials in which participants misidentified the pair types or did not respond at all (exclusion rate = 8.75%), and the means of the medians were submitted to a repeated measures ANOVA. The analysis shows that the pair type had a significant effect on first keypress latency, F(3,69) = 80.13, MSE = 48,098.85, p < .001, ηp2 = .78. Pairwise comparisons showed that identical pairs were identified faster than all other pairs [...] while unrelated pairs were identified faster than related pairs, but not than similar pairs [related versus unrelated: t(23) = 4.10, d = 0.84, p = .003; similar versus unrelated: t(23) = 1.81, d = 0.37, p = .497].","### RT pairwise comparisons
rt_data %>% ungroup () %>%
  t_test(Mean_Median_Reaction_Time~type,paired = T,var.equal = T , 
         p.adjust.method = ""bonferroni"") %>% print()",match,"The paper reports Bonferroni-corrected pairwise t-tests on RTs, and the code performs paired t-tests with Bonferroni adjustment for multiple comparisons, matching the described model specification.",,
besken,29,"In Experiment 2, a Bonferroni-corrected t-test compared identification RTs for similar versus unrelated pairs. The RT difference was nonsignificant, t(23) = 1.81, d = 0.37, p = .497, suggesting similar processing speeds for judging pairs as similar exemplars versus unrelated.",Variable Specification,"Pairwise comparisons showed that identical pairs were identified faster than all other pairs [ identical versus related: t(23) = 15.2, d = 3.09, p < .001; identical versus similar: t(23) = 11.1, d = 2.26, p < .001; identical versus unrelated: t (23) = 12.4, d = 2.53, p < .001]. RT for similar and related pairs did not differ, t(23) = 2.08, d = 0.42, p = .293, while unrelated pairs were identified faster than related pairs, but not than similar pairs [ related versus unrelated: t (23) = 4.10, d = 0.84, p = .003; similar versus unrelated: t (23) = 1.81, d = 0.37, p = .497].","####---------------------------Experiment 2 - Encoding task response time--------------------------
d2<- read.csv(file='experiment 2_encode.csv')

##Exclude:  Incorrect identification trials,No response trials
initial_trials<- nrow(d2)
d2 <- d2%>% filter(Slide1.RESP!="""" & Slide1.ACC != ""0"")
...
#median RT for every subject
median_reaction_times <- d2 %>%
  group_by(Subject,type) %>%
  mutate(Median_Reaction_Time = median(Slide1.RT))

# Step 2: Calculate Mean Median Reaction Time for Each Item Type
rt_data<- median_reaction_times %>%
  group_by(Subject,type) %>%
  summarise(Mean_Median_Reaction_Time = mean(Median_Reaction_Time))
...

c2<- ezANOVA(data = rt_data ,
             dv = Mean_Median_Reaction_Time,
             wid = Subject,
             within = .(type),
             #between = .(bias),
             type = 2,
             return_aov = FALSE,
             detailed = T) %>%
  get_pes() %>% select(Effect,DFn,DFd,SSd,F,p,pes) %>% filter(Effect!='(Intercept)') %>%
  mutate_if(is.double,round,4) %>% pastey() %>% print()

### RT pairwise comparisons
rt_data %>% ungroup () %>%
  t_test(Mean_Median_Reaction_Time~type,paired = T,var.equal = T , 
         p.adjust.method = ""bonferroni"") %>% print()",match,"The code uses identification response times as the dependent variable and item type (including similar and unrelated) as the within-subject factor, matching the paper’s description of comparing RTs across pair types, including a Bonferroni-corrected t-test for similar vs. unrelated pairs.",,
besken,29,"In Experiment 2, a Bonferroni-corrected t-test compared identification RTs for similar versus unrelated pairs. The RT difference was nonsignificant, t(23) = 1.81, d = 0.37, p = .497, suggesting similar processing speeds for judging pairs as similar exemplars versus unrelated.",Transformation Specification,"For encoding, the median first keypress response latency (identification response times [RTs]) was calculated separately for all pair types for each participant (see Table 2), excluding trials in which participants misidentified the pair types or did not respond at all (exclusion rate = 8.75%), and the means of the medians were submitted to a repeated measures ANOVA.","####---------------------------Experiment 2 - Encoding task response time--------------------------
d2<- read.csv(file='experiment 2_encode.csv')

##Exclude:  Incorrect identification trials,No response trials
initial_trials<- nrow(d2)
d2 <- d2%>% filter(Slide1.RESP!="""" & Slide1.ACC != ""0"")
excluded_trials <- initial_trials - nrow(d2) 
cat(""Total Excluded Trials after filtering Slide1.ACC != 0: and NA"", excluded_trials, ""\n"")
# Calculate the percentages
percentage_excluded<- (excluded_trials / initial_trials) * 100


#median RT for every subject
median_reaction_times <- d2 %>%
  group_by(Subject,type) %>%
  mutate(Median_Reaction_Time = median(Slide1.RT))

# Step 2: Calculate Mean Median Reaction Time for Each Item Type
rt_data<- median_reaction_times %>%
  group_by(Subject,type) %>%
  summarise(Mean_Median_Reaction_Time = mean(Median_Reaction_Time))

rt_data %>% group_by(type)%>%summarise(mean(Mean_Median_Reaction_Time))

#######################################

c2<- ezANOVA(data = rt_data ,
             dv = Mean_Median_Reaction_Time,
             wid = Subject,
             within = .(type),
             #between = .(bias),
             type = 2,
             return_aov = FALSE,
             detailed = T) %>%
  get_pes() %>% select(Effect,DFn,DFd,SSd,F,p,pes) %>% filter(Effect!='(Intercept)') %>%
  mutate_if(is.double,round,4) %>% pastey() %>% print()

### RT pairwise comparisons
rt_data %>% ungroup () %>%
  t_test(Mean_Median_Reaction_Time~type,paired = T,var.equal = T , 
         p.adjust.method = ""bonferroni"") %>% print()",match,"The code implements the same transformation described in the paper: incorrect and no-response trials are excluded, then per-participant/per-pair-type median RTs are computed and these medians (effectively unchanged by the redundant mean step) are used in the analyses. Thus, the preprocessing and aggregation of RTs before the ANOVA and Bonferroni-corrected t-tests align with the transformation specification in the paper.",,
besken,29,"In Experiment 2, a Bonferroni-corrected t-test compared identification RTs for similar versus unrelated pairs. The RT difference was nonsignificant, t(23) = 1.81, d = 0.37, p = .497, suggesting similar processing speeds for judging pairs as similar exemplars versus unrelated.",Inference Specification,"For all analyses, the alpha level was set at .05. For all pairwise comparisons, Bonferroni correction was used.
...
Pairwise comparisons showed that identical pairs were identified faster than all other pairs [ identical versus related: t (23) = 15.2, d = 3.09, p < .001; identical versus similar: t(23) = 11.1,
 d = 2.26, p < .001; identical versus unrelated: t (23) = 12.4,
 d = 2.53, p < .001]. RT for similar and related pairs did not
 differ, t(23) = 2.08, d = 0.42, p = .293, while unrelated pairs
 were identified faster than related pairs, but not than
 similar pairs [ related versus unrelated: t (23) = 4.10, d =
 0.84, p = .003; similar versus unrelated: t (23) = 1.81, d =
 0.37, p = .497].","rt_data %>% ungroup () %>%
  t_test(Mean_Median_Reaction_Time~type,paired = T,var.equal = T , 
         p.adjust.method = ""bonferroni"") %>% print()",match,"The code applies Bonferroni-corrected paired t-tests consistent with the paper’s description of Bonferroni-corrected pairwise comparisons at α = .05. Although alpha is not explicitly set in the code, the default of 0.05 in the t_test function aligns with the paper’s stated criterion.",,
besken,30,"In Experiment 2, a repeated-measures ANOVA examined JOL ratings across the four pair types (identical, similar, related, unrelated) after excluding misidentified and invalid trials. JOLs differed significantly by pair type, F(3,69) = 32.94, MSE = 57.44, p < .001, ηp² = .59, confirming robust modulation of metacognitive predictions by relationship type.",Model Specification,"The means were submitted to a single-factor repeated measures ANOVA, revealing significant JOL differences across pair types, F(3, 69) = 32.94, MSE = 57.44, p < .001, ηp2 = .59.","s2<- d2a %>%
  group_by(Subject, type) %>%
  summarise(mean_conf = mean(as.numeric(confidence.RESP), na.rm = TRUE))

b2<- ezANOVA(data = s2,
             dv = mean_conf,
             wid = Subject,
             within = .(type),
             #between = .(bias),
             type = 2,
             return_aov = FALSE,
             detailed = T) %>%
  get_pes() %>% select(Effect,DFn,DFd,SSd,F,p,pes) %>% filter(Effect!='(Intercept)') %>%
  mutate_if(is.double,round,4) %>% pastey() %>% print()",match,Both the paper and code describe and implement a single-factor repeated-measures ANOVA on JOL ratings (mean_conf) across pair types within subjects.,,
besken,30,"In Experiment 2, a repeated-measures ANOVA examined JOL ratings across the four pair types (identical, similar, related, unrelated) after excluding misidentified and invalid trials. JOLs differed significantly by pair type, F(3,69) = 32.94, MSE = 57.44, p < .001, ηp² = .59, confirming robust modulation of metacognitive predictions by relationship type.",Variable Specification,"For JOLs, all trials in which the participants misidentified the pair types during encoding or failed to enter a value between 0 and 100 for JOLs were excluded from the analyses (exclusion rate = 9.06%). Figure 2B shows the mean performance rate for JOLs and correct percentage recognition across the four encoding pair categories. The means were submitted to a single-factor repeated measures ANOVA, revealing significant JOL differences across pair types, F(3, 69) = 32.94, MSE = 57.44, p < .001, ηp2 = .59.","##----------------------------------------------E2 JOL-----------------------#
#Exclude: Incorrect encoding trials, No response in JOLs, Response out of 0-100 range
d2<- read.csv(file='experiment 2_encode.csv')

initial_trials <- nrow(d2)  # Initial total number of trials
d2<- d2 %>% filter(Slide1.ACC != ""0"")
excluded_trials1 <- initial_trials - nrow(d2)  # Excluded trials after filtering Slide1.ACC != 0
#168 trials 

d2a <- d2%>% filter(JOL_entered!=""0"")
excluded_trials2 <- nrow(d2)-nrow(d2a)
# there is 6 other Excluded trials due to no response to JOL, or out of range,
#after removing incorrect acc ones
#there is no trial with ""0"" encoding reaction time 

# Print or report the counts
cat(""Total Excluded Trials after filtering Slide1.ACC != 0:"", excluded_trials1, ""\n"")
cat(""Total Excluded Trials after removing NA responses:"", excluded_trials2, ""\n"")
# Calculate the percentages
percentage_excluded1 <- (excluded_trials1 / initial_trials) * 100 ## 8.75%
percentage_excluded2 <- (excluded_trials2 / initial_trials) * 100 ## .31%

s2<- d2a %>%
  group_by(Subject, type) %>%
  summarise(mean_conf = mean(as.numeric(confidence.RESP), na.rm = TRUE))

b2<- ezANOVA(data = s2,
             dv = mean_conf,
             wid = Subject,
             within = .(type),
             #between = .(bias),
             type = 2,
             return_aov = FALSE,
             detailed = T) %>%
  get_pes() %>% select(Effect,DFn,DFd,SSd,F,p,pes) %>% filter(Effect!='(Intercept)') %>%
  mutate_if(is.double,round,4) %>% pastey() %>% print()



### JOL pairwise comparisons
s2 %>% ungroup () %>%
  t_test(mean_conf~type,paired = T,var.equal = T , 
         p.adjust.method = ""bonferroni"") %>% print()

s2 %>% ungroup () %>%
  cohens_d(mean_conf~type,paired = T,
           var.equal = T) %>% print()

#only similar-related not sig

s2_table<- s2%>%group_by(type)%>%
  summarise(mean(mean_conf),
            sd(mean_conf))
s2_jol<- s2
",match,"The code uses mean confidence/JOL ratings as the dependent variable and pair type as the within-subject factor, matching the paper’s description of a repeated-measures ANOVA on JOLs across the four pair types after excluding invalid trials.",,
besken,30,"In Experiment 2, a repeated-measures ANOVA examined JOL ratings across the four pair types (identical, similar, related, unrelated) after excluding misidentified and invalid trials. JOLs differed significantly by pair type, F(3,69) = 32.94, MSE = 57.44, p < .001, ηp² = .59, confirming robust modulation of metacognitive predictions by relationship type.",Transformation Specification,"For JOLs, all trials in which the participants misidentified the pair types during encoding or failed to enter a value between 0 and 100 for JOLs were excluded from the analyses (exclusion rate = 9.06%). Figure 2B shows the mean performance rate for JOLs and correct percentage recognition across the four encoding pair categories. The means were submitted to a single-factor repeated measures ANOVA, revealing significant JOL differences across pair types, F(3, 69) = 32.94, MSE = 57.44, p < .001, ηp2 = .59.","##----------------------------------------------E2 JOL-----------------------#
#Exclude: Incorrect encoding trials, No response in JOLs, Response out of 0-100 range
d2<- read.csv(file='experiment 2_encode.csv')

initial_trials <- nrow(d2)  # Initial total number of trials
d2<- d2 %>% filter(Slide1.ACC != ""0"")
excluded_trials1 <- initial_trials - nrow(d2)  # Excluded trials after filtering Slide1.ACC != 0
#168 trials 

d2a <- d2%>% filter(JOL_entered!=""0"")
excluded_trials2 <- nrow(d2)-nrow(d2a)
# there is 6 other Excluded trials due to no response to JOL, or out of range,
#after removing incorrect acc ones
#there is no trial with ""0"" encoding reaction time 

# Print or report the counts
cat(""Total Excluded Trials after filtering Slide1.ACC != 0:"", excluded_trials1, ""\n"")
cat(""Total Excluded Trials after removing NA responses:"", excluded_trials2, ""\n"")
# Calculate the percentages
percentage_excluded1 <- (excluded_trials1 / initial_trials) * 100 ## 8.75%
percentage_excluded2 <- (excluded_trials2 / initial_trials) * 100 ## .31%

s2<- d2a %>%
  group_by(Subject, type) %>%
  summarise(mean_conf = mean(as.numeric(confidence.RESP), na.rm = TRUE))",match,"The code excludes incorrect encoding trials and invalid JOL responses, then computes mean JOLs per subject and pair type, consistent with the described preprocessing for the ANOVA. The mechanism for marking invalid JOLs (JOL_entered == '0') is not fully documented, but comments indicate it corresponds to no response or out-of-range values, matching the paper.",,
besken,30,"In Experiment 2, a repeated-measures ANOVA examined JOL ratings across the four pair types (identical, similar, related, unrelated) after excluding misidentified and invalid trials. JOLs differed significantly by pair type, F(3,69) = 32.94, MSE = 57.44, p < .001, ηp² = .59, confirming robust modulation of metacognitive predictions by relationship type.",Inference Specification,"For all analyses, the alpha level was set at .05. For all pairwise comparisons, Bonferroni correction was used.","b2<- ezANOVA(data = s2,
             dv = mean_conf,
             wid = Subject,
             within = .(type),
             #between = .(bias),
             type = 2,
             return_aov = FALSE,
             detailed = T) %>%
  get_pes() %>% select(Effect,DFn,DFd,SSd,F,p,pes) %>% filter(Effect!='(Intercept)') %>%
  mutate_if(is.double,round,4) %>% pastey() %>% print()

### JOL pairwise comparisons
s2 %>% ungroup () %>%
  t_test(mean_conf~type,paired = T,var.equal = T , 
         p.adjust.method = ""bonferroni"") %>% print()",match,"The code implements Bonferroni-adjusted pairwise t-tests as described, and the ANOVA procedure is consistent with a standard alpha = .05 framework used in the paper. No conflicting inference criteria are apparent between the paper and the code.",,
besken,31,"In Experiment 2, a Bonferroni-corrected paired t-test compared JOLs for identical versus related pairs. Identical pairs received significantly higher JOLs than related pairs, t(23) = 3.24, d = 0.66, p = .022, demonstrating an identical effect in predicted memory in the pictorial domain.",Model Specification,"The means were submitted to a single-factor repeated measures ANOVA, revealing significant JOL differences across pair types, F(3, 69) = 32.94, MSE = 57.44, p < .001, ηp2 = .59. Pairwise comparisons for each pair type demonstrated that the identical pairs produced significantly higher JOLs than all the other pair types [identical versus related: t(23) = 3.24, d = 0.66, p = .022; identical versus similar: t(23) = 3.58, d = 0.73, p = .009; identical versus unrelated: t(23) = 7.79, d = 1.59, p < .001].","b2<- ezANOVA(data = s2,
             dv = mean_conf,
             wid = Subject,
             within = .(type),
             #between = .(bias),
             type = 2,
             return_aov = FALSE,
             detailed = T) %>%
  get_pes() %>% select(Effect,DFn,DFd,SSd,F,p,pes) %>% filter(Effect!='(Intercept)') %>%
  mutate_if(is.double,round,4) %>% pastey() %>% print()

### JOL pairwise comparisons
s2 %>% ungroup () %>%
  t_test(mean_conf~type,paired = T,var.equal = T , 
         p.adjust.method = ""bonferroni"") %>% print()
",match,"The code implements a single-factor repeated-measures ANOVA followed by Bonferroni-corrected paired t-tests, matching the model specification described in the paper for comparing JOLs across pair types, including identical vs. related pairs.",,
besken,31,"In Experiment 2, a Bonferroni-corrected paired t-test compared JOLs for identical versus related pairs. Identical pairs received significantly higher JOLs than related pairs, t(23) = 3.24, d = 0.66, p = .022, demonstrating an identical effect in predicted memory in the pictorial domain.",Variable Specification,"Figure 2B shows the mean performance rate for JOLs and correct percentage recognition across the four encoding pair categories. The means were submitted to a single-factor repeated measures ANOVA, revealing significant JOL differences across pair types, F(3, 69) = 32.94, MSE = 57.44, p < .001, ηp2 = .59. Pairwise comparisons for each pair type demonstrated that the identical pairs produced significantly higher JOLs than all the other pair types [identical versus related: t(23) = 3.24, d = 0.66, p = .022; identical versus similar: t(23) = 3.58, d = 0.73, p = .009; identical versus unrelated: t(23) = 7.79, d = 1.59, p < .001].","##----------------------------------------------E2 JOL-----------------------#
#Exclude: Incorrect encoding trials, No response in JOLs, Response out of 0-100 range
...

s2<- d2a %>%
  group_by(Subject, type) %>%
  summarise(mean_conf = mean(as.numeric(confidence.RESP), na.rm = TRUE))

b2<- ezANOVA(data = s2,
             dv = mean_conf,
             wid = Subject,
             within = .(type),
             #between = .(bias),
             type = 2,
             return_aov = FALSE,
             detailed = T) %>%
  get_pes() %>% select(Effect,DFn,DFd,SSd,F,p,pes) %>% filter(Effect!='(Intercept)') %>%
  mutate_if(is.double,round,4) %>% pastey() %>% print()



### JOL pairwise comparisons
s2 %>% ungroup () %>%
  t_test(mean_conf~type,paired = T,var.equal = T , 
         p.adjust.method = ""bonferroni"") %>% print()

s2 %>% ungroup () %>%
  cohens_d(mean_conf~type,paired = T,
           var.equal = T) %>% print()",match,"The code uses mean JOL ratings as the dependent variable and pair type (including identical and related) as the within-subject factor, consistent with the paper’s description of comparing JOLs across pair types, including an identical vs. related contrast. Although the code computes all pairwise comparisons, the variables involved align with those described for the Bonferroni-corrected paired t-test between identical and related pairs.",,
besken,31,"In Experiment 2, a Bonferroni-corrected paired t-test compared JOLs for identical versus related pairs. Identical pairs received significantly higher JOLs than related pairs, t(23) = 3.24, d = 0.66, p = .022, demonstrating an identical effect in predicted memory in the pictorial domain.",Transformation Specification,"For JOLs, all trials in which the participants misidentified the pair types during encoding or failed to enter a value between 0 and 100 for JOLs were excluded from the analyses (exclusion rate = 9.06%). Figure 2B shows the mean performance rate for JOLs and correct percentage recognition across the four encoding pair categories. The means were submitted to a single-factor repeated measures ANOVA, revealing significant JOL differences across pair types, F(3, 69) = 32.94, MSE = 57.44, p < .001, ηp2 = .59. Pairwise comparisons for each pair type demonstrated that the identical pairs produced significantly higher JOLs than all the other pair types [identical versus related: t(23) = 3.24, d = 0.66, p = .022; identical versus similar: t(23) = 3.58,d = 0.73, p = .009; identical versus unrelated: t(23) = 7.79, d = 1.59, p < .001].","##----------------------------------------------E2 JOL-----------------------#
#Exclude: Incorrect encoding trials, No response in JOLs, Response out of 0-100 range
d2<- read.csv(file='experiment 2_encode.csv')

initial_trials <- nrow(d2)  # Initial total number of trials
d2<- d2 %>% filter(Slide1.ACC != ""0"")
excluded_trials1 <- initial_trials - nrow(d2)  # Excluded trials after filtering Slide1.ACC != 0
#168 trials 

d2a <- d2%>% filter(JOL_entered!=""0"")
excluded_trials2 <- nrow(d2)-nrow(d2a)
# there is 6 other Excluded trials due to no response to JOL, or out of range,
#after removing incorrect acc ones
#there is no trial with ""0"" encoding reaction time 

# Print or report the counts
cat(""Total Excluded Trials after filtering Slide1.ACC != 0:"", excluded_trials1, ""\n"")
cat(""Total Excluded Trials after removing NA responses:"", excluded_trials2, ""\n"")
# Calculate the percentages
percentage_excluded1 <- (excluded_trials1 / initial_trials) * 100 ## 8.75%
percentage_excluded2 <- (excluded_trials2 / initial_trials) * 100 ## .31%

s2<- d2a %>%
  group_by(Subject, type) %>%
  summarise(mean_conf = mean(as.numeric(confidence.RESP), na.rm = TRUE))

b2<- ezANOVA(data = s2,
             dv = mean_conf,
             wid = Subject,
             within = .(type),
             #between = .(bias),
             type = 2,
             return_aov = FALSE,
             detailed = T) %>%
  get_pes() %>% select(Effect,DFn,DFd,SSd,F,p,pes) %>% filter(Effect!='(Intercept)') %>%
  mutate_if(is.double,round,4) %>% pastey() %>% print()



### JOL pairwise comparisons
s2 %>% ungroup () %>%
  t_test(mean_conf~type,paired = T,var.equal = T , 
         p.adjust.method = ""bonferroni"") %>% print()

s2 %>% ungroup () %>%
  cohens_d(mean_conf~type,paired = T,
           var.equal = T) %>% print()",match,"The code applies the same trial-level exclusions (incorrect encoding responses and invalid/missing JOLs) and then aggregates JOLs to per-subject, per-type means before analysis, consistent with the paper’s description. The computed exclusion percentages (~8.75% + 0.31% ≈ 9.06%) also align with the reported exclusion rate.",,
besken,31,"In Experiment 2, a Bonferroni-corrected paired t-test compared JOLs for identical versus related pairs. Identical pairs received significantly higher JOLs than related pairs, t(23) = 3.24, d = 0.66, p = .022, demonstrating an identical effect in predicted memory in the pictorial domain.",Inference Specification,"For all analyses, the alpha level was set at .05. For all pairwise comparisons, Bonferroni correction was used.","b2<- ezANOVA(data = s2,
             dv = mean_conf,
             wid = Subject,
             within = .(type),
             #between = .(bias),
             type = 2,
             return_aov = FALSE,
             detailed = T) %>%
  get_pes() %>% select(Effect,DFn,DFd,SSd,F,p,pes) %>% filter(Effect!='(Intercept)') %>%
  mutate_if(is.double,round,4) %>% pastey() %>% print()

### JOL pairwise comparisons
s2 %>% ungroup () %>%
  t_test(mean_conf~type,paired = T,var.equal = T , 
         p.adjust.method = ""bonferroni"") %>% print()",match,"The paper specifies an alpha level of .05 and Bonferroni correction for pairwise comparisons, and the code applies Bonferroni adjustment to the paired t-test p-values, consistent with this inference specification. Although alpha is not explicitly set in the code, the use of Bonferroni correction aligns with the described procedure.",,
besken,32,"In Experiment 2, a Bonferroni-corrected paired t-test compared JOLs for identical versus similar pairs. Identical pairs again showed higher JOLs than similar pairs, t(23) = 3.58, d = 0.73, p = .009, indicating that exact duplicates were judged more memorable than within-category exemplars.",Model Specification,"The means were submitted to a single-factor repeated measures ANOVA, revealing significant JOL differences across pair types, F(3, 69) = 32.94, MSE = 57.44, p < .001, ηp2 = .59. Pairwise comparisons for each pair type demonstrated that the identical pairs produced significantly higher JOLs than all the other pair types [identical versus related: t(23) = 3.24, d = 0.66, p = .022; identical versus similar: t(23) = 3.58, d = 0.73, p = .009; identical versus unrelated: t(23) = 7.79, d = 1.59, p < .001].","s2<- d2a %>%
  group_by(Subject, type) %>%
  summarise(mean_conf = mean(as.numeric(confidence.RESP), na.rm = TRUE))

b2<- ezANOVA(data = s2,
             dv = mean_conf,
             wid = Subject,
             within = .(type),
             #between = .(bias),
             type = 2,
             return_aov = FALSE,
             detailed = T) %>%
  get_pes() %>% select(Effect,DFn,DFd,SSd,F,p,pes) %>% filter(Effect!='(Intercept)') %>%
  mutate_if(is.double,round,4) %>% pastey() %>% print()

### JOL pairwise comparisons
s2 %>% ungroup () %>%
  t_test(mean_conf~type,paired = T,var.equal = T , 
         p.adjust.method = ""bonferroni"") %>% print()

s2 %>% ungroup () %>%
  cohens_d(mean_conf~type,paired = T,
           var.equal = T) %>% print()",match,"The paper describes a single-factor repeated-measures ANOVA followed by Bonferroni-corrected paired t-tests for pair-type comparisons, and the code implements exactly this model specification. The t-tests are explicitly paired and Bonferroni-adjusted, matching the described comparison of JOLs for identical versus similar pairs.",,
besken,32,"In Experiment 2, a Bonferroni-corrected paired t-test compared JOLs for identical versus similar pairs. Identical pairs again showed higher JOLs than similar pairs, t(23) = 3.58, d = 0.73, p = .009, indicating that exact duplicates were judged more memorable than within-category exemplars.",Variable Specification,"The means were submitted to a single-factor repeated measures ANOVA, revealing significant JOL differences across pair types, F(3, 69) = 32.94, MSE = 57.44, p < .001, η
p
2 = .59. Pairwise comparisons for each pair type demonstrated that the identical pairs produced significantly higher JOLs than all the other pair types [identical versus related: t(23) = 3.24, d = 0.66, p = .022; identical versus similar: t(23) = 3.58, d = 0.73, p = .009; identical versus unrelated: t(23) = 7.79, d = 1.59, p < .001].","##----------------------------------------------E2 JOL-----------------------#
#Exclude: Incorrect encoding trials, No response in JOLs, Response out of 0-100 range
d2<- read.csv(file='experiment 2_encode.csv')

initial_trials <- nrow(d2)  # Initial total number of trials
d2<- d2 %>% filter(Slide1.ACC != ""0"")
excluded_trials1 <- initial_trials - nrow(d2)  # Excluded trials after filtering Slide1.ACC != 0
#168 trials 


d2a <- d2%>% filter(JOL_entered!=""0"")
excluded_trials2 <- nrow(d2)-nrow(d2a)
# there is 6 other Excluded trials due to no response to JOL, or out of range,
#after removing incorrect acc ones
#there is no trial with ""0"" encoding reaction time 

# Print or report the counts
cat(""Total Excluded Trials after filtering Slide1.ACC != 0:"", excluded_trials1, ""\n"")
cat(""Total Excluded Trials after removing NA responses:"", excluded_trials2, ""\n"")
# Calculate the percentages
percentage_excluded1 <- (excluded_trials1 / initial_trials) * 100 ## 8.75%
percentage_excluded2 <- (excluded_trials2 / initial_trials) * 100 ## .31%

s2<- d2a %>%
  group_by(Subject, type) %>%
  summarise(mean_conf = mean(as.numeric(confidence.RESP), na.rm = TRUE))

b2<- ezANOVA(data = s2,
             dv = mean_conf,
             wid = Subject,
             within = .(type),
             #between = .(bias),
             type = 2,
             return_aov = FALSE,
             detailed = T) %>%
  get_pes() %>% select(Effect,DFn,DFd,SSd,F,p,pes) %>% filter(Effect!='(Intercept)') %>%
  mutate_if(is.double,round,4) %>% pastey() %>% print()



### JOL pairwise comparisons
s2 %>% ungroup () %>%
  t_test(mean_conf~type,paired = T,var.equal = T , 
         p.adjust.method = ""bonferroni"") %>% print()

s2 %>% ungroup () %>%
  cohens_d(mean_conf~type,paired = T,
           var.equal = T) %>% print()

#only similar-related not sig

s2_table<- s2%>%group_by(type)%>%
  summarise(mean(mean_conf),
            sd(mean_conf))
s2_jol<- s2
",match,"The code uses mean JOL ratings (mean_conf) as the dependent variable and pair type (type) as the within-subject factor, then performs Bonferroni-corrected paired t-tests across pair types, which includes the identical vs. similar comparison described in the paper.",,
besken,32,"In Experiment 2, a Bonferroni-corrected paired t-test compared JOLs for identical versus similar pairs. Identical pairs again showed higher JOLs than similar pairs, t(23) = 3.58, d = 0.73, p = .009, indicating that exact duplicates were judged more memorable than within-category exemplars.",Transformation Specification,"For JOLs, all trials in which the participants misidentified the pair types during encoding or failed to enter a value between 0 and 100 for JOLs were excluded from the analyses (exclusion rate = 9.06%). Figure 2B shows the mean performance rate for JOLs and correct percentage recognition across the four encoding pair categories. The means were submitted to a single-factor repeated measures ANOVA, revealing significant JOL differences across pair types, F(3, 69) = 32.94, MSE = 57.44, p < .001, ηp2 = .59. Pairwise comparisons for each pair type demonstrated that the identical pairs produced significantly higher JOLs than all the other pair types [identical versus related: t(23) = 3.24, d = 0.66, p = .022; identical versus similar: t(23) = 3.58, d = 0.73, p = .009; identical versus unrelated: t(23) = 7.79, d = 1.59, p < .001].","##----------------------------------------------E2 JOL-----------------------#
#Exclude: Incorrect encoding trials, No response in JOLs, Response out of 0-100 range
d2<- read.csv(file='experiment 2_encode.csv')

initial_trials <- nrow(d2)  # Initial total number of trials
d2<- d2 %>% filter(Slide1.ACC != ""0"")
excluded_trials1 <- initial_trials - nrow(d2)  # Excluded trials after filtering Slide1.ACC != 0
#168 trials 

d2a <- d2%>% filter(JOL_entered!=""0"")
excluded_trials2 <- nrow(d2)-nrow(d2a)
# there is 6 other Excluded trials due to no response to JOL, or out of range,
#after removing incorrect acc ones
#there is no trial with ""0"" encoding reaction time 

# Print or report the counts
cat(""Total Excluded Trials after filtering Slide1.ACC != 0:"", excluded_trials1, ""\n"")
cat(""Total Excluded Trials after removing NA responses:"", excluded_trials2, ""\n"")
# Calculate the percentages
percentage_excluded1 <- (excluded_trials1 / initial_trials) * 100 ## 8.75%
percentage_excluded2 <- (excluded_trials2 / initial_trials) * 100 ## .31%

s2<- d2a %>%
  group_by(Subject, type) %>%
  summarise(mean_conf = mean(as.numeric(confidence.RESP), na.rm = TRUE))

b2<- ezANOVA(data = s2,
             dv = mean_conf,
             wid = Subject,
             within = .(type),
             #between = .(bias),
             type = 2,
             return_aov = FALSE,
             detailed = T) %>%
  get_pes() %>% select(Effect,DFn,DFd,SSd,F,p,pes) %>% filter(Effect!='(Intercept)') %>%
  mutate_if(is.double,round,4) %>% pastey() %>% print()



### JOL pairwise comparisons
s2 %>% ungroup () %>%
  t_test(mean_conf~type,paired = T,var.equal = T , 
         p.adjust.method = ""bonferroni"") %>% print()

s2 %>% ungroup () %>%
  cohens_d(mean_conf~type,paired = T,
           var.equal = T) %>% print()

#only similar-related not sig

s2_table<- s2%>%group_by(type)%>%
  summarise(mean(mean_conf),
            sd(mean_conf))
s2_jol<- s2
",match,"The code applies the same trial-level exclusions and then aggregates to subject-by-type means before analysis, consistent with the paper’s description of how JOL data were transformed prior to the t-tests. Any minor implementation details (e.g., how out-of-range JOLs are flagged via JOL_entered) are consistent with the stated exclusion rule but not contradicted by the paper.",,
besken,32,"In Experiment 2, a Bonferroni-corrected paired t-test compared JOLs for identical versus similar pairs. Identical pairs again showed higher JOLs than similar pairs, t(23) = 3.58, d = 0.73, p = .009, indicating that exact duplicates were judged more memorable than within-category exemplars.",Inference Specification,"For all analyses, the alpha level was set at .05. For all pairwise comparisons, Bonferroni correction was used.","### JOL pairwise comparisons
s2 %>% ungroup () %>%
  t_test(mean_conf~type,paired = T,var.equal = T , 
         p.adjust.method = ""bonferroni"") %>% print()",match,"The code applies a Bonferroni correction to the paired t-test p-values, consistent with the paper’s stated inferential procedure with alpha .05 and Bonferroni for pairwise comparisons.",,
besken,33,"In Experiment 2, a Bonferroni-corrected t-test compared JOLs for identical versus unrelated pairs. Identical pairs produced much higher JOLs than unrelated pairs, t(23) = 7.79, d = 1.59, p < .001, showing strong expected memory benefits for identity over unrelatedness.",Model Specification,"The means were submitted to a single-factor repeated measures ANOVA, revealing significant JOL differences across pair types, F(3, 69) = 32.94, MSE = 57.44, p < .001, ηp2 = .59. Pairwise comparisons for each pair type demonstrated that the identical pairs produced significantly higher JOLs than all the other pair types [identical versus related: t(23) = 3.24, d = 0.66, p = .022; identical versus similar: t(23) = 3.58,d = 0.73, p = .009; identical versus unrelated: t(23) = 7.79, d = 1.59, p < .001].","s2<- d2a %>%
  group_by(Subject, type) %>%
  summarise(mean_conf = mean(as.numeric(confidence.RESP), na.rm = TRUE))

b2<- ezANOVA(data = s2,
             dv = mean_conf,
             wid = Subject,
             within = .(type),
             #between = .(bias),
             type = 2,
             return_aov = FALSE,
             detailed = T) %>%
  get_pes() %>% select(Effect,DFn,DFd,SSd,F,p,pes) %>% filter(Effect!='(Intercept)') %>%
  mutate_if(is.double,round,4) %>% pastey() %>% print()

### JOL pairwise comparisons
s2 %>% ungroup () %>%
  t_test(mean_conf~type,paired = T,var.equal = T , 
         p.adjust.method = ""bonferroni"") %>% print()",match,"The code uses a within-subjects (repeated measures) ANOVA followed by Bonferroni-corrected paired t-tests between pair types, matching the model specification described in the paper.",,
besken,33,"In Experiment 2, a Bonferroni-corrected t-test compared JOLs for identical versus unrelated pairs. Identical pairs produced much higher JOLs than unrelated pairs, t(23) = 7.79, d = 1.59, p < .001, showing strong expected memory benefits for identity over unrelatedness.",Variable Specification,"Figure 2B shows the mean performance rate for JOLs and correct percentage recognition across the four encoding pair categories. The means were submitted to a single-factor repeated measures ANOVA, revealing significant JOL differences across pair types, F(3, 69) = 32.94, MSE = 57.44, p < .001, ηp2 = .59. Pairwise comparisons for each pair type demonstrated that the identical pairs produced significantly higher JOLs than all the other pair types [identical versus related: t(23) = 3.24, d = 0.66, p = .022; identical versus similar: t(23) = 3.58,d = 0.73, p = .009; identical versus unrelated: t(23) = 7.79, d = 1.59, p < .001].","s2<- d2a %>%
  group_by(Subject, type) %>%
  summarise(mean_conf = mean(as.numeric(confidence.RESP), na.rm = TRUE))

b2<- ezANOVA(data = s2,
             dv = mean_conf,
             wid = Subject,
             within = .(type),
             #between = .(bias),
             type = 2,
             return_aov = FALSE,
             detailed = T) %>%
  get_pes() %>% select(Effect,DFn,DFd,SSd,F,p,pes) %>% filter(Effect!='(Intercept)') %>%
  mutate_if(is.double,round,4) %>% pastey() %>% print()

### JOL pairwise comparisons
s2 %>% ungroup () %>%
  t_test(mean_conf~type,paired = T,var.equal = T , 
         p.adjust.method = ""bonferroni"") %>% print()

s2 %>% ungroup () %>%
  cohens_d(mean_conf~type,paired = T,
           var.equal = T) %>% print()",match,"The code uses mean_conf (mean confidence/JOL rating) as the dependent variable and type (encoding pair category) as the within-subject factor, matching the paper’s description of JOLs compared across pair types (including identical vs. unrelated).",,
besken,33,"In Experiment 2, a Bonferroni-corrected t-test compared JOLs for identical versus unrelated pairs. Identical pairs produced much higher JOLs than unrelated pairs, t(23) = 7.79, d = 1.59, p < .001, showing strong expected memory benefits for identity over unrelatedness.",Transformation Specification,"For JOLs, all trials in which the participants misidentified the pair types during encoding or failed to enter a value between 0 and 100 for JOLs were excluded from the analyses (exclusion rate = 9.06%). Figure 2B shows the mean performance rate for JOLs and correct percentage recognition across the four encoding pair categories. The means were submitted to a single-factor repeated measures ANOVA, revealing significant JOL differences across pair types, F(3, 69) = 32.94, MSE = 57.44, p < .001, ηp2 = .59.","##----------------------------------------------E2 JOL-----------------------#
#Exclude: Incorrect encoding trials, No response in JOLs, Response out of 0-100 range
d2<- read.csv(file='experiment 2_encode.csv')

initial_trials <- nrow(d2)  # Initial total number of trials
d2<- d2 %>% filter(Slide1.ACC != ""0"")
excluded_trials1 <- initial_trials - nrow(d2)  # Excluded trials after filtering Slide1.ACC != 0
#168 trials 

d2a <- d2%>% filter(JOL_entered!=""0"")
excluded_trials2 <- nrow(d2)-nrow(d2a)
# there is 6 other Excluded trials due to no response to JOL, or out of range,
#after removing incorrect acc ones
#there is no trial with ""0"" encoding reaction time 

# Print or report the counts
cat(""Total Excluded Trials after filtering Slide1.ACC != 0:"", excluded_trials1, ""\n"")
cat(""Total Excluded Trials after removing NA responses:"", excluded_trials2, ""\n"")
# Calculate the percentages
percentage_excluded1 <- (excluded_trials1 / initial_trials) * 100 ## 8.75%
percentage_excluded2 <- (excluded_trials2 / initial_trials) * 100 ## .31%

s2<- d2a %>%
  group_by(Subject, type) %>%
  summarise(mean_conf = mean(as.numeric(confidence.RESP), na.rm = TRUE))",match,"The code applies the same trial-level exclusions (incorrect encoding and invalid/missing JOLs) and then computes mean JOLs by subject and pair type, consistent with the paper’s described transformations. The exclusion percentages in the code also sum to approximately the reported 9.06%.",,
besken,33,"In Experiment 2, a Bonferroni-corrected t-test compared JOLs for identical versus unrelated pairs. Identical pairs produced much higher JOLs than unrelated pairs, t(23) = 7.79, d = 1.59, p < .001, showing strong expected memory benefits for identity over unrelatedness.",Inference Specification,"For all analyses, the alpha level was set at .05. For all pairwise comparisons, Bonferroni correction was used.","### JOL pairwise comparisons
s2 %>% ungroup () %>%
  t_test(mean_conf~type,paired = T,var.equal = T , 
         p.adjust.method = ""bonferroni"") %>% print()",match,"The code applies Bonferroni correction for pairwise t-tests, consistent with the paper’s stated inference procedure using Bonferroni-corrected comparisons at α = .05. Although alpha is not explicitly set in the code, the use of Bonferroni-adjusted p-values aligns with the described inference specification.",,
besken,34,"In Experiment 2, a Bonferroni-corrected paired t-test compared JOLs for similar versus related pairs. The difference was nonsignificant, t(23) = 0.70, d = 0.14, p = 1.00, indicating that participants assigned comparable predicted memorability to similar exemplars and conceptual associates.",Model Specification,"Figure 2B shows the mean performance rate for JOLs and correct percentage recognition across the four encoding pair categories. The means were submitted to a single-factor repeated measures ANOVA, revealing significant JOL differences across pair types, F(3, 69) = 32.94, MSE = 57.44, p < .001, ηp2 = .59. Pairwise comparisons for each pair type demonstrated that the identical pairs produced significantly higher JOLs than all the other pair types [identical versus related: t(23) = 3.24, d = 0.66, p = .022; identical versus similar: t(23) = 3.58, d = 0.73, p = .009; identical versus unrelated: t(23) = 7.79, d = 1.59, p < .001]. However, similar and related pairs did not significantly differ from each other, t(23) = .70, d = 0.14, p = 1.00.","##----------------------------------------------E2 JOL-----------------------#
#Exclude: Incorrect encoding trials, No response in JOLs, Response out of 0-100 range
d2<- read.csv(file='experiment 2_encode.csv')

...

s2<- d2a %>%
  group_by(Subject, type) %>%
  summarise(mean_conf = mean(as.numeric(confidence.RESP), na.rm = TRUE))

b2<- ezANOVA(data = s2,
             dv = mean_conf,
             wid = Subject,
             within = .(type),
             #between = .(bias),
             type = 2,
             return_aov = FALSE,
             detailed = T) %>%
  get_pes() %>% select(Effect,DFn,DFd,SSd,F,p,pes) %>% filter(Effect!='(Intercept)') %>%
  mutate_if(is.double,round,4) %>% pastey() %>% print()



### JOL pairwise comparisons
s2 %>% ungroup () %>%
  t_test(mean_conf~type,paired = T,var.equal = T , 
         p.adjust.method = ""bonferroni"") %>% print()

s2 %>% ungroup () %>%
  cohens_d(mean_conf~type,paired = T,
           var.equal = T) %>% print()

#only similar-related not sig",match,"The code conducts paired-samples t-tests with Bonferroni correction on JOLs across pair types, which includes the similar vs. related comparison described in the paper.",,
besken,34,"In Experiment 2, a Bonferroni-corrected paired t-test compared JOLs for similar versus related pairs. The difference was nonsignificant, t(23) = 0.70, d = 0.14, p = 1.00, indicating that participants assigned comparable predicted memorability to similar exemplars and conceptual associates.",Variable Specification,"For JOLs, all trials in which the participants misidentified the pair types during encoding or failed to enter a value between 0 and 100 for JOLs were excluded from the analyses (exclusion rate = 9.06%). Figure 2B shows the mean performance rate for JOLs and correct percentage recognition across the four encoding pair categories. The means were submitted to a single-factor repeated measures ANOVA, revealing significant JOL differences across pair types, F(3, 69) = 32.94, MSE = 57.44, p < .001, ηp2 = .59. Pairwise comparisons for each pair type demonstrated that the identical pairs produced significantly higher JOLs than all the other pair types [identical versus related: t(23) = 3.24, d = 0.66, p = .022; identical versus similar: t(23) = 3.58, d = 0.73, p = .009; identical versus unrelated: t(23) = 7.79, d = 1.59, p < .001]. However, similar and related pairs did not significantly differ from each other, t(23) = .70, d = 0.14, p = 1.00.","s2<- d2a %>%
  group_by(Subject, type) %>%
  summarise(mean_conf = mean(as.numeric(confidence.RESP), na.rm = TRUE))

b2<- ezANOVA(data = s2,
             dv = mean_conf,
             wid = Subject,
             within = .(type),
             #between = .(bias),
             type = 2,
             return_aov = FALSE,
             detailed = T) %>%
  get_pes() %>% select(Effect,DFn,DFd,SSd,F,p,pes) %>% filter(Effect!='(Intercept)') %>%
  mutate_if(is.double,round,4) %>% pastey() %>% print()

### JOL pairwise comparisons
s2 %>% ungroup () %>%
  t_test(mean_conf~type,paired = T,var.equal = T , 
         p.adjust.method = ""bonferroni"") %>% print()

s2 %>% ungroup () %>%
  cohens_d(mean_conf~type,paired = T,
           var.equal = T) %>% print()",match,"The analysis uses mean JOL ratings (confidence.RESP) as the dependent variable and pair type as the within-subject factor, matching the paper’s description of comparing JOLs across encoding pair categories (including similar vs. related) with Bonferroni-corrected paired t-tests. Any data-exclusion details are not visible in this snippet, but the variable roles clearly align with the reported analysis.",,
besken,34,"In Experiment 2, a Bonferroni-corrected paired t-test compared JOLs for similar versus related pairs. The difference was nonsignificant, t(23) = 0.70, d = 0.14, p = 1.00, indicating that participants assigned comparable predicted memorability to similar exemplars and conceptual associates.",Transformation Specification,"For JOLs, all trials in which the participants misidentified the pair types during encoding or failed to enter a value between 0 and 100 for JOLs were excluded from the analyses (exclusion rate = 9.06%).","##----------------------------------------------E2 JOL-----------------------#
#Exclude: Incorrect encoding trials, No response in JOLs, Response out of 0-100 range
d2<- read.csv(file='experiment 2_encode.csv')

initial_trials <- nrow(d2)  # Initial total number of trials
d2<- d2 %>% filter(Slide1.ACC != ""0"")
excluded_trials1 <- initial_trials - nrow(d2)  # Excluded trials after filtering Slide1.ACC != 0
#168 trials 

d2a <- d2%>% filter(JOL_entered!=""0"")
excluded_trials2 <- nrow(d2)-nrow(d2a)
# there is 6 other Excluded trials due to no response to JOL, or out of range,
#after removing incorrect acc ones
#there is no trial with ""0"" encoding reaction time 

s2<- d2a %>%
  group_by(Subject, type) %>%
  summarise(mean_conf = mean(as.numeric(confidence.RESP), na.rm = TRUE))

b2<- ezANOVA(data = s2,
             dv = mean_conf,
             wid = Subject,
             within = .(type),
             #between = .(bias),
             type = 2,
             return_aov = FALSE,
             detailed = T) %>%
  get_pes() %>% select(Effect,DFn,DFd,SSd,F,p,pes) %>% filter(Effect!='(Intercept)') %>%
  mutate_if(is.double,round,4) %>% pastey() %>% print()



### JOL pairwise comparisons
s2 %>% ungroup () %>%
  t_test(mean_conf~type,paired = T,var.equal = T , 
         p.adjust.method = ""bonferroni"") %>% print()",match,The code implements the same trial exclusions described in the paper by removing incorrectly encoded trials and trials without valid JOL responses before computing mean JOLs. Any additional transformation (aggregation to subject-by-type means) is standard and not in conflict with the paper’s description.,,
besken,34,"In Experiment 2, a Bonferroni-corrected paired t-test compared JOLs for similar versus related pairs. The difference was nonsignificant, t(23) = 0.70, d = 0.14, p = 1.00, indicating that participants assigned comparable predicted memorability to similar exemplars and conceptual associates.",Inference Specification,"For all analyses, the alpha level was set at .05. For all pairwise comparisons, Bonferroni correction was used.","### JOL pairwise comparisons
s2 %>% ungroup () %>%
  t_test(mean_conf~type,paired = T,var.equal = T , 
         p.adjust.method = ""bonferroni"") %>% print()",match,"The code applies a Bonferroni correction to the paired t-test p-values, consistent with the paper’s stated inferential procedure for pairwise comparisons, and implicitly uses the standard alpha = .05. There is no indication of any alternative inference criterion in the code that would conflict with the paper description.",,
besken,35,"In Experiment 2, a Bonferroni-corrected t-test compared JOLs for related versus unrelated pairs. Related pairs received significantly higher JOLs than unrelated pairs, t(23) = 6.13, d = 1.25, p < .001, reflecting belief that conceptual relatedness aids memory.",Model Specification,"The means were submitted to a single-factor repeated measures ANOVA, revealing significant JOL differences across pair types, F(3, 69) = 32.94, MSE = 57.44, p < .001, ηp2 = .59. Pairwise comparisons for each pair type demonstrated that the identical pairs produced significantly higher JOLs than all the other pair types [identical versus related: t(23) = 3.24, d = 0.66, p = .022; identical versus similar: t(23) = 3.58, d = 0.73, p = .009; identical versus unrelated: t(23) = 7.79, d = 1.59, p < .001]. ... Unrelated pairs produced significantly lower JOLs than related and similar pairs [related versus unrelated: t(23) = 6.13, d = 1.25, p < .001; similar versus unrelated: t(23) = 6.27, d = 1.28, p < .001].","b2<- ezANOVA(data = s2,
             dv = mean_conf,
             wid = Subject,
             within = .(type),
             #between = .(bias),
             type = 2,
             return_aov = FALSE,
             detailed = T) %>%
  get_pes() %>% select(Effect,DFn,DFd,SSd,F,p,pes) %>% filter(Effect!='(Intercept)') %>%
  mutate_if(is.double,round,4) %>% pastey() %>% print()



### JOL pairwise comparisons
s2 %>% ungroup () %>%
  t_test(mean_conf~type,paired = T,var.equal = T , 
         p.adjust.method = ""bonferroni"") %>% print()",match,"The code implements a within-subjects ANOVA on JOLs by pair type and follows it with Bonferroni-corrected paired t-tests between types, matching the paper’s description of using pairwise t-tests (with Bonferroni correction) to compare related versus unrelated pairs. Thus, the model specification (repeated-measures ANOVA plus Bonferroni-corrected paired t-tests) aligns with the analysis reported in the paper.",,
besken,35,"In Experiment 2, a Bonferroni-corrected t-test compared JOLs for related versus unrelated pairs. Related pairs received significantly higher JOLs than unrelated pairs, t(23) = 6.13, d = 1.25, p < .001, reflecting belief that conceptual relatedness aids memory.",Variable Specification,"The experiment was designed as a within-subject study with four levels of pair types: identical, similar, related, and unrelated. ... For JOLs, all trials in which the participants misidentified the pair types during encoding or failed to enter a value between 0 and 100 for JOLs were excluded from the analyses (exclusion rate = 9.06%). ... The means were submitted to a single-factor repeated measures ANOVA, revealing significant JOL differences across pair types, F(3, 69) = 32.94, MSE = 57.44, p < .001, ηp2 = .59. ... Unrelated pairs produced significantly lower JOLs than related and similar pairs [ related versus unrelated: t(23) = 6.13, d = 1.25, p < .001; similar versus unrelated: t(23) = 6.27, d = 1.28, p < .001].","##----------------------------------------------E2 JOL-----------------------#
#Exclude: Incorrect encoding trials, No response in JOLs, Response out of 0-100 range
...

s2<- d2a %>%
  group_by(Subject, type) %>%
  summarise(mean_conf = mean(as.numeric(confidence.RESP), na.rm = TRUE))

b2<- ezANOVA(data = s2,
             dv = mean_conf,
             wid = Subject,
             within = .(type),
             #between = .(bias),
             type = 2,
             return_aov = FALSE,
             detailed = T) %>%
  get_pes() %>% select(Effect,DFn,DFd,SSd,F,p,pes) %>% filter(Effect!='(Intercept)') %>%
  mutate_if(is.double,round,4) %>% pastey() %>% print()



### JOL pairwise comparisons
s2 %>% ungroup () %>%
  t_test(mean_conf~type,paired = T,var.equal = T , 
         p.adjust.method = ""bonferroni"") %>% print()

s2 %>% ungroup () %>%
  cohens_d(mean_conf~type,paired = T,
           var.equal = T) %>% print()",match,"The code uses mean JOL ratings (mean_conf from confidence.RESP) as the dependent variable and pair type (type) as a within-subject factor, matching the paper’s description of JOLs analyzed across four pair types with pairwise t-tests between related and unrelated items. The Bonferroni-corrected paired t-tests on mean_conf by type correspond to the reported comparisons of JOLs for related versus unrelated pairs.",,
besken,35,"In Experiment 2, a Bonferroni-corrected t-test compared JOLs for related versus unrelated pairs. Related pairs received significantly higher JOLs than unrelated pairs, t(23) = 6.13, d = 1.25, p < .001, reflecting belief that conceptual relatedness aids memory.",Transformation Specification,"For JOLs, all trials in which the participants misidentified the pair types during encoding or failed to enter a value between 0 and 100 for JOLs were excluded from the analyses (exclusion rate = 9.06%). Figure 2B shows the mean performance rate for JOLs and correct percentage recognition across the four encoding pair categories.","##----------------------------------------------E2 JOL-----------------------#
#Exclude: Incorrect encoding trials, No response in JOLs, Response out of 0-100 range
d2<- read.csv(file='experiment 2_encode.csv')

initial_trials <- nrow(d2)  # Initial total number of trials
d2<- d2 %>% filter(Slide1.ACC != ""0"")
excluded_trials1 <- initial_trials - nrow(d2)  # Excluded trials after filtering Slide1.ACC != 0
#168 trials 

d2a <- d2%>% filter(JOL_entered!=""0"")
excluded_trials2 <- nrow(d2)-nrow(d2a)
# there is 6 other Excluded trials due to no response to JOL, or out of range,
#after removing incorrect acc ones
#there is no trial with ""0"" encoding reaction time 

# Print or report the counts
cat(""Total Excluded Trials after filtering Slide1.ACC != 0:"", excluded_trials1, ""\n"")
cat(""Total Excluded Trials after removing NA responses:"", excluded_trials2, ""\n"")
# Calculate the percentages
percentage_excluded1 <- (excluded_trials1 / initial_trials) * 100 ## 8.75%
percentage_excluded2 <- (excluded_trials2 / initial_trials) * 100 ## .31%

s2<- d2a %>%
  group_by(Subject, type) %>%
  summarise(mean_conf = mean(as.numeric(confidence.RESP), na.rm = TRUE))",match,"The code implements the same trial-exclusion rules and aggregation described in the paper for the JOL analysis, including exclusion of incorrect encoding trials and problematic JOL responses, and then computes mean JOLs by subject and pair type.",,
besken,35,"In Experiment 2, a Bonferroni-corrected t-test compared JOLs for related versus unrelated pairs. Related pairs received significantly higher JOLs than unrelated pairs, t(23) = 6.13, d = 1.25, p < .001, reflecting belief that conceptual relatedness aids memory.",Inference Specification,"For all analyses, the alpha level was set at .05. For all pairwise comparisons, Bonferroni correction was used.","### JOL pairwise comparisons
s2 %>% ungroup () %>%
  t_test(mean_conf~type,paired = T,var.equal = T , 
         p.adjust.method = ""bonferroni"") %>% print()",match,"The code applies Bonferroni correction for the pairwise t-test, consistent with the paper’s stated inference procedure (alpha .05 with Bonferroni for pairwise comparisons). Although alpha is not explicitly set in the code, the default t-test behavior in this context is compatible with the paper’s description.",,
besken,36,"In Experiment 2, a Bonferroni-corrected t-test compared JOLs for similar versus unrelated pairs. Similar pairs yielded significantly higher JOLs than unrelated pairs, t(23) = 6.27, d = 1.28, p < .001, further supporting elevated predicted memorability for semantically coherent content.",Model Specification,"Figure 2B shows the mean performance rate for JOLs and correct percentage recognition across the four encoding pair categories. The means were submitted to a single-factor repeated measures ANOVA, revealing significant JOL differences across pair types, F(3, 69) = 32.94, MSE = 57.44, p < .001, ηp2 = .59. Pairwise comparisons for each pair type demonstrated that the identical pairs produced significantly higher JOLs than all the other pair types [identical versus related: t(23) = 3.24, d = 0.66, p = .022; identical versus similar: t(23) = 3.58,d = 0.73, p = .009; identical versus unrelated: t(23) = 7.79, d = 1.59, p < .001]. ... Unrelated pairs produced significantly lower JOLs than related and similar pairs [ related versus unrelated: t(23) = 6.13, d = 1.25, p < .001; similar versus unrelated: t(23) = 6.27, d = 1.28, p < .001].","s2<- d2a %>%
  group_by(Subject, type) %>%
  summarise(mean_conf = mean(as.numeric(confidence.RESP), na.rm = TRUE))

b2<- ezANOVA(data = s2,
             dv = mean_conf,
             wid = Subject,
             within = .(type),
             #between = .(bias),
             type = 2,
             return_aov = FALSE,
             detailed = T) %>%
  get_pes() %>% select(Effect,DFn,DFd,SSd,F,p,pes) %>% filter(Effect!='(Intercept)') %>%
  mutate_if(is.double,round,4) %>% pastey() %>% print()



### JOL pairwise comparisons
s2 %>% ungroup () %>%
  t_test(mean_conf~type,paired = T,var.equal = T , 
         p.adjust.method = ""bonferroni"") %>% print()

s2 %>% ungroup () %>%
  cohens_d(mean_conf~type,paired = T,
           var.equal = T) %>% print()",match,"The paper describes a repeated-measures ANOVA on JOLs across pair types followed by Bonferroni-corrected paired t-tests between pair types, including similar versus unrelated, and the code implements exactly this model structure. Thus, the model specification in the code aligns with the description in the paper for this analysis-dimension pairing.",,
besken,36,"In Experiment 2, a Bonferroni-corrected t-test compared JOLs for similar versus unrelated pairs. Similar pairs yielded significantly higher JOLs than unrelated pairs, t(23) = 6.27, d = 1.28, p < .001, further supporting elevated predicted memorability for semantically coherent content.",Variable Specification,"For JOLs, all trials in which the participants misidentified the pair types during encoding or failed to enter a value between 0 and 100 for JOLs were excluded from the analyses (exclusion rate = 9.06%). Figure 2B shows the mean performance rate for JOLs and correct percentage recognition across the four encoding pair categories. The means were submitted to a single-factor repeated measures ANOVA, revealing significant JOL differences across pair types, F(3, 69) = 32.94, MSE = 57.44, p < .001, ηp2 = .59. Pairwise comparisons for each pair type demonstrated that the identical pairs produced significantly higher JOLs than all the other pair types [identical versus related: t(23) = 3.24, d = 0.66, p = .022; identical versus similar: t(23) = 3.58, d = 0.73, p = .009; identical versus unrelated: t(23) = 7.79, d = 1.59, p < .001]. However, similar and related pairs did not significantly differ from each other, t(23) = .70, d = 0.14, p = 1.00. Unrelated pairs produced significantly lower JOLs than related and similar pairs [related versus unrelated: t(23) = 6.13, d = 1.25, p < .001; similar versus unrelated: t(23) = 6.27, d = 1.28, p < .001].","##----------------------------------------------E2 JOL-----------------------#
#Exclude: Incorrect encoding trials, No response in JOLs, Response out of 0-100 range
d2<- read.csv(file='experiment 2_encode.csv')

initial_trials <- nrow(d2)  # Initial total number of trials
d2<- d2 %>% filter(Slide1.ACC != ""0"")
excluded_trials1 <- initial_trials - nrow(d2)  # Excluded trials after filtering Slide1.ACC != 0
#168 trials 

d2a <- d2%>% filter(JOL_entered!=""0"")
excluded_trials2 <- nrow(d2)-nrow(d2a)
# there is 6 other Excluded trials due to no response to JOL, or out of range,
#after removing incorrect acc ones
#there is no trial with ""0"" encoding reaction time 

# Print or report the counts
cat(""Total Excluded Trials after filtering Slide1.ACC != 0:"", excluded_trials1, ""\n"")
cat(""Total Excluded Trials after removing NA responses:"", excluded_trials2, ""\n"")
# Calculate the percentages
percentage_excluded1 <- (excluded_trials1 / initial_trials) * 100 ## 8.75%
percentage_excluded2 <- (excluded_trials2 / initial_trials) * 100 ## .31%

s2<- d2a %>%
  group_by(Subject, type) %>%
  summarise(mean_conf = mean(as.numeric(confidence.RESP), na.rm = TRUE))

b2<- ezANOVA(data = s2,
             dv = mean_conf,
             wid = Subject,
             within = .(type),
             #between = .(bias),
             type = 2,
             return_aov = FALSE,
             detailed = T) %>%
  get_pes() %>% select(Effect,DFn,DFd,SSd,F,p,pes) %>% filter(Effect!='(Intercept)') %>%
  mutate_if(is.double,round,4) %>% pastey() %>% print()



### JOL pairwise comparisons
s2 %>% ungroup () %>%
  t_test(mean_conf~type,paired = T,var.equal = T , 
         p.adjust.method = ""bonferroni"") %>% print()

s2 %>% ungroup () %>%
  cohens_d(mean_conf~type,paired = T,
           var.equal = T) %>% print()",match,"The code uses JOL ratings (confidence.RESP) as the outcome variable and pair type as the within-subject factor, with exclusions based on encoding accuracy and JOL response validity, matching the paper’s description of variables for this analysis.",,
besken,36,"In Experiment 2, a Bonferroni-corrected t-test compared JOLs for similar versus unrelated pairs. Similar pairs yielded significantly higher JOLs than unrelated pairs, t(23) = 6.27, d = 1.28, p < .001, further supporting elevated predicted memorability for semantically coherent content.",Transformation Specification,"For JOLs, all trials in which the participants misidentified the pair types during encoding or failed to enter a value between 0 and 100 for JOLs were excluded from the analyses (exclusion rate = 9.06%).","##----------------------------------------------E2 JOL-----------------------#
#Exclude: Incorrect encoding trials, No response in JOLs, Response out of 0-100 range
d2<- read.csv(file='experiment 2_encode.csv')

initial_trials <- nrow(d2)  # Initial total number of trials
d2<- d2 %>% filter(Slide1.ACC != ""0"")
excluded_trials1 <- initial_trials - nrow(d2)  # Excluded trials after filtering Slide1.ACC != 0
#168 trials 

d2a <- d2%>% filter(JOL_entered!=""0"")
excluded_trials2 <- nrow(d2)-nrow(d2a)
# there is 6 other Excluded trials due to no response to JOL, or out of range,
#after removing incorrect acc ones
#there is no trial with ""0"" encoding reaction time 

# Print or report the counts
cat(""Total Excluded Trials after filtering Slide1.ACC != 0:"", excluded_trials1, ""\n"")
cat(""Total Excluded Trials after removing NA responses:"", excluded_trials2, ""\n"")
# Calculate the percentages
percentage_excluded1 <- (excluded_trials1 / initial_trials) * 100 ## 8.75%
percentage_excluded2 <- (excluded_trials2 / initial_trials) * 100 ## .31%

s2<- d2a %>%
  group_by(Subject, type) %>%
  summarise(mean_conf = mean(as.numeric(confidence.RESP), na.rm = TRUE))",match,"The code excludes trials with incorrect encoding responses and trials without valid JOL entries, then computes mean JOLs by subject and pair type, which aligns with the described exclusion of misidentified pair types and invalid JOL values prior to analysis.",,
besken,36,"In Experiment 2, a Bonferroni-corrected t-test compared JOLs for similar versus unrelated pairs. Similar pairs yielded significantly higher JOLs than unrelated pairs, t(23) = 6.27, d = 1.28, p < .001, further supporting elevated predicted memorability for semantically coherent content.",Inference Specification,"For all analyses, the alpha level was set at .05. For all pairwise comparisons, Bonferroni correction was used.
...
Pairwise comparisons for each pair type demonstrated that the identical pairs produced significantly higher JOLs than all the other pair types [identical versus related: t(23) = 3.24, d = 0.66, p = .022; identical versus similar: t(23) = 3.58, d = 0.73, p = .009; identical versus unrelated: t(23) = 7.79, d = 1.59, p < .001]. However, similar and related pairs did not significantly differ from each other, t(23) = .70, d = 0.14, p = 1.00. Unrelated pairs produced significantly lower JOLs than related and similar pairs [related versus unrelated: t(23) = 6.13, d = 1.25, p < .001; similar versus unrelated: t(23) = 6.27, d = 1.28, p < .001].","### JOL pairwise comparisons
s2 %>% ungroup () %>%
  t_test(mean_conf~type,paired = T,var.equal = T , 
         p.adjust.method = ""bonferroni"") %>% print()",match,"The paper specifies Bonferroni-corrected pairwise t-tests at α = .05, and the code implements paired t-tests with Bonferroni p-value adjustment, consistent with that inference specification. There is no evidence of a different alpha or correction method being used in the code.",,
besken,37,"In Experiment 2, a repeated-measures ANOVA tested cued 4-AFC recognition accuracy across the four pair types after excluding misidentified trials. Accuracy differed significantly by pair type, F(3,69) = 8.26, MSE = .005, p < .001, ηp² = .26, but patterns showed less differentiation than JOLs, supporting a metacognitive illusion.",Model Specification,"The single-factor repeated measures ANOVA showed that the accuracy rate significantly differed among pair types, F(3, 69) = 8.26, MSE = .005, p < .001, ηp2 = .26.","##------------------------------Conditional Test accuracy-------------------------------------- 
## trials after incorrect encoding trials are excluded
d2<- read.csv(file='experiment 2_encode.csv')

d2a<- d2 %>% filter(Slide1.ACC != ""0"" & Slide1.RESP!="" "")

s2<- d2a %>% group_by(Subject,type) %>%
  summarise(mean_test_acc=mean(test_Slide2.ACC == 1))

s2_cond_table <- d2a %>% group_by(type) %>%
  summarise(mean_test_acc=mean(test_Slide2.ACC == 1))

#####E2 Accuracy 
s2<- s2 %>% 
  mutate_if(is.character,as.factor) %>%
  mutate(as.factor(Subject))


a2<- ezANOVA(data = s2,
             dv = mean_test_acc,
             wid = Subject,
             within = .(type),
             #between = .(bias),
             type = 2,
             return_aov = FALSE,
             detailed = T) %>%
  get_pes() %>% select(Effect,DFn,DFd,SSd,F,p,pes) %>% filter(Effect!='(Intercept)') %>%
  mutate_if(is.double,round,4) %>% pastey() %>% print()

mse2 = a2$SSd/a2$DFd
mse2",match,"The code implements a single-factor repeated-measures ANOVA on cued test accuracy across pair types, matching the model description in the paper.",,
besken,37,"In Experiment 2, a repeated-measures ANOVA tested cued 4-AFC recognition accuracy across the four pair types after excluding misidentified trials. Accuracy differed significantly by pair type, F(3,69) = 8.26, MSE = .005, p < .001, ηp² = .26, but patterns showed less differentiation than JOLs, supporting a metacognitive illusion.",Variable Specification,"Figure 2B shows the mean accuracy rate for the cued 4-AFC recognition performance of participants across the four pair types (identical, similar, related, and unrelated). The single-factor repeated measures ANOVA showed that the accuracy rate significantly differed among pair types, F(3, 69) = 8.26, MSE = .005, p < .001, ηp2 = .26. Pairwise comparisons indicated that the accuracy rate of the identical pairs did not differ from any other pairs [identical versus similar: t(23) = 2.55, d = 0.52, p = .107; identical versus related: t(23) = 1.31, d = 0.27, p = 1.00; identical versus unrelated: t(23) = 2.28, d = 0.47, p = .193]. Similarly, related and similar pairs did not differ in accuracy either, t(23) = 1.02, d = 0.21, p = 1.00. The accuracy for unrelated pairs was significantly the lowest among all other pairs [related versus unrelated: t(23) = 3.10, d = 0.63, p = .03; similar versus unrelated: t(23) = 5.37, d = 1.10, p < .001].","##------------------------------Conditional Test accuracy-------------------------------------- 
## trials after incorrect encoding trials are excluded
d2<- read.csv(file='experiment 2_encode.csv')

d2a<- d2 %>% filter(Slide1.ACC != ""0"" & Slide1.RESP!="" "")

s2<- d2a %>% group_by(Subject,type) %>%
  summarise(mean_test_acc=mean(test_Slide2.ACC == 1))

s2_cond_table <- d2a %>% group_by(type) %>%
  summarise(mean_test_acc=mean(test_Slide2.ACC == 1))

#####E2 Accuracy 
s2<- s2 %>% 
  mutate_if(is.character,as.factor) %>%
  mutate(as.factor(Subject))


a2<- ezANOVA(data = s2,
             dv = mean_test_acc,
             wid = Subject,
             within = .(type),
             #between = .(bias),
             type = 2,
             return_aov = FALSE,
             detailed = T) %>%
  get_pes() %>% select(Effect,DFn,DFd,SSd,F,p,pes) %>% filter(Effect!='(Intercept)') %>%
  mutate_if(is.double,round,4) %>% pastey() %>% print()

mse2 = a2$SSd/a2$DFd
mse2



### ACCuracy Pairwise comparisons 
s2 %>% ungroup () %>%
  t_test(mean_test_acc~type,paired = T,var.equal = T , 
         p.adjust.method = ""bonferroni"") %>% print()

s2 %>% ungroup () %>%
  cohens_d(mean_test_acc~type,paired = T,
           var.equal = T) %>% print()",match,"The code uses cued 4-AFC recognition accuracy as the dependent variable and pair type as the within-subject factor, matching the paper’s description of a single-factor repeated-measures ANOVA across four pair types. Misidentified/incorrect encoding trials are excluded before computing accuracy, consistent with the conditional analysis described in the paper.",,
besken,37,"In Experiment 2, a repeated-measures ANOVA tested cued 4-AFC recognition accuracy across the four pair types after excluding misidentified trials. Accuracy differed significantly by pair type, F(3,69) = 8.26, MSE = .005, p < .001, ηp² = .26, but patterns showed less differentiation than JOLs, supporting a metacognitive illusion.",Transformation Specification,Recognition accuracy analyses were conducted on the data set after excluding trials that were incorrectly identified with respect to pair type during the encoding phase of both Experiments 2 and 3.,"##------------------------------Conditional Test accuracy-------------------------------------- 
## trials after incorrect encoding trials are excluded
d2<- read.csv(file='experiment 2_encode.csv')

d2a<- d2 %>% filter(Slide1.ACC != ""0"" & Slide1.RESP!="" "")

s2<- d2a %>% group_by(Subject,type) %>%
  summarise(mean_test_acc=mean(test_Slide2.ACC == 1))

s2_cond_table <- d2a %>% group_by(type) %>%
  summarise(mean_test_acc=mean(test_Slide2.ACC == 1))",match,"The code implements the stated transformation by excluding incorrectly encoded trials before computing recognition accuracy. It then calculates mean test accuracy on the filtered dataset, consistent with the paper’s description of conditional recognition analyses.",,
besken,37,"In Experiment 2, a repeated-measures ANOVA tested cued 4-AFC recognition accuracy across the four pair types after excluding misidentified trials. Accuracy differed significantly by pair type, F(3,69) = 8.26, MSE = .005, p < .001, ηp² = .26, but patterns showed less differentiation than JOLs, supporting a metacognitive illusion.",Inference Specification,"For all analyses, the alpha level was set at .05. For all pairwise comparisons, Bonferroni correction was used.","##------------------------------Conditional Test accuracy-------------------------------------- 
## trials after incorrect encoding trials are excluded
d2<- read.csv(file='experiment 2_encode.csv')

d2a<- d2 %>% filter(Slide1.ACC != ""0"" & Slide1.RESP!="" "")

s2<- d2a %>% group_by(Subject,type) %>%
  summarise(mean_test_acc=mean(test_Slide2.ACC == 1))

s2_cond_table <- d2a %>% group_by(type) %>%
  summarise(mean_test_acc=mean(test_Slide2.ACC == 1))

#####E2 Accuracy 
s2<- s2 %>% 
  mutate_if(is.character,as.factor) %>%
  mutate(as.factor(Subject))


a2<- ezANOVA(data = s2,
             dv = mean_test_acc,
             wid = Subject,
             within = .(type),
             #between = .(bias),
             type = 2,
             return_aov = FALSE,
             detailed = T) %>%
  get_pes() %>% select(Effect,DFn,DFd,SSd,F,p,pes) %>% filter(Effect!='(Intercept)') %>%
  mutate_if(is.double,round,4) %>% pastey() %>% print()

mse2 = a2$SSd/a2$DFd
mse2



### ACCuracy Pairwise comparisons 
s2 %>% ungroup () %>%
  t_test(mean_test_acc~type,paired = T,var.equal = T , 
         p.adjust.method = ""bonferroni"") %>% print()

s2 %>% ungroup () %>%
  cohens_d(mean_test_acc~type,paired = T,
           var.equal = T) %>% print()",match,"The code uses Bonferroni correction for pairwise t-tests and relies on standard ANOVA inference defaults consistent with an alpha of .05, matching the paper’s stated inference criteria. There is no indication of conflicting alpha levels or alternative correction methods in the code.",,
besken,38,"In Experiment 2, a Bonferroni-corrected paired t-test compared recognition accuracy for identical versus similar pairs. No significant difference was observed, t(23) = 2.55, d = 0.52, p = .107, indicating similar actual memory performance despite higher JOLs for identical items.",Model Specification,"The single-factor repeated measures ANOVA showed that the accuracy rate significantly differed among pair types, F(3, 69) = 8.26, MSE = .005, p < .001, ηp2 = .26. Pairwise comparisons indicated that the accuracy rate of the identical pairs did not differ from any other pairs [ identical versus similar: t(23) = 2.55, d = 0.52, p = .107; identical versus related: t(23) = 1.31,d =0 . 2 7 ,p = 1.00; identical versus unrelated:t ( 2 3 )=2 . 2 8 ,d =0 . 4 7 ,p = .193].","##------------------------------Conditional Test accuracy-------------------------------------- 
## trials after incorrect encoding trials are excluded
d2<- read.csv(file='experiment 2_encode.csv')

d2a<- d2 %>% filter(Slide1.ACC != ""0"" & Slide1.RESP!="" "")

s2<- d2a %>% group_by(Subject,type) %>%
  summarise(mean_test_acc=mean(test_Slide2.ACC == 1))
...

a2<- ezANOVA(data = s2,
             dv = mean_test_acc,
             wid = Subject,
             within = .(type),
             #between = .(bias),
             type = 2,
             return_aov = FALSE,
             detailed = T) %>%
  get_pes() %>% select(Effect,DFn,DFd,SSd,F,p,pes) %>% filter(Effect!='(Intercept)') %>%
  mutate_if(is.double,round,4) %>% pastey() %>% print()
...
### ACCuracy Pairwise comparisons 

s2 %>% ungroup () %>%
  t_test(mean_test_acc~type,paired = T,var.equal = T , 
         p.adjust.method = ""bonferroni"") %>% print()",match,"The paper reports pairwise comparisons following a single-factor repeated-measures ANOVA using t-tests with Bonferroni correction, and the code implements paired t-tests with Bonferroni-adjusted p-values for the within-subject factor 'type'.",,
besken,38,"In Experiment 2, a Bonferroni-corrected paired t-test compared recognition accuracy for identical versus similar pairs. No significant difference was observed, t(23) = 2.55, d = 0.52, p = .107, indicating similar actual memory performance despite higher JOLs for identical items.",Variable Specification,"Figure 2B shows the mean accuracy rate for the cued 4-AFC recognition performance of participants across the four pair types (identical, similar, related, and unrelated). The single-factor repeated measures ANOVA showed that the accuracy rate significantly differed among pair types, F(3, 69) = 8.26, MSE = .005, p < .001, ηp2 = .26. Pairwise comparisons indicated that the accuracy rate of the identical pairs did not differ from any other pairs [ identical versus similar: t(23) = 2.55, d = 0.52, p = .107; identical versus related: t(23) = 1.31,d =0 . 2 7 ,p = 1.00; identical versus unrelated:t ( 2 3 )=2 . 2 8 ,d =0 . 4 7 ,p = .193].","##------------------------------Conditional Test accuracy-------------------------------------- 
## trials after incorrect encoding trials are excluded
d2<- read.csv(file='experiment 2_encode.csv')

d2a<- d2 %>% filter(Slide1.ACC != ""0"" & Slide1.RESP!="" "")

s2<- d2a %>% group_by(Subject,type) %>%
  summarise(mean_test_acc=mean(test_Slide2.ACC == 1))

s2_cond_table <- d2a %>% group_by(type) %>%
  summarise(mean_test_acc=mean(test_Slide2.ACC == 1))

#####E2 Accuracy 
s2<- s2 %>% 
  mutate_if(is.character,as.factor) %>%
  mutate(as.factor(Subject))


a2<- ezANOVA(data = s2,
             dv = mean_test_acc,
             wid = Subject,
             within = .(type),
             #between = .(bias),
             type = 2,
             return_aov = FALSE,
             detailed = T) %>%
  get_pes() %>% select(Effect,DFn,DFd,SSd,F,p,pes) %>% filter(Effect!='(Intercept)') %>%
  mutate_if(is.double,round,4) %>% pastey() %>% print()

mse2 = a2$SSd/a2$DFd
mse2



### ACCuracy Pairwise comparisons 
s2 %>% ungroup () %>%
  t_test(mean_test_acc~type,paired = T,var.equal = T , 
         p.adjust.method = ""bonferroni"") %>% print()

s2 %>% ungroup () %>%
  cohens_d(mean_test_acc~type,paired = T,
           var.equal = T) %>% print()",match,"The analysis uses mean cued 4-AFC recognition accuracy as the dependent variable and pair type (including identical and similar) as the within-subject factor, matching the paper’s description of comparing recognition accuracy across pair types, specifically identical vs. similar. The paired t-tests in the code operate on these same variables with Bonferroni correction, consistent with the reported pairwise comparison.",,
besken,38,"In Experiment 2, a Bonferroni-corrected paired t-test compared recognition accuracy for identical versus similar pairs. No significant difference was observed, t(23) = 2.55, d = 0.52, p = .107, indicating similar actual memory performance despite higher JOLs for identical items.",Transformation Specification,Recognition accuracy analyses were conducted on the data set after excluding trials that were incorrectly identified with respect to pair type during the encoding phase of both Experiments 2 and 3. The actual recall was calculated by multiplying the percent correct recognition by 100 to provide a comparison between JOLs (predicted) and percent correct (actual) recognition.,"##------------------------------Conditional Test accuracy-------------------------------------- 
## trials after incorrect encoding trials are excluded
d2<- read.csv(file='experiment 2_encode.csv')

d2a<- d2 %>% filter(Slide1.ACC != ""0"" & Slide1.RESP!="" "")

s2<- d2a %>% group_by(Subject,type) %>%
  summarise(mean_test_acc=mean(test_Slide2.ACC == 1))

s2_cond_table <- d2a %>% group_by(type) %>%
  summarise(mean_test_acc=mean(test_Slide2.ACC == 1))

#####E2 Accuracy 
s2<- s2 %>% 
  mutate_if(is.character,as.factor) %>%
  mutate(as.factor(Subject))


### ACCuracy Pairwise comparisons 
s2 %>% ungroup () %>%
  t_test(mean_test_acc~type,paired = T,var.equal = T , 
         p.adjust.method = ""bonferroni"") %>% print()

s2_acc<- s2

...

#####PLOT DATA
exp3_plot<-cbind(s3_jol,s3_acc[, c(""mean_test_acc"")])
exp1_plot<-s1
exp2_plot<- cbind(s2_jol, s2_acc[, c(""mean_test_acc"")])
colnames(exp1_plot)[colnames(exp1_plot) == ""type_correct""] <- ""type""

exp1_2_3<- rbind(exp1_plot,exp2_plot,exp3_plot )


exp1_2_3$pref_type <- NA
exp1_2_3 <- rbind (exp1_2_3, exp1_2_3)
exp1_2_3$pref_type <- c(rep(""actual"",296), rep(""predicted"",296))
exp1_2_3$score <- NA
exp1_2_3$score<-  c(exp1_2_3$mean_test_acc[1:296], exp1_2_3$mean_conf[297:592])

write.table(exp1_2_3,file='identical_plot_data.csv',row.names = F,sep=',',quote = F)
",mismatch,"The code matches the paper in excluding incorrectly encoded trials, but there is no implementation of the described transformation of multiplying recognition accuracy by 100 for comparison with JOLs.",,
besken,38,"In Experiment 2, a Bonferroni-corrected paired t-test compared recognition accuracy for identical versus similar pairs. No significant difference was observed, t(23) = 2.55, d = 0.52, p = .107, indicating similar actual memory performance despite higher JOLs for identical items.",Inference Specification,"For all analyses, the alpha level was set at .05. For all pairwise comparisons, Bonferroni correction was used.","##------------------------------Conditional Test accuracy-------------------------------------- 
## trials after incorrect encoding trials are excluded
d2<- read.csv(file='experiment 2_encode.csv')

d2a<- d2 %>% filter(Slide1.ACC != ""0"" & Slide1.RESP!="" "")

s2<- d2a %>% group_by(Subject,type) %>%
  summarise(mean_test_acc=mean(test_Slide2.ACC == 1))

s2_cond_table <- d2a %>% group_by(type) %>%
  summarise(mean_test_acc=mean(test_Slide2.ACC == 1))

#####E2 Accuracy 
s2<- s2 %>% 
  mutate_if(is.character,as.factor) %>%
  mutate(as.factor(Subject))


a2<- ezANOVA(data = s2,
             dv = mean_test_acc,
             wid = Subject,
             within = .(type),
             #between = .(bias),
             type = 2,
             return_aov = FALSE,
             detailed = T) %>%
  get_pes() %>% select(Effect,DFn,DFd,SSd,F,p,pes) %>% filter(Effect!='(Intercept)') %>%
  mutate_if(is.double,round,4) %>% pastey() %>% print()

mse2 = a2$SSd/a2$DFd
mse2



### ACCuracy Pairwise comparisons 
s2 %>% ungroup () %>%
  t_test(mean_test_acc~type,paired = T,var.equal = T , 
         p.adjust.method = ""bonferroni"") %>% print()
",match,"The code applies Bonferroni correction for the paired t-test, consistent with the paper’s stated use of Bonferroni for pairwise comparisons under an alpha of .05. No alternative alpha level or correction method is specified in the code that would contradict the paper’s inference specification.",,
besken,39,"In Experiment 2, a Bonferroni-corrected t-test compared recognition accuracy for identical versus related pairs. Accuracy did not differ significantly, t(23) = 1.31, d = 0.27, p = 1.00, again showing that identical and related images were remembered at similar rates.",Model Specification,"The single-factor repeated measures ANOVA showed that the accuracy rate significantly differed among pair types, F(3, 69) = 8.26, MSE = .005, p < .001, ηp2 = .26. Pairwise comparisons indicated that the accuracy rate of the identical pairs did not differ from any other pairs [ identical versus similar: t(23) = 2.55, d = 0.52, p = .107; identical versus related: t(23) = 1.31,d =0 . 2 7 ,p = 1.00; identical versus unrelated:t ( 2 3 )=2 . 2 8 ,d =0 . 4 7 ,p = .193].","##------------------------------Conditional Test accuracy-------------------------------------- 
## trials after incorrect encoding trials are excluded
d2<- read.csv(file='experiment 2_encode.csv')

d2a<- d2 %>% filter(Slide1.ACC != ""0"" & Slide1.RESP!="" "")

s2<- d2a %>% group_by(Subject,type) %>%
  summarise(mean_test_acc=mean(test_Slide2.ACC == 1))
...

a2<- ezANOVA(data = s2,
             dv = mean_test_acc,
             wid = Subject,
             within = .(type),
             #between = .(bias),
             type = 2,
             return_aov = FALSE,
             detailed = T) %>%
  get_pes() %>% select(Effect,DFn,DFd,SSd,F,p,pes) %>% filter(Effect!='(Intercept)') %>%
  mutate_if(is.double,round,4) %>% pastey() %>% print()
...
### ACCuracy Pairwise comparisons 
s2 %>% ungroup () %>%
  t_test(mean_test_acc~type,paired = T,var.equal = T , 
         p.adjust.method = ""bonferroni"") %>% print()

s2 %>% ungroup () %>%
  cohens_d(mean_test_acc~type,paired = T,
           var.equal = T) %>% print()",match,"The paper describes Bonferroni-corrected pairwise t-tests comparing recognition accuracy between pair types, including identical vs. related, and the code implements paired t-tests with Bonferroni p-value adjustment on the same within-subject factor. Thus, the statistical test type and correction method in the code align with the model specification in the paper.",,
besken,39,"In Experiment 2, a Bonferroni-corrected t-test compared recognition accuracy for identical versus related pairs. Accuracy did not differ significantly, t(23) = 1.31, d = 0.27, p = 1.00, again showing that identical and related images were remembered at similar rates.",Variable Specification,"Figure 2B shows the mean accuracy rate for the cued 4-AFC recognition performance of participants across the four pair types (identical, similar, related, and unrelated). The single-factor repeated measures ANOVA showed that the accuracy rate significantly differed among pair types, F(3, 69) = 8.26, MSE = .005, p < .001, ηp2 = .26. Pairwise comparisons indicated that the accuracy rate of the identical pairs did not differ from any other pairs [ identical versus similar: t(23) = 2.55, d = 0.52, p = .107; identical versus related: t(23) = 1.31,d =0 . 2 7 ,p = 1.00; identical versus unrelated:t ( 2 3 )=2 . 2 8 ,d =0 . 4 7 ,p = .193].","##------------------------------Conditional Test accuracy-------------------------------------- 
## trials after incorrect encoding trials are excluded
d2<- read.csv(file='experiment 2_encode.csv')

d2a<- d2 %>% filter(Slide1.ACC != ""0"" & Slide1.RESP!="" "")

s2<- d2a %>% group_by(Subject,type) %>%
  summarise(mean_test_acc=mean(test_Slide2.ACC == 1))

s2_cond_table <- d2a %>% group_by(type) %>%
  summarise(mean_test_acc=mean(test_Slide2.ACC == 1))

#####E2 Accuracy 
s2<- s2 %>% 
  mutate_if(is.character,as.factor) %>%
  mutate(as.factor(Subject))


a2<- ezANOVA(data = s2,
             dv = mean_test_acc,
             wid = Subject,
             within = .(type),
             #between = .(bias),
             type = 2,
             return_aov = FALSE,
             detailed = T) %>%
  get_pes() %>% select(Effect,DFn,DFd,SSd,F,p,pes) %>% filter(Effect!='(Intercept)') %>%
  mutate_if(is.double,round,4) %>% pastey() %>% print()

mse2 = a2$SSd/a2$DFd
mse2



### ACCuracy Pairwise comparisons 
s2 %>% ungroup () %>%
  t_test(mean_test_acc~type,paired = T,var.equal = T , 
         p.adjust.method = ""bonferroni"") %>% print()

s2 %>% ungroup () %>%
  cohens_d(mean_test_acc~type,paired = T,
           var.equal = T) %>% print()

###relared-unrelated and unrelated and similar are different
",match,"The code uses recognition accuracy as the outcome and pair type (including identical and related) as the within-subject factor, matching the paper’s description of Bonferroni-corrected t-tests on accuracy between pair types. The specific identical–related comparison is one of the pairwise tests generated over the factor 'type' with Bonferroni correction applied.",,
besken,39,"In Experiment 2, a Bonferroni-corrected t-test compared recognition accuracy for identical versus related pairs. Accuracy did not differ significantly, t(23) = 1.31, d = 0.27, p = 1.00, again showing that identical and related images were remembered at similar rates.",Transformation Specification,"For all analyses, the alpha level was set at .05. For all pairwise comparisons, Bonferroni correction was used.

Recognition accuracy analyses were conducted on the data set after excluding trials that were incorrectly identified with respect to pair type during the encoding phase of both Experiments 2 and 3. The same data were also excluded for the mediational analyses.","##------------------------------Conditional Test accuracy-------------------------------------- 
## trials after incorrect encoding trials are excluded
d2<- read.csv(file='experiment 2_encode.csv')


d2a<- d2 %>% filter(Slide1.ACC != ""0"" & Slide1.RESP!="" "")

s2<- d2a %>% group_by(Subject,type) %>%
  summarise(mean_test_acc=mean(test_Slide2.ACC == 1))

s2_cond_table <- d2a %>% group_by(type) %>%
  summarise(mean_test_acc=mean(test_Slide2.ACC == 1))",match,"The code implements the described transformation by excluding incorrectly encoded trials before computing recognition accuracy, consistent with the paper’s description. No additional or conflicting transformations are evident in the snippet.",,
besken,39,"In Experiment 2, a Bonferroni-corrected t-test compared recognition accuracy for identical versus related pairs. Accuracy did not differ significantly, t(23) = 1.31, d = 0.27, p = 1.00, again showing that identical and related images were remembered at similar rates.",Inference Specification,"For all analyses, the alpha level was set at .05. For all pairwise comparisons, Bonferroni correction was used.","### ACCuracy Pairwise comparisons 
s2 %>% ungroup () %>%
  t_test(mean_test_acc~type,paired = T,var.equal = T , 
         p.adjust.method = ""bonferroni"") %>% print()",match,"The code implements a paired t-test with Bonferroni-adjusted p-values, consistent with the paper’s description of using Bonferroni correction for pairwise comparisons at alpha = .05. Although alpha is not explicitly set in the code, the Bonferroni correction matches the stated inference procedure.",,
besken,40,"In Experiment 2, a Bonferroni-corrected t-test compared recognition accuracy for identical versus unrelated pairs. The difference was nonsignificant, t(23) = 2.28, d = 0.47, p = .193, though accuracy tended to be lower for unrelated items.",Model Specification,"The single-factor repeated measures ANOVA showed that the accuracy rate significantly differed among pair types, F(3, 69) = 8.26, MSE = .005, p < .001, ηp2 = .26. Pairwise comparisons indicated that the accuracy rate of the identical pairs did not differ from any other pairs [ identical versus similar: t(23) = 2.55, d = 0.52, p = .107; identical versus related: t(23) = 1.31,d =0 . 2 7 ,p = 1.00; identical versus unrelated:t ( 2 3 )=2 . 2 8 ,d =0 . 4 7 ,p = .193].","##------------------------------Conditional Test accuracy-------------------------------------- 
## trials after incorrect encoding trials are excluded
d2<- read.csv(file='experiment 2_encode.csv')

d2a<- d2 %>% filter(Slide1.ACC != ""0"" & Slide1.RESP!="" "")

s2<- d2a %>% group_by(Subject,type) %>%
  summarise(mean_test_acc=mean(test_Slide2.ACC == 1))

s2_cond_table <- d2a %>% group_by(type) %>%
  summarise(mean_test_acc=mean(test_Slide2.ACC == 1))

#####E2 Accuracy 
s2<- s2 %>% 
  mutate_if(is.character,as.factor) %>%
  mutate(as.factor(Subject))


a2<- ezANOVA(data = s2,
             dv = mean_test_acc,
             wid = Subject,
             within = .(type),
             #between = .(bias),
             type = 2,
             return_aov = FALSE,
             detailed = T) %>%
  get_pes() %>% select(Effect,DFn,DFd,SSd,F,p,pes) %>% filter(Effect!='(Intercept)') %>%
  mutate_if(is.double,round,4) %>% pastey() %>% print()

mse2 = a2$SSd/a2$DFd
mse2



### ACCuracy Pairwise comparisons 
s2 %>% ungroup () %>%
  t_test(mean_test_acc~type,paired = T,var.equal = T , 
         p.adjust.method = ""bonferroni"") %>% print()

s2 %>% ungroup () %>%
  cohens_d(mean_test_acc~type,paired = T,
           var.equal = T) %>% print()",match,"The paper describes a single-factor repeated-measures ANOVA with Bonferroni-corrected paired t-tests between pair types, and the code implements exactly this model structure. Both sources specify repeated-measures ANOVA on type and paired t-tests with Bonferroni adjustment for pairwise comparisons (including identical vs. unrelated).",,
besken,40,"In Experiment 2, a Bonferroni-corrected t-test compared recognition accuracy for identical versus unrelated pairs. The difference was nonsignificant, t(23) = 2.28, d = 0.47, p = .193, though accuracy tended to be lower for unrelated items.",Variable Specification,"Figure 2B shows the mean accuracy rate for the cued 4-AFC recognition performance of participants across the four pair types (identical, similar, related, and unrelated). The single-factor repeated measures ANOVA showed that the accuracy rate significantly differed among pair types, F(3, 69) = 8.26, MSE = .005, p < .001, ηp2 = .26.","##------------------------------Conditional Test accuracy-------------------------------------- 
## trials after incorrect encoding trials are excluded
d2<- read.csv(file='experiment 2_encode.csv')

d2a<- d2 %>% filter(Slide1.ACC != ""0"" & Slide1.RESP!="" "")

s2<- d2a %>% group_by(Subject,type) %>%
  summarise(mean_test_acc=mean(test_Slide2.ACC == 1))

s2_cond_table <- d2a %>% group_by(type) %>%
  summarise(mean_test_acc=mean(test_Slide2.ACC == 1))

#####E2 Accuracy 
s2<- s2 %>% 
  mutate_if(is.character,as.factor) %>%
  mutate(as.factor(Subject))


a2<- ezANOVA(data = s2,
             dv = mean_test_acc,
             wid = Subject,
             within = .(type),
             #between = .(bias),
             type = 2,
             return_aov = FALSE,
             detailed = T) %>%
  get_pes() %>% select(Effect,DFn,DFd,SSd,F,p,pes) %>% filter(Effect!='(Intercept)') %>%
  mutate_if(is.double,round,4) %>% pastey() %>% print()

mse2 = a2$SSd/a2$DFd
mse2



### ACCuracy Pairwise comparisons 
s2 %>% ungroup () %>%
  t_test(mean_test_acc~type,paired = T,var.equal = T , 
         p.adjust.method = ""bonferroni"") %>% print()

s2 %>% ungroup () %>%
  cohens_d(mean_test_acc~type,paired = T,
           var.equal = T) %>% print()",match,"The code uses recognition accuracy as the dependent variable and pair type (including identical and unrelated) as the within-subject factor, which aligns with the described comparison of recognition accuracy between identical and unrelated pairs. Although the code computes all pairwise tests across pair types, the variable roles and definitions match those implied in the paper for the specific identical vs. unrelated comparison.",,
besken,40,"In Experiment 2, a Bonferroni-corrected t-test compared recognition accuracy for identical versus unrelated pairs. The difference was nonsignificant, t(23) = 2.28, d = 0.47, p = .193, though accuracy tended to be lower for unrelated items.",Transformation Specification,Recognition accuracy analyses were conducted on the data set after excluding trials that were incorrectly identified with respect to pair type during the encoding phase of both Experiments 2 and 3. The same data were also excluded for the mediational analyses.,"##------------------------------Conditional Test accuracy-------------------------------------- 
## trials after incorrect encoding trials are excluded
d2<- read.csv(file='experiment 2_encode.csv')

d2a<- d2 %>% filter(Slide1.ACC != ""0"" & Slide1.RESP!="" "")

s2<- d2a %>% group_by(Subject,type) %>%
  summarise(mean_test_acc=mean(test_Slide2.ACC == 1))

s2_cond_table <- d2a %>% group_by(type) %>%
  summarise(mean_test_acc=mean(test_Slide2.ACC == 1))",match,"The code excludes trials with incorrect encoding responses before computing recognition accuracy, consistent with the paper’s description of excluding trials incorrectly identified with respect to pair type, and then computes mean accuracy per subject and type. The additional exclusion of blank responses is a minor extension but does not contradict the stated transformation.",,
besken,40,"In Experiment 2, a Bonferroni-corrected t-test compared recognition accuracy for identical versus unrelated pairs. The difference was nonsignificant, t(23) = 2.28, d = 0.47, p = .193, though accuracy tended to be lower for unrelated items.",Inference Specification,"For all analyses, the alpha level was set at .05. For all pairwise comparisons, Bonferroni correction was used.","### ACCuracy Pairwise comparisons 
s2 %>% ungroup () %>%
  t_test(mean_test_acc~type,paired = T,var.equal = T , 
         p.adjust.method = ""bonferroni"") %>% print()",match,"The code applies Bonferroni correction for pairwise comparisons, consistent with the paper’s stated inference procedure; the standard alpha of .05 is implicit in the t_test function.",,
besken,41,"In Experiment 2, a Bonferroni-corrected t-test compared recognition accuracy for related versus similar pairs. Similar and related pairs did not significantly differ, t(23) = 1.02, d = 0.21, p = 1.00, indicating comparable memory performance for these two non-identical relational types.",Model Specification,"Pairwise comparisons indicated that the accuracy rate of the identical pairs did not differ from any other pairs [ identical versus similar: t(23) = 2.55, d = 0.52, p = .107; identical versus related: t(23) = 1.31,d =0 . 2 7 ,p = 1.00; identical versus unrelated:t ( 2 3 )=2 . 2 8 ,d =0 . 4 7 ,p = .193]. Similarly, related and similar pairs did not differ in accuracy either, t(23) = 1.02, d =0 . 2 1 ,p = 1.00.","##------------------------------Conditional Test accuracy-------------------------------------- 
## trials after incorrect encoding trials are excluded
d2<- read.csv(file='experiment 2_encode.csv')

d2a<- d2 %>% filter(Slide1.ACC != ""0"" & Slide1.RESP!="" "")

s2<- d2a %>% group_by(Subject,type) %>%
  summarise(mean_test_acc=mean(test_Slide2.ACC == 1))

s2_cond_table <- d2a %>% group_by(type) %>%
  summarise(mean_test_acc=mean(test_Slide2.ACC == 1))

#####E2 Accuracy 
s2<- s2 %>% 
  mutate_if(is.character,as.factor) %>%
  mutate(as.factor(Subject))


a2<- ezANOVA(data = s2,
             dv = mean_test_acc,
             wid = Subject,
             within = .(type),
             #between = .(bias),
             type = 2,
             return_aov = FALSE,
             detailed = T) %>%
  get_pes() %>% select(Effect,DFn,DFd,SSd,F,p,pes) %>% filter(Effect!='(Intercept)') %>%
  mutate_if(is.double,round,4) %>% pastey() %>% print()

mse2 = a2$SSd/a2$DFd
mse2



### ACCuracy Pairwise comparisons 
s2 %>% ungroup () %>%
  t_test(mean_test_acc~type,paired = T,var.equal = T , 
         p.adjust.method = ""bonferroni"") %>% print()

s2 %>% ungroup () %>%
  cohens_d(mean_test_acc~type,paired = T,
           var.equal = T) %>% print()",match,"The paper describes Bonferroni-corrected t-tests comparing accuracy between pair types, and the code implements paired t-tests with Bonferroni adjustment across conditions. This aligns with the stated model specification for the related vs. similar comparison.",,
besken,41,"In Experiment 2, a Bonferroni-corrected t-test compared recognition accuracy for related versus similar pairs. Similar and related pairs did not significantly differ, t(23) = 1.02, d = 0.21, p = 1.00, indicating comparable memory performance for these two non-identical relational types.",Variable Specification,"Figure 2B shows the mean accuracy rate for the cued 4-AFC recognition performance of participants across the four pair types (identical, similar, related, and unrelated). The single-factor repeated measures ANOVA showed that the accuracy rate significantly differed among pair types, F(3, 69) = 8.26, MSE = .005, p < .001, ηp2 = .26. Pairwise comparisons indicated that the accuracy rate of the identical pairs did not differ from any other pairs [ identical versus similar: t(23) = 2.55, d = 0.52, p = .107; identical versus related: t(23) = 1.31,d =0 . 2 7 ,p = 1.00; identical versus unrelated:t ( 2 3 )=2 . 2 8 ,d =0 . 4 7 ,p = .193]. Similarly, related and similar pairs did not differ in accuracy either, t(23) = 1.02, d =0 . 2 1 ,p = 1.00.","d2<- read.csv(file='experiment 2_encode.csv')

d2a<- d2 %>% filter(Slide1.ACC != ""0"" & Slide1.RESP!="" "")

s2<- d2a %>% group_by(Subject,type) %>%
  summarise(mean_test_acc=mean(test_Slide2.ACC == 1))

s2_cond_table <- d2a %>% group_by(type) %>%
  summarise(mean_test_acc=mean(test_Slide2.ACC == 1))

#####E2 Accuracy 
s2<- s2 %>% 
  mutate_if(is.character,as.factor) %>%
  mutate(as.factor(Subject))


a2<- ezANOVA(data = s2,
             dv = mean_test_acc,
             wid = Subject,
             within = .(type),
             #between = .(bias),
             type = 2,
             return_aov = FALSE,
             detailed = T) %>%
  get_pes() %>% select(Effect,DFn,DFd,SSd,F,p,pes) %>% filter(Effect!='(Intercept)') %>%
  mutate_if(is.double,round,4) %>% pastey() %>% print()

mse2 = a2$SSd/a2$DFd
mse2



### ACCuracy Pairwise comparisons 
s2 %>% ungroup () %>%
  t_test(mean_test_acc~type,paired = T,var.equal = T , 
         p.adjust.method = ""bonferroni"") %>% print()

s2 %>% ungroup () %>%
  cohens_d(mean_test_acc~type,paired = T,
           var.equal = T) %>% print()",match,"The code uses recognition accuracy as the dependent variable and pair type (including similar vs. related) as the within-subject factor, matching the paper’s description of comparing recognition accuracy between related and similar pairs. The Bonferroni-corrected paired t-tests are conducted on mean accuracy by type, which aligns with the reported analysis.",,
besken,41,"In Experiment 2, a Bonferroni-corrected t-test compared recognition accuracy for related versus similar pairs. Similar and related pairs did not significantly differ, t(23) = 1.02, d = 0.21, p = 1.00, indicating comparable memory performance for these two non-identical relational types.",Transformation Specification,Recognition accuracy analyses were conducted on the data set after excluding trials that were incorrectly identified with respect to pair type during the encoding phase of both Experiments 2 and 3. The same data were also excluded for the mediational analyses.,"##------------------------------Conditional Test accuracy-------------------------------------- 
## trials after incorrect encoding trials are excluded
d2<- read.csv(file='experiment 2_encode.csv')

d2a<- d2 %>% filter(Slide1.ACC != ""0"" & Slide1.RESP!="" "")

s2<- d2a %>% group_by(Subject,type) %>%
  summarise(mean_test_acc=mean(test_Slide2.ACC == 1))

s2_cond_table <- d2a %>% group_by(type) %>%
  summarise(mean_test_acc=mean(test_Slide2.ACC == 1))

#####E2 Accuracy 
s2<- s2 %>% 
  mutate_if(is.character,as.factor) %>%
  mutate(as.factor(Subject))


### ACCuracy Pairwise comparisons 
s2 %>% ungroup () %>%
  t_test(mean_test_acc~type,paired = T,var.equal = T , 
         p.adjust.method = ""bonferroni"") %>% print()",match,"The code explicitly filters out trials with incorrect or missing encoding responses before computing recognition accuracy by type, consistent with the paper’s description of excluding incorrectly identified pair-type trials prior to recognition analyses.",,
besken,41,"In Experiment 2, a Bonferroni-corrected t-test compared recognition accuracy for related versus similar pairs. Similar and related pairs did not significantly differ, t(23) = 1.02, d = 0.21, p = 1.00, indicating comparable memory performance for these two non-identical relational types.",Inference Specification,"For all analyses, the alpha level was set at .05. For all pairwise comparisons, Bonferroni correction was used.","### ACCuracy Pairwise comparisons 
s2 %>% ungroup () %>%
  t_test(mean_test_acc~type,paired = T,var.equal = T , 
         p.adjust.method = ""bonferroni"") %>% print()",match,"The code applies a Bonferroni correction to pairwise t-tests, consistent with the paper’s stated inference procedure for pairwise comparisons. This aligns with the described use of Bonferroni correction at alpha = .05 for all pairwise tests.",,
besken,42,"In Experiment 2, a Bonferroni-corrected t-test compared recognition accuracy for related versus unrelated pairs. Accuracy for unrelated pairs was significantly lower than for related pairs, t(23) = 3.10, d = 0.63, p = .03, showing that conceptual relatedness improved recognition over unrelated images.",Model Specification,"The single-factor repeated measures ANOVA showed that the accuracy rate significantly differed among pair types, F(3, 69) = 8.26, MSE = .005, p < .001, ηp2 = .26. Pairwise comparisons indicated that … The accuracy for unrelated pairs was significantly the lowest among all other pairs [related versus unrelated: t(23) = 3.10, d = 0.63, p = .03; similar versus unrelated: t(23) = 5.37, d = 1.10, p < .001].","##------------------------------Conditional Test accuracy-------------------------------------- 
## trials after incorrect encoding trials are excluded
d2<- read.csv(file='experiment 2_encode.csv')

d2a<- d2 %>% filter(Slide1.ACC != ""0"" & Slide1.RESP!="" "")

s2<- d2a %>% group_by(Subject,type) %>%
  summarise(mean_test_acc=mean(test_Slide2.ACC == 1))

s2_cond_table <- d2a %>% group_by(type) %>%
  summarise(mean_test_acc=mean(test_Slide2.ACC == 1))

#####E2 Accuracy 
s2<- s2 %>% 
  mutate_if(is.character,as.factor) %>%
  mutate(as.factor(Subject))


a2<- ezANOVA(data = s2,
             dv = mean_test_acc,
             wid = Subject,
             within = .(type),
             #between = .(bias),
             type = 2,
             return_aov = FALSE,
             detailed = T) %>%
  get_pes() %>% select(Effect,DFn,DFd,SSd,F,p,pes) %>% filter(Effect!='(Intercept)') %>%
  mutate_if(is.double,round,4) %>% pastey() %>% print()

mse2 = a2$SSd/a2$DFd
mse2



### ACCuracy Pairwise comparisons 
s2 %>% ungroup () %>%
  t_test(mean_test_acc~type,paired = T,var.equal = T , 
         p.adjust.method = ""bonferroni"") %>% print()

s2 %>% ungroup () %>%
  cohens_d(mean_test_acc~type,paired = T,
           var.equal = T) %>% print()

###relared-unrelated and unrelated and similar are different
",match,"The paper reports Bonferroni-corrected pairwise t-tests comparing accuracy between pair types, and the code implements paired t-tests with Bonferroni adjustment for the within-subject factor 'type'. This aligns with the described model specification for the related vs. unrelated accuracy comparison.",,
besken,42,"In Experiment 2, a Bonferroni-corrected t-test compared recognition accuracy for related versus unrelated pairs. Accuracy for unrelated pairs was significantly lower than for related pairs, t(23) = 3.10, d = 0.63, p = .03, showing that conceptual relatedness improved recognition over unrelated images.",Variable Specification,"Figure 2B shows the mean accuracy rate for the cued 4-AFC recognition performance of participants across the four pair types (identical, similar, related, and unrelated). The single-factor repeated measures ANOVA showed that the accuracy rate significantly differed among pair types, F(3, 69) = 8.26, MSE = .005, p < .001, ηp2 = .26. Pairwise comparisons indicated that the accuracy rate of the identical pairs did not differ from any other pairs [identical versus similar: t(23) = 2.55, d = 0.52, p = .107; identical versus related: t(23) = 1.31, d =0 . 2 7 ,p = 1.00; identical versus unrelated:t ( 2 3 )=2 . 2 8 ,d =0 . 4 7 ,p = .193]. Similarly, related and similar pairs did not differ in accuracy either, t(23) = 1.02, d =0 . 2 1 ,p = 1.00. The accuracy for unrelated pairs was significantly the lowest among all other pairs [ related versus unrelated: t(23) = 3.10,d =0 . 6 3 ,p =. 0 3 ;similar versus unrelated: t(23) = 5.37, d = 1.10, p <. 0 0 1 ] .","##------------------------------Conditional Test accuracy-------------------------------------- 
## trials after incorrect encoding trials are excluded
d2<- read.csv(file='experiment 2_encode.csv')

d2a<- d2 %>% filter(Slide1.ACC != ""0"" & Slide1.RESP!="" "")

s2<- d2a %>% group_by(Subject,type) %>%
  summarise(mean_test_acc=mean(test_Slide2.ACC == 1))

s2_cond_table <- d2a %>% group_by(type) %>%
  summarise(mean_test_acc=mean(test_Slide2.ACC == 1))

#####E2 Accuracy 
s2<- s2 %>% 
  mutate_if(is.character,as.factor) %>%
  mutate(as.factor(Subject))


a2<- ezANOVA(data = s2,
             dv = mean_test_acc,
             wid = Subject,
             within = .(type),
             #between = .(bias),
             type = 2,
             return_aov = FALSE,
             detailed = T) %>%
  get_pes() %>% select(Effect,DFn,DFd,SSd,F,p,pes) %>% filter(Effect!='(Intercept)') %>%
  mutate_if(is.double,round,4) %>% pastey() %>% print()

mse2 = a2$SSd/a2$DFd
mse2



### ACCuracy Pairwise comparisons 
s2 %>% ungroup () %>%
  t_test(mean_test_acc~type,paired = T,var.equal = T , 
         p.adjust.method = ""bonferroni"") %>% print()

s2 %>% ungroup () %>%
  cohens_d(mean_test_acc~type,paired = T,
           var.equal = T) %>% print()",match,"The code uses conditional cued recognition accuracy as the outcome and pair type (identical, similar, related, unrelated) as the within-subject factor, matching the paper’s description of comparing recognition accuracy across pair types, including related vs. unrelated pairs.",,
besken,42,"In Experiment 2, a Bonferroni-corrected t-test compared recognition accuracy for related versus unrelated pairs. Accuracy for unrelated pairs was significantly lower than for related pairs, t(23) = 3.10, d = 0.63, p = .03, showing that conceptual relatedness improved recognition over unrelated images.",Transformation Specification,Recognition accuracy analyses were conducted on the data set after excluding trials that were incorrectly identified with respect to pair type during the encoding phase of both Experiments 2 and 3.,"##------------------------------Conditional Test accuracy-------------------------------------- 
## trials after incorrect encoding trials are excluded
d2<- read.csv(file='experiment 2_encode.csv')

d2a<- d2 %>% filter(Slide1.ACC != \""0\"" & Slide1.RESP!=\"" \"")

s2<- d2a %>% group_by(Subject,type) %>%
  summarise(mean_test_acc=mean(test_Slide2.ACC == 1))",match,"The code filters out incorrectly encoded trials before computing recognition accuracy, consistent with the paper’s description of excluding trials incorrectly identified with respect to pair type at encoding. It then computes mean recognition accuracy on the remaining trials, matching the stated transformation prior to analysis.",,
besken,42,"In Experiment 2, a Bonferroni-corrected t-test compared recognition accuracy for related versus unrelated pairs. Accuracy for unrelated pairs was significantly lower than for related pairs, t(23) = 3.10, d = 0.63, p = .03, showing that conceptual relatedness improved recognition over unrelated images.",Inference Specification,"For all analyses, the alpha level was set at .05. For all pairwise comparisons, Bonferroni correction was used.","### ACCuracy Pairwise comparisons 
s2 %>% ungroup () %>%
  t_test(mean_test_acc~type,paired = T,var.equal = T , 
         p.adjust.method = ""bonferroni"") %>% print()",match,"The code applies a paired t-test with Bonferroni correction for pairwise comparisons, matching the paper’s stated inference procedure for this analysis; there is no indication of a different alpha level. Thus the inference specification in the code aligns with the description in the paper.",,
besken,43,"In Experiment 2, a Bonferroni-corrected t-test compared recognition accuracy for similar versus unrelated pairs. Unrelated pairs showed significantly poorer accuracy than similar pairs, t(23) = 5.37, d = 1.10, p < .001, emphasizing a memory benefit for within-category similarity.",Model Specification,"The single-factor repeated measures ANOVA showed that the accuracy rate significantly differed among pair types, F(3, 69) = 8.26, MSE = .005, p < .001, ηp2 = .26. Pairwise comparisons indicated that ... The accuracy for unrelated pairs was significantly the lowest among all other pairs [ related versus unrelated: t(23) = 3.10, d = 0.63, p = .03; similar versus unrelated: t(23) = 5.37, d = 1.10, p < .001 ].","##------------------------------Conditional Test accuracy-------------------------------------- 
## trials after incorrect encoding trials are excluded
 d2<- read.csv(file='experiment 2_encode.csv')

 d2a<- d2 %>% filter(Slide1.ACC != ""0"" & Slide1.RESP!="" "")

 s2<- d2a %>% group_by(Subject,type) %>%
   summarise(mean_test_acc=mean(test_Slide2.ACC == 1))

 s2_cond_table <- d2a %>% group_by(type) %>%
   summarise(mean_test_acc=mean(test_Slide2.ACC == 1))

 #####E2 Accuracy 
 s2<- s2 %>% 
   mutate_if(is.character,as.factor) %>%
   mutate(as.factor(Subject))

 a2<- ezANOVA(data = s2,
              dv = mean_test_acc,
              wid = Subject,
              within = .(type),
              #between = .(bias),
              type = 2,
              return_aov = FALSE,
              detailed = T) %>%
   get_pes() %>% select(Effect,DFn,DFd,SSd,F,p,pes) %>% filter(Effect!='(Intercept)') %>%
   mutate_if(is.double,round,4) %>% pastey() %>% print()

 mse2 = a2$SSd/a2$DFd
 mse2

 ### ACCuracy Pairwise comparisons 
 s2 %>% ungroup () %>%
   t_test(mean_test_acc~type,paired = T,var.equal = T , 
          p.adjust.method = ""bonferroni"") %>% print()

 s2 %>% ungroup () %>%
   cohens_d(mean_test_acc~type,paired = T,
            var.equal = T) %>% print()",match,"The code uses a paired-samples t-test with Bonferroni correction to compare accuracy across pair types, matching the paper’s description of Bonferroni-corrected t-tests for pairwise comparisons (including similar vs. unrelated pairs).",,
besken,43,"In Experiment 2, a Bonferroni-corrected t-test compared recognition accuracy for similar versus unrelated pairs. Unrelated pairs showed significantly poorer accuracy than similar pairs, t(23) = 5.37, d = 1.10, p < .001, emphasizing a memory benefit for within-category similarity.",Variable Specification,"Figure 2B shows the mean accuracy rate for the cued 4-AFC recognition performance of participants across the four pair types (identical, similar, related, and unrelated). The single-factor repeated measures ANOVA showed that the accuracy rate significantly differed among pair types, F(3, 69) = 8.26, MSE = .005, p < .001, η_p^2 = .26. Pairwise comparisons indicated that the accuracy rate of the identical pairs did not differ from any other pairs [ identical versus similar: t(23) = 2.55, d = 0.52, p = .107; identical versus related: t(23) = 1.31,d =0 . 2 7 ,p = 1.00; identical versus unrelated:t ( 2 3 )=2 . 2 8 ,d =0 . 4 7 ,p = .193]. Similarly, related and similar pairs did not differ in accuracy either, t(23) = 1.02, d =0 . 2 1 ,p = 1.00. The accuracy for unrelated pairs was significantly the lowest among all other pairs [ related versus unrelated: t(23) = 3.10,d =0 . 6 3 ,p =. 0 3 ;similar versus unrelated: t(23) = 5.37, d = 1.10, p <. 0 0 1 ] .","##------------------------------Conditional Test accuracy-------------------------------------- 
## trials after incorrect encoding trials are excluded
d2<- read.csv(file='experiment 2_encode.csv')

d2a<- d2 %>% filter(Slide1.ACC != ""0"" & Slide1.RESP!="" "")

s2<- d2a %>% group_by(Subject,type) %>%
  summarise(mean_test_acc=mean(test_Slide2.ACC == 1))

s2_cond_table <- d2a %>% group_by(type) %>%
  summarise(mean_test_acc=mean(test_Slide2.ACC == 1))

#####E2 Accuracy 
s2<- s2 %>% 
  mutate_if(is.character,as.factor) %>%
  mutate(as.factor(Subject))


a2<- ezANOVA(data = s2,
             dv = mean_test_acc,
             wid = Subject,
             within = .(type),
             #between = .(bias),
             type = 2,
             return_aov = FALSE,
             detailed = T) %>%
  get_pes() %>% select(Effect,DFn,DFd,SSd,F,p,pes) %>% filter(Effect!='(Intercept)') %>%
  mutate_if(is.double,round,4) %>% pastey() %>% print()

mse2 = a2$SSd/a2$DFd
mse2



### ACCuracy Pairwise comparisons 
s2 %>% ungroup () %>%
  t_test(mean_test_acc~type,paired = T,var.equal = T , 
         p.adjust.method = ""bonferroni"") %>% print()

s2 %>% ungroup () %>%
  cohens_d(mean_test_acc~type,paired = T,
           var.equal = T) %>% print()

###relared-unrelated and unrelated and similar are different",match,"The code uses per-subject mean test accuracy as the dependent variable and pair type as the within-subject factor, matching the paper’s description of comparing recognition accuracy between similar and unrelated pair types with Bonferroni-corrected paired t-tests.",,
besken,43,"In Experiment 2, a Bonferroni-corrected t-test compared recognition accuracy for similar versus unrelated pairs. Unrelated pairs showed significantly poorer accuracy than similar pairs, t(23) = 5.37, d = 1.10, p < .001, emphasizing a memory benefit for within-category similarity.",Transformation Specification,Recognition accuracy analyses were conducted on the data set after excluding trials that were incorrectly identified with respect to pair type during the encoding phase of both Experiments 2 and 3. The same data were also excluded for the mediational analyses.,"##------------------------------Conditional Test accuracy-------------------------------------- 
## trials after incorrect encoding trials are excluded
d2<- read.csv(file='experiment 2_encode.csv')

d2a<- d2 %>% filter(Slide1.ACC != ""0"" & Slide1.RESP!="" "")

s2<- d2a %>% group_by(Subject,type) %>%
  summarise(mean_test_acc=mean(test_Slide2.ACC == 1))

s2_cond_table <- d2a %>% group_by(type) %>%
  summarise(mean_test_acc=mean(test_Slide2.ACC == 1))

#####E2 Accuracy 
s2<- s2 %>% 
  mutate_if(is.character,as.factor) %>%
  mutate(as.factor(Subject))


a2<- ezANOVA(data = s2,
             dv = mean_test_acc,
             wid = Subject,
             within = .(type),
             #between = .(bias),
             type = 2,
             return_aov = FALSE,
             detailed = T) %>%
  get_pes() %>% select(Effect,DFn,DFd,SSd,F,p,pes) %>% filter(Effect!='(Intercept)') %>%
  mutate_if(is.double,round,4) %>% pastey() %>% print()

mse2 = a2$SSd/a2$DFd
mse2



### ACCuracy Pairwise comparisons 
s2 %>% ungroup () %>%
  t_test(mean_test_acc~type,paired = T,var.equal = T , 
         p.adjust.method = ""bonferroni"") %>% print()

s2 %>% ungroup () %>%
  cohens_d(mean_test_acc~type,paired = T,
           var.equal = T) %>% print()",match,"The code filters out incorrectly encoded or non-responses before computing recognition accuracy by subject and pair type, matching the paper’s description of excluding trials incorrectly identified with respect to pair type prior to recognition analyses.",,
besken,43,"In Experiment 2, a Bonferroni-corrected t-test compared recognition accuracy for similar versus unrelated pairs. Unrelated pairs showed significantly poorer accuracy than similar pairs, t(23) = 5.37, d = 1.10, p < .001, emphasizing a memory benefit for within-category similarity.",Inference Specification,"For all analyses, the alpha level was set at .05. For all pairwise comparisons, Bonferroni correction was used.","### ACCuracy Pairwise comparisons 
s2 %>% ungroup () %>%
  t_test(mean_test_acc~type,paired = T,var.equal = T , 
         p.adjust.method = ""bonferroni"") %>% print()

s2 %>% ungroup () %>%
  cohens_d(mean_test_acc~type,paired = T,
           var.equal = T) %>% print()


#[identical vs. similar: t(23) = 2.93, d = .60, p = .45, 
#identical vs. related: t(23) = 1.00, d = .20, p = 1.00, 
#identical vs. unrelated: t(23)= 2.16, d = .44, p =.251].
#Related pairs did not differ from similar pairs, t(23) = 1.64, d = , p = .684.
#[unrelated vs. related: t(23) =2.71 , d=.55 , p = .074, 
#unrelated vs. similar: t(23) = 5.40, d= 1.10, p <.001]
",match,"The code applies Bonferroni correction for pairwise t-tests, matching the paper’s stated inference criterion of Bonferroni-corrected comparisons at alpha .05. There is no indication of a different alpha or correction method being used in the code.",,
besken,46,"In Experiment 2, a multilevel mediation analysis assessed whether identification RT mediated the effect of item type (unrelated vs. similar; similar reference) on JOLs. The indirect effect through RT was small but significant (β = 0.17, 95% CI [0.003, 0.48]), whereas the direct effect was large and negative (β = -13.35, 95% CI [-16.11, -10.69]), suggesting that strong belief-based expectations of poor memorability for unrelated items dominated over modest fluency effects.",Model Specification,"Mediation analyses were carried out by using the ‘boot’ package in R (Canty & Ripley, 2024) to perform bootstrapping and calculate bias-corrected and accelerated (BCa) confidence intervals (Efron, 1987; for the implementation of this method, see Davison & Hinkley, 1997). All models were specified within a multilevel mediation structure, with item type (predictor), encoding RT (mediator), and JOLs (outcome) measured at the trial level (Level 1), and random intercepts for participants modeled at Level 2. Indirect, direct, and total effects were estimated for each contrast using bootstrapped 95% bias-corrected and accelerated (BCa) confidence intervals based on 5,000 resamples.",,unknown,"The paper describes a multilevel mediation model with trial-level predictor, mediator, and outcome and random intercepts for participants, but no corresponding code is provided to verify that this specification is implemented. Without the code, it is impossible to determine whether the implemented model matches the described multilevel mediation structure.",,
besken,46,"In Experiment 2, a multilevel mediation analysis assessed whether identification RT mediated the effect of item type (unrelated vs. similar; similar reference) on JOLs. The indirect effect through RT was small but significant (β = 0.17, 95% CI [0.003, 0.48]), whereas the direct effect was large and negative (β = -13.35, 95% CI [-16.11, -10.69]), suggesting that strong belief-based expectations of poor memorability for unrelated items dominated over modest fluency effects.",Variable Specification,"All models were specified within a multilevel mediation structure, with item type (predictor), encoding RT (mediator), and JOLs (outcome) measured at the trial level (Level 1), and random intercepts for participants modeled at Level 2.
...
Crucially, item type was dummy coded using the “Similar” condition as the reference category, which represents a theoretically balanced midpoint.",,unknown,"The paper clearly specifies the variables (item type as predictor with Similar as reference, encoding RT as mediator, JOLs as outcome), but no corresponding code is provided to verify that these roles and codings are implemented as described.",,
besken,46,"In Experiment 2, a multilevel mediation analysis assessed whether identification RT mediated the effect of item type (unrelated vs. similar; similar reference) on JOLs. The indirect effect through RT was small but significant (β = 0.17, 95% CI [0.003, 0.48]), whereas the direct effect was large and negative (β = -13.35, 95% CI [-16.11, -10.69]), suggesting that strong belief-based expectations of poor memorability for unrelated items dominated over modest fluency effects.",Transformation Specification,"For encoding, the median first keypress response latency (identification response times [RTs]) was calculated separately for all pair types for each participant (see Table 2), excluding trials in which participants misidentified the pair types or did not respond at all (exclusion rate = 8.75%), and the means of the medians were submitted to a repeated measures ANOVA. For JOLs, all trials in which the participants misidentified the pair types during encoding or failed to enter a value between 0 and 100 for JOLs were excluded from the analyses (exclusion rate = 9.06%). Recognition accuracy analyses were conducted on the data set after excluding trials that were incorrectly identified with respect to pair type during the encoding phase of both Experiments 2 and 3. The same data were also excluded for the mediational analyses.","####---------------------------Experiment 2 - Encoding task response time--------------------------
d2<- read.csv(file='experiment 2_encode.csv')

##Exclude:  Incorrect identification trials,No response trials
initial_trials<- nrow(d2)
d2 <- d2%>% filter(Slide1.RESP!="""" & Slide1.ACC != ""0"")
excluded_trials <- initial_trials - nrow(d2) 
cat(""Total Excluded Trials after filtering Slide1.ACC != 0: and NA"", excluded_trials, ""\n"")
# Calculate the percentages
percentage_excluded<- (excluded_trials / initial_trials) * 100


#median RT for every subject
median_reaction_times <- d2 %>%
  group_by(Subject,type) %>%
  mutate(Median_Reaction_Time = median(Slide1.RT))

# Step 2: Calculate Mean Median Reaction Time for Each Item Type
rt_data<- median_reaction_times %>%
  group_by(Subject,type) %>%
  summarise(Mean_Median_Reaction_Time = mean(Median_Reaction_Time))

rt_data %>% group_by(type)%>%summarise(mean(Mean_Median_Reaction_Time))

...

exp2_rt_data<- rt_data
##----------------------------------------------E2 JOL-----------------------#
#Exclude: Incorrect encoding trials, No response in JOLs, Response out of 0-100 range
d2<- read.csv(file='experiment 2_encode.csv')

initial_trials <- nrow(d2)  # Initial total number of trials
d2<- d2 %>% filter(Slide1.ACC != ""0"")
excluded_trials1 <- initial_trials - nrow(d2)  # Excluded trials after filtering Slide1.ACC != 0
#168 trials 

d2a <- d2%>% filter(JOL_entered!=""0"")
excluded_trials2 <- nrow(d2)-nrow(d2a)
# there is 6 other Excluded trials due to no response to JOL, or out of range,
#after removing incorrect acc ones
#there is no trial with ""0"" encoding reaction time 

# Print or report the counts
cat(""Total Excluded Trials after filtering Slide1.ACC != 0:"", excluded_trials1, ""\n"")
cat(""Total Excluded Trials after removing NA responses:"", excluded_trials2, ""\n"")
# Calculate the percentages
percentage_excluded1 <- (excluded_trials1 / initial_trials) * 100 ## 8.75%
percentage_excluded2 <- (excluded_trials2 / initial_trials) * 100 ## .31%

s2<- d2a %>%
  group_by(Subject, type) %>%
  summarise(mean_conf = mean(as.numeric(confidence.RESP), na.rm = TRUE))
...

s2_jol<- s2",match,"The code applies the same trial-exclusion rules and aggregation steps described in the paper (excluding misidentifications and non-responses, then computing participant-by-item-type medians/means) before subsequent analyses, including mediation. Although the JOL range check is not coded explicitly, the filter on `JOL_entered != ""0""` is commented as excluding missing/out-of-range values, consistent with the paper’s description.",,
besken,46,"In Experiment 2, a multilevel mediation analysis assessed whether identification RT mediated the effect of item type (unrelated vs. similar; similar reference) on JOLs. The indirect effect through RT was small but significant (β = 0.17, 95% CI [0.003, 0.48]), whereas the direct effect was large and negative (β = -13.35, 95% CI [-16.11, -10.69]), suggesting that strong belief-based expectations of poor memorability for unrelated items dominated over modest fluency effects.",Inference Specification,"Mediation analyses were carried out by using the ‘boot’ package in R (Canty & Ripley, 2024) to perform bootstrapping and calculate bias-corrected and accelerated (BCa) confidence intervals (Efron, 1987; for the implementation of this method, see Davison & Hinkley, 1997). All models were specified within a multilevel mediation structure, with item type (predictor), encoding RT (mediator), and JOLs (outcome) measured at the trial level (Level 1), and random intercepts for participants modeled at Level 2. Indirect, direct, and total effects were estimated for each contrast using bootstrapped 95% bias-corrected and accelerated (BCa) confidence intervals based on 5,000 resamples. Using bootstrapping allows the calculation of indirect effects, even with small samples, by generating bias-corrected and accelerated confidence intervals (Shrout & Bolger, 2002).
...
Unrelated Versus Similar Pairs
Unrelated items showed a distinct pattern. The indirect effect was statistically significant but very small ( β = 0.17, 95% CI [0.003, 0.48]), suggesting a minimal role for processing fluency. In contrast, the direct effect was large and negative ( β = /C013.35, 95% CI [/C016.11, /C010.69]), indicating that participants held strong beliefs about the difficulty or memorability of unrelated items.",,unknown,"The paper clearly specifies the use of bootstrapped 95% BCa confidence intervals based on 5,000 resamples, but no corresponding code excerpts are provided to verify that the implementation follows these inference procedures.",,
besken,47,"In Experiment 3, a repeated-measures ANOVA evaluated identification accuracy across identical, rotated, similar, and related pairs. Accuracy differed significantly by pair type, F(3,75) = 22.58, MSE = .014, p < .001, ηp² = .47, indicating variation in how reliably participants could classify different relationship types.",Model Specification,"During encoding, the identification rates for pair types were computed (see Table 2) and submitted to a single-factor repeated measures ANOVA. This analysis revealed significant differences in identification accuracy between pair types, F(3,75) = 22.58, MSE = .014, p < .001, ηp2 = .47.","###################-----------------Test Accuracy Unconditional-------------------
d3<- read.csv(file='identical-exp3.csv')

s3<- d3 %>% group_by(Subject,type_correct) %>%
  summarise(mean_test_acc=mean(Slide2.ACC == 1))


# ANOVA ANALYSES #
#---------------E3 Accuracy 

a3<- ezANOVA(data = s3,
             dv = mean_test_acc,
             wid = Subject,
             within = .(type_correct),
             #between = .(bias),
             type = 2,
             return_aov = FALSE,
             detailed = T) %>%
  get_pes() %>% select(Effect,DFn,DFd,SSd,F,p,pes) %>% filter(Effect!='(Intercept)') %>%
  mutate_if(is.double,round,4) %>% pastey() %>% print()",match,"The paper describes a single-factor repeated-measures ANOVA on identification accuracy by pair type, and the code implements a within-subjects ANOVA on mean_test_acc with type_correct as the sole within factor. This aligns the model specification in the paper with the ezANOVA repeated-measures model in the code.",,
besken,47,"In Experiment 3, a repeated-measures ANOVA evaluated identification accuracy across identical, rotated, similar, and related pairs. Accuracy differed significantly by pair type, F(3,75) = 22.58, MSE = .014, p < .001, ηp² = .47, indicating variation in how reliably participants could classify different relationship types.",Variable Specification,"During encoding, the identification rates for pair types were computed (see Table 2) and submitted to a single-factor repeated measures ANOVA. This analysis revealed significant differences in identification accuracy between pair types, F(3,75) = 22.58, MSE = .014, p < .001, ηp2 = .47.","d3<- read.csv(file='identical-exp3.csv')

s3<- d3 %>% group_by(Subject,type_correct) %>%
  summarise(mean_test_acc=mean(Slide2.ACC == 1))


# ANOVA ANALYSES #
#---------------E3 Accuracy 

a3<- ezANOVA(data = s3,
             dv = mean_test_acc,
             wid = Subject,
             within = .(type_correct),
             #between = .(bias),
             type = 2,
             return_aov = FALSE,
             detailed = T) %>%
  get_pes() %>% select(Effect,DFn,DFd,SSd,F,p,pes) %>% filter(Effect!='(Intercept)') %>%
  mutate_if(is.double,round,4) %>% pastey() %>% print()",match,"The code uses mean identification accuracy as the dependent variable and pair type as a within-subject factor, matching the paper’s description of a single-factor repeated-measures ANOVA on identification rates by pair type. Subject is correctly treated as the repeated-measures unit.",,
besken,47,"In Experiment 3, a repeated-measures ANOVA evaluated identification accuracy across identical, rotated, similar, and related pairs. Accuracy differed significantly by pair type, F(3,75) = 22.58, MSE = .014, p < .001, ηp² = .47, indicating variation in how reliably participants could classify different relationship types.",Transformation Specification,"During encoding, the identification rates for pair types were computed (see Table 2) and submitted to a single-
factor repeated measures ANOVA.","####Exp3 encoding Accuracy 

d3<- read.csv(file='identical-exp3.csv')

#summarization code
s3 <- d3%>% group_by(Subject, type) %>%
  summarise(mean_encode_acc = mean(Slide1.ACC))
#summarization code
s3_table <- d3%>% group_by(type) %>%
  summarise(mean_encode_acc = mean(Slide1.ACC), sd(Slide1.ACC))
#encoding accuracy rate identical=0.990, related=0.803,rotated=0.961,similar=0.767

a2<- ezANOVA(data = s3,
             dv = mean_encode_acc,
             wid = Subject,
             within = .(type),
             #between = .(bias),
             type = 2,
             return_aov = FALSE,
             detailed = T) %>%
  get_pes() %>% select(Effect,DFn,DFd,SSd,F,p,pes) %>% filter(Effect!='(Intercept)') %>%
  mutate_if(is.double,round,4) %>% pastey() %>% print()


###################-----------------Test Accuracy Unconditional-------------------
d3<- read.csv(file='identical-exp3.csv')

s3<- d3 %>% group_by(Subject,type_correct) %>%
  summarise(mean_test_acc=mean(Slide2.ACC == 1))


# ANOVA ANALYSES #
#---------------E3 Accuracy 

a3<- ezANOVA(data = s3,
             dv = mean_test_acc,
             wid = Subject,
             within = .(type_correct),
             #between = .(bias),
             type = 2,
             return_aov = FALSE,
             detailed = T) %>%
  get_pes() %>% select(Effect,DFn,DFd,SSd,F,p,pes) %>% filter(Effect!='(Intercept)') %>%
  mutate_if(is.double,round,4) %>% pastey() %>% print()",match,"The code computes per-subject mean identification accuracy by pair type and then uses these means in a repeated-measures ANOVA, which aligns with the paper’s description of computing identification rates for each pair type and submitting them to a single-factor repeated-measures ANOVA.",,
besken,47,"In Experiment 3, a repeated-measures ANOVA evaluated identification accuracy across identical, rotated, similar, and related pairs. Accuracy differed significantly by pair type, F(3,75) = 22.58, MSE = .014, p < .001, ηp² = .47, indicating variation in how reliably participants could classify different relationship types.",Inference Specification,"For all analyses, the alpha level was set at .05. For all pairwise comparisons, Bonferroni correction was used.","d3<- read.csv(file='identical-exp3.csv')

s3<- d3 %>% group_by(Subject,type_correct) %>%
  summarise(mean_test_acc=mean(Slide2.ACC == 1))


# ANOVA ANALYSES #
#---------------E3 Accuracy 

a3<- ezANOVA(data = s3,
             dv = mean_test_acc,
             wid = Subject,
             within = .(type_correct),
             #between = .(bias),
             type = 2,
             return_aov = FALSE,
             detailed = T) %>%
  get_pes() %>% select(Effect,DFn,DFd,SSd,F,p,pes) %>% filter(Effect!='(Intercept)') %>%
  mutate_if(is.double,round,4) %>% pastey() %>% print()

mse1 = a3$SSd/a3$DFd
mse1


### ACCuracy Pairwise comparisons 


s3 %>% ungroup () %>%
  t_test(mean_test_acc~type_correct,paired = T,var.equal = T , 
         p.adjust.method = ""bonferroni"") %>% print()

s3 %>% ungroup () %>%
  cohens_d(mean_test_acc~type_correct,paired = T,
           var.equal = T) %>% print()",match,"The code uses Bonferroni correction for pairwise comparisons as described and does not contradict the stated alpha = .05 criterion used for all analyses. Although alpha is not explicitly set in code, the default p-value framework is consistent with an alpha of .05.",,
besken,48,"In Experiment 3, a Bonferroni-corrected t-test compared identification accuracy for identical versus related pairs. Identical pairs were identified significantly more often than related pairs, t(25) = 5.76, d = 1.13, p < .001, showing that exact identity relations were easier to recognize than semantic relations.",Model Specification,"During encoding, the identification rates for pair types were computed (see Table 2) and submitted to a single-factor repeated measures ANOVA. This analysis revealed significant differences in identification accuracy between pair types, F(3,75) = 22.58, MSE = .014, p < .001, ηp2 = .47. Pairwise comparisons showed that identical pairs were identified more often than all other pairs [ identical versus related: t(25) = 5.76, d =1 . 1 3 , p < .001; identical versus similar: t(25) = 7.13, d =1 . 4 0 , p < .001; identical versus rotated: t(25) = 2.98, d =0 . 5 8 , p = .038].","s3<- d3 %>% group_by(Subject,type_correct) %>%
  summarise(mean_test_acc=mean(Slide2.ACC == 1))

# ANOVA ANALYSES #
#---------------E3 Accuracy 

a3<- ezANOVA(data = s3,
             dv = mean_test_acc,
             wid = Subject,
             within = .(type_correct),
             #between = .(bias),
             type = 2,
             return_aov = FALSE,
             detailed = T) %>%
  get_pes() %>% select(Effect,DFn,DFd,SSd,F,p,pes) %>% filter(Effect!='(Intercept)') %>%
  mutate_if(is.double,round,4) %>% pastey() %>% print()
...
### ACCuracy Pairwise comparisons 


s3 %>% ungroup () %>%
  t_test(mean_test_acc~type_correct,paired = T,var.equal = T , 
         p.adjust.method = ""bonferroni"") %>% print()",match,Both the paper and the code use paired-samples t-tests with Bonferroni correction to compare identification accuracy between pair types (including identical vs. related) following a repeated-measures ANOVA. The model specification in the code aligns with the t-test approach described in the paper.,,
besken,48,"In Experiment 3, a Bonferroni-corrected t-test compared identification accuracy for identical versus related pairs. Identical pairs were identified significantly more often than related pairs, t(25) = 5.76, d = 1.13, p < .001, showing that exact identity relations were easier to recognize than semantic relations.",Variable Specification,"During encoding, the identification rates for pair types were computed (see Table 2) and submitted to a single-factor repeated measures ANOVA. This analysis revealed significant differences in identification accuracy between pair types, F(3,75) = 22.58, MSE = .014, p < .001, ηp2 = .47. Pairwise comparisons showed that identical pairs were identified more often than all other pairs [ identical versus related: t(25) = 5.76,d =1 . 1 3 ,p <. 0 0 1 ;identicalversus similar:
t(25) = 7.13, d =1 . 4 0 ,p < .001; identical versus rotated:
t(25) = 2.98,d =0 . 5 8 ,p = .038].","###################-----------------Test Accuracy Unconditional-------------------
d3<- read.csv(file='identical-exp3.csv')

s3<- d3 %>% group_by(Subject,type_correct) %>%
  summarise(mean_test_acc=mean(Slide2.ACC == 1))


# ANOVA ANALYSES #
#---------------E3 Accuracy 

a3<- ezANOVA(data = s3,
             dv = mean_test_acc,
             wid = Subject,
             within = .(type_correct),
             #between = .(bias),
             type = 2,
             return_aov = FALSE,
             detailed = T) %>%
  get_pes() %>% select(Effect,DFn,DFd,SSd,F,p,pes) %>% filter(Effect!='(Intercept)') %>%
  mutate_if(is.double,round,4) %>% pastey() %>% print()

mse1 = a3$SSd/a3$DFd
mse1


### ACCuracy Pairwise comparisons 


s3 %>% ungroup () %>%
  t_test(mean_test_acc~type_correct,paired = T,var.equal = T , 
         p.adjust.method = ""bonferroni"") %>% print()

s3 %>% ungroup () %>%
  cohens_d(mean_test_acc~type_correct,paired = T,
           var.equal = T) %>% print()",match,"The paper specifies identification accuracy as the dependent variable and pair type as a within-subjects factor, and the code uses mean accuracy (mean_test_acc) by Subject and type_correct as the DV in a within-subjects ANOVA and Bonferroni-corrected paired t-tests. Thus, the variables and their roles (outcome: identification accuracy; predictor: pair type) align between paper and code.",,
besken,48,"In Experiment 3, a Bonferroni-corrected t-test compared identification accuracy for identical versus related pairs. Identical pairs were identified significantly more often than related pairs, t(25) = 5.76, d = 1.13, p < .001, showing that exact identity relations were easier to recognize than semantic relations.",Transformation Specification,"During encoding, the identification rates for pair types were computed (see Table 2) and submitted to a single-factor repeated measures ANOVA. This analysis revealed significant differences in identification accuracy between pair types, F(3,75) = 22.58, MSE = .014, p < .001, ηp2 = .47. Pairwise comparisons showed that identical pairs were identified more often than all other pairs [ identical versus related: t(25) = 5.76,d =1 . 1 3 ,p <. 0 0 1 ;identicalversus similar:
t(25) = 7.13, d =1 . 4 0 ,p < .001; identical versus rotated:
t(25) = 2.98,d =0 . 5 8 ,p = .038].","###---------------------------------------EXPERIMENT 3-----------------

####Exp3 encoding Accuracy 

d3<- read.csv(file='identical-exp3.csv')

#summarization code
s3 <- d3%>% group_by(Subject, type) %>%
  summarise(mean_encode_acc = mean(Slide1.ACC))
#summarization code
s3_table <- d3%>% group_by(type) %>%
  summarise(mean_encode_acc = mean(Slide1.ACC), sd(Slide1.ACC))
#encoding accuracy rate identical=0.990, related=0.803,rotated=0.961,similar=0.767

a2<- ezANOVA(data = s3,
             dv = mean_encode_acc,
             wid = Subject,
             within = .(type),
             #between = .(bias),
             type = 2,
             return_aov = FALSE,
             detailed = T) %>%
  get_pes() %>% select(Effect,DFn,DFd,SSd,F,p,pes) %>% filter(Effect!='(Intercept)') %>%
  mutate_if(is.double,round,4) %>% pastey() %>% print()
##Anova shows that difference is significant


### Encodin type pairwise comparisons
# Perform pairwise comparisons with Bonferroni correction
s3 %>% ungroup () %>%
  t_test(mean_encode_acc~type,paired = T,var.equal = T , 
         p.adjust.method = ""bonferroni"") %>% print()

s3 %>% ungroup () %>%
  cohens_d(mean_encode_acc~type,paired = T,
           var.equal = T) %>% print()",match,"The code computes per-subject, per-pair-type mean identification accuracy (rates) before running the ANOVA and Bonferroni-corrected t-tests, which matches the paper’s description of using identification rates by pair type in a repeated-measures framework. No additional transformations (e.g., trimming, exclusion) are evident in the code beyond what is described in the paper.",,
besken,48,"In Experiment 3, a Bonferroni-corrected t-test compared identification accuracy for identical versus related pairs. Identical pairs were identified significantly more often than related pairs, t(25) = 5.76, d = 1.13, p < .001, showing that exact identity relations were easier to recognize than semantic relations.",Inference Specification,"For all analyses, the alpha level was set at .05. For all pairwise comparisons, Bonferroni correction was used.","### ACCuracy Pairwise comparisons 


s3 %>% ungroup () %>%
  t_test(mean_test_acc~type_correct,paired = T,var.equal = T , 
         p.adjust.method = ""bonferroni"") %>% print()",match,"The code applies Bonferroni correction for the paired t-test pairwise comparison, consistent with the paper’s stated inference procedure, which uses Bonferroni correction at alpha .05 for all pairwise comparisons.",,
besken,49,"In Experiment 3, a Bonferroni-corrected t-test compared identification accuracy for identical versus similar pairs. Identical pairs were significantly more accurately identified than similar pairs, t(25) = 7.13, d = 1.40, p < .001, again demonstrating greater clarity for exact duplicates than category exemplars.",Model Specification,"During encoding, the identification rates for pair types were computed (see Table 2) and submitted to a single-factor repeated measures ANOVA. This analysis revealed significant differences in identification accuracy between pair types, F(3,75) = 22.58, MSE = .014, p < .001, ηp2 = .47. Pairwise comparisons showed that identical pairs were identified more often than all other pairs [ identical versus related: t(25) = 5.76, d = 1.13, p < .001; identical versus similar: t(25) = 7.13, d = 1.40, p < .001; identical versus rotated: t(25) = 2.98, d = 0.58, p = .038].","### Encodin type pairwise comparisons
# Perform pairwise comparisons with Bonferroni correction
s3 %>% ungroup () %>%
  t_test(mean_encode_acc~type,paired = T,var.equal = T , 
         p.adjust.method = ""bonferroni"") %>% print()",match,"Both the paper and the code use paired t-tests with Bonferroni correction for pairwise comparisons of identification accuracy between pair types (e.g., identical vs. similar).",,
besken,49,"In Experiment 3, a Bonferroni-corrected t-test compared identification accuracy for identical versus similar pairs. Identical pairs were significantly more accurately identified than similar pairs, t(25) = 7.13, d = 1.40, p < .001, again demonstrating greater clarity for exact duplicates than category exemplars.",Variable Specification,"Pairwise comparisons showed that identical pairs were identified more often than all other pairs [ identical versus related: t(25) = 5.76,d =1 . 1 3 ,p <. 0 0 1 ;identicalversus similar: t(25) = 7.13, d =1 . 4 0 ,p < .001; identical versus rotated: t(25) = 2.98,d =0 . 5 8 ,p = .038].","###################-----------------Test Accuracy Unconditional-------------------
d3<- read.csv(file='identical-exp3.csv')

s3<- d3 %>% group_by(Subject,type_correct) %>%
  summarise(mean_test_acc=mean(Slide2.ACC == 1))


# ANOVA ANALYSES #
#---------------E3 Accuracy 

a3<- ezANOVA(data = s3,
             dv = mean_test_acc,
             wid = Subject,
             within = .(type_correct),
             #between = .(bias),
             type = 2,
             return_aov = FALSE,
             detailed = T) %>%
  get_pes() %>% select(Effect,DFn,DFd,SSd,F,p,pes) %>% filter(Effect!='(Intercept)') %>%
  mutate_if(is.double,round,4) %>% pastey() %>% print()

mse1 = a3$SSd/a3$DFd
mse1


### ACCuracy Pairwise comparisons 


s3 %>% ungroup () %>%
  t_test(mean_test_acc~type_correct,paired = T,var.equal = T , 
         p.adjust.method = ""bonferroni"") %>% print()

s3 %>% ungroup () %>%
  cohens_d(mean_test_acc~type_correct,paired = T,
           var.equal = T) %>% print()

#rotated and identical, related and similar are not different 



##------------------------------Conditional Test accuracy-------------------------------------- 
## trials after incorrect encoding trials are excluded
d3<- read.csv(file='identical-exp3.csv')

d3a<- d3 %>% filter(Slide1.ACC != ""0"")

s3<- d3a %>% group_by(Subject,type_correct) %>%
  summarise(mean_test_acc=mean(Slide2.ACC == 1))

a2<- ezANOVA(data = s3,
             dv = mean_test_acc,
             wid = Subject,
             within = .(type_correct),
             #between = .(bias),
             type = 2,
             return_aov = FALSE,
             detailed = T) %>%
  get_pes() %>% select(Effect,DFn,DFd,SSd,F,p,pes) %>% filter(Effect!='(Intercept)') %>%
  mutate_if(is.double,round,4) %>% pastey() %>% print()

mse2 = a2$SSd/a2$DFd
mse2

### ACCuracy Pairwise comparisons 

s3 %>% ungroup () %>%
  t_test(mean_test_acc~type_correct,paired = T,var.equal = T , 
         p.adjust.method = ""bonferroni"") %>% print()

s3 %>% ungroup () %>%
  cohens_d(mean_test_acc~type_correct,paired = T,
           var.equal = T) %>% print()
###identical and rotated is not different, similar and related is not different 

s3_acc<-s3",match,"The code uses mean_test_acc (mean of Slide2.ACC) as the outcome and type_correct (identical, related, similar, rotated) as the within-subject condition, matching the paper’s use of identification accuracy by pair type for pairwise comparisons such as identical vs. similar. Thus, the variable roles in the implementation align with the description in the paper.",,
besken,49,"In Experiment 3, a Bonferroni-corrected t-test compared identification accuracy for identical versus similar pairs. Identical pairs were significantly more accurately identified than similar pairs, t(25) = 7.13, d = 1.40, p < .001, again demonstrating greater clarity for exact duplicates than category exemplars.",Transformation Specification,"During encoding, the identification rates for pair types were computed (see Table 2) and submitted to a single-factor repeated measures ANOVA.","####Exp3 encoding Accuracy 

d3<- read.csv(file='identical-exp3.csv')

#summarization code
s3 <- d3%>% group_by(Subject, type) %>%
  summarise(mean_encode_acc = mean(Slide1.ACC))
#summarization code
s3_table <- d3%>% group_by(type) %>%
  summarise(mean_encode_acc = mean(Slide1.ACC), sd(Slide1.ACC))
#encoding accuracy rate identical=0.990, related=0.803,rotated=0.961,similar=0.767

a2<- ezANOVA(data = s3,
             dv = mean_encode_acc,
             wid = Subject,
             within = .(type),
             #between = .(bias),
             type = 2,
             return_aov = FALSE,
             detailed = T) %>%
  get_pes() %>% select(Effect,DFn,DFd,SSd,F,p,pes) %>% filter(Effect!='(Intercept)') %>%
  mutate_if(is.double,round,4) %>% pastey() %>% print()

### Encodin type pairwise comparisons
# Perform pairwise comparisons with Bonferroni correction
s3 %>% ungroup () %>%
  t_test(mean_encode_acc~type,paired = T,var.equal = T , 
         p.adjust.method = ""bonferroni"") %>% print()",match,"The code computes per-subject identification (encoding) accuracy rates by pair type and uses these as the dependent variable in a within-subjects ANOVA, which aligns with the paper’s description of computing identification rates for pair types and submitting them to a single-factor repeated-measures ANOVA. No additional transformations beyond subject-wise means by type are introduced that would conflict with the paper description.",,
besken,49,"In Experiment 3, a Bonferroni-corrected t-test compared identification accuracy for identical versus similar pairs. Identical pairs were significantly more accurately identified than similar pairs, t(25) = 7.13, d = 1.40, p < .001, again demonstrating greater clarity for exact duplicates than category exemplars.",Inference Specification,"For all analyses, the alpha level was set at .05. For all pairwise comparisons, Bonferroni correction was used.","### ACCuracy Pairwise comparisons 

s3 %>% ungroup () %>%
  t_test(mean_test_acc~type_correct,paired = T,var.equal = T , 
         p.adjust.method = ""bonferroni"") %>% print()

...

### ACCuracy Pairwise comparisons 

s3 %>% ungroup () %>%
  t_test(mean_test_acc~type_correct,paired = T,var.equal = T , 
         p.adjust.method = ""bonferroni"") %>% print()",match,"The code applies Bonferroni correction for pairwise t-tests, consistent with the paper’s stated inference procedure using Bonferroni for all pairwise comparisons at alpha .05. Although alpha is not explicitly set in the code, this is standardly 0.05 and no conflicting threshold is indicated.",,
besken,50,"In Experiment 3, a Bonferroni-corrected t-test contrasted identification accuracy for identical versus rotated pairs. Identical pairs were identified more often than rotated pairs, t(25) = 2.98, d = 0.58, p = .038, suggesting that orientation changes introduced some confusion even when object identity remained constant.",Model Specification,"During encoding, the identification rates for pair types were computed (see Table 2) and submitted to a single-factor repeated measures ANOVA. This analysis revealed significant differences in identification accuracy between pair types, F(3,75) = 22.58, MSE = .014, p < .001, ηp2 = .47. Pairwise comparisons showed that identical pairs were identified more often than all other pairs [ identical versus related: t(25) = 5.76,d =1 . 1 3 ,p <. 0 0 1 ;identicalversus similar: t(25) = 7.13, d =1 . 4 0 ,p < .001; identical versus rotated: t(25) = 2.98,d =0 . 5 8 ,p = .038].","####Exp3 encoding Accuracy 

d3<- read.csv(file='identical-exp3.csv')

#summarization code
s3 <- d3%>% group_by(Subject, type) %>%
  summarise(mean_encode_acc = mean(Slide1.ACC))
#summarization code
s3_table <- d3%>% group_by(type) %>%
  summarise(mean_encode_acc = mean(Slide1.ACC), sd(Slide1.ACC))
#encoding accuracy rate identical=0.990, related=0.803,rotated=0.961,similar=0.767

a2<- ezANOVA(data = s3,
             dv = mean_encode_acc,
             wid = Subject,
             within = .(type),
             #between = .(bias),
             type = 2,
             return_aov = FALSE,
             detailed = T) %>%
  get_pes() %>% select(Effect,DFn,DFd,SSd,F,p,pes) %>% filter(Effect!='(Intercept)') %>%
  mutate_if(is.double,round,4) %>% pastey() %>% print()
##Anova shows that difference is significant


### Encodin type pairwise comparisons
# Perform pairwise comparisons with Bonferroni correction
s3 %>% ungroup () %>%
  t_test(mean_encode_acc~type,paired = T,var.equal = T , 
         p.adjust.method = ""bonferroni"") %>% print()

s3 %>% ungroup () %>%
  cohens_d(mean_encode_acc~type,paired = T,
           var.equal = T) %>% print()",match,"The paper describes a single-factor repeated-measures ANOVA with Bonferroni-corrected paired t-tests between pair types, and the code implements exactly this model structure. The ANOVA and paired t-tests (with Bonferroni adjustment) on identification accuracy by pair type match the described analysis for identical vs. rotated pairs.",,
besken,50,"In Experiment 3, a Bonferroni-corrected t-test contrasted identification accuracy for identical versus rotated pairs. Identical pairs were identified more often than rotated pairs, t(25) = 2.98, d = 0.58, p = .038, suggesting that orientation changes introduced some confusion even when object identity remained constant.",Variable Specification,"During encoding, the identification rates for pair types were computed (see Table 2) and submitted to a single-factor repeated measures ANOVA. This analysis revealed significant differences in identification accuracy between pair types, F(3,75) = 22.58, MSE = .014, p < .001, ηp2 = .47. Pairwise comparisons showed that identical pairs were identified more often than all other pairs [...] identical versus rotated: t(25) = 2.98, d = 0.58, p = .038].","###################-----------------Test Accuracy Unconditional-------------------
d3<- read.csv(file='identical-exp3.csv')

s3<- d3 %>% group_by(Subject,type_correct) %>%
  summarise(mean_test_acc=mean(Slide2.ACC == 1))


# ANOVA ANALYSES #
#---------------E3 Accuracy 

a3<- ezANOVA(data = s3,
             dv = mean_test_acc,
             wid = Subject,
             within = .(type_correct),
             #between = .(bias),
             type = 2,
             return_aov = FALSE,
             detailed = T) %>%
  get_pes() %>% select(Effect,DFn,DFd,SSd,F,p,pes) %>% filter(Effect!='(Intercept)') %>%
  mutate_if(is.double,round,4) %>% pastey() %>% print()

mse1 = a3$SSd/a3$DFd
mse1


### ACCuracy Pairwise comparisons 


s3 %>% ungroup () %>%
  t_test(mean_test_acc~type_correct,paired = T,var.equal = T , 
         p.adjust.method = ""bonferroni"") %>% print()

s3 %>% ungroup () %>%
  cohens_d(mean_test_acc~type_correct,paired = T,
           var.equal = T) %>% print()

#rotated and identical, related and similar are not different ",match,"The code and paper both use identification accuracy as the dependent variable and pair type (including identical vs. rotated) as the within-subject factor for the t-tests and ANOVA. The variables’ roles and designations in the analysis align, even though the numerical results may differ.",,
besken,50,"In Experiment 3, a Bonferroni-corrected t-test contrasted identification accuracy for identical versus rotated pairs. Identical pairs were identified more often than rotated pairs, t(25) = 2.98, d = 0.58, p = .038, suggesting that orientation changes introduced some confusion even when object identity remained constant.",Transformation Specification,"During encoding, the identification rates for pair types were computed (see Table 2) and submitted to a single-factor repeated measures ANOVA.","d3<- read.csv(file='identical-exp3.csv')

s3<- d3 %>% group_by(Subject,type_correct) %>%
  summarise(mean_test_acc=mean(Slide2.ACC == 1))

# ANOVA ANALYSES #
#---------------E3 Accuracy 

a3<- ezANOVA(data = s3,
             dv = mean_test_acc,
             wid = Subject,
             within = .(type_correct),
             #between = .(bias),
             type = 2,
             return_aov = FALSE,
             detailed = T) %>%
  get_pes() %>% select(Effect,DFn,DFd,SSd,F,p,pes) %>% filter(Effect!='(Intercept)') %>%
  mutate_if(is.double,round,4) %>% pastey() %>% print()

mse1 = a3$SSd/a3$DFd
mse1


### ACCuracy Pairwise comparisons 


s3 %>% ungroup () %>%
  t_test(mean_test_acc~type_correct,paired = T,var.equal = T , 
         p.adjust.method = ""bonferroni"") %>% print()",match,"The code computes per-subject identification rates by pair type before running the ANOVA and t-tests, which matches the paper’s description of computing identification rates for pair types prior to analysis.",,
besken,50,"In Experiment 3, a Bonferroni-corrected t-test contrasted identification accuracy for identical versus rotated pairs. Identical pairs were identified more often than rotated pairs, t(25) = 2.98, d = 0.58, p = .038, suggesting that orientation changes introduced some confusion even when object identity remained constant.",Inference Specification,"For all analyses, the alpha level was set at .05. For all pairwise comparisons, Bonferroni correction was used.

Pairwise comparisons showed that identical pairs were identified more often than all other pairs [ identical versus related: t(25) = 5.76,d =1 . 1 3 ,p <. 0 0 1 ;identicalversus similar:
t(25) = 7.13, d =1 . 4 0 ,p < .001; identical versus rotated:
t(25) = 2.98,d =0 . 5 8 ,p = .038].","### ACCuracy Pairwise comparisons 


s3 %>% ungroup () %>%
  t_test(mean_test_acc~type_correct,paired = T,var.equal = T , 
         p.adjust.method = ""bonferroni"") %>% print()

s3 %>% ungroup () %>%
  cohens_d(mean_test_acc~type_correct,paired = T,
           var.equal = T) %>% print()

#rotated and identical, related and similar are not different 
",match,"The code uses Bonferroni correction for pairwise t-tests, consistent with the paper’s stated inference procedure (alpha .05 with Bonferroni-corrected pairwise comparisons), and there is no evidence of a different alpha level being used.",,
besken,51,"In Experiment 3, a Bonferroni-corrected t-test compared identification accuracy for rotated versus related pairs. Rotated pairs were identified significantly more accurately than related pairs, t(25) = 4.99, d = 0.98, p < .001, indicating that recognizing rotated versions of the same object was easier than recognizing conceptual relatedness.",Model Specification,"Rotated pairs were identified more often than similar and related pairs [ rotated versus related: t(25) = 4.99, d = 0.98, p < .001; rotated versus similar: t(25) = 5.95, d = 1.17, p < .001]. For all analyses, the alpha level was set at .05. For all pairwise comparisons, Bonferroni correction was used.","###################-----------------Test Accuracy Unconditional-------------------
d3<- read.csv(file='identical-exp3.csv')

s3<- d3 %>% group_by(Subject,type_correct) %>%
  summarise(mean_test_acc=mean(Slide2.ACC == 1))


# ANOVA ANALYSES #
#---------------E3 Accuracy 

a3<- ezANOVA(data = s3,
             dv = mean_test_acc,
             wid = Subject,
             within = .(type_correct),
             #between = .(bias),
             type = 2,
             return_aov = FALSE,
             detailed = T) %>%
  get_pes() %>% select(Effect,DFn,DFd,SSd,F,p,pes) %>% filter(Effect!='(Intercept)') %>%
  mutate_if(is.double,round,4) %>% pastey() %>% print()

mse1 = a3$SSd/a3$DFd
mse1


### ACCuracy Pairwise comparisons 


s3 %>% ungroup () %>%
  t_test(mean_test_acc~type_correct,paired = T,var.equal = T , 
         p.adjust.method = ""bonferroni"") %>% print()

s3 %>% ungroup () %>%
  cohens_d(mean_test_acc~type_correct,paired = T,
           var.equal = T) %>% print()


##------------------------------Conditional Test accuracy-------------------------------------- 
## trials after incorrect encoding trials are excluded
d3<- read.csv(file='identical-exp3.csv')

d3a<- d3 %>% filter(Slide1.ACC != ""0"")

s3<- d3a %>% group_by(Subject,type_correct) %>%
  summarise(mean_test_acc=mean(Slide2.ACC == 1))

a2<- ezANOVA(data = s3,
             dv = mean_test_acc,
             wid = Subject,
             within = .(type_correct),
             #between = .(bias),
             type = 2,
             return_aov = FALSE,
             detailed = T) %>%
  get_pes() %>% select(Effect,DFn,DFd,SSd,F,p,pes) %>% filter(Effect!='(Intercept)') %>%
  mutate_if(is.double,round,4) %>% pastey() %>% print()

mse2 = a2$SSd/a2$DFd
mse2

### ACCuracy Pairwise comparisons 

s3 %>% ungroup () %>%
  t_test(mean_test_acc~type_correct,paired = T,var.equal = T , 
         p.adjust.method = ""bonferroni"") %>% print()

s3 %>% ungroup () %>%
  cohens_d(mean_test_acc~type_correct,paired = T,
           var.equal = T) %>% print()",match,"The paper describes Bonferroni-corrected pairwise t-tests comparing identification accuracy between conditions, and the code implements paired t-tests with Bonferroni adjustment for the condition factor. This aligns with the stated model specification for comparing rotated versus related pairs.",,
besken,51,"In Experiment 3, a Bonferroni-corrected t-test compared identification accuracy for rotated versus related pairs. Rotated pairs were identified significantly more accurately than related pairs, t(25) = 4.99, d = 0.98, p < .001, indicating that recognizing rotated versions of the same object was easier than recognizing conceptual relatedness.",Variable Specification,"During encoding, the identification rates for pair types were computed (see Table 2) and submitted to a single-factor repeated measures ANOVA. This analysis revealed significant differences in identification accuracy between pair types, F(3,75) = 22.58, MSE = .014, p < .001, ηp2 = .47. Pairwise comparisons showed that identical pairs were identified more often than all other pairs [identical versus related: t(25) = 5.76, d = 1.13, p < .001; identical versus similar: t(25) = 7.13, d = 1.40, p < .001; identical versus rotated: t(25) = 2.98, d = 0.58, p = .038]. Rotated pairs were identified more often than similar and related pairs [rotated versus related: t(25) = 4.99, d = 0.98, p < .001; rotated versus similar: t(25) = 5.95, d = 1.17, p < .001].","###################-----------------Test Accuracy Unconditional-------------------
d3<- read.csv(file='identical-exp3.csv')

s3<- d3 %>% group_by(Subject,type_correct) %>%
  summarise(mean_test_acc=mean(Slide2.ACC == 1))


# ANOVA ANALYSES #
#---------------E3 Accuracy 

a3<- ezANOVA(data = s3,
             dv = mean_test_acc,
             wid = Subject,
             within = .(type_correct),
             #between = .(bias),
             type = 2,
             return_aov = FALSE,
             detailed = T) %>%
  get_pes() %>% select(Effect,DFn,DFd,SSd,F,p,pes) %>% filter(Effect!='(Intercept)') %>%
  mutate_if(is.double,round,4) %>% pastey() %>% print()

mse1 = a3$SSd/a3$DFd
mse1


### ACCuracy Pairwise comparisons 


s3 %>% ungroup () %>%
  t_test(mean_test_acc~type_correct,paired = T,var.equal = T , 
         p.adjust.method = ""bonferroni"") %>% print()

s3 %>% ungroup () %>%
  cohens_d(mean_test_acc~type_correct,paired = T,
           var.equal = T) %>% print()

#rotated and identical, related and similar are not different",match,"The code uses per-subject identification accuracy (mean_test_acc) as the dependent variable and pair type (type_correct) as the within-subject factor, matching the paper’s description of identification rates by pair type analyzed with repeated-measures tests. The pairwise t-tests in the code compare accuracy across pair types, consistent with the reported rotated-versus-related comparison.",,
besken,51,"In Experiment 3, a Bonferroni-corrected t-test compared identification accuracy for rotated versus related pairs. Rotated pairs were identified significantly more accurately than related pairs, t(25) = 4.99, d = 0.98, p < .001, indicating that recognizing rotated versions of the same object was easier than recognizing conceptual relatedness.",Transformation Specification,"For all analyses, the alpha level was set at .05. For all pairwise comparisons, Bonferroni correction was used.","###################-----------------Test Accuracy Unconditional-------------------
d3<- read.csv(file='identical-exp3.csv')

s3<- d3 %>% group_by(Subject,type_correct) %>%
  summarise(mean_test_acc=mean(Slide2.ACC == 1))


# ANOVA ANALYSES #
#---------------E3 Accuracy 

a3<- ezANOVA(data = s3,
             dv = mean_test_acc,
             wid = Subject,
             within = .(type_correct),
             #between = .(bias),
             type = 2,
             return_aov = FALSE,
             detailed = T) %>%
  get_pes() %>% select(Effect,DFn,DFd,SSd,F,p,pes) %>% filter(Effect!='(Intercept)') %>%
  mutate_if(is.double,round,4) %>% pastey() %>% print()

mse1 = a3$SSd/a3$DFd
mse1


### ACCuracy Pairwise comparisons 


s3 %>% ungroup () %>%
  t_test(mean_test_acc~type_correct,paired = T,var.equal = T , 
         p.adjust.method = ""bonferroni"") %>% print()

s3 %>% ungroup () %>%
  cohens_d(mean_test_acc~type_correct,paired = T,
           var.equal = T) %>% print()

#rotated and identical, related and similar are not different 



##------------------------------Conditional Test accuracy-------------------------------------- 
## trials after incorrect encoding trials are excluded
d3<- read.csv(file='identical-exp3.csv')

d3a<- d3 %>% filter(Slide1.ACC != ""0"")

s3<- d3a %>% group_by(Subject,type_correct) %>%
  summarise(mean_test_acc=mean(Slide2.ACC == 1))

a2<- ezANOVA(data = s3,
             dv = mean_test_acc,
             wid = Subject,
             within = .(type_correct),
             #between = .(bias),
             type = 2,
             return_aov = FALSE,
             detailed = T) %>%
  get_pes() %>% select(Effect,DFn,DFd,SSd,F,p,pes) %>% filter(Effect!='(Intercept)') %>%
  mutate_if(is.double,round,4) %>% pastey() %>% print()

mse2 = a2$SSd/a2$DFd
mse2

### ACCuracy Pairwise comparisons 

s3 %>% ungroup () %>%
  t_test(mean_test_acc~type_correct,paired = T,var.equal = T , 
         p.adjust.method = ""bonferroni"") %>% print()

s3 %>% ungroup () %>%
  cohens_d(mean_test_acc~type_correct,paired = T,
           var.equal = T) %>% print()
###identical and rotated is not different, similar and related is not different 
",match,"The paper states that Bonferroni correction was used for all pairwise comparisons, and the code applies Bonferroni adjustment in the paired t-tests on identification accuracy. This aligns with the described transformation specification for the Experiment 3 comparison between conditions.",,
besken,51,"In Experiment 3, a Bonferroni-corrected t-test compared identification accuracy for rotated versus related pairs. Rotated pairs were identified significantly more accurately than related pairs, t(25) = 4.99, d = 0.98, p < .001, indicating that recognizing rotated versions of the same object was easier than recognizing conceptual relatedness.",Inference Specification,"For all analyses, the alpha level was set at .05. For all pairwise comparisons, Bonferroni correction was used.","### ACCuracy Pairwise comparisons 


s3 %>% ungroup () %>%
  t_test(mean_test_acc~type_correct,paired = T,var.equal = T , 
         p.adjust.method = ""bonferroni"") %>% print()",match,"The code applies Bonferroni correction for the pairwise t-tests, consistent with the paper’s stated inference procedure using Bonferroni for all pairwise comparisons at alpha .05. Although alpha is not explicitly set in the code, this is standard and not contradicted by the implementation.",,
besken,52,"In Experiment 3, a Bonferroni-corrected t-test compared identification accuracy for rotated versus similar pairs. Rotated pairs were identified more often than similar pairs, t(25) = 5.95, d = 1.17, p < .001, suggesting greater clarity for rotated duplicates than for non-identical exemplars of the same category.",Model Specification,"During encoding, the identification rates for pair types were computed (see Table 2) and submitted to a single-factor repeated measures ANOVA. This analysis revealed significant differences in identification accuracy between pair types, F(3,75) = 22.58, MSE = .014, p < .001, ηp2 = .47. Pairwise comparisons showed that identical pairs were identified more often than all other pairs [ identical versus related: t(25) = 5.76,d =1 . 1 3 ,p <. 0 0 1 ;identicalversus similar: t(25) = 7.13, d =1 . 4 0 ,p < .001; identical versus rotated: t(25) = 2.98,d =0 . 5 8 ,p = .038]. Rotated pairs were identified more often than similar and related pairs [ rotated versus related: t(25) = 4.99,d =0 . 9 8 ,p < .001;rotatedversussimilar: t(25) = 5.95, d =1 . 1 7 ,p < .001].","###################-----------------Test Accuracy Unconditional-------------------
d3<- read.csv(file='identical-exp3.csv')

s3<- d3 %>% group_by(Subject,type_correct) %>%
  summarise(mean_test_acc=mean(Slide2.ACC == 1))

# ANOVA ANALYSES #
#---------------E3 Accuracy 

a3<- ezANOVA(data = s3,
             dv = mean_test_acc,
             wid = Subject,
             within = .(type_correct),
             #between = .(bias),
             type = 2,
             return_aov = FALSE,
             detailed = T) %>%
  get_pes() %>% select(Effect,DFn,DFd,SSd,F,p,pes) %>% filter(Effect!='(Intercept)') %>%
  mutate_if(is.double,round,4) %>% pastey() %>% print()

mse1 = a3$SSd/a3$DFd
mse1


### ACCuracy Pairwise comparisons 


s3 %>% ungroup () %>%
  t_test(mean_test_acc~type_correct,paired = T,var.equal = T , 
         p.adjust.method = ""bonferroni"") %>% print()

s3 %>% ungroup () %>%
  cohens_d(mean_test_acc~type_correct,paired = T,
           var.equal = T) %>% print()

#rotated and identical, related and similar are not different",match,"The paper describes pairwise t-tests (including rotated vs. similar) following a repeated-measures ANOVA, and the code implements paired t-tests with Bonferroni correction across pair types, which matches the stated model specification. Both sources use a within-subjects ANOVA followed by paired t-tests for identification accuracy across pair types.",,
besken,52,"In Experiment 3, a Bonferroni-corrected t-test compared identification accuracy for rotated versus similar pairs. Rotated pairs were identified more often than similar pairs, t(25) = 5.95, d = 1.17, p < .001, suggesting greater clarity for rotated duplicates than for non-identical exemplars of the same category.",Variable Specification,"During encoding, the identification rates for pair types were computed (see Table 2) and submitted to a single-factor repeated measures ANOVA. This analysis revealed significant differences in identification accuracy between pair types, F(3,75) = 22.58, MSE = .014, p < .001, ηp2 = .47. ... Rotated pairs were identified more often than similar and related pairs [ rotated versus related: t(25) = 4.99,d =0 . 9 8 ,p < .001; rotated versus similar: t(25) = 5.95, d =1 . 1 7 ,p < .001].","####Exp3 encoding Accuracy 

d3<- read.csv(file='identical-exp3.csv')

#summarization code
s3 <- d3%>% group_by(Subject, type) %>%
  summarise(mean_encode_acc = mean(Slide1.ACC))
#summarization code
s3_table <- d3%>% group_by(type) %>%
  summarise(mean_encode_acc = mean(Slide1.ACC), sd(Slide1.ACC))
#encoding accuracy rate identical=0.990, related=0.803,rotated=0.961,similar=0.767


a2<- ezANOVA(data = s3,
             dv = mean_encode_acc,
             wid = Subject,
             within = .(type),
             #between = .(bias),
             type = 2,
             return_aov = FALSE,
             detailed = T) %>%
  get_pes() %>% select(Effect,DFn,DFd,SSd,F,p,pes) %>% filter(Effect!='(Intercept)') %>%
  mutate_if(is.double,round,4) %>% pastey() %>% print()
##Anova shows that difference is significant


### Encodin type pairwise comparisons
# Perform pairwise comparisons with Bonferroni correction
s3 %>% ungroup () %>%
  t_test(mean_encode_acc~type,paired = T,var.equal = T , 
         p.adjust.method = ""bonferroni"") %>% print()

s3 %>% ungroup () %>%
  cohens_d(mean_encode_acc~type,paired = T,
           var.equal = T) %>% print()",unknown,,,
besken,52,"In Experiment 3, a Bonferroni-corrected t-test compared identification accuracy for rotated versus similar pairs. Rotated pairs were identified more often than similar pairs, t(25) = 5.95, d = 1.17, p < .001, suggesting greater clarity for rotated duplicates than for non-identical exemplars of the same category.",Transformation Specification,"During encoding, the identification rates for pair types were computed (see Table 2) and submitted to a single-factor repeated measures ANOVA.","###################-----------------Test Accuracy Unconditional-------------------
d3<- read.csv(file='identical-exp3.csv')

s3<- d3 %>% group_by(Subject,type_correct) %>%
  summarise(mean_test_acc=mean(Slide2.ACC == 1))


# ANOVA ANALYSES #
#---------------E3 Accuracy 

a3<- ezANOVA(data = s3,
             dv = mean_test_acc,
             wid = Subject,
             within = .(type_correct),
             #between = .(bias),
             type = 2,
             return_aov = FALSE,
             detailed = T) %>%
  get_pes() %>% select(Effect,DFn,DFd,SSd,F,p,pes) %>% filter(Effect!='(Intercept)') %>%
  mutate_if(is.double,round,4) %>% pastey() %>% print()

mse1 = a3$SSd/a3$DFd
mse1


### ACCuracy Pairwise comparisons 


s3 %>% ungroup () %>%
  t_test(mean_test_acc~type_correct,paired = T,var.equal = T , 
         p.adjust.method = ""bonferroni"") %>% print()

s3 %>% ungroup () %>%
  cohens_d(mean_test_acc~type_correct,paired = T,
           var.equal = T) %>% print()

#rotated and identical, related and similar are not different 
",match,"The code computes per-subject identification rates by pair type before analysis, which aligns with the paper’s description of computing identification rates for pair types prior to the repeated-measures analyses. No additional or conflicting data transformations are evident for this analysis-dimension pairing.",,
besken,52,"In Experiment 3, a Bonferroni-corrected t-test compared identification accuracy for rotated versus similar pairs. Rotated pairs were identified more often than similar pairs, t(25) = 5.95, d = 1.17, p < .001, suggesting greater clarity for rotated duplicates than for non-identical exemplars of the same category.",Inference Specification,"For all analyses, the alpha level was set at .05. For all pairwise comparisons, Bonferroni correction was used.","###################-----------------Test Accuracy Unconditional-------------------
d3<- read.csv(file='identical-exp3.csv')

s3<- d3 %>% group_by(Subject,type_correct) %>%
  summarise(mean_test_acc=mean(Slide2.ACC == 1))


# ANOVA ANALYSES #
#---------------E3 Accuracy 

a3<- ezANOVA(data = s3,
             dv = mean_test_acc,
             wid = Subject,
             within = .(type_correct),
             #between = .(bias),
             type = 2,
             return_aov = FALSE,
             detailed = T) %>%
  get_pes() %>% select(Effect,DFn,DFd,SSd,F,p,pes) %>% filter(Effect!='(Intercept)') %>%
  mutate_if(is.double,round,4) %>% pastey() %>% print()

mse1 = a3$SSd/a3$DFd
mse1


### ACCuracy Pairwise comparisons 


s3 %>% ungroup () %>%
  t_test(mean_test_acc~type_correct,paired = T,var.equal = T , 
         p.adjust.method = ""bonferroni"") %>% print()",match,"The code applies Bonferroni correction for the pairwise t-tests, consistent with the paper’s stated inference procedure (alpha .05 with Bonferroni for pairwise comparisons).",,
besken,53,"In Experiment 3, a Bonferroni-corrected t-test compared identification accuracy for similar versus related pairs. The difference was nonsignificant, t(25) = 0.74, d = 0.14, p = 1.00, showing that participants were equally prone to classification errors for these two non-identical relational types.",Model Specification,"During encoding, the identification rates for pair types were computed (see Table 2) and submitted to a single-factor repeated measures ANOVA. This analysis revealed significant differences in identification accuracy between pair types, F(3,75) = 22.58, MSE = .014, p < .001, ηp2 = .47. Pairwise comparisons showed that identical pairs were identified more often than all other pairs [ identical versus related: t(25) = 5.76, d = 1.13, p < .001; identical versus similar: t(25) = 7.13, d = 1.40, p < .001; identical versus rotated: t(25) = 2.98, d = 0.58, p = .038]. Rotated pairs were identified more often than similar and related pairs [ rotated versus related: t(25) = 4.99, d = 0.98, p < .001; rotated versus similar: t(25) = 5.95, d = 1.17, p < .001]. However, the identification rate of similar and related pairs did not differ, t(25) = 0.74, d = 0.14, p = 1.00.","###---------------------------------------EXPERIMENT 3-----------------

####Exp3 encoding Accuracy 

d3<- read.csv(file='identical-exp3.csv')

#summarization code
s3 <- d3%>% group_by(Subject, type) %>%
  summarise(mean_encode_acc = mean(Slide1.ACC))
#summarization code
s3_table <- d3%>% group_by(type) %>%
  summarise(mean_encode_acc = mean(Slide1.ACC), sd(Slide1.ACC))
#encoding accuracy rate identical=0.990, related=0.803,rotated=0.961,similar=0.767

a2<- ezANOVA(data = s3,
             dv = mean_encode_acc,
             wid = Subject,
             within = .(type),
             #between = .(bias),
             type = 2,
             return_aov = FALSE,
             detailed = T) %>%
  get_pes() %>% select(Effect,DFn,DFd,SSd,F,p,pes) %>% filter(Effect!='(Intercept)') %>%
  mutate_if(is.double,round,4) %>% pastey() %>% print()
##Anova shows that difference is significant


### Encodin type pairwise comparisons
# Perform pairwise comparisons with Bonferroni correction
s3 %>% ungroup () %>%
  t_test(mean_encode_acc~type,paired = T,var.equal = T , 
         p.adjust.method = ""bonferroni"") %>% print()",match,"The paper describes Bonferroni-corrected t-tests comparing identification accuracy between pair types, including similar vs. related, and the code implements paired t-tests with Bonferroni correction on the same measure. Thus, the model specification (repeated-measures ANOVA followed by Bonferroni-corrected paired t-tests) aligns between paper and code.",,
besken,53,"In Experiment 3, a Bonferroni-corrected t-test compared identification accuracy for similar versus related pairs. The difference was nonsignificant, t(25) = 0.74, d = 0.14, p = 1.00, showing that participants were equally prone to classification errors for these two non-identical relational types.",Variable Specification,"During encoding, the identification rates for pair types were computed (see Table 2) and submitted to a single-factor repeated measures ANOVA. … However, the identification rate of similar and related pairs did not differ, t(25) = 0.74, d = 0.14, p = 1.00.","d3<- read.csv(file='identical-exp3.csv')

s3<- d3 %>% group_by(Subject,type_correct) %>%
  summarise(mean_test_acc=mean(Slide2.ACC == 1))

# ANOVA ANALYSES #
#---------------E3 Accuracy 

a3<- ezANOVA(data = s3,
             dv = mean_test_acc,
             wid = Subject,
             within = .(type_correct),
             #between = .(bias),
             type = 2,
             return_aov = FALSE,
             detailed = T) %>%
  get_pes() %>% select(Effect,DFn,DFd,SSd,F,p,pes) %>% filter(Effect!='(Intercept)') %>%
  mutate_if(is.double,round,4) %>% pastey() %>% print()

mse1 = a3$SSd/a3$DFd
mse1


### ACCuracy Pairwise comparisons 


s3 %>% ungroup () %>%
  t_test(mean_test_acc~type_correct,paired = T,var.equal = T , 
         p.adjust.method = ""bonferroni"") %>% print()",match,"The code uses mean identification accuracy (mean_test_acc) as the dependent variable and pair type (type_correct) as the within-subject factor, consistent with the paper’s description of identification rates by pair type entered into a repeated-measures ANOVA and follow-up comparisons. This aligns with comparing identification rates for specific pair types (including similar vs. related) within subjects.",,
besken,53,"In Experiment 3, a Bonferroni-corrected t-test compared identification accuracy for similar versus related pairs. The difference was nonsignificant, t(25) = 0.74, d = 0.14, p = 1.00, showing that participants were equally prone to classification errors for these two non-identical relational types.",Transformation Specification,"During encoding, the identification rates for pair types were computed (see Table 2) and submitted to a single-factor repeated measures ANOVA.","d3<- read.csv(file='identical-exp3.csv')

#summarization code
s3 <- d3%>% group_by(Subject, type) %>%
  summarise(mean_encode_acc = mean(Slide1.ACC))
#summarization code
s3_table <- d3%>% group_by(type) %>%
  summarise(mean_encode_acc = mean(Slide1.ACC), sd(Slide1.ACC))
#encoding accuracy rate identical=0.990, related=0.803,rotated=0.961,similar=0.767

a2<- ezANOVA(data = s3,
             dv = mean_encode_acc,
             wid = Subject,
             within = .(type),
             #between = .(bias),
             type = 2,
             return_aov = FALSE,
             detailed = T) %>%
  get_pes() %>% select(Effect,DFn,DFd,SSd,F,p,pes) %>% filter(Effect!='(Intercept)') %>%
  mutate_if(is.double,round,4) %>% pastey() %>% print()
##Anova shows that difference is significant


### Encodin type pairwise comparisons
# Perform pairwise comparisons with Bonferroni correction
s3 %>% ungroup () %>%
  t_test(mean_encode_acc~type,paired = T,var.equal = T , 
         p.adjust.method = ""bonferroni"") %>% print()",match,"The code computes per-subject identification rates (mean accuracy) by pair type and then uses these aggregated rates in a repeated-measures ANOVA and Bonferroni-corrected paired t-tests, which is consistent with the paper’s description of computing identification rates for pair types before analysis.",,
besken,53,"In Experiment 3, a Bonferroni-corrected t-test compared identification accuracy for similar versus related pairs. The difference was nonsignificant, t(25) = 0.74, d = 0.14, p = 1.00, showing that participants were equally prone to classification errors for these two non-identical relational types.",Inference Specification,"For all analyses, the alpha level was set at .05. For all pairwise comparisons, Bonferroni correction was used. ... However, the identification rate of similar and related pairs did not differ, t(25) = 0.74, d = 0.14, p = 1.00.","### ACCuracy Pairwise comparisons 

s3 %>% ungroup () %>%
  t_test(mean_test_acc~type_correct,paired = T,var.equal = T , 
         p.adjust.method = ""bonferroni"") %>% print()",match,"The code applies a paired t-test with Bonferroni p-value adjustment, which aligns with the paper’s description of Bonferroni-corrected pairwise comparisons under an alpha of .05. Although alpha is not explicitly coded, the Bonferroni adjustment matches the stated inference procedure.",,
besken,54,"In Experiment 3, a repeated-measures ANOVA evaluated identification RTs across the four pair types. There was a strong effect of pair type on RT, F(3,75) = 64.18, MSE = 58,871.78, p < .001, ηp² = .72, highlighting robust processing-fluency differences between identical, rotated, similar, and related pairs.",Model Specification,"The means of the median RTs (see Table 2) were submitted to a repeated-measures ANOVA, excluding invalid trials (11.92%), using the criteria in Experiment 2. The analysis yielded a significant effect on response latency, F(3,75) = 64.18, MSE = 58,871.78, p < .001, ηp2 = .72.","##########---------------------------------------Exp 3 RT----------------------------------------------
d3<- read.csv(file='identical-exp3.csv')

##Exclude:  Incorrect identification trials,No response trials
initial_trials <- nrow(d3)
d3<- d3 %>% filter(Slide1.ACC != ""0"")
excluded_trials1 <- initial_trials- nrow(d3) 

cat(""Total Excluded Trials after filtering Slide1.ACC != 0:"", excluded_trials1, ""\n"") 
#248 trials

# Calculate the percentages
percentage_excluded1<- (excluded_trials1 / initial_trials) * 100 # 11.92%


#median RT for every subject
median_reaction_times <- d3 %>%
  group_by(Subject,type) %>%
  mutate(Median_Reaction_Time = median(Slide1.RT))

# Step 2: Calculate Mean Median Reaction Time for Each Item Type
rt_data<- median_reaction_times %>%
  group_by(Subject,type) %>%
  summarise(Mean_Median_Reaction_Time = mean(Median_Reaction_Time))

#######################################

c2<- ezANOVA(data = rt_data ,
             dv = Mean_Median_Reaction_Time,
             wid = Subject,
             within = .(type),
             #between = .(bias),
             type = 2,
             return_aov = FALSE,
             detailed = T) %>%
  get_pes() %>% select(Effect,DFn,DFd,SSd,F,p,pes) %>% filter(Effect!='(Intercept)') %>%
  mutate_if(is.double,round,4) %>% pastey() %>% print()

### RT pairwise comparisons
rt_data %>% ungroup () %>%
  t_test(Mean_Median_Reaction_Time~type,paired = T,var.equal = T , 
         p.adjust.method = ""bonferroni"") %>% print()
",match,"The code implements a repeated-measures ANOVA on RTs across within-subject factor 'type', matching the paper’s description of a repeated-measures ANOVA on identification RTs across the four pair types. Thus, the model specification in the code aligns with the reported analysis in the paper.",,
besken,54,"In Experiment 3, a repeated-measures ANOVA evaluated identification RTs across the four pair types. There was a strong effect of pair type on RT, F(3,75) = 64.18, MSE = 58,871.78, p < .001, ηp² = .72, highlighting robust processing-fluency differences between identical, rotated, similar, and related pairs.",Variable Specification,"Identification RTs
The means of the median RTs (see Table 2) were submitted to a repeated-measures ANOVA, excluding invalid trials (11.92%), using the criteria in Experiment 2. The analysis yielded a significant effect on response latency, F(3,75) = 64.18, MSE = 58,871.78, p < .001, ηp
2 = .72. Pairwise comparisons showed that identical pairs were identified faster than other pairs [ identical versus related:
t(25) = 6.96, d = 1.36, p < .001, identical versus similar:
t(25) = 11.8, d = 2.32, p < .001], except for the rotated pairs,
t(25) = 2.29, d = 0.45, p = .185. Rotated pairs were identified
faster than similar and related pairs [rotated versus similar:
t(25) = 12.00, d = 2.36, p < .001; rotated versus related:
t(25) = 6.59, d = 1.29, p < .001]. Similar and related pairs ’
identification time did not differ t(25) = 2.70, d = 0.53,
p = .074.","##########---------------------------------------Exp 3 RT----------------------------------------------
d3<- read.csv(file='identical-exp3.csv')

##Exclude:  Incorrect identification trials,No response trials
initial_trials <- nrow(d3)
d3<- d3 %>% filter(Slide1.ACC != ""0"")
excluded_trials1 <- initial_trials- nrow(d3) 

cat(""Total Excluded Trials after filtering Slide1.ACC != 0:"", excluded_trials1, ""\n"") 
#248 trials

# Calculate the percentages
percentage_excluded1<- (excluded_trials1 / initial_trials) * 100 # 11.92%


#median RT for every subject
median_reaction_times <- d3 %>%
  group_by(Subject,type) %>%
  mutate(Median_Reaction_Time = median(Slide1.RT))

# Step 2: Calculate Mean Median Reaction Time for Each Item Type
rt_data<- median_reaction_times %>%
  group_by(Subject,type) %>%
  summarise(Mean_Median_Reaction_Time = mean(Median_Reaction_Time))

#######################################

c2<- ezANOVA(data = rt_data ,
             dv = Mean_Median_Reaction_Time,
             wid = Subject,
             within = .(type),
             #between = .(bias),
             type = 2,
             return_aov = FALSE,
             detailed = T) %>%
  get_pes() %>% select(Effect,DFn,DFd,SSd,F,p,pes) %>% filter(Effect!='(Intercept)') %>%
  mutate_if(is.double,round,4) %>% pastey() %>% print()",match,"The code uses mean-of-median identification RTs as the dependent variable and pair type as a within-subject factor, matching the paper’s description of a repeated-measures ANOVA on means of median RTs across four pair types. Invalid trials (incorrect/no response) are excluded at approximately the same rate reported in the paper.",,
besken,54,"In Experiment 3, a repeated-measures ANOVA evaluated identification RTs across the four pair types. There was a strong effect of pair type on RT, F(3,75) = 64.18, MSE = 58,871.78, p < .001, ηp² = .72, highlighting robust processing-fluency differences between identical, rotated, similar, and related pairs.",Transformation Specification,"The means of the median RTs (see Table 2) were submitted to a repeated-measures ANOVA, excluding invalid trials (11.92%), using the criteria in Experiment 2.

For encoding, the median first keypress response latency (identification response times [RTs]) was calculated separately for all pair types for each participant (see Table 2), excluding trials in which participants misidentified the pair types or did not respond at all (exclusion rate = 8.75%), and the means of the medians were submitted to a repeated measures ANOVA.","##########---------------------------------------Exp 3 RT----------------------------------------------
d3<- read.csv(file='identical-exp3.csv')

##Exclude:  Incorrect identification trials,No response trials
initial_trials <- nrow(d3)
d3<- d3 %>% filter(Slide1.ACC != ""0"")
excluded_trials1 <- initial_trials- nrow(d3) 

cat(""Total Excluded Trials after filtering Slide1.ACC != 0:"", excluded_trials1, ""\n"") 
#248 trials

# Calculate the percentages
percentage_excluded1<- (excluded_trials1 / initial_trials) * 100 # 11.92%


#median RT for every subject
median_reaction_times <- d3 %>%
  group_by(Subject,type) %>%
  mutate(Median_Reaction_Time = median(Slide1.RT))

# Step 2: Calculate Mean Median Reaction Time for Each Item Type
rt_data<- median_reaction_times %>%
  group_by(Subject,type) %>%
  summarise(Mean_Median_Reaction_Time = mean(Median_Reaction_Time))

#######################################

c2<- ezANOVA(data = rt_data ,
             dv = Mean_Median_Reaction_Time,
             wid = Subject,
             within = .(type),
             #between = .(bias),
             type = 2,
             return_aov = FALSE,
             detailed = T) %>%
  get_pes() %>% select(Effect,DFn,DFd,SSd,F,p,pes) %>% filter(Effect!='(Intercept)') %>%
  mutate_if(is.double,round,4) %>% pastey() %>% print()
",match,The code applies the same trial exclusions and median-based aggregation described in the paper before running the repeated-measures ANOVA.,,
besken,54,"In Experiment 3, a repeated-measures ANOVA evaluated identification RTs across the four pair types. There was a strong effect of pair type on RT, F(3,75) = 64.18, MSE = 58,871.78, p < .001, ηp² = .72, highlighting robust processing-fluency differences between identical, rotated, similar, and related pairs.",Inference Specification,"For all analyses, the alpha level was set at .05. For all pairwise comparisons, Bonferroni correction was used.","##########---------------------------------------Exp 3 RT----------------------------------------------
d3<- read.csv(file='identical-exp3.csv')

##Exclude:  Incorrect identification trials,No response trials
initial_trials <- nrow(d3)
d3<- d3 %>% filter(Slide1.ACC != ""0"")
excluded_trials1 <- initial_trials- nrow(d3) 

cat(""Total Excluded Trials after filtering Slide1.ACC != 0:"", excluded_trials1, ""\n"") 
#248 trials

# Calculate the percentages
percentage_excluded1<- (excluded_trials1 / initial_trials) * 100 # 11.92%


#median RT for every subject
median_reaction_times <- d3 %>%
  group_by(Subject,type) %>%
  mutate(Median_Reaction_Time = median(Slide1.RT))

# Step 2: Calculate Mean Median Reaction Time for Each Item Type
rt_data<- median_reaction_times %>%
  group_by(Subject,type) %>%
  summarise(Mean_Median_Reaction_Time = mean(Median_Reaction_Time))

#######################################

c2<- ezANOVA(data = rt_data ,
             dv = Mean_Median_Reaction_Time,
             wid = Subject,
             within = .(type),
             #between = .(bias),
             type = 2,
             return_aov = FALSE,
             detailed = T) %>%
  get_pes() %>% select(Effect,DFn,DFd,SSd,F,p,pes) %>% filter(Effect!='(Intercept)') %>%
  mutate_if(is.double,round,4) %>% pastey() %>% print()

### RT pairwise comparisons
rt_data %>% ungroup () %>%
  t_test(Mean_Median_Reaction_Time~type,paired = T,var.equal = T , 
         p.adjust.method = ""bonferroni"") %>% print()

rt_data %>% ungroup () %>%
  cohens_d(Mean_Median_Reaction_Time~type,paired = T,
           var.equal = T) %>% print()",match,"The code applies Bonferroni correction for pairwise comparisons, consistent with the paper’s stated inference procedure; the alpha level of .05 is standard and not contradicted by the code. No alternative inference criterion is specified in the code that would conflict with the paper.",,
besken,55,"In Experiment 3, a Bonferroni-corrected t-test compared identification RTs for identical versus related pairs. Identical pairs were categorized significantly faster than related pairs, t(25) = 6.96, d = 1.36, p < .001, showing a large fluency advantage for identity over conceptual relatedness.",Model Specification,"The means of the median RTs (see Table 2) were submitted to a repeated-measures ANOVA, excluding invalid trials (11.92%), using the criteria in Experiment 2. The analysis yielded a significant effect on response latency, F(3,75) = 64.18, MSE = 58,871.78, p < .001, ηp2 = .72. Pairwise comparisons showed that identical pairs were identified faster than other pairs [ identical versus related: t(25) = 6.96, d = 1.36, p < .001, identical versus similar: t(25) = 11.8, d = 2.32, p < .001], except for the rotated pairs, t(25) = 2.29, d = 0.45, p = .185.","c2<- ezANOVA(data = rt_data ,
             dv = Mean_Median_Reaction_Time,
             wid = Subject,
             within = .(type),
             #between = .(bias),
             type = 2,
             return_aov = FALSE,
             detailed = T) %>%
  get_pes() %>% select(Effect,DFn,DFd,SSd,F,p,pes) %>% filter(Effect!='(Intercept)') %>%
  mutate_if(is.double,round,4) %>% pastey() %>% print()

### RT pairwise comparisons
rt_data %>% ungroup () %>%
  t_test(Mean_Median_Reaction_Time~type,paired = T,var.equal = T , 
         p.adjust.method = ""bonferroni"") %>% print()",match,"The paper describes a repeated-measures ANOVA followed by Bonferroni-corrected paired t-tests, and the code implements exactly this model specification. Both sources use within-subjects comparisons on RTs across pair types with Bonferroni adjustment for pairwise t-tests.",,
besken,55,"In Experiment 3, a Bonferroni-corrected t-test compared identification RTs for identical versus related pairs. Identical pairs were categorized significantly faster than related pairs, t(25) = 6.96, d = 1.36, p < .001, showing a large fluency advantage for identity over conceptual relatedness.",Variable Specification,"Pairwise comparisons showed that identical pairs were identified faster than other pairs [ identical versus related: t(25) = 6.96, d = 1.36, p < .001, identical versus similar: t(25) = 11.8, d = 2.32, p < .001], except for the rotated pairs, t(25) = 2.29, d = 0.45, p = .185.","##########---------------------------------------Exp 3 RT----------------------------------------------
d3<- read.csv(file='identical-exp3.csv')

##Exclude:  Incorrect identification trials,No response trials
initial_trials <- nrow(d3)
d3<- d3 %>% filter(Slide1.ACC != ""0"")
excluded_trials1 <- initial_trials- nrow(d3) 

cat(""Total Excluded Trials after filtering Slide1.ACC != 0:"", excluded_trials1, ""\n"") 
#248 trials

# Calculate the percentages
percentage_excluded1<- (excluded_trials1 / initial_trials) * 100 # 11.92%


#median RT for every subject
median_reaction_times <- d3 %>%
  group_by(Subject,type) %>%
  mutate(Median_Reaction_Time = median(Slide1.RT))

# Step 2: Calculate Mean Median Reaction Time for Each Item Type
rt_data<- median_reaction_times %>%
  group_by(Subject,type) %>%
  summarise(Mean_Median_Reaction_Time = mean(Median_Reaction_Time))

#######################################

c2<- ezANOVA(data = rt_data ,
             dv = Mean_Median_Reaction_Time,
             wid = Subject,
             within = .(type),
             #between = .(bias),
             type = 2,
             return_aov = FALSE,
             detailed = T) %>%
  get_pes() %>% select(Effect,DFn,DFd,SSd,F,p,pes) %>% filter(Effect!='(Intercept)') %>%
  mutate_if(is.double,round,4) %>% pastey() %>% print()

### RT pairwise comparisons
rt_data %>% ungroup () %>%
  t_test(Mean_Median_Reaction_Time~type,paired = T,var.equal = T , 
         p.adjust.method = ""bonferroni"") %>% print()

rt_data %>% ungroup () %>%
  cohens_d(Mean_Median_Reaction_Time~type,paired = T,
           var.equal = T) %>% print()",match,"The code uses reaction time as the outcome variable and pair type (identical, related, etc.) as the within-subject predictor, consistent with the paper’s description of comparing identification RTs between identical and related pairs. Any additional processing of RTs (e.g., medians) concerns transformations, not the variable roles themselves.",,
besken,55,"In Experiment 3, a Bonferroni-corrected t-test compared identification RTs for identical versus related pairs. Identical pairs were categorized significantly faster than related pairs, t(25) = 6.96, d = 1.36, p < .001, showing a large fluency advantage for identity over conceptual relatedness.",Transformation Specification,"The means of the median RTs (see Table 2) were submitted to a repeated-measures ANOVA, excluding invalid trials (11.92%), using the criteria in Experiment 2. ... For encoding, the median first keypress response latency (identification response times [RTs]) was calculated separately for all pair types for each participant (see Table 2), excluding trials in which participants misidentified the pair types or did not respond at all (exclusion rate = 8.75%), and the means of the medians were submitted to a repeated measures ANOVA.","##########---------------------------------------Exp 3 RT----------------------------------------------
d3<- read.csv(file='identical-exp3.csv')

##Exclude:  Incorrect identification trials,No response trials
initial_trials <- nrow(d3)
d3<- d3 %>% filter(Slide1.ACC != ""0"")
excluded_trials1 <- initial_trials- nrow(d3) 

cat(""Total Excluded Trials after filtering Slide1.ACC != 0:"", excluded_trials1, ""\n"") 
#248 trials

# Calculate the percentages
percentage_excluded1<- (excluded_trials1 / initial_trials) * 100 # 11.92%


#median RT for every subject
median_reaction_times <- d3 %>%
  group_by(Subject,type) %>%
  mutate(Median_Reaction_Time = median(Slide1.RT))

# Step 2: Calculate Mean Median Reaction Time for Each Item Type
rt_data<- median_reaction_times %>%
  group_by(Subject,type) %>%
  summarise(Mean_Median_Reaction_Time = mean(Median_Reaction_Time))

#######################################

c2<- ezANOVA(data = rt_data ,
             dv = Mean_Median_Reaction_Time,
             wid = Subject,
             within = .(type),
             #between = .(bias),
             type = 2,
             return_aov = FALSE,
             detailed = T) %>%
  get_pes() %>% select(Effect,DFn,DFd,SSd,F,p,pes) %>% filter(Effect!='(Intercept)') %>%
  mutate_if(is.double,round,4) %>% pastey() %>% print()

### RT pairwise comparisons
rt_data %>% ungroup () %>%
  t_test(Mean_Median_Reaction_Time~type,paired = T,var.equal = T , 
         p.adjust.method = ""bonferroni"") %>% print()

rt_data %>% ungroup () %>%
  cohens_d(Mean_Median_Reaction_Time~type,paired = T,
           var.equal = T) %>% print()",match,"The code applies the described transformations: it excludes incorrect/no-response trials, computes median RTs per participant and pair type, then uses these per-subject, per-type values (means of medians) in a repeated-measures framework and Bonferroni-corrected paired t-tests. Any discrepancy in reported exclusion percentages does not reflect a difference in the transformation procedure itself.",,
besken,55,"In Experiment 3, a Bonferroni-corrected t-test compared identification RTs for identical versus related pairs. Identical pairs were categorized significantly faster than related pairs, t(25) = 6.96, d = 1.36, p < .001, showing a large fluency advantage for identity over conceptual relatedness.",Inference Specification,"For all analyses, the alpha level was set at .05. For all pairwise comparisons, Bonferroni correction was used.","### RT pairwise comparisons
rt_data %>% ungroup () %>%
  t_test(Mean_Median_Reaction_Time~type,paired = T,var.equal = T , 
         p.adjust.method = ""bonferroni"") %>% print()",match,"The code applies Bonferroni correction to the t-test p-values, consistent with the paper’s statement that Bonferroni correction was used for all pairwise comparisons and an alpha level of .05. Although alpha is not explicitly set in the code, this is typically handled by interpreting p-values against .05, so there is no evident discrepancy.",,
besken,56,"In Experiment 3, a Bonferroni-corrected t-test compared identification RTs for identical versus similar pairs. Identical pairs were identified much faster than similar pairs, t(25) = 11.8, d = 2.32, p < .001, indicating that even subtle perceptual differences between exemplars reduced fluency relative to exact duplicates.",Model Specification,"Pairwise comparisons showed that identical pairs were identified faster than other pairs [ identical versus related: t(25) = 6.96, d = 1.36, p < .001, identical versus similar: t(25) = 11.8, d = 2.32, p < .001], except for the rotated pairs, t(25) = 2.29, d = 0.45, p = .185.","##########---------------------------------------Exp 3 RT----------------------------------------------
d3<- read.csv(file='identical-exp3.csv')

##Exclude:  Incorrect identification trials,No response trials
initial_trials <- nrow(d3)
d3<- d3 %>% filter(Slide1.ACC != ""0"")
excluded_trials1 <- initial_trials- nrow(d3) 

cat(""Total Excluded Trials after filtering Slide1.ACC != 0:"", excluded_trials1, ""\n"") 
#248 trials

# Calculate the percentages
percentage_excluded1<- (excluded_trials1 / initial_trials) * 100 # 11.92%


#median RT for every subject
median_reaction_times <- d3 %>%
  group_by(Subject,type) %>%
  mutate(Median_Reaction_Time = median(Slide1.RT))

# Step 2: Calculate Mean Median Reaction Time for Each Item Type
rt_data<- median_reaction_times %>%
  group_by(Subject,type) %>%
  summarise(Mean_Median_Reaction_Time = mean(Median_Reaction_Time))

#######################################

c2<- ezANOVA(data = rt_data ,
             dv = Mean_Median_Reaction_Time,
             wid = Subject,
             within = .(type),
             #between = .(bias),
             type = 2,
             return_aov = FALSE,
             detailed = T) %>%
  get_pes() %>% select(Effect,DFn,DFd,SSd,F,p,pes) %>% filter(Effect!='(Intercept)') %>%
  mutate_if(is.double,round,4) %>% pastey() %>% print()

### RT pairwise comparisons
rt_data %>% ungroup () %>%
  t_test(Mean_Median_Reaction_Time~type,paired = T,var.equal = T , 
         p.adjust.method = ""bonferroni"") %>% print()

rt_data %>% ungroup () %>%
  cohens_d(Mean_Median_Reaction_Time~type,paired = T,
           var.equal = T) %>% print()",match,"The paper describes Bonferroni-corrected pairwise t-tests comparing identification RTs between pair types, and the code implements paired t-tests with Bonferroni p-value adjustment for the same factor. Thus, the model specification in the code aligns with the description in the paper.",,
besken,56,"In Experiment 3, a Bonferroni-corrected t-test compared identification RTs for identical versus similar pairs. Identical pairs were identified much faster than similar pairs, t(25) = 11.8, d = 2.32, p < .001, indicating that even subtle perceptual differences between exemplars reduced fluency relative to exact duplicates.",Variable Specification,"The means of the median RTs (see Table 2) were submitted to a repeated-measures ANOVA, excluding invalid trials (11.92%), using the criteria in Experiment 2. The analysis yielded a significant effect on response latency, F(3,75) = 64.18, MSE = 58,871.78, p < .001, ηp2 = .72. Pairwise comparisons showed that identical pairs were identified faster than other pairs [identical versus related: t(25) = 6.96, d = 1.36, p < .001, identical versus similar: t(25) = 11.8, d = 2.32, p < .001], except for the rotated pairs, t(25) = 2.29, d = 0.45, p = .185.","##########---------------------------------------Exp 3 RT----------------------------------------------
d3<- read.csv(file='identical-exp3.csv')

##Exclude:  Incorrect identification trials,No response trials
initial_trials <- nrow(d3)
d3<- d3 %>% filter(Slide1.ACC != ""0"")
excluded_trials1 <- initial_trials- nrow(d3) 

cat(""Total Excluded Trials after filtering Slide1.ACC != 0:"", excluded_trials1, ""\n"") 
#248 trials

# Calculate the percentages
percentage_excluded1<- (excluded_trials1 / initial_trials) * 100 # 11.92%


#median RT for every subject
median_reaction_times <- d3 %>%
  group_by(Subject,type) %>%
  mutate(Median_Reaction_Time = median(Slide1.RT))

# Step 2: Calculate Mean Median Reaction Time for Each Item Type
rt_data<- median_reaction_times %>%
  group_by(Subject,type) %>%
  summarise(Mean_Median_Reaction_Time = mean(Median_Reaction_Time))

#######################################

c2<- ezANOVA(data = rt_data ,
             dv = Mean_Median_Reaction_Time,
             wid = Subject,
             within = .(type),
             #between = .(bias),
             type = 2,
             return_aov = FALSE,
             detailed = T) %>%
  get_pes() %>% select(Effect,DFn,DFd,SSd,F,p,pes) %>% filter(Effect!='(Intercept)') %>%
  mutate_if(is.double,round,4) %>% pastey() %>% print()

### RT pairwise comparisons
rt_data %>% ungroup () %>%
  t_test(Mean_Median_Reaction_Time~type,paired = T,var.equal = T , 
         p.adjust.method = ""bonferroni"") %>% print()

rt_data %>% ungroup () %>%
  cohens_d(Mean_Median_Reaction_Time~type,paired = T,
           var.equal = T) %>% print()",match,"The code uses mean-of-median identification RTs as the dependent variable and pair type as a within-subject factor, matching the variable setup described for Experiment 3 in the paper. It also excludes incorrect/no-response trials in proportions consistent with the reported invalid trial percentage.",,
besken,56,"In Experiment 3, a Bonferroni-corrected t-test compared identification RTs for identical versus similar pairs. Identical pairs were identified much faster than similar pairs, t(25) = 11.8, d = 2.32, p < .001, indicating that even subtle perceptual differences between exemplars reduced fluency relative to exact duplicates.",Transformation Specification,"The means of the median RTs (see Table 2) were submitted to a repeated-measures ANOVA, excluding invalid trials (11.92%), using the criteria in Experiment 2.","##########---------------------------------------Exp 3 RT----------------------------------------------
d3<- read.csv(file='identical-exp3.csv')

##Exclude:  Incorrect identification trials,No response trials
initial_trials <- nrow(d3)
d3<- d3 %>% filter(Slide1.ACC != ""0"")
excluded_trials1 <- initial_trials- nrow(d3) 

cat(""Total Excluded Trials after filtering Slide1.ACC != 0:"", excluded_trials1, ""\n"") 
#248 trials

# Calculate the percentages
percentage_excluded1<- (excluded_trials1 / initial_trials) * 100 # 11.92%


#median RT for every subject
median_reaction_times <- d3 %>%
  group_by(Subject,type) %>%
  mutate(Median_Reaction_Time = median(Slide1.RT))

# Step 2: Calculate Mean Median Reaction Time for Each Item Type
rt_data<- median_reaction_times %>%
  group_by(Subject,type) %>%
  summarise(Mean_Median_Reaction_Time = mean(Median_Reaction_Time))
",match,"The code applies the same data transformations described in the paper: exclusion of invalid trials (~11.92%) and computation of median RTs per condition, with the resulting subject-level medians used for analysis. Although implemented via a mean of a constant median column, the transformation effectively yields the median RTs as specified.",,
besken,56,"In Experiment 3, a Bonferroni-corrected t-test compared identification RTs for identical versus similar pairs. Identical pairs were identified much faster than similar pairs, t(25) = 11.8, d = 2.32, p < .001, indicating that even subtle perceptual differences between exemplars reduced fluency relative to exact duplicates.",Inference Specification,"For all analyses, the alpha level was set at .05. For all pairwise comparisons, Bonferroni correction was used.","### RT pairwise comparisons
rt_data %>% ungroup () %>%
  t_test(Mean_Median_Reaction_Time~type,paired = T,var.equal = T , 
         p.adjust.method = ""bonferroni"") %>% print()",match,"The code uses a paired t-test with Bonferroni correction for pairwise comparisons, consistent with the paper’s stated inference procedure; the implicit alpha of 0.05 is standard and not contradicted by the code.",,
besken,57,"In Experiment 3, a Bonferroni-corrected t-test compared identification RTs for identical versus rotated pairs. Although identical pairs were numerically faster, the difference was not significant after correction, t(25) = 2.29, d = 0.45, p = .185, suggesting similar processing speeds for upright and 180° rotated duplicates.",Model Specification,"The means of the median RTs (see Table 2) were submitted to a repeated-measures ANOVA, excluding invalid trials (11.92%), using the criteria in Experiment 2. The analysis yielded a significant effect on response latency, F(3,75) = 64.18, MSE = 58,871.78, p < .001, ηp
2 = .72. Pairwise comparisons showed that identical pairs were identified faster than other pairs [ identical versus related: t(25) = 6.96, d = 1.36, p < .001, identical versus similar: t(25) = 11.8, d = 2.32, p < .001], except for the rotated pairs, t(25) = 2.29, d = 0.45, p = .185.","##########---------------------------------------Exp 3 RT----------------------------------------------
d3<- read.csv(file='identical-exp3.csv')

##Exclude:  Incorrect identification trials,No response trials
initial_trials <- nrow(d3)
d3<- d3 %>% filter(Slide1.ACC != ""0"")
excluded_trials1 <- initial_trials- nrow(d3) 

cat(""Total Excluded Trials after filtering Slide1.ACC != 0:"", excluded_trials1, ""\n"") 
#248 trials

# Calculate the percentages
percentage_excluded1<- (excluded_trials1 / initial_trials) * 100 # 11.92%


#median RT for every subject
median_reaction_times <- d3 %>%
  group_by(Subject,type) %>%
  mutate(Median_Reaction_Time = median(Slide1.RT))

# Step 2: Calculate Mean Median Reaction Time for Each Item Type
rt_data<- median_reaction_times %>%
  group_by(Subject,type) %>%
  summarise(Mean_Median_Reaction_Time = mean(Median_Reaction_Time))

#######################################

c2<- ezANOVA(data = rt_data ,
             dv = Mean_Median_Reaction_Time,
             wid = Subject,
             within = .(type),
             #between = .(bias),
             type = 2,
             return_aov = FALSE,
             detailed = T) %>%
  get_pes() %>% select(Effect,DFn,DFd,SSd,F,p,pes) %>% filter(Effect!='(Intercept)') %>%
  mutate_if(is.double,round,4) %>% pastey() %>% print()

### RT pairwise comparisons
rt_data %>% ungroup () %>%
  t_test(Mean_Median_Reaction_Time~type,paired = T,var.equal = T , 
         p.adjust.method = ""bonferroni"") %>% print()

rt_data %>% ungroup () %>%
  cohens_d(Mean_Median_Reaction_Time~type,paired = T,
           var.equal = T) %>% print()",match,"The code uses a within-subjects ANOVA and Bonferroni-corrected paired t-tests, consistent with the paper’s description of a repeated-measures ANOVA followed by pairwise t-tests (including the identical vs. rotated comparison).",,
besken,57,"In Experiment 3, a Bonferroni-corrected t-test compared identification RTs for identical versus rotated pairs. Although identical pairs were numerically faster, the difference was not significant after correction, t(25) = 2.29, d = 0.45, p = .185, suggesting similar processing speeds for upright and 180° rotated duplicates.",Variable Specification,"Identification RTs
The means of the median RTs (see Table 2) were submitted to a repeated-measures ANOVA, excluding invalid trials (11.92%), using the criteria in Experiment 2. The analysis yielded a significant effect on response latency, F(3,75) = 64.18, MSE = 58,871.78, p < .001, η
p
2 = .72. Pairwise comparisons showed that identical pairs were identified faster than other pairs [ identical versus related:
t(25) = 6.96, d = 1.36, p < .001, identical versus similar:
t(25) = 11.8, d = 2.32, p < .001], except for the rotated pairs, t(25) = 2.29, d = 0.45, p = .185.","##########---------------------------------------Exp 3 RT----------------------------------------------
d3<- read.csv(file='identical-exp3.csv')

##Exclude:  Incorrect identification trials,No response trials
initial_trials <- nrow(d3)
d3<- d3 %>% filter(Slide1.ACC != ""0"")
excluded_trials1 <- initial_trials- nrow(d3) 

cat(""Total Excluded Trials after filtering Slide1.ACC != 0:"", excluded_trials1, ""\n"") 
#248 trials

# Calculate the percentages
percentage_excluded1<- (excluded_trials1 / initial_trials) * 100 # 11.92%


#median RT for every subject
median_reaction_times <- d3 %>%
  group_by(Subject,type) %>%
  mutate(Median_Reaction_Time = median(Slide1.RT))

# Step 2: Calculate Mean Median Reaction Time for Each Item Type
rt_data<- median_reaction_times %>%
  group_by(Subject,type) %>%
  summarise(Mean_Median_Reaction_Time = mean(Median_Reaction_Time))

#######################################

c2<- ezANOVA(data = rt_data ,
             dv = Mean_Median_Reaction_Time,
             wid = Subject,
             within = .(type),
             #between = .(bias),
             type = 2,
             return_aov = FALSE,
             detailed = T) %>%
  get_pes() %>% select(Effect,DFn,DFd,SSd,F,p,pes) %>% filter(Effect!='(Intercept)') %>%
  mutate_if(is.double,round,4) %>% pastey() %>% print()

### RT pairwise comparisons
rt_data %>% ungroup () %>%
  t_test(Mean_Median_Reaction_Time~type,paired = T,var.equal = T , 
         p.adjust.method = ""bonferroni"") %>% print()

rt_data %>% ungroup () %>%
  cohens_d(Mean_Median_Reaction_Time~type,paired = T,
           var.equal = T) %>% print()


###rotated and identical is not different, similar and related are not different, 
exp3_rt_data<- rt_data",match,"The code uses median reaction time as the dependent variable and item type (including identical and rotated) as the within-subject factor, matching the variables described for the Experiment 3 identification RT analysis in the paper.",,
besken,57,"In Experiment 3, a Bonferroni-corrected t-test compared identification RTs for identical versus rotated pairs. Although identical pairs were numerically faster, the difference was not significant after correction, t(25) = 2.29, d = 0.45, p = .185, suggesting similar processing speeds for upright and 180° rotated duplicates.",Transformation Specification,"The means of the median RTs (see Table 2) were submitted to a repeated-measures ANOVA, excluding invalid trials (11.92%), using the criteria in Experiment 2.

For encoding, the median first keypress response latency (identification response times [RTs]) was calculated separately for all pair types for each participant (see Table 2), excluding trials in which participants misidentified the pair types or did not respond at all (exclusion rate = 8.75%), and the means of the medians were submitted to a repeated measures ANOVA.","##########---------------------------------------Exp 3 RT----------------------------------------------
d3<- read.csv(file='identical-exp3.csv')

##Exclude:  Incorrect identification trials,No response trials
initial_trials <- nrow(d3)
d3<- d3 %>% filter(Slide1.ACC != ""0"")
excluded_trials1 <- initial_trials- nrow(d3) 

cat(""Total Excluded Trials after filtering Slide1.ACC != 0:"", excluded_trials1, ""\n"") 
#248 trials

# Calculate the percentages
percentage_excluded1<- (excluded_trials1 / initial_trials) * 100 # 11.92%


#median RT for every subject
median_reaction_times <- d3 %>%
  group_by(Subject,type) %>%
  mutate(Median_Reaction_Time = median(Slide1.RT))

# Step 2: Calculate Mean Median Reaction Time for Each Item Type
rt_data<- median_reaction_times %>%
  group_by(Subject,type) %>%
  summarise(Mean_Median_Reaction_Time = mean(Median_Reaction_Time))

#######################################

c2<- ezANOVA(data = rt_data ,
             dv = Mean_Median_Reaction_Time,
             wid = Subject,
             within = .(type),
             #between = .(bias),
             type = 2,
             return_aov = FALSE,
             detailed = T) %>%
  get_pes() %>% select(Effect,DFn,DFd,SSd,F,p,pes) %>% filter(Effect!='(Intercept)') %>%
  mutate_if(is.double,round,4) %>% pastey() %>% print()

### RT pairwise comparisons
rt_data %>% ungroup () %>%
  t_test(Mean_Median_Reaction_Time~type,paired = T,var.equal = T , 
         p.adjust.method = ""bonferroni"") %>% print()

rt_data %>% ungroup () %>%
  cohens_d(Mean_Median_Reaction_Time~type,paired = T,
           var.equal = T) %>% print()


###rotated and identical is not different, similar and related are not different, 
exp3_rt_data<- rt_data",match,"The code applies the same trial exclusions and derives per-participant, per-condition median RTs that are then used in the ANOVA and Bonferroni-corrected t-tests, consistent with the paper’s description of exclusion criteria and use of medians. Any apparent wording about 'means of medians' in the paper is operationalized in the code as subject-level medians per type, which is what is analyzed.",,
besken,57,"In Experiment 3, a Bonferroni-corrected t-test compared identification RTs for identical versus rotated pairs. Although identical pairs were numerically faster, the difference was not significant after correction, t(25) = 2.29, d = 0.45, p = .185, suggesting similar processing speeds for upright and 180° rotated duplicates.",Inference Specification,"For all analyses, the alpha level was set at .05. For all pairwise comparisons, Bonferroni correction was used.","### RT pairwise comparisons
rt_data %>% ungroup () %>%
  t_test(Mean_Median_Reaction_Time~type,paired = T,var.equal = T , 
         p.adjust.method = ""bonferroni"") %>% print()
",match,"The code applies Bonferroni correction for the pairwise t-tests, which matches the paper’s stated inference procedure, and there is no indication of a different alpha level being used than the conventional .05. Thus, the implemented inference specification is consistent with the paper’s description.",,
besken,58,"In Experiment 3, a Bonferroni-corrected t-test compared identification RTs for rotated versus similar pairs. Rotated pairs were identified significantly faster than similar pairs, t(25) = 12.00, d = 2.36, p < .001, consistent with high fluency for rotated duplicates relative to non-identical exemplars.",Model Specification,"The means of the median RTs (see Table 2) were submitted to a repeated-measures ANOVA, excluding invalid trials (11.92%), using the criteria in Experiment 2. The analysis yielded a significant effect on response latency, F(3,75) = 64.18, MSE = 58,871.78, p < .001, ηp
2 = .72. Pairwise comparisons showed that identical pairs were identified faster than other pairs [ identical versus related: t(25) = 6.96, d = 1.36, p < .001, identical versus similar: t(25) = 11.8, d = 2.32, p < .001], except for the rotated pairs, t(25) = 2.29, d = 0.45, p = .185. Rotated pairs were identified faster than similar and related pairs [rotated versus similar: t(25) = 12.00, d = 2.36, p < .001; rotated versus related: t(25) = 6.59, d = 1.29, p < .001].","##########---------------------------------------Exp 3 RT----------------------------------------------
d3<- read.csv(file='identical-exp3.csv')

##Exclude:  Incorrect identification trials,No response trials
initial_trials <- nrow(d3)
d3<- d3 %>% filter(Slide1.ACC != ""0"")
excluded_trials1 <- initial_trials- nrow(d3) 

cat(""Total Excluded Trials after filtering Slide1.ACC != 0:"", excluded_trials1, ""\n"") 
#248 trials

# Calculate the percentages
percentage_excluded1<- (excluded_trials1 / initial_trials) * 100 # 11.92%


#median RT for every subject
median_reaction_times <- d3 %>%
  group_by(Subject,type) %>%
  mutate(Median_Reaction_Time = median(Slide1.RT))

# Step 2: Calculate Mean Median Reaction Time for Each Item Type
rt_data<- median_reaction_times %>%
  group_by(Subject,type) %>%
  summarise(Mean_Median_Reaction_Time = mean(Median_Reaction_Time))

#######################################

c2<- ezANOVA(data = rt_data ,
             dv = Mean_Median_Reaction_Time,
             wid = Subject,
             within = .(type),
             #between = .(bias),
             type = 2,
             return_aov = FALSE,
             detailed = T) %>%
  get_pes() %>% select(Effect,DFn,DFd,SSd,F,p,pes) %>% filter(Effect!='(Intercept)') %>%
  mutate_if(is.double,round,4) %>% pastey() %>% print()

### RT pairwise comparisons
rt_data %>% ungroup () %>%
  t_test(Mean_Median_Reaction_Time~type,paired = T,var.equal = T , 
         p.adjust.method = ""bonferroni"") %>% print()

rt_data %>% ungroup () %>%
  cohens_d(Mean_Median_Reaction_Time~type,paired = T,
           var.equal = T) %>% print()",match,"The code uses a repeated-measures ANOVA followed by paired-samples t-tests with Bonferroni correction between item types, matching the paper’s description of t-tests comparing identification RTs for rotated versus similar pairs within a within-subjects design. The specific rotated-vs-similar comparison is one of the pairwise contrasts implemented by the post-hoc t-tests.",,
besken,58,"In Experiment 3, a Bonferroni-corrected t-test compared identification RTs for rotated versus similar pairs. Rotated pairs were identified significantly faster than similar pairs, t(25) = 12.00, d = 2.36, p < .001, consistent with high fluency for rotated duplicates relative to non-identical exemplars.",Variable Specification,"Rotated pairs were identified faster than similar and related pairs [rotated versus similar: t(25) = 12.00, d = 2.36, p < .001; rotated versus related: t(25) = 6.59, d = 1.29, p < .001].","##########---------------------------------------Exp 3 RT----------------------------------------------
d3<- read.csv(file='identical-exp3.csv')

##Exclude:  Incorrect identification trials,No response trials
initial_trials <- nrow(d3)
d3<- d3 %>% filter(Slide1.ACC != ""0"")
excluded_trials1 <- initial_trials- nrow(d3) 

#median RT for every subject
median_reaction_times <- d3 %>%
  group_by(Subject,type) %>%
  mutate(Median_Reaction_Time = median(Slide1.RT))

# Step 2: Calculate Mean Median Reaction Time for Each Item Type
rt_data<- median_reaction_times %>%
  group_by(Subject,type) %>%
  summarise(Mean_Median_Reaction_Time = mean(Median_Reaction_Time))

#######################################

c2<- ezANOVA(data = rt_data ,
             dv = Mean_Median_Reaction_Time,
             wid = Subject,
             within = .(type),
             #between = .(bias),
             type = 2,
             return_aov = FALSE,
             detailed = T) %>%
  get_pes() %>% select(Effect,DFn,DFd,SSd,F,p,pes) %>% filter(Effect!='(Intercept)') %>%
  mutate_if(is.double,round,4) %>% pastey() %>% print()

### RT pairwise comparisons
rt_data %>% ungroup () %>%
  t_test(Mean_Median_Reaction_Time~type,paired = T,var.equal = T , 
         p.adjust.method = ""bonferroni"") %>% print()

rt_data %>% ungroup () %>%
  cohens_d(Mean_Median_Reaction_Time~type,paired = T,
           var.equal = T) %>% print()",match,"The paper describes comparing identification response times across pair types (rotated vs. similar, rotated vs. related), and the code uses reaction time as the dependent variable and stimulus type as the within-subject factor for paired t-tests. Thus, the variables’ roles (RT as outcome, pair type as the within-subject predictor) are aligned between the paper and the code.",,
besken,58,"In Experiment 3, a Bonferroni-corrected t-test compared identification RTs for rotated versus similar pairs. Rotated pairs were identified significantly faster than similar pairs, t(25) = 12.00, d = 2.36, p < .001, consistent with high fluency for rotated duplicates relative to non-identical exemplars.",Transformation Specification,"The means of the median RTs (see Table 2) were submitted to a repeated-measures ANOVA, excluding invalid trials (11.92%), using the criteria in Experiment 2.","d3<- read.csv(file='identical-exp3.csv')

##Exclude:  Incorrect identification trials,No response trials
initial_trials <- nrow(d3)
d3<- d3 %>% filter(Slide1.ACC != ""0"")
excluded_trials1 <- initial_trials- nrow(d3) 

cat(""Total Excluded Trials after filtering Slide1.ACC != 0:"", excluded_trials1, ""\n"") 
#248 trials

# Calculate the percentages
percentage_excluded1<- (excluded_trials1 / initial_trials) * 100 # 11.92%


#median RT for every subject
median_reaction_times <- d3 %>%
  group_by(Subject,type) %>%
  mutate(Median_Reaction_Time = median(Slide1.RT))

# Step 2: Calculate Mean Median Reaction Time for Each Item Type
rt_data<- median_reaction_times %>%
  group_by(Subject,type) %>%
  summarise(Mean_Median_Reaction_Time = mean(Median_Reaction_Time))",match,"The code applies the same transformations described in the paper: exclusion of invalid trials (11.92%) followed by computation of median RTs per subject and condition, and then the means of those medians for analysis. This aligns with the stated procedure of using means of median RTs after excluding invalid trials according to Experiment 2's criteria.",,
besken,58,"In Experiment 3, a Bonferroni-corrected t-test compared identification RTs for rotated versus similar pairs. Rotated pairs were identified significantly faster than similar pairs, t(25) = 12.00, d = 2.36, p < .001, consistent with high fluency for rotated duplicates relative to non-identical exemplars.",Inference Specification,"For all analyses, the alpha level was set at .05. For all pairwise comparisons, Bonferroni correction was used.","### RT pairwise comparisons
rt_data %>% ungroup () %>%
  t_test(Mean_Median_Reaction_Time~type,paired = T,var.equal = T , 
         p.adjust.method = ""bonferroni"") %>% print()",match,"The code applies Bonferroni correction for pairwise t-tests, consistent with the paper’s stated inference procedure and implicitly uses the standard alpha = .05. There is no indication in the code of a different alpha level or correction method.",,
besken,59,"In Experiment 3, a Bonferroni-corrected t-test compared identification RTs for rotated versus related pairs. Rotated pairs were categorized more quickly than related pairs, t(25) = 6.59, d = 1.29, p < .001, again indicating better fluency for orientation-changed duplicates than for semantic relations.",Model Specification,"The means of the median RTs (see Table 2) were submitted to a repeated-measures ANOVA, excluding invalid trials (11.92%), using the criteria in Experiment 2. The analysis yielded a significant effect on response latency, F(3,75) = 64.18, MSE = 58,871.78, p < .001, ηp2 = .72. Pairwise comparisons showed that identical pairs were identified faster than other pairs [ identical versus related: t(25) = 6.96, d = 1.36, p < .001, identical versus similar: t(25) = 11.8, d = 2.32, p < .001], except for the rotated pairs, t(25) = 2.29, d = 0.45, p = .185. Rotated pairs were identified faster than similar and related pairs [rotated versus similar: t(25) = 12.00, d = 2.36, p < .001; rotated versus related: t(25) = 6.59, d = 1.29, p < .001]. For all analyses, the alpha level was set at .05. For all pairwise comparisons, Bonferroni correction was used.","c2<- ezANOVA(data = rt_data ,
             dv = Mean_Median_Reaction_Time,
             wid = Subject,
             within = .(type),
             #between = .(bias),
             type = 2,
             return_aov = FALSE,
             detailed = T) %>%
  get_pes() %>% select(Effect,DFn,DFd,SSd,F,p,pes) %>% filter(Effect!='(Intercept)') %>%
  mutate_if(is.double,round,4) %>% pastey() %>% print()

### RT pairwise comparisons
rt_data %>% ungroup () %>%
  t_test(Mean_Median_Reaction_Time~type,paired = T,var.equal = T , 
         p.adjust.method = ""bonferroni"") %>% print()",match,"The paper describes a repeated-measures ANOVA followed by Bonferroni-corrected paired t-tests between conditions (including rotated vs. related), and the code implements exactly this model structure. The code runs a within-subjects ANOVA on type and then conducts paired t-tests with Bonferroni adjustment across type levels.",,
besken,59,"In Experiment 3, a Bonferroni-corrected t-test compared identification RTs for rotated versus related pairs. Rotated pairs were categorized more quickly than related pairs, t(25) = 6.59, d = 1.29, p < .001, again indicating better fluency for orientation-changed duplicates than for semantic relations.",Variable Specification,"The means of the median RTs (see Table 2) were submitted to a repeated-measures ANOVA, excluding invalid trials (11.92%), using the criteria in Experiment 2. The analysis yielded a significant effect on response latency, F(3,75) = 64.18, MSE = 58,871.78, p < .001, ηp2 = .72. Pairwise comparisons showed that identical pairs were identified faster than other pairs [ identical versus related: t(25) = 6.96, d = 1.36, p < .001, identical versus similar: t(25) = 11.8, d = 2.32, p < .001], except for the rotated pairs, t(25) = 2.29, d = 0.45, p = .185. Rotated pairs were identified faster than similar and related pairs [rotated versus similar: t(25) = 12.00, d = 2.36, p < .001; rotated versus related: t(25) = 6.59, d = 1.29, p < .001]. Similar and related pairs’ identification time did not differ t(25) = 2.70, d = 0.53, p = .074.","##########---------------------------------------Exp 3 RT----------------------------------------------
d3<- read.csv(file='identical-exp3.csv')

##Exclude:  Incorrect identification trials,No response trials
initial_trials <- nrow(d3)
d3<- d3 %>% filter(Slide1.ACC != ""0"")
excluded_trials1 <- initial_trials- nrow(d3) 

cat(""Total Excluded Trials after filtering Slide1.ACC != 0:"", excluded_trials1, ""\n"") 
#248 trials

# Calculate the percentages
percentage_excluded1<- (excluded_trials1 / initial_trials) * 100 # 11.92%


#median RT for every subject
median_reaction_times <- d3 %>%
  group_by(Subject,type) %>%
  mutate(Median_Reaction_Time = median(Slide1.RT))

# Step 2: Calculate Mean Median Reaction Time for Each Item Type
rt_data<- median_reaction_times %>%
  group_by(Subject,type) %>%
  summarise(Mean_Median_Reaction_Time = mean(Median_Reaction_Time))

#######################################

c2<- ezANOVA(data = rt_data ,
             dv = Mean_Median_Reaction_Time,
             wid = Subject,
             within = .(type),
             #between = .(bias),
             type = 2,
             return_aov = FALSE,
             detailed = T) %>%
  get_pes() %>% select(Effect,DFn,DFd,SSd,F,p,pes) %>% filter(Effect!='(Intercept)') %>%
  mutate_if(is.double,round,4) %>% pastey() %>% print()

### RT pairwise comparisons
rt_data %>% ungroup () %>%
  t_test(Mean_Median_Reaction_Time~type,paired = T,var.equal = T , 
         p.adjust.method = ""bonferroni"") %>% print()

rt_data %>% ungroup () %>%
  cohens_d(Mean_Median_Reaction_Time~type,paired = T,
           var.equal = T) %>% print()


###rotated and identical is not different, similar and related are not different, 
exp3_rt_data<- rt_data",match,"The code uses median reaction times as the dependent variable and item type (identical, rotated, similar, related) as the within-subject factor, matching the paper’s description of using means of median RTs by pair type for ANOVA and Bonferroni-corrected t-tests. The specific rotated-versus-related comparison is implemented as part of the pairwise t-tests on the same RT measure and factor structure described in the paper.",,
besken,59,"In Experiment 3, a Bonferroni-corrected t-test compared identification RTs for rotated versus related pairs. Rotated pairs were categorized more quickly than related pairs, t(25) = 6.59, d = 1.29, p < .001, again indicating better fluency for orientation-changed duplicates than for semantic relations.",Transformation Specification,"The means of the median RTs (see Table 2) were submitted to a repeated-measures ANOVA, excluding invalid trials (11.92%), using the criteria in Experiment 2.","##########---------------------------------------Exp 3 RT----------------------------------------------
d3<- read.csv(file='identical-exp3.csv')

##Exclude:  Incorrect identification trials,No response trials
initial_trials <- nrow(d3)
d3<- d3 %>% filter(Slide1.ACC != ""0"")
excluded_trials1 <- initial_trials- nrow(d3) 

cat(""Total Excluded Trials after filtering Slide1.ACC != 0:"", excluded_trials1, ""\n"") 
#248 trials

# Calculate the percentages
percentage_excluded1<- (excluded_trials1 / initial_trials) * 100 # 11.92%


#median RT for every subject
median_reaction_times <- d3 %>%
  group_by(Subject,type) %>%
  mutate(Median_Reaction_Time = median(Slide1.RT))

# Step 2: Calculate Mean Median Reaction Time for Each Item Type
rt_data<- median_reaction_times %>%
  group_by(Subject,type) %>%
  summarise(Mean_Median_Reaction_Time = mean(Median_Reaction_Time))

#######################################

c2<- ezANOVA(data = rt_data ,
             dv = Mean_Median_Reaction_Time,
             wid = Subject,
             within = .(type),
             #between = .(bias),
             type = 2,
             return_aov = FALSE,
             detailed = T) %>%
  get_pes() %>% select(Effect,DFn,DFd,SSd,F,p,pes) %>% filter(Effect!='(Intercept)') %>%
  mutate_if(is.double,round,4) %>% pastey() %>% print()

### RT pairwise comparisons
rt_data %>% ungroup () %>%
  t_test(Mean_Median_Reaction_Time~type,paired = T,var.equal = T , 
         p.adjust.method = ""bonferroni"") %>% print()

rt_data %>% ungroup () %>%
  cohens_d(Mean_Median_Reaction_Time~type,paired = T,
           var.equal = T) %>% print()


###rotated and identical is not different, similar and related are not different, 
exp3_rt_data<- rt_data",match,The code applies the same transformations described in the paper: it excludes invalid trials (incorrect/no-response; 11.92%) and analyzes means of median RTs by subject and condition before conducting Bonferroni-corrected t-tests. These steps align with the paper’s statement that means of median RTs were analyzed after excluding invalid trials using the Experiment 2 criteria.,,
besken,59,"In Experiment 3, a Bonferroni-corrected t-test compared identification RTs for rotated versus related pairs. Rotated pairs were categorized more quickly than related pairs, t(25) = 6.59, d = 1.29, p < .001, again indicating better fluency for orientation-changed duplicates than for semantic relations.",Inference Specification,"For all analyses, the alpha level was set at .05. For all pairwise comparisons, Bonferroni correction was used.","##########---------------------------------------Exp 3 RT----------------------------------------------
...
### RT pairwise comparisons
rt_data %>% ungroup () %>%
  t_test(Mean_Median_Reaction_Time~type,paired = T,var.equal = T , 
         p.adjust.method = ""bonferroni"") %>% print()",match,"The code applies Bonferroni correction to the pairwise t-tests, consistent with the paper’s stated inference procedure, and there is no indication of a different alpha level than .05.",,
besken,60,"In Experiment 3, a Bonferroni-corrected t-test compared identification RTs for similar versus related pairs. The difference was nonsignificant, t(25) = 2.70, d = 0.53, p = .074, suggesting broadly similar processing times for exemplars and conceptual associates.",Model Specification,"For Experiment 3 identification RTs, ""The means of the median RTs (see Table 2) were submitted to a repeated-measures ANOVA, excluding invalid trials (11.92%), using the criteria in Experiment 2. The analysis yielded a significant effect on response latency, F(3,75) = 64.18, MSE = 58,871.78, p < .001, ηp2 = .72. ... Similar and related pairs’ identification time did not differ t(25) = 2.70, d = 0.53, p = .074."" Additionally, the authors note that ""For all pairwise comparisons, Bonferroni correction was used.""","##########---------------------------------------Exp 3 RT----------------------------------------------
d3<- read.csv(file='identical-exp3.csv')

##Exclude:  Incorrect identification trials,No response trials
initial_trials <- nrow(d3)
d3<- d3 %>% filter(Slide1.ACC != ""0"")
excluded_trials1 <- initial_trials- nrow(d3) 

cat(""Total Excluded Trials after filtering Slide1.ACC != 0:"", excluded_trials1, ""\n"") 
#248 trials

# Calculate the percentages
percentage_excluded1<- (excluded_trials1 / initial_trials) * 100 # 11.92%


#median RT for every subject
median_reaction_times <- d3 %>%
  group_by(Subject,type) %>%
  mutate(Median_Reaction_Time = median(Slide1.RT))

# Step 2: Calculate Mean Median Reaction Time for Each Item Type
rt_data<- median_reaction_times %>%
  group_by(Subject,type) %>%
  summarise(Mean_Median_Reaction_Time = mean(Median_Reaction_Time))

#######################################

c2<- ezANOVA(data = rt_data ,
             dv = Mean_Median_Reaction_Time,
             wid = Subject,
             within = .(type),
             #between = .(bias),
             type = 2,
             return_aov = FALSE,
             detailed = T) %>%
  get_pes() %>% select(Effect,DFn,DFd,SSd,F,p,pes) %>% filter(Effect!='(Intercept)') %>%
  mutate_if(is.double,round,4) %>% pastey() %>% print()

### RT pairwise comparisons
rt_data %>% ungroup () %>%
  t_test(Mean_Median_Reaction_Time~type,paired = T,var.equal = T , 
         p.adjust.method = ""bonferroni"") %>% print()

rt_data %>% ungroup () %>%
  cohens_d(Mean_Median_Reaction_Time~type,paired = T,
           var.equal = T) %>% print()",match,"The code uses a repeated-measures ANOVA followed by Bonferroni-corrected paired t-tests, matching the model specifications described in the paper for Experiment 3 identification RTs. While the code runs pairwise tests across all levels of 'type', the use of paired t-tests with Bonferroni correction aligns with the paper’s stated approach for comparing similar versus related pairs.",,
besken,60,"In Experiment 3, a Bonferroni-corrected t-test compared identification RTs for similar versus related pairs. The difference was nonsignificant, t(25) = 2.70, d = 0.53, p = .074, suggesting broadly similar processing times for exemplars and conceptual associates.",Variable Specification,"Similar and related pairs ’ identification time did not differ t(25) = 2.70, d = 0.53, p = .074.","##########---------------------------------------Exp 3 RT----------------------------------------------
d3<- read.csv(file='identical-exp3.csv')

##Exclude:  Incorrect identification trials,No response trials
initial_trials <- nrow(d3)
d3<- d3 %>% filter(Slide1.ACC != ""0"")
excluded_trials1 <- initial_trials- nrow(d3) 

cat(""Total Excluded Trials after filtering Slide1.ACC != 0:"", excluded_trials1, ""\n"") 
#248 trials

# Calculate the percentages
percentage_excluded1<- (excluded_trials1 / initial_trials) * 100 # 11.92%


#median RT for every subject
median_reaction_times <- d3 %>%
  group_by(Subject,type) %>%
  mutate(Median_Reaction_Time = median(Slide1.RT))

# Step 2: Calculate Mean Median Reaction Time for Each Item Type
rt_data<- median_reaction_times %>%
  group_by(Subject,type) %>%
  summarise(Mean_Median_Reaction_Time = mean(Median_Reaction_Time))

#######################################

c2<- ezANOVA(data = rt_data ,
             dv = Mean_Median_Reaction_Time,
             wid = Subject,
             within = .(type),
             #between = .(bias),
             type = 2,
             return_aov = FALSE,
             detailed = T) %>%
  get_pes() %>% select(Effect,DFn,DFd,SSd,F,p,pes) %>% filter(Effect!='(Intercept)') %>%
  mutate_if(is.double,round,4) %>% pastey() %>% print()

### RT pairwise comparisons
rt_data %>% ungroup () %>%
  t_test(Mean_Median_Reaction_Time~type,paired = T,var.equal = T , 
         p.adjust.method = ""bonferroni"") %>% print()

rt_data %>% ungroup () %>%
  cohens_d(Mean_Median_Reaction_Time~type,paired = T,
           var.equal = T) %>% print()",match,"The code uses identification reaction time as the dependent variable and pair type (including similar vs. related) as the within-subject predictor in a Bonferroni-corrected paired t-test, consistent with the paper’s description. Thus, the variables and their roles in the analysis align between paper and code.",,
besken,60,"In Experiment 3, a Bonferroni-corrected t-test compared identification RTs for similar versus related pairs. The difference was nonsignificant, t(25) = 2.70, d = 0.53, p = .074, suggesting broadly similar processing times for exemplars and conceptual associates.",Transformation Specification,"The means of the median RTs (see Table 2) were submitted to a repeated-measures ANOVA, excluding invalid trials (11.92%), using the criteria in Experiment 2.","##########---------------------------------------Exp 3 RT----------------------------------------------
d3<- read.csv(file='identical-exp3.csv')

##Exclude:  Incorrect identification trials,No response trials
initial_trials <- nrow(d3)
d3<- d3 %>% filter(Slide1.ACC != ""0"")
excluded_trials1 <- initial_trials- nrow(d3) 

cat(""Total Excluded Trials after filtering Slide1.ACC != 0:"", excluded_trials1, ""\n"") 
#248 trials

# Calculate the percentages
percentage_excluded1<- (excluded_trials1 / initial_trials) * 100 # 11.92%


#median RT for every subject
median_reaction_times <- d3 %>%
  group_by(Subject,type) %>%
  mutate(Median_Reaction_Time = median(Slide1.RT))

# Step 2: Calculate Mean Median Reaction Time for Each Item Type
rt_data<- median_reaction_times %>%
  group_by(Subject,type) %>%
  summarise(Mean_Median_Reaction_Time = mean(Median_Reaction_Time))

#######################################

c2<- ezANOVA(data = rt_data ,
             dv = Mean_Median_Reaction_Time,
             wid = Subject,
             within = .(type),
             #between = .(bias),
             type = 2,
             return_aov = FALSE,
             detailed = T) %>%
  get_pes() %>% select(Effect,DFn,DFd,SSd,F,p,pes) %>% filter(Effect!='(Intercept)') %>%
  mutate_if(is.double,round,4) %>% pastey() %>% print()

### RT pairwise comparisons
rt_data %>% ungroup () %>%
  t_test(Mean_Median_Reaction_Time~type,paired = T,var.equal = T , 
         p.adjust.method = ""bonferroni"") %>% print()

rt_data %>% ungroup () %>%
  cohens_d(Mean_Median_Reaction_Time~type,paired = T,
           var.equal = T) %>% print()",match,The code applies the same transformations described in the paper: exclusion of invalid trials (11.92%) and the use of median RTs per subject and condition for analysis. The resulting subject-level RT measure (Mean_Median_Reaction_Time) is consistent with the paper’s description of using means of median RTs in the ANOVA and follow-up t-test.,,
besken,60,"In Experiment 3, a Bonferroni-corrected t-test compared identification RTs for similar versus related pairs. The difference was nonsignificant, t(25) = 2.70, d = 0.53, p = .074, suggesting broadly similar processing times for exemplars and conceptual associates.",Inference Specification,"For all analyses, the alpha level was set at .05. For all pairwise comparisons, Bonferroni correction was used.","### RT pairwise comparisons
rt_data %>% ungroup () %>%
  t_test(Mean_Median_Reaction_Time~type,paired = T,var.equal = T , 
         p.adjust.method = ""bonferroni"") %>% print()",match,"The code applies Bonferroni correction for pairwise t-tests, consistent with the paper’s stated inference procedure using Bonferroni-corrected comparisons at alpha = .05. No conflicting inference criteria are indicated in the code.",,
besken,61,"In Experiment 3, a repeated-measures ANOVA tested whether JOL ratings differed across identical, rotated, similar, and related pairs (after exclusions). JOLs varied significantly by pair type, F(3,75) = 8.00, MSE = 106.28, p < .001, ηp² = .25, indicating that participants’ predictions were modulated by both identity and relational structure.",Model Specification,"For JOLs, the same exclusion criteria were used as in Experiment 2 (exclusion rate = 12.35%). Figure 2C shows the JOL ratings across the four pair types. A single-factor repeated measures ANOVA revealed significantly different JOLs for each pair type, F(3, 75) = 8.00, MSE = 106.28, p < .001, ηp
2 = .25.","s3<- d3b %>%
  group_by(Subject, type) %>%
  summarise(mean_conf = mean(as.numeric(confidence.RESP), na.rm = TRUE))

b2<- ezANOVA(data = s3,
             dv = mean_conf,
             wid = Subject,
             within = .(type),
             #between = .(bias),
             type = 2,
             return_aov = FALSE,
             detailed = T) %>%
  get_pes() %>% select(Effect,DFn,DFd,SSd,F,p,pes) %>% filter(Effect!='(Intercept)') %>%
  mutate_if(is.double,round,4) %>% pastey() %>% print()",match,"The code implements a single-factor repeated-measures ANOVA with pair type as a within-subject factor on mean JOL ratings, matching the paper’s description. Both sources describe a repeated-measures ANOVA over the four pair types for JOL/confidence ratings after aggregating by subject and type.",,
besken,61,"In Experiment 3, a repeated-measures ANOVA tested whether JOL ratings differed across identical, rotated, similar, and related pairs (after exclusions). JOLs varied significantly by pair type, F(3,75) = 8.00, MSE = 106.28, p < .001, ηp² = .25, indicating that participants’ predictions were modulated by both identity and relational structure.",Variable Specification,"For JOLs, the same exclusion criteria were used as in Experiment 2 (exclusion rate = 12.35%). Figure 2C shows the JOL ratings across the four pair types. A single-factor repeated measures ANOVA revealed significantly different JOLs for each pair type, F(3, 75) = 8.00, MSE = 106.28, p < .001, ηp² = .25. Pairwise comparisons for each pair type demonstrated that identical pairs produced higher JOL ratings than similar pairs, t(25) = 3.90, d = 0.76, p = .004, but they did not significantly differ from related pairs, t(25) = 1.16, d = 0.23, p = 1.00. Importantly, identical pairs produced significantly higher JOLs than rotated pairs, t(25) = 4.05, d = 0.79, p = .003. Moreover, rotated pairs did not differ from related and similar pairs [rotated versus similar: t(25) = 0.80, d = 0.16, p = 1.00, rotated versus related: t(25) = 2.05, d = 0.40, p = .304]. Finally, related pairs produced higher JOLs than similar pairs, t(25) = 4.51, d = 0.88, p < .001.","s3<- d3b %>%
  group_by(Subject, type) %>%
  summarise(mean_conf = mean(as.numeric(confidence.RESP), na.rm = TRUE))

b2<- ezANOVA(data = s3,
             dv = mean_conf,
             wid = Subject,
             within = .(type),
             #between = .(bias),
             type = 2,
             return_aov = FALSE,
             detailed = T) %>%
  get_pes() %>% select(Effect,DFn,DFd,SSd,F,p,pes) %>% filter(Effect!='(Intercept)') %>%
  mutate_if(is.double,round,4) %>% pastey() %>% print()

s3_jol<-s3

### JOL pairwise comparisons

s3 %>% ungroup () %>%
  t_test(mean_conf~type,paired = T,var.equal = T , 
         p.adjust.method = ""bonferroni"") %>% print()

s3 %>% ungroup () %>%
  cohens_d(mean_conf~type,paired = T,
           var.equal = T) %>% print()

s3_table<- s3%>%group_by(type)%>%
  summarise(mean(mean_conf),
            sd(mean_conf))",match,"The code uses mean JOL ratings as the dependent variable and pair type as the within-subject factor, consistent with the paper’s description of a repeated-measures ANOVA on JOLs across four pair types. No additional variables are introduced that would change the specified roles in the analysis.",,
besken,61,"In Experiment 3, a repeated-measures ANOVA tested whether JOL ratings differed across identical, rotated, similar, and related pairs (after exclusions). JOLs varied significantly by pair type, F(3,75) = 8.00, MSE = 106.28, p < .001, ηp² = .25, indicating that participants’ predictions were modulated by both identity and relational structure.",Transformation Specification,"For JOLs, the same exclusion criteria were used as in Experiment 2 (exclusion rate = 12.35%).","##########--------------------------------Exp 3 JOL------------------------
#Exclude: Incorrect encoding trials, No response in JOLs, Response out of 0-100 range
d3<- read.csv(file='identical-exp3.csv')

initial_trials <- nrow(d3)  # Initial total number of trials
d3<- d3 %>% filter(Slide1.ACC != ""0"")
excluded_trials1 <- initial_trials - nrow(d3)  # Excluded trials after filtering Slide1.ACC != 0
#248 trials 
# after this cleaning there is no trial having ""0"" encoding reaction time 

d3a <- d3%>% filter(JOL_entered!=""0"")
excluded_trials2 <- nrow(d3)-nrow(d3a)
# there is 4 other Excluded trials due to no response to JOL
#after removing incorrect acc ones

d3b <- d3a%>% filter(confidence.RESP!=""NA"")
excluded_trials3 <- nrow(d3a)-nrow(d3b)
#out of range =5 


# Print or report the counts
cat(""Total Excluded Trials after filtering Slide1.ACC != 0:"", excluded_trials1, ""\n"")
cat(""Total Excluded Trials after removing NA responses:"", excluded_trials2, ""\n"")
cat(""Total Excluded Trials after out of range responses:"", excluded_trials3, ""\n"")

# Calculate the percentages
percentage_excluded1 <- (excluded_trials1 / initial_trials) * 100 ## 11.9%
percentage_excluded2 <- (excluded_trials2 / initial_trials) * 100 ## .19%
percentage_excluded3 <- (excluded_trials3 / initial_trials) * 100 ## .24%


s3<- d3b %>%
  group_by(Subject, type) %>%
  summarise(mean_conf = mean(as.numeric(confidence.RESP), na.rm = TRUE))",match,"The code applies the same exclusions described in the paper (incorrect encoding trials, missing JOLs, and invalid JOL values) and produces an overall exclusion rate that matches the reported rate, then computes mean JOLs per subject and pair type for the ANOVA. There is no indication of additional or missing transformations relative to the description.",,
besken,61,"In Experiment 3, a repeated-measures ANOVA tested whether JOL ratings differed across identical, rotated, similar, and related pairs (after exclusions). JOLs varied significantly by pair type, F(3,75) = 8.00, MSE = 106.28, p < .001, ηp² = .25, indicating that participants’ predictions were modulated by both identity and relational structure.",Inference Specification,"For all analyses, the alpha level was set at .05. For all pairwise comparisons, Bonferroni correction was used.

""A single-factor repeated measures ANOVA revealed significantly different JOLs for each pair type, F(3, 75) = 8.00, MSE = 106.28, p < .001, ηp² = .25.""","b2<- ezANOVA(data = s3,
             dv = mean_conf,
             wid = Subject,
             within = .(type),
             #between = .(bias),
             type = 2,
             return_aov = FALSE,
             detailed = T) %>%
  get_pes() %>% select(Effect,DFn,DFd,SSd,F,p,pes) %>% filter(Effect!='(Intercept)') %>%
  mutate_if(is.double,round,4) %>% pastey() %>% print()

s3 %>% ungroup () %>%
  t_test(mean_conf~type,paired = T,var.equal = T , 
         p.adjust.method = \""bonferroni\"") %>% print()",match,"The code conducts a repeated-measures ANOVA and uses Bonferroni correction for pairwise tests, consistent with the paper’s stated inference criteria (α = .05, Bonferroni for pairwise comparisons). Although α is not explicitly set in the code, the default inferential framework with reported p-values and Bonferroni adjustment aligns with the described inference specification.",,
besken,62,"In Experiment 3, a Bonferroni-corrected t-test compared JOLs for identical versus similar pairs. Identical pairs received significantly higher JOLs than similar pairs, t(25) = 3.90, d = 0.76, p = .004, replicating the identical effect even when similar exemplars and rotated items were present.",Model Specification,"For JOLs, the same exclusion criteria were used as in Experiment 2 (exclusion rate = 12.35%). Figure 2C shows the JOL ratings across the four pair types. A single-factor repeated measures ANOVA revealed significantly different JOLs for each pair type, F(3, 75) = 8.00, MSE = 106.28, p < .001, ηp2 = .25. Pairwise comparisons for each pair type demonstrated that identical pairs produced higher JOL ratings than similar pairs, t(25) = 3.90, d = 0.76, p = .004, but they did not significantly differ from related pairs, t(25) = 1.16 ,d = 0.23, p = 1.00.","##########--------------------------------Exp 3 JOL------------------------
#Exclude: Incorrect encoding trials, No response in JOLs, Response out of 0-100 range
d3<- read.csv(file='identical-exp3.csv')

initial_trials <- nrow(d3)  # Initial total number of trials
d3<- d3 %>% filter(Slide1.ACC != ""0"")
excluded_trials1 <- initial_trials - nrow(d3)  # Excluded trials after filtering Slide1.ACC != 0
#248 trials 
# after this cleaning there is no trial having ""0"" encoding reaction time 

d3a <- d3%>% filter(JOL_entered!=""0"")
excluded_trials2 <- nrow(d3)-nrow(d3a)
# there is 4 other Excluded trials due to no response to JOL
#after removing incorrect acc ones

d3b <- d3a%>% filter(confidence.RESP!=""NA"")
excluded_trials3 <- nrow(d3a)-nrow(d3b)
#out of range =5 


# Print or report the counts
cat(""Total Excluded Trials after filtering Slide1.ACC != 0:"", excluded_trials1, ""\n"")
cat(""Total Excluded Trials after removing NA responses:"", excluded_trials2, ""\n"")
cat(""Total Excluded Trials after out of range responses:"", excluded_trials3, ""\n"")

# Calculate the percentages
percentage_excluded1 <- (excluded_trials1 / initial_trials) * 100 ## 11.9%
percentage_excluded2 <- (excluded_trials2 / initial_trials) * 100 ## .19%
percentage_excluded3 <- (excluded_trials3 / initial_trials) * 100 ## .24%


s3<- d3b %>%
  group_by(Subject, type) %>%
  summarise(mean_conf = mean(as.numeric(confidence.RESP), na.rm = TRUE))

b2<- ezANOVA(data = s3,
             dv = mean_conf,
             wid = Subject,
             within = .(type),
             #between = .(bias),
             type = 2,
             return_aov = FALSE,
             detailed = T) %>%
  get_pes() %>% select(Effect,DFn,DFd,SSd,F,p,pes) %>% filter(Effect!='(Intercept)') %>%
  mutate_if(is.double,round,4) %>% pastey() %>% print()

s3_jol<-s3

### JOL pairwise comparisons

s3 %>% ungroup () %>%
  t_test(mean_conf~type,paired = T,var.equal = T , 
         p.adjust.method = ""bonferroni"") %>% print()

s3 %>% ungroup () %>%
  cohens_d(mean_conf~type,paired = T,
           var.equal = T) %>% print()",match,"The code implements a within-subjects ANOVA followed by Bonferroni-corrected paired t-tests, matching the paper’s description of a single-factor repeated measures ANOVA and pairwise t-tests with Bonferroni correction for JOLs.",,
besken,62,"In Experiment 3, a Bonferroni-corrected t-test compared JOLs for identical versus similar pairs. Identical pairs received significantly higher JOLs than similar pairs, t(25) = 3.90, d = 0.76, p = .004, replicating the identical effect even when similar exemplars and rotated items were present.",Variable Specification,"Figure 2C shows the JOL ratings across the four pair types. A single-factor repeated measures ANOVA revealed significantly different JOLs for each pair type, F(3, 75) = 8.00, MSE = 106.28, p < .001, ηp2 = .25. Pairwise comparisons for each pair type demonstrated that identical pairs produced higher JOL ratings than similar pairs, t(25) = 3.90, d = 0.76, p = .004, but they did not significantly differ from related pairs, t(25) = 1.16 ,d = 0.23, p = 1.00.","##########--------------------------------Exp 3 JOL------------------------
#Exclude: Incorrect encoding trials, No response in JOLs, Response out of 0-100 range
d3<- read.csv(file='identical-exp3.csv')

initial_trials <- nrow(d3)  # Initial total number of trials
d3<- d3 %>% filter(Slide1.ACC != ""0"")
excluded_trials1 <- initial_trials - nrow(d3)  # Excluded trials after filtering Slide1.ACC != 0
#248 trials 
# after this cleaning there is no trial having ""0"" encoding reaction time 

d3a <- d3%>% filter(JOL_entered!=""0"")
excluded_trials2 <- nrow(d3)-nrow(d3a)
# there is 4 other Excluded trials due to no response to JOL
#after removing incorrect acc ones

d3b <- d3a%>% filter(confidence.RESP!=""NA"")
excluded_trials3 <- nrow(d3a)-nrow(d3b)
#out of range =5 


s3<- d3b %>%
  group_by(Subject, type) %>%
  summarise(mean_conf = mean(as.numeric(confidence.RESP), na.rm = TRUE))

b2<- ezANOVA(data = s3,
             dv = mean_conf,
             wid = Subject,
             within = .(type),
             #between = .(bias),
             type = 2,
             return_aov = FALSE,
             detailed = T) %>%
  get_pes() %>% select(Effect,DFn,DFd,SSd,F,p,pes) %>% filter(Effect!='(Intercept)') %>%
  mutate_if(is.double,round,4) %>% pastey() %>% print()

s3_jol<-s3

### JOL pairwise comparisons

s3 %>% ungroup () %>%
  t_test(mean_conf~type,paired = T,var.equal = T , 
         p.adjust.method = ""bonferroni"") %>% print()

s3 %>% ungroup () %>%
  cohens_d(mean_conf~type,paired = T,
           var.equal = T) %>% print()",match,"The code uses mean JOL ratings as the dependent variable and pair type (including identical vs similar) as the within-subject factor, matching the paper’s description of comparing JOLs across pair types and specifically between identical and similar pairs.",,
besken,62,"In Experiment 3, a Bonferroni-corrected t-test compared JOLs for identical versus similar pairs. Identical pairs received significantly higher JOLs than similar pairs, t(25) = 3.90, d = 0.76, p = .004, replicating the identical effect even when similar exemplars and rotated items were present.",Transformation Specification,"For JOLs, the same exclusion criteria were used as in Experiment 2 (exclusion rate = 12.35%). For JOLs, all trials in which the participants misidentified the pair types during encoding or failed to enter a value between 0 and 100 for JOLs were excluded from the analyses (exclusion rate = 9.06%).","##########--------------------------------Exp 3 JOL------------------------
#Exclude: Incorrect encoding trials, No response in JOLs, Response out of 0-100 range
d3<- read.csv(file='identical-exp3.csv')

initial_trials <- nrow(d3)  # Initial total number of trials
d3<- d3 %>% filter(Slide1.ACC != ""0"")
excluded_trials1 <- initial_trials - nrow(d3)  # Excluded trials after filtering Slide1.ACC != 0
#248 trials 
# after this cleaning there is no trial having ""0"" encoding reaction time 

d3a <- d3%>% filter(JOL_entered!=""0"")
excluded_trials2 <- nrow(d3)-nrow(d3a)
# there is 4 other Excluded trials due to no response to JOL
#after removing incorrect acc ones

d3b <- d3a%>% filter(confidence.RESP!=""NA"")
excluded_trials3 <- nrow(d3a)-nrow(d3b)
#out of range =5 


# Print or report the counts
cat(""Total Excluded Trials after filtering Slide1.ACC != 0:"", excluded_trials1, ""\n"")
cat(""Total Excluded Trials after removing NA responses:"", excluded_trials2, ""\n"")
cat(""Total Excluded Trials after out of range responses:"", excluded_trials3, ""\n"")

# Calculate the percentages
percentage_excluded1 <- (excluded_trials1 / initial_trials) * 100 ## 11.9%
percentage_excluded2 <- (excluded_trials2 / initial_trials) * 100 ## .19%
percentage_excluded3 <- (excluded_trials3 / initial_trials) * 100 ## .24%


s3<- d3b %>%
  group_by(Subject, type) %>%
  summarise(mean_conf = mean(as.numeric(confidence.RESP), na.rm = TRUE))",match,"The code excludes incorrect encoding trials and JOL trials with missing or invalid responses, then computes mean JOLs by subject and pair type, which aligns with the paper’s described exclusion criteria and use of JOL data. Any potential ambiguity about how out-of-range JOLs are coded (e.g., as NA) is consistent with the paper’s description of excluding values not between 0 and 100.",,
besken,62,"In Experiment 3, a Bonferroni-corrected t-test compared JOLs for identical versus similar pairs. Identical pairs received significantly higher JOLs than similar pairs, t(25) = 3.90, d = 0.76, p = .004, replicating the identical effect even when similar exemplars and rotated items were present.",Inference Specification,"For all analyses, the alpha level was set at .05. For all pairwise comparisons, Bonferroni correction was used.","### JOL pairwise comparisons

s3 %>% ungroup () %>%
  t_test(mean_conf~type,paired = T,var.equal = T , 
         p.adjust.method = ""bonferroni"") %>% print()",match,"The code applies Bonferroni correction for the paired t-test pairwise comparisons, matching the paper’s stated inference procedure, and there is no conflict with the global alpha = .05 assumption. The absence of an explicit alpha setting in the code does not contradict the paper’s specification.",,
besken,63,"In Experiment 3, a Bonferroni-corrected t-test compared JOLs for identical versus related pairs. JOLs for identical and related pairs did not differ significantly, t(25) = 1.16, d = 0.23, p = 1.00, suggesting comparable predicted memorability for identity and conceptual relations under these conditions.",Model Specification,"A single-factor repeated measures ANOVA revealed significantly different JOLs for each pair type, F(3, 75) = 8.00, MSE = 106.28, p < .001, ηp2 = .25. Pairwise comparisons for each pair type demonstrated that identical pairs produced higher JOL ratings than similar pairs, t(25) = 3.90, d = 0.76, p = .004, but they did not significantly differ from related pairs, t(25) = 1.16 ,d = 0.23, p = 1.00.","s3<- d3b %>%
  group_by(Subject, type) %>%
  summarise(mean_conf = mean(as.numeric(confidence.RESP), na.rm = TRUE))

b2<- ezANOVA(data = s3,
             dv = mean_conf,
             wid = Subject,
             within = .(type),
             #between = .(bias),
             type = 2,
             return_aov = FALSE,
             detailed = T) %>%
  get_pes() %>% select(Effect,DFn,DFd,SSd,F,p,pes) %>% filter(Effect!='(Intercept)') %>%
  mutate_if(is.double,round,4) %>% pastey() %>% print()

### JOL pairwise comparisons

s3 %>% ungroup () %>%
  t_test(mean_conf~type,paired = T,var.equal = T , 
         p.adjust.method = ""bonferroni"") %>% print()

s3 %>% ungroup () %>%
  cohens_d(mean_conf~type,paired = T,
           var.equal = T) %>% print()",match,"The code implements a within-subjects (repeated measures) ANOVA and Bonferroni-corrected paired t-tests between pair types, matching the paper’s description of the model used for comparing JOLs for identical versus related pairs.",,
besken,63,"In Experiment 3, a Bonferroni-corrected t-test compared JOLs for identical versus related pairs. JOLs for identical and related pairs did not differ significantly, t(25) = 1.16, d = 0.23, p = 1.00, suggesting comparable predicted memorability for identity and conceptual relations under these conditions.",Variable Specification,"For JOLs, the same exclusion criteria were used as in Experiment 2 (exclusion rate = 12.35%). Figure 2C shows the JOL ratings across the four pair types. A single-factor repeated measures ANOVA revealed significantly different JOLs for each pair type, F(3, 75) = 8.00, MSE = 106.28, p < .001, ηp2 = .25. Pairwise comparisons for each pair type demonstrated that identical pairs produced higher JOL ratings than similar pairs, t(25) = 3.90, d = 0.76, p = .004, but they did not significantly differ from related pairs, t(25) = 1.16 ,d = 0.23, p = 1.00.","s3<- d3b %>%
  group_by(Subject, type) %>%
  summarise(mean_conf = mean(as.numeric(confidence.RESP), na.rm = TRUE))

b2<- ezANOVA(data = s3,
             dv = mean_conf,
             wid = Subject,
             within = .(type),
             #between = .(bias),
             type = 2,
             return_aov = FALSE,
             detailed = T) %>%
  get_pes() %>% select(Effect,DFn,DFd,SSd,F,p,pes) %>% filter(Effect!='(Intercept)') %>%
  mutate_if(is.double,round,4) %>% pastey() %>% print()

### JOL pairwise comparisons

s3 %>% ungroup () %>%
  t_test(mean_conf~type,paired = T,var.equal = T , 
         p.adjust.method = ""bonferroni"") %>% print()

s3 %>% ungroup () %>%
  cohens_d(mean_conf~type,paired = T,
           var.equal = T) %>% print()",match,"The code uses mean confidence ratings (JOLs) as the dependent variable and pair type as a within-subject factor, matching the paper’s description of comparing JOLs across pair types, including the identical vs. related comparison. The Bonferroni-corrected paired t-tests over type levels correspond to the reported pairwise comparisons in the paper.",,
besken,63,"In Experiment 3, a Bonferroni-corrected t-test compared JOLs for identical versus related pairs. JOLs for identical and related pairs did not differ significantly, t(25) = 1.16, d = 0.23, p = 1.00, suggesting comparable predicted memorability for identity and conceptual relations under these conditions.",Transformation Specification,"For JOLs, the same exclusion criteria were used as in Experiment 2 (exclusion rate = 12.35%).

For JOLs, all trials in which the participants misidentified the pair types during encoding or failed to enter a value between 0 and 100 for JOLs were excluded from the analyses (exclusion rate = 9.06%).

For all analyses, the alpha level was set at .05. For all pairwise comparisons, Bonferroni correction was used.","##########--------------------------------Exp 3 JOL------------------------
#Exclude: Incorrect encoding trials, No response in JOLs, Response out of 0-100 range
d3<- read.csv(file='identical-exp3.csv')

initial_trials <- nrow(d3)  # Initial total number of trials
d3<- d3 %>% filter(Slide1.ACC != ""0"")
excluded_trials1 <- initial_trials - nrow(d3)  # Excluded trials after filtering Slide1.ACC != 0
#248 trials 
# after this cleaning there is no trial having ""0"" encoding reaction time 

d3a <- d3%>% filter(JOL_entered!=""0"")
excluded_trials2 <- nrow(d3)-nrow(d3a)
# there is 4 other Excluded trials due to no response to JOL
#after removing incorrect acc ones

d3b <- d3a%>% filter(confidence.RESP!=""NA"")
excluded_trials3 <- nrow(d3a)-nrow(d3b)
#out of range =5 


# Print or report the counts
cat(""Total Excluded Trials after filtering Slide1.ACC != 0:"", excluded_trials1, ""\n"")
cat(""Total Excluded Trials after removing NA responses:"", excluded_trials2, ""\n"")
cat(""Total Excluded Trials after out of range responses:"", excluded_trials3, ""\n"")

# Calculate the percentages
percentage_excluded1 <- (excluded_trials1 / initial_trials) * 100 ## 11.9%
percentage_excluded2 <- (excluded_trials2 / initial_trials) * 100 ## .19%
percentage_excluded3 <- (excluded_trials3 / initial_trials) * 100 ## .24%


s3<- d3b %>%
  group_by(Subject, type) %>%
  summarise(mean_conf = mean(as.numeric(confidence.RESP), na.rm = TRUE))

b2<- ezANOVA(data = s3,
             dv = mean_conf,
             wid = Subject,
             within = .(type),
             #between = .(bias),
             type = 2,
             return_aov = FALSE,
             detailed = T) %>%
  get_pes() %>% select(Effect,DFn,DFd,SSd,F,p,pes) %>% filter(Effect!='(Intercept)') %>%
  mutate_if(is.double,round,4) %>% pastey() %>% print()

s3_jol<-s3

### JOL pairwise comparisons

s3 %>% ungroup () %>%
  t_test(mean_conf~type,paired = T,var.equal = T , 
         p.adjust.method = ""bonferroni"") %>% print()",match,"The code applies the same trial-level exclusions described in the paper (incorrect encoding, missing JOLs, out-of-range JOLs) before computing per-subject, per-type mean JOLs and then uses Bonferroni correction for the t-test, consistent with the described transformations for Experiment 3 JOLs.",,
besken,63,"In Experiment 3, a Bonferroni-corrected t-test compared JOLs for identical versus related pairs. JOLs for identical and related pairs did not differ significantly, t(25) = 1.16, d = 0.23, p = 1.00, suggesting comparable predicted memorability for identity and conceptual relations under these conditions.",Inference Specification,"For all analyses, the alpha level was set at .05. For all pairwise comparisons, Bonferroni correction was used.","### JOL pairwise comparisons
s3 %>% ungroup () %>%
  t_test(mean_conf~type,paired = T,var.equal = T , 
         p.adjust.method = ""bonferroni"") %>% print()

s3 %>% ungroup () %>%
  cohens_d(mean_conf~type,paired = T,
           var.equal = T) %>% print()",match,"The code applies Bonferroni correction for the pairwise t-tests, consistent with the paper’s stated inference procedure, and there is no conflicting alpha specification evident in the code.",,
besken,64,"In Experiment 3, a Bonferroni-corrected t-test compared JOLs for identical versus rotated pairs. Identical pairs garnered significantly higher JOLs than rotated pairs, t(25) = 4.05, d = 0.79, p = .003, indicating that mere orientation changes reduced predicted memorability relative to exact upright duplicates.",Model Specification,"A single-factor repeated measures ANOVA revealed significantly different JOLs for each pair type, F(3, 75) = 8.00, MSE = 106.28, p < .001, ηp2 = .25. Pairwise comparisons for each pair type demonstrated that identical pairs produced higher JOL ratings than similar pairs, t(25) = 3.90, d = 0.76, p = .004, but they did not significantly differ from related pairs, t(25) = 1.16 ,d = 0.23, p = 1.00. Importantly, identical pairs produced significantly higher JOLs than rotated pairs, t(25) = 4.05, d = 0.79, p = .003.","s3<- d3b %>%
  group_by(Subject, type) %>%
  summarise(mean_conf = mean(as.numeric(confidence.RESP), na.rm = TRUE))

b2<- ezANOVA(data = s3,
             dv = mean_conf,
             wid = Subject,
             within = .(type),
             #between = .(bias),
             type = 2,
             return_aov = FALSE,
             detailed = T) %>%
  get_pes() %>% select(Effect,DFn,DFd,SSd,F,p,pes) %>% filter(Effect!='(Intercept)') %>%
  mutate_if(is.double,round,4) %>% pastey() %>% print()

### JOL pairwise comparisons

s3 %>% ungroup () %>%
  t_test(mean_conf~type,paired = T,var.equal = T , 
         p.adjust.method = ""bonferroni"") %>% print()",match,"The code implements a within-subjects ANOVA followed by paired t-tests with Bonferroni correction, matching the paper’s description of a single-factor repeated-measures ANOVA with Bonferroni-corrected pairwise t-tests (including the identical vs. rotated comparison).",,
besken,64,"In Experiment 3, a Bonferroni-corrected t-test compared JOLs for identical versus rotated pairs. Identical pairs garnered significantly higher JOLs than rotated pairs, t(25) = 4.05, d = 0.79, p = .003, indicating that mere orientation changes reduced predicted memorability relative to exact upright duplicates.",Variable Specification,"Figure 2C shows the JOL ratings across the four pair types. A single-factor repeated measures ANOVA revealed significantly different JOLs for each pair type, F(3, 75) = 8.00, MSE = 106.28, p < .001, ηp2 = .25. Pairwise comparisons for each pair type demonstrated that identical pairs produced higher JOL ratings than similar pairs, t(25) = 3.90, d = 0.76, p = .004, but they did not significantly differ from related pairs, t(25) = 1.16 ,d = 0.23, p = 1.00. Importantly, identical pairs produced significantly higher JOLs than rotated pairs, t(25) = 4.05, d = 0.79, p = .003.","##########--------------------------------Exp 3 JOL------------------------
#Exclude: Incorrect encoding trials, No response in JOLs, Response out of 0-100 range
d3<- read.csv(file='identical-exp3.csv')

initial_trials <- nrow(d3)  # Initial total number of trials
d3<- d3 %>% filter(Slide1.ACC != ""0"")
excluded_trials1 <- initial_trials - nrow(d3)  # Excluded trials after filtering Slide1.ACC != 0
#248 trials 
# after this cleaning there is no trial having ""0"" encoding reaction time 

d3a <- d3%>% filter(JOL_entered!=""0"")
excluded_trials2 <- nrow(d3)-nrow(d3a)
# there is 4 other Excluded trials due to no response to JOL
#after removing incorrect acc ones

d3b <- d3a%>% filter(confidence.RESP!=""NA"")
excluded_trials3 <- nrow(d3a)-nrow(d3b)
#out of range =5 


s3<- d3b %>%
  group_by(Subject, type) %>%
  summarise(mean_conf = mean(as.numeric(confidence.RESP), na.rm = TRUE))

b2<- ezANOVA(data = s3,
             dv = mean_conf,
             wid = Subject,
             within = .(type),
             #between = .(bias),
             type = 2,
             return_aov = FALSE,
             detailed = T) %>%
  get_pes() %>% select(Effect,DFn,DFd,SSd,F,p,pes) %>% filter(Effect!='(Intercept)') %>%
  mutate_if(is.double,round,4) %>% pastey() %>% print()

s3_jol<-s3

### JOL pairwise comparisons

s3 %>% ungroup () %>%
  t_test(mean_conf~type,paired = T,var.equal = T , 
         p.adjust.method = ""bonferroni"") %>% print()

s3 %>% ungroup () %>%
  cohens_d(mean_conf~type,paired = T,
           var.equal = T) %>% print()
##identical is different than similar, that's all


s3_table<- s3%>%group_by(type)%>%
  summarise(mean(mean_conf),
            sd(mean_conf))
#identical=68.778,related=64.656,rotated=58.429,similar=56.303",match,"The code uses JOL ratings as the dependent variable and pair type (including identical and rotated) as the within-subject factor, matching the paper’s description of pairwise Bonferroni-corrected comparisons of JOLs between pair types. Specifically, it computes mean JOLs per subject and type, then runs paired t-tests across types with Bonferroni correction, which includes the identical vs. rotated comparison described in the paper.",,
besken,64,"In Experiment 3, a Bonferroni-corrected t-test compared JOLs for identical versus rotated pairs. Identical pairs garnered significantly higher JOLs than rotated pairs, t(25) = 4.05, d = 0.79, p = .003, indicating that mere orientation changes reduced predicted memorability relative to exact upright duplicates.",Transformation Specification,"For JOLs, the same exclusion criteria were used as in Experiment 2 (exclusion rate = 12.35%).

For JOLs, all trials in which the participants misidentified the pair types during encoding or failed to enter a value between 0 and 100 for JOLs were excluded from the analyses (exclusion rate = 9.06%).","##########--------------------------------Exp 3 JOL------------------------
#Exclude: Incorrect encoding trials, No response in JOLs, Response out of 0-100 range
d3<- read.csv(file='identical-exp3.csv')

initial_trials <- nrow(d3)  # Initial total number of trials
d3<- d3 %>% filter(Slide1.ACC != ""0"")
excluded_trials1 <- initial_trials - nrow(d3)  # Excluded trials after filtering Slide1.ACC != 0
#248 trials 
# after this cleaning there is no trial having ""0"" encoding reaction time 

d3a <- d3%>% filter(JOL_entered!=""0"")
excluded_trials2 <- nrow(d3)-nrow(d3a)
# there is 4 other Excluded trials due to no response to JOL
#after removing incorrect acc ones

d3b <- d3a%>% filter(confidence.RESP!=""NA"")
excluded_trials3 <- nrow(d3a)-nrow(d3b)
#out of range =5 


# Print or report the counts
cat(""Total Excluded Trials after filtering Slide1.ACC != 0:"", excluded_trials1, ""\n"")
cat(""Total Excluded Trials after removing NA responses:"", excluded_trials2, ""\n"")
cat(""Total Excluded Trials after out of range responses:"", excluded_trials3, ""\n"")

# Calculate the percentages
percentage_excluded1 <- (excluded_trials1 / initial_trials) * 100 ## 11.9%
percentage_excluded2 <- (excluded_trials2 / initial_trials) * 100 ## .19%
percentage_excluded3 <- (excluded_trials3 / initial_trials) * 100 ## .24%


s3<- d3b %>%
  group_by(Subject, type) %>%
  summarise(mean_conf = mean(as.numeric(confidence.RESP), na.rm = TRUE))",mismatch,"The paper states that JOL trials with responses outside the 0–100 range were excluded, but the code only filters out missing/NA JOL responses and never enforces a 0–100 numeric bound. Additionally, the code’s exclusion operations do not clearly reproduce the specific exclusion rate and criteria (0–100 range) described in the paper.",,
besken,64,"In Experiment 3, a Bonferroni-corrected t-test compared JOLs for identical versus rotated pairs. Identical pairs garnered significantly higher JOLs than rotated pairs, t(25) = 4.05, d = 0.79, p = .003, indicating that mere orientation changes reduced predicted memorability relative to exact upright duplicates.",Inference Specification,"For all analyses, the alpha level was set at .05. For all pairwise comparisons, Bonferroni correction was used.","### JOL pairwise comparisons

s3 %>% ungroup () %>%
  t_test(mean_conf~type,paired = T,var.equal = T , 
         p.adjust.method = ""bonferroni"") %>% print()",match,"The code applies Bonferroni correction for the pairwise t-test, which matches the paper’s stated inference specification; the alpha level of .05 is standard and not contradicted by the code.",,
besken,65,"In Experiment 3, a Bonferroni-corrected t-test compared JOLs for rotated versus similar pairs. Rotated and similar pairs did not differ in JOLs, t(25) = 0.80, d = 0.16, p = 1.00, suggesting that rotation did not systematically inflate or deflate JOLs relative to non-identical exemplars.",Model Specification,"Moreover, rotated pairs did not differ from related and similar pairs [ rotated versus similar: t (25) = 0.80, d = 0.16, p = 1.00, rotated versus related: t (25) = 2.05, d = 0.40, p = .304].","### JOL pairwise comparisons

s3 %>% ungroup () %>%
  t_test(mean_conf~type,paired = T,var.equal = T , 
         p.adjust.method = ""bonferroni"") %>% print()",match,"Both the paper and the code use paired t-tests with Bonferroni correction for pairwise comparisons of JOLs across pair types, including rotated vs. similar pairs. The model specification (paired t-test with Bonferroni-adjusted p-values) is consistent between the description and the implementation.",,
besken,65,"In Experiment 3, a Bonferroni-corrected t-test compared JOLs for rotated versus similar pairs. Rotated and similar pairs did not differ in JOLs, t(25) = 0.80, d = 0.16, p = 1.00, suggesting that rotation did not systematically inflate or deflate JOLs relative to non-identical exemplars.",Variable Specification,"Figure 2C shows the JOL ratings across the four pair types. A single-factor repeated measures ANOVA revealed significantly different JOLs for each pair type, F(3, 75) = 8.00, MSE = 106.28, p < .001, ηp2 = .25. Pairwise comparisons for each pair type demonstrated that identical pairs produced higher JOL ratings than similar pairs, t(25) = 3.90, d = 0.76, p = .004, but they did not significantly differ from related pairs, t(25) = 1.16 ,d = 0.23, p = 1.00. Importantly, identical pairs produced significantly higher JOLs than rotated pairs, t(25) = 4.05, d = 0.79, p = .003. Moreover, rotated pairs did not differ from related and similar pairs [ rotated versus similar: t (25) = 0.80, d = 0.16, p = 1.00, rotated versus related: t (25) = 2.05, d = 0.40, p = .304].","##########--------------------------------Exp 3 JOL------------------------
#Exclude: Incorrect encoding trials, No response in JOLs, Response out of 0-100 range
d3<- read.csv(file='identical-exp3.csv')

initial_trials <- nrow(d3)  # Initial total number of trials
d3<- d3 %>% filter(Slide1.ACC != ""0"")
...

d3b <- d3a%>% filter(confidence.RESP!=""NA"")
...

s3<- d3b %>%
  group_by(Subject, type) %>%
  summarise(mean_conf = mean(as.numeric(confidence.RESP), na.rm = TRUE))

b2<- ezANOVA(data = s3,
             dv = mean_conf,
             wid = Subject,
             within = .(type),
             #between = .(bias),
             type = 2,
             return_aov = FALSE,
             detailed = T) %>%
  get_pes() %>% select(Effect,DFn,DFd,SSd,F,p,pes) %>% filter(Effect!='(Intercept)') %>%
  mutate_if(is.double,round,4) %>% pastey() %>% print()

s3_jol<-s3

### JOL pairwise comparisons

s3 %>% ungroup () %>%
  t_test(mean_conf~type,paired = T,var.equal = T , 
         p.adjust.method = ""bonferroni"") %>% print()

s3 %>% ungroup () %>%
  cohens_d(mean_conf~type,paired = T,
           var.equal = T) %>% print()",match,"The code uses mean confidence ratings as the JOL outcome and pair type (including similar and rotated) as the within-subject factor, matching the paper’s description of comparing JOLs across pair types, specifically rotated vs. similar. The Bonferroni-corrected paired t-tests are conducted on these same variables, consistent with the reported analysis.",,
besken,65,"In Experiment 3, a Bonferroni-corrected t-test compared JOLs for rotated versus similar pairs. Rotated and similar pairs did not differ in JOLs, t(25) = 0.80, d = 0.16, p = 1.00, suggesting that rotation did not systematically inflate or deflate JOLs relative to non-identical exemplars.",Transformation Specification,"For JOLs, the same exclusion criteria were used as in Experiment 2 (exclusion rate = 12.35%). For JOLs, all trials in which the participants misidentified the pair types during encoding or failed to enter a value between 0 and 100 for JOLs were excluded from the analyses (exclusion rate = 9.06%).","##########--------------------------------Exp 3 JOL------------------------
#Exclude: Incorrect encoding trials, No response in JOLs, Response out of 0-100 range
d3<- read.csv(file='identical-exp3.csv')

initial_trials <- nrow(d3)  # Initial total number of trials
d3<- d3 %>% filter(Slide1.ACC != ""0"")
excluded_trials1 <- initial_trials - nrow(d3)  # Excluded trials after filtering Slide1.ACC != 0
#248 trials 
# after this cleaning there is no trial having ""0"" encoding reaction time 

d3a <- d3%>% filter(JOL_entered!=""0"")
excluded_trials2 <- nrow(d3)-nrow(d3a)
# there is 4 other Excluded trials due to no response to JOL
#after removing incorrect acc ones

d3b <- d3a%>% filter(confidence.RESP!=""NA"")
excluded_trials3 <- nrow(d3a)-nrow(d3b)
#out of range =5 


# Print or report the counts
cat(""Total Excluded Trials after filtering Slide1.ACC != 0:"", excluded_trials1, ""\n"")
cat(""Total Excluded Trials after removing NA responses:"", excluded_trials2, ""\n"")
cat(""Total Excluded Trials after out of range responses:"", excluded_trials3, ""\n"")

# Calculate the percentages
percentage_excluded1 <- (excluded_trials1 / initial_trials) * 100 ## 11.9%
percentage_excluded2 <- (excluded_trials2 / initial_trials) * 100 ## .19%
percentage_excluded3 <- (excluded_trials3 / initial_trials) * 100 ## .24%


s3<- d3b %>%
  group_by(Subject, type) %>%
  summarise(mean_conf = mean(as.numeric(confidence.RESP), na.rm = TRUE))",match,"The code applies the same JOL exclusion criteria described in the paper—removing incorrect encoding trials, missing JOL responses, and out-of-range JOL values—resulting in an overall exclusion percentage that closely matches the reported rate. There is no evidence of additional or missing transformations relative to the description.",,
besken,65,"In Experiment 3, a Bonferroni-corrected t-test compared JOLs for rotated versus similar pairs. Rotated and similar pairs did not differ in JOLs, t(25) = 0.80, d = 0.16, p = 1.00, suggesting that rotation did not systematically inflate or deflate JOLs relative to non-identical exemplars.",Inference Specification,"For all analyses, the alpha level was set at .05. For all pairwise comparisons, Bonferroni correction was used.","s3 %>% ungroup () %>%
  t_test(mean_conf~type,paired = T,var.equal = T , 
         p.adjust.method = ""bonferroni"") %>% print()",match,"The code applies Bonferroni correction to the paired t-test, consistent with the paper’s stated inference procedure, and implicitly uses the standard alpha = .05. There is no indication of any deviation from the described inference criteria.",,
besken,66,"In Experiment 3, a Bonferroni-corrected t-test compared JOLs for rotated versus related pairs. The difference was nonsignificant after correction, t(25) = 2.05, d = 0.40, p = .304, indicating broadly similar predicted memorability for rotated duplicates and conceptually related pairs.",Model Specification,"Pairwise comparisons for each pair type demonstrated that identical pairs produced higher JOL
ratings than similar pairs, t(25) = 3.90, d = 0.76, p = .004, but they did not significantly differ from related pairs,
t(25) = 1.16 ,d = 0.23, p = 1.00. Importantly, identical pairs produced significantly higher JOLs than rotated pairs,
t(25) = 4.05, d = 0.79, p = .003. Moreover, rotated pairs did not differ from related and similar pairs [ rotated versus
similar: t (25) = 0.80, d = 0.16, p = 1.00, rotated versus related: t (25) = 2.05, d = 0.40, p = .304].","### JOL pairwise comparisons

s3 %>% ungroup () %>%
  t_test(mean_conf~type,paired = T,var.equal = T , 
         p.adjust.method = ""bonferroni"") %>% print()",match,"The paper describes Bonferroni-corrected pairwise t-tests on JOL ratings between item types, including rotated vs. related, and the code implements paired t-tests with Bonferroni p-value adjustment across type levels. Thus, the model specification (paired t-tests with Bonferroni correction) in the code aligns with the description in the paper.",,
besken,66,"In Experiment 3, a Bonferroni-corrected t-test compared JOLs for rotated versus related pairs. The difference was nonsignificant after correction, t(25) = 2.05, d = 0.40, p = .304, indicating broadly similar predicted memorability for rotated duplicates and conceptually related pairs.",Variable Specification,"For JOLs, the same exclusion criteria were used as in Experiment 2 (exclusion rate = 12.35%). Figure 2C shows the JOL ratings across the four pair types. A single-factor repeated measures ANOVA revealed significantly different JOLs for each pair type, F(3, 75) = 8.00, MSE = 106.28, p < .001, ηp2 = .25. Pairwise comparisons for each pair type demonstrated that identical pairs produced higher JOL ratings than similar pairs, t(25) = 3.90, d = 0.76, p = .004, but they did not significantly differ from related pairs, t(25) = 1.16 ,d = 0.23, p = 1.00. Importantly, identical pairs produced significantly higher JOLs than rotated pairs, t(25) = 4.05, d = 0.79, p = .003. Moreover, rotated pairs did not differ from related and similar pairs [ rotated versus similar: t (25) = 0.80, d = 0.16, p = 1.00, rotated versus related: t (25) = 2.05, d = 0.40, p = .304].","##########--------------------------------Exp 3 JOL------------------------
#Exclude: Incorrect encoding trials, No response in JOLs, Response out of 0-100 range
d3<- read.csv(file='identical-exp3.csv')

initial_trials <- nrow(d3)  # Initial total number of trials
d3<- d3 %>% filter(Slide1.ACC != ""0"")
excluded_trials1 <- initial_trials - nrow(d3)  # Excluded trials after filtering Slide1.ACC != 0
#248 trials 
# after this cleaning there is no trial having ""0"" encoding reaction time 

d3a <- d3%>% filter(JOL_entered!=""0"")
excluded_trials2 <- nrow(d3)-nrow(d3a)
# there is 4 other Excluded trials due to no response to JOL
#after removing incorrect acc ones

d3b <- d3a%>% filter(confidence.RESP!=""NA"")
excluded_trials3 <- nrow(d3a)-nrow(d3b)
#out of range =5 


# Print or report the counts
cat(""Total Excluded Trials after filtering Slide1.ACC != 0:"", excluded_trials1, ""\n"")
cat(""Total Excluded Trials after removing NA responses:"", excluded_trials2, ""\n"")
cat(""Total Excluded Trials after out of range responses:"", excluded_trials3, ""\n"")

# Calculate the percentages
percentage_excluded1 <- (excluded_trials1 / initial_trials) * 100 ## 11.9%
percentage_excluded2 <- (excluded_trials2 / initial_trials) * 100 ## .19%
percentage_excluded3 <- (excluded_trials3 / initial_trials) * 100 ## .24%


s3<- d3b %>%
  group_by(Subject, type) %>%
  summarise(mean_conf = mean(as.numeric(confidence.RESP), na.rm = TRUE))

b2<- ezANOVA(data = s3,
             dv = mean_conf,
             wid = Subject,
             within = .(type),
             #between = .(bias),
             type = 2,
             return_aov = FALSE,
             detailed = T) %>%
  get_pes() %>% select(Effect,DFn,DFd,SSd,F,p,pes) %>% filter(Effect!='(Intercept)') %>%
  mutate_if(is.double,round,4) %>% pastey() %>% print()

s3_jol<-s3

### JOL pairwise comparisons

s3 %>% ungroup () %>%
  t_test(mean_conf~type,paired = T,var.equal = T , 
         p.adjust.method = ""bonferroni"") %>% print()

s3 %>% ungroup () %>%
  cohens_d(mean_conf~type,paired = T,
           var.equal = T) %>% print()",match,"The code uses mean JOL ratings (confidence.RESP) as the dependent variable and pair type as the within-subject factor, performing Bonferroni-corrected paired t-tests between levels of type, which aligns with the paper’s description of comparing JOLs for rotated versus related pairs. Thus, the variable roles and designations in the code correspond to those described for the analysis in the paper.",,
besken,66,"In Experiment 3, a Bonferroni-corrected t-test compared JOLs for rotated versus related pairs. The difference was nonsignificant after correction, t(25) = 2.05, d = 0.40, p = .304, indicating broadly similar predicted memorability for rotated duplicates and conceptually related pairs.",Transformation Specification,"For all analyses, the alpha level was set at .05. For all pairwise comparisons, Bonferroni correction was used.

For JOLs, the same exclusion criteria were used as in Experiment 2 (exclusion rate = 12.35%).

For JOLs, all trials in which the participants misidentified the pair types during encoding or failed to enter a value between 0 and 100 for JOLs were excluded from the analyses (exclusion rate = 9.06%).","##########--------------------------------Exp 3 JOL------------------------
#Exclude: Incorrect encoding trials, No response in JOLs, Response out of 0-100 range
d3<- read.csv(file='identical-exp3.csv')

initial_trials <- nrow(d3)  # Initial total number of trials
d3<- d3 %>% filter(Slide1.ACC != ""0"")
excluded_trials1 <- initial_trials - nrow(d3)  # Excluded trials after filtering Slide1.ACC != 0
#248 trials 
# after this cleaning there is no trial having ""0"" encoding reaction time 

d3a <- d3%>% filter(JOL_entered!=""0"")
excluded_trials2 <- nrow(d3)-nrow(d3a)
# there is 4 other Excluded trials due to no response to JOL
#after removing incorrect acc ones

d3b <- d3a%>% filter(confidence.RESP!=""NA"")
excluded_trials3 <- nrow(d3a)-nrow(d3b)
#out of range =5 


# Print or report the counts
cat(""Total Excluded Trials after filtering Slide1.ACC != 0:"", excluded_trials1, ""\n"")
cat(""Total Excluded Trials after removing NA responses:"", excluded_trials2, ""\n"")
cat(""Total Excluded Trials after out of range responses:"", excluded_trials3, ""\n"")

# Calculate the percentages
percentage_excluded1 <- (excluded_trials1 / initial_trials) * 100 ## 11.9%
percentage_excluded2 <- (excluded_trials2 / initial_trials) * 100 ## .19%
percentage_excluded3 <- (excluded_trials3 / initial_trials) * 100 ## .24%


s3<- d3b %>%
  group_by(Subject, type) %>%
  summarise(mean_conf = mean(as.numeric(confidence.RESP), na.rm = TRUE))

### JOL pairwise comparisons

s3 %>% ungroup () %>%
  t_test(mean_conf~type,paired = T,var.equal = T , 
         p.adjust.method = ""bonferroni"") %>% print()",match,"The code applies the same stated trial-level exclusions for JOLs (incorrect encoding, missing JOLs, and out-of-range JOL values) and then aggregates JOLs by subject and condition before the t-test, consistent with the paper’s description of data cleaning and use of JOLs in Experiment 3. Minor differences in reported exclusion percentages are not tied to different transformation rules but to implementation details and rounding.",,
besken,66,"In Experiment 3, a Bonferroni-corrected t-test compared JOLs for rotated versus related pairs. The difference was nonsignificant after correction, t(25) = 2.05, d = 0.40, p = .304, indicating broadly similar predicted memorability for rotated duplicates and conceptually related pairs.",Inference Specification,"For all analyses, the alpha level was set at .05. For all pairwise comparisons, Bonferroni correction was used.","### JOL pairwise comparisons

s3 %>% ungroup () %>%
  t_test(mean_conf~type,paired = T,var.equal = T , 
         p.adjust.method = ""bonferroni"") %>% print()",match,"The paper states that pairwise comparisons use Bonferroni correction with alpha = .05, and the code performs paired t-tests with Bonferroni-adjusted p-values, consistent with that specification (implicitly using the default alpha .05).",,
besken,67,"In Experiment 3, a Bonferroni-corrected t-test compared JOLs for related versus similar pairs. Related pairs received significantly higher JOLs than similar pairs, t(25) = 4.51, d = 0.88, p < .001, suggesting that participants believed conceptual relatedness enhanced memory more than within-category exemplar similarity.",Model Specification,"For Experiment 3, JOL ratings were analyzed with: ""A single-factor repeated measures ANOVA revealed significantly different JOLs for each pair type, F(3, 75) = 8.00, MSE = 106.28, p < .001, ηp2 = .25. ... Finally, related pairs produced higher JOLs than similar pairs, t(25) = 4.51, d = 0.88, p < .001."" In addition, the authors note that: ""For all pairwise comparisons, Bonferroni correction was used.""","##########--------------------------------Exp 3 JOL------------------------
#Exclude: Incorrect encoding trials, No response in JOLs, Response out of 0-100 range
d3<- read.csv(file='identical-exp3.csv')

initial_trials <- nrow(d3)  # Initial total number of trials
d3<- d3 %>% filter(Slide1.ACC != ""0"")
excluded_trials1 <- initial_trials - nrow(d3)  # Excluded trials after filtering Slide1.ACC != 0
#248 trials 
# after this cleaning there is no trial having ""0"" encoding reaction time 

d3a <- d3%>% filter(JOL_entered!=""0"")
excluded_trials2 <- nrow(d3)-nrow(d3a)
# there is 4 other Excluded trials due to no response to JOL
#after removing incorrect acc ones

d3b <- d3a%>% filter(confidence.RESP!=""NA"")
excluded_trials3 <- nrow(d3a)-nrow(d3b)
#out of range =5 


# Print or report the counts
cat(""Total Excluded Trials after filtering Slide1.ACC != 0:"", excluded_trials1, ""\n"")
cat(""Total Excluded Trials after removing NA responses:"", excluded_trials2, ""\n"")
cat(""Total Excluded Trials after out of range responses:"", excluded_trials3, ""\n"")

# Calculate the percentages
percentage_excluded1 <- (excluded_trials1 / initial_trials) * 100 ## 11.9%
percentage_excluded2 <- (excluded_trials2 / initial_trials) * 100 ## .19%
percentage_excluded3 <- (excluded_trials3 / initial_trials) * 100 ## .24%


s3<- d3b %>%
  group_by(Subject, type) %>%
  summarise(mean_conf = mean(as.numeric(confidence.RESP), na.rm = TRUE))

b2<- ezANOVA(data = s3,
             dv = mean_conf,
             wid = Subject,
             within = .(type),
             #between = .(bias),
             type = 2,
             return_aov = FALSE,
             detailed = T) %>%
  get_pes() %>% select(Effect,DFn,DFd,SSd,F,p,pes) %>% filter(Effect!='(Intercept)') %>%
  mutate_if(is.double,round,4) %>% pastey() %>% print()

s3_jol<-s3

### JOL pairwise comparisons

s3 %>% ungroup () %>%
  t_test(mean_conf~type,paired = T,var.equal = T , 
         p.adjust.method = ""bonferroni"") %>% print()

s3 %>% ungroup () %>%
  cohens_d(mean_conf~type,paired = T,
           var.equal = T) %>% print()",match,"The code implements a within-subjects ANOVA on JOLs by pair type, followed by paired t-tests with Bonferroni correction across types, which matches the paper’s description of a single-factor repeated-measures ANOVA and Bonferroni-corrected pairwise t-tests (including related vs. similar).",,
besken,67,"In Experiment 3, a Bonferroni-corrected t-test compared JOLs for related versus similar pairs. Related pairs received significantly higher JOLs than similar pairs, t(25) = 4.51, d = 0.88, p < .001, suggesting that participants believed conceptual relatedness enhanced memory more than within-category exemplar similarity.",Variable Specification,"A single-factor repeated measures ANOVA revealed significantly different JOLs for each pair type, F(3, 75) = 8.00, MSE = 106.28, p < .001, ηp2 = .25. Pairwise comparisons for each pair type demonstrated that identical pairs produced higher JOL ratings than similar pairs, t(25) = 3.90, d = 0.76, p = .004, but they did not significantly differ from related pairs, t(25) = 1.16 ,d = 0.23, p = 1.00. Importantly, identical pairs produced significantly higher JOLs than rotated pairs, t(25) = 4.05, d = 0.79, p = .003. Moreover, rotated pairs did not differ from related and similar pairs [ rotated versus similar: t (25) = 0.80, d = 0.16, p = 1.00, rotated versus related: t (25) = 2.05, d = 0.40, p = .304]. Finally, related pairs produced higher JOLs than similar pairs, t(25) = 4.51, d = 0.88, p < .001.","s3<- d3b %>%
  group_by(Subject, type) %>%
  summarise(mean_conf = mean(as.numeric(confidence.RESP), na.rm = TRUE))

b2<- ezANOVA(data = s3,
             dv = mean_conf,
             wid = Subject,
             within = .(type),
             #between = .(bias),
             type = 2,
             return_aov = FALSE,
             detailed = T) %>%
  get_pes() %>% select(Effect,DFn,DFd,SSd,F,p,pes) %>% filter(Effect!='(Intercept)') %>%
  mutate_if(is.double,round,4) %>% pastey() %>% print()

s3_jol<-s3

### JOL pairwise comparisons

s3 %>% ungroup () %>%
  t_test(mean_conf~type,paired = T,var.equal = T , 
         p.adjust.method = ""bonferroni"") %>% print()

s3 %>% ungroup () %>%
  cohens_d(mean_conf~type,paired = T,
           var.equal = T) %>% print()

s3_table<- s3%>%group_by(type)%>%
  summarise(mean(mean_conf),
            sd(mean_conf))",match,"The code uses mean JOL ratings as the dependent variable and pair type as the within-subject factor, matching the paper’s description of comparing JOLs across pair types, including the related vs. similar comparison.",,
besken,67,"In Experiment 3, a Bonferroni-corrected t-test compared JOLs for related versus similar pairs. Related pairs received significantly higher JOLs than similar pairs, t(25) = 4.51, d = 0.88, p < .001, suggesting that participants believed conceptual relatedness enhanced memory more than within-category exemplar similarity.",Transformation Specification,"For JOLs, the same exclusion criteria were used as in Experiment 2 (exclusion rate = 12.35%).

For JOLs, all trials in which the participants misidentified the pair types during encoding or failed to enter a value between 0 and 100 for JOLs were excluded from the analyses (exclusion rate = 9.06%).","##########--------------------------------Exp 3 JOL------------------------
#Exclude: Incorrect encoding trials, No response in JOLs, Response out of 0-100 range
d3<- read.csv(file='identical-exp3.csv')

initial_trials <- nrow(d3)  # Initial total number of trials
d3<- d3 %>% filter(Slide1.ACC != ""0"")
excluded_trials1 <- initial_trials - nrow(d3)  # Excluded trials after filtering Slide1.ACC != 0
#248 trials 
# after this cleaning there is no trial having ""0"" encoding reaction time 

d3a <- d3%>% filter(JOL_entered!=""0"")
excluded_trials2 <- nrow(d3)-nrow(d3a)
# there is 4 other Excluded trials due to no response to JOL
#after removing incorrect acc ones

d3b <- d3a%>% filter(confidence.RESP!=""NA"")
excluded_trials3 <- nrow(d3a)-nrow(d3b)
#out of range =5 


# Print or report the counts
cat(""Total Excluded Trials after filtering Slide1.ACC != 0:"", excluded_trials1, ""\n"")
cat(""Total Excluded Trials after removing NA responses:"", excluded_trials2, ""\n"")
cat(""Total Excluded Trials after out of range responses:"", excluded_trials3, ""\n"")

# Calculate the percentages
percentage_excluded1 <- (excluded_trials1 / initial_trials) * 100 ## 11.9%
percentage_excluded2 <- (excluded_trials2 / initial_trials) * 100 ## .19%
percentage_excluded3 <- (excluded_trials3 / initial_trials) * 100 ## .24%


s3<- d3b %>%
  group_by(Subject, type) %>%
  summarise(mean_conf = mean(as.numeric(confidence.RESP), na.rm = TRUE))",match,The code implements the same exclusion rules described in the paper for JOL trials in Experiment 3. It removes incorrect encoding trials and trials with missing or invalid (out-of-range) JOL responses before computing mean JOLs by subject and pair type.,,
besken,67,"In Experiment 3, a Bonferroni-corrected t-test compared JOLs for related versus similar pairs. Related pairs received significantly higher JOLs than similar pairs, t(25) = 4.51, d = 0.88, p < .001, suggesting that participants believed conceptual relatedness enhanced memory more than within-category exemplar similarity.",Inference Specification,"For all analyses, the alpha level was set at .05. For all pairwise comparisons, Bonferroni correction was used.","s3<- d3b %>%
  group_by(Subject, type) %>%
  summarise(mean_conf = mean(as.numeric(confidence.RESP), na.rm = TRUE))

b2<- ezANOVA(data = s3,
             dv = mean_conf,
             wid = Subject,
             within = .(type),
             #between = .(bias),
             type = 2,
             return_aov = FALSE,
             detailed = T) %>%
  get_pes() %>% select(Effect,DFn,DFd,SSd,F,p,pes) %>% filter(Effect!='(Intercept)') %>%
  mutate_if(is.double,round,4) %>% pastey() %>% print()

### JOL pairwise comparisons

s3 %>% ungroup () %>%
  t_test(mean_conf~type,paired = T,var.equal = T , 
         p.adjust.method = ""bonferroni"") %>% print()",match,"The code applies Bonferroni correction for the paired t-test, consistent with the paper’s stated use of Bonferroni-corrected pairwise comparisons at alpha .05. Although alpha is not explicitly set in the code, the default inferential threshold is typically .05, aligning with the paper’s specification.",,
besken,68,"In Experiment 3, a repeated-measures ANOVA assessed cued 4-AFC recognition accuracy across identical, rotated, similar, and related pairs (conditional on correct identification). Accuracy differed significantly by pair type, F(3,75) = 19.15, MSE = .015, p < .001, ηp² = .43, indicating that relationship type strongly impacted actual memory performance.",Model Specification,"Mean accuracy rates were submitted to a single-factor repeated measures ANOVA yielding a significant main effect, F(3,75) = 19.15, MSE = .015, p < .001, ηp² = .43.","##------------------------------Conditional Test accuracy-------------------------------------- 
## trials after incorrect encoding trials are excluded
d3<- read.csv(file='identical-exp3.csv')

d3a<- d3 %>% filter(Slide1.ACC != ""0"")

s3<- d3a %>% group_by(Subject,type_correct) %>%
  summarise(mean_test_acc=mean(Slide2.ACC == 1))

a2<- ezANOVA(data = s3,
             dv = mean_test_acc,
             wid = Subject,
             within = .(type_correct),
             #between = .(bias),
             type = 2,
             return_aov = FALSE,
             detailed = T) %>%
  get_pes() %>% select(Effect,DFn,DFd,SSd,F,p,pes) %>% filter(Effect!='(Intercept)') %>%
  mutate_if(is.double,round,4) %>% pastey() %>% print()

mse2 = a2$SSd/a2$DFd
mse2",match,"The code implements a single-factor repeated-measures ANOVA on mean test accuracy by pair type, matching the model specification described in the paper.",,
besken,68,"In Experiment 3, a repeated-measures ANOVA assessed cued 4-AFC recognition accuracy across identical, rotated, similar, and related pairs (conditional on correct identification). Accuracy differed significantly by pair type, F(3,75) = 19.15, MSE = .015, p < .001, ηp² = .43, indicating that relationship type strongly impacted actual memory performance.",Variable Specification,"Mean accuracy rates were submitted to a single-factor repeated measures ANOVA yielding a significant main effect, F(3,75) = 19.15, MSE = .015, p < .001, ηp2 = .43. Pairwise comparisons showed that identical pairs produced lower accuracy rates than similar and related pairs [identical versus similar: t (25) = 4.71, d = 0.92, p < .001, identical versus related: t(25) = 4.19, d = 0.82, p = .002], but not different than rotated pairs, t(25) = 1.95, d = 0.38, p = .374. Rotated pairs produced lower accuracy than similar and related pairs [ rotated versus similar: t (25) = 5.72, d = 1.12, p < .001, rotated versus related: t(25) = 6.17, d = 1.21, p < .001]. Finally, the accuracy rate of similar and related pairs did not differ, t(25) = 0.19, d = 0.04, p = 1.00.","##------------------------------Conditional Test accuracy-------------------------------------- 
## trials after incorrect encoding trials are excluded
d3<- read.csv(file='identical-exp3.csv')

d3a<- d3 %>% filter(Slide1.ACC != ""0"")

s3<- d3a %>% group_by(Subject,type_correct) %>%
  summarise(mean_test_acc=mean(Slide2.ACC == 1))

a2<- ezANOVA(data = s3,
             dv = mean_test_acc,
             wid = Subject,
             within = .(type_correct),
             #between = .(bias),
             type = 2,
             return_aov = FALSE,
             detailed = T) %>%
  get_pes() %>% select(Effect,DFn,DFd,SSd,F,p,pes) %>% filter(Effect!='(Intercept)') %>%
  mutate_if(is.double,round,4) %>% pastey() %>% print()

mse2 = a2$SSd/a2$DFd
mse2

### ACCuracy Pairwise comparisons 

s3 %>% ungroup () %>%
  t_test(mean_test_acc~type_correct,paired = T,var.equal = T , 
         p.adjust.method = ""bonferroni"") %>% print()

s3 %>% ungroup () %>%
  cohens_d(mean_test_acc~type_correct,paired = T,
           var.equal = T) %>% print()",match,"The code uses mean conditional test accuracy as the dependent variable and pair relationship type as a within-subject factor, matching the paper’s description of a single-factor repeated-measures ANOVA on accuracy across pair types given correct identification.",,
besken,68,"In Experiment 3, a repeated-measures ANOVA assessed cued 4-AFC recognition accuracy across identical, rotated, similar, and related pairs (conditional on correct identification). Accuracy differed significantly by pair type, F(3,75) = 19.15, MSE = .015, p < .001, ηp² = .43, indicating that relationship type strongly impacted actual memory performance.",Transformation Specification,Recognition accuracy analyses were conducted on the data set after excluding trials that were incorrectly identified with respect to pair type during the encoding phase of both Experiments 2 and 3.,"##------------------------------Conditional Test accuracy-------------------------------------- 
## trials after incorrect encoding trials are excluded
d3<- read.csv(file='identical-exp3.csv')

d3a<- d3 %>% filter(Slide1.ACC != ""0"")

s3<- d3a %>% group_by(Subject,type_correct) %>%
  summarise(mean_test_acc=mean(Slide2.ACC == 1))

a2<- ezANOVA(data = s3,
             dv = mean_test_acc,
             wid = Subject,
             within = .(type_correct),
             #between = .(bias),
             type = 2,
             return_aov = FALSE,
             detailed = T) %>%
  get_pes() %>% select(Effect,DFn,DFd,SSd,F,p,pes) %>% filter(Effect!='(Intercept)') %>%
  mutate_if(is.double,round,4) %>% pastey() %>% print()",match,The code implements the same transformation described in the paper by excluding trials with incorrect encoding before computing recognition accuracy. This matches the paper’s description of conducting recognition accuracy analyses only on trials correctly identified at encoding.,,
besken,68,"In Experiment 3, a repeated-measures ANOVA assessed cued 4-AFC recognition accuracy across identical, rotated, similar, and related pairs (conditional on correct identification). Accuracy differed significantly by pair type, F(3,75) = 19.15, MSE = .015, p < .001, ηp² = .43, indicating that relationship type strongly impacted actual memory performance.",Inference Specification,"For all analyses, the alpha level was set at .05. For all pairwise comparisons, Bonferroni correction was used.","##------------------------------Conditional Test accuracy-------------------------------------- 
## trials after incorrect encoding trials are excluded
d3<- read.csv(file='identical-exp3.csv')

d3a<- d3 %>% filter(Slide1.ACC != ""0"")

s3<- d3a %>% group_by(Subject,type_correct) %>%
  summarise(mean_test_acc=mean(Slide2.ACC == 1))

a2<- ezANOVA(data = s3,
             dv = mean_test_acc,
             wid = Subject,
             within = .(type_correct),
             #between = .(bias),
             type = 2,
             return_aov = FALSE,
             detailed = T) %>%
  get_pes() %>% select(Effect,DFn,DFd,SSd,F,p,pes) %>% filter(Effect!='(Intercept)') %>%
  mutate_if(is.double,round,4) %>% pastey() %>% print()

mse2 = a2$SSd/a2$DFd
mse2

### ACCuracy Pairwise comparisons 

s3 %>% ungroup () %>%
  t_test(mean_test_acc~type_correct,paired = T,var.equal = T , 
         p.adjust.method = ""bonferroni"") %>% print()

s3 %>% ungroup () %>%
  cohens_d(mean_test_acc~type_correct,paired = T,
           var.equal = T) %>% print()",match,"The code conducts the ANOVA and pairwise tests using default significance criteria (implicitly alpha = .05) and applies Bonferroni correction for pairwise comparisons, consistent with the paper’s stated inference specification. There is no conflicting indication of a different alpha level or multiple-comparisons method in the code.",,
besken,69,"In Experiment 3, a Bonferroni-corrected t-test compared recognition accuracy for identical versus similar pairs. Identical pairs produced significantly lower accuracy than similar pairs, t(25) = 4.71, d = 0.92, p < .001, revealing a dissociation where identical items received higher JOLs but worse memory than similar items.",Model Specification,"Mean accuracy rates were submitted to a single-factor repeated measures ANOVA yielding a significant main effect, F(3,75) = 19.15, MSE = .015, p < .001, ηp2 = .43. Pairwise comparisons showed that identical pairs produced lower accuracy rates than similar and related pairs [identical versus similar: t(25) = 4.71, d = 0.92, p < .001, identical versus related: t(25) = 4.19, d = 0.82, p = .002], but not different than rotated pairs, t(25) = 1.95, d = 0.38, p = .374.","##------------------------------Conditional Test accuracy-------------------------------------- 
## trials after incorrect encoding trials are excluded
d3<- read.csv(file='identical-exp3.csv')

d3a<- d3 %>% filter(Slide1.ACC != ""0"")

s3<- d3a %>% group_by(Subject,type_correct) %>%
  summarise(mean_test_acc=mean(Slide2.ACC == 1))

a2<- ezANOVA(data = s3,
             dv = mean_test_acc,
             wid = Subject,
             within = .(type_correct),
             #between = .(bias),
             type = 2,
             return_aov = FALSE,
             detailed = T) %>%
  get_pes() %>% select(Effect,DFn,DFd,SSd,F,p,pes) %>% filter(Effect!='(Intercept)') %>%
  mutate_if(is.double,round,4) %>% pastey() %>% print()

mse2 = a2$SSd/a2$DFd
mse2

### ACCuracy Pairwise comparisons 

s3 %>% ungroup () %>%
  t_test(mean_test_acc~type_correct,paired = T,var.equal = T , 
         p.adjust.method = ""bonferroni"") %>% print()

s3 %>% ungroup () %>%
  cohens_d(mean_test_acc~type_correct,paired = T,
           var.equal = T) %>% print()",match,"The code implements a within-subjects ANOVA followed by Bonferroni-corrected paired t-tests, matching the paper's description of a single-factor repeated-measures ANOVA with Bonferroni-corrected pairwise t-tests (including the identical vs. similar comparison).",,
besken,69,"In Experiment 3, a Bonferroni-corrected t-test compared recognition accuracy for identical versus similar pairs. Identical pairs produced significantly lower accuracy than similar pairs, t(25) = 4.71, d = 0.92, p < .001, revealing a dissociation where identical items received higher JOLs but worse memory than similar items.",Variable Specification,"Mean accuracy rates were submitted to a single-factor repeated measures ANOVA yielding a significant main effect, F(3,75) = 19.15, MSE = .015, p < .001, ηp
2 = .43. Pairwise comparisons showed that identical pairs produced lower accuracy rates than similar and related pairs [identical versus similar: t (25) = 4.71, d = 0.92, p < .001, identical versus related: t(25) = 4.19, d = 0.82, p = .002], but not different than rotated pairs, t(25) = 1.95, d = 0.38, p = .374.","##------------------------------Conditional Test accuracy-------------------------------------- 
## trials after incorrect encoding trials are excluded
d3<- read.csv(file='identical-exp3.csv')

d3a<- d3 %>% filter(Slide1.ACC != ""0"")

s3<- d3a %>% group_by(Subject,type_correct) %>%
  summarise(mean_test_acc=mean(Slide2.ACC == 1))

a2<- ezANOVA(data = s3,
             dv = mean_test_acc,
             wid = Subject,
             within = .(type_correct),
             #between = .(bias),
             type = 2,
             return_aov = FALSE,
             detailed = T) %>%
  get_pes() %>% select(Effect,DFn,DFd,SSd,F,p,pes) %>% filter(Effect!='(Intercept)') %>%
  mutate_if(is.double,round,4) %>% pastey() %>% print()

mse2 = a2$SSd/a2$DFd
mse2

### ACCuracy Pairwise comparisons 

s3 %>% ungroup () %>%
  t_test(mean_test_acc~type_correct,paired = T,var.equal = T , 
         p.adjust.method = ""bonferroni"") %>% print()

s3 %>% ungroup () %>%
  cohens_d(mean_test_acc~type_correct,paired = T,
           var.equal = T) %>% print()
###identical and rotated is not different, similar and related is not different 

s3_acc<-s3",match,"The code uses mean_test_acc (mean of Slide2.ACC == 1) as the outcome and type_correct as the within-subject factor, matching the paper’s description of mean accuracy rates compared across pair types (including identical vs. similar) in a repeated-measures framework with Bonferroni-corrected t-tests. Subject is correctly specified as the random factor, and the conditional nature of the analysis is implemented by excluding trials with incorrect encoding (Slide1.ACC == 0).",,
besken,69,"In Experiment 3, a Bonferroni-corrected t-test compared recognition accuracy for identical versus similar pairs. Identical pairs produced significantly lower accuracy than similar pairs, t(25) = 4.71, d = 0.92, p < .001, revealing a dissociation where identical items received higher JOLs but worse memory than similar items.",Transformation Specification,Recognition accuracy analyses were conducted on the data set after excluding trials that were incorrectly identified with respect to pair type during the encoding phase of both Experiments 2 and 3.,"##------------------------------Conditional Test accuracy-------------------------------------- 
## trials after incorrect encoding trials are excluded
d3<- read.csv(file='identical-exp3.csv')

d3a<- d3 %>% filter(Slide1.ACC != ""0"")

s3<- d3a %>% group_by(Subject,type_correct) %>%
  summarise(mean_test_acc=mean(Slide2.ACC == 1))",match,The code implements the same transformation described in the paper by excluding trials with incorrect encoding responses before computing recognition accuracy.,,
besken,69,"In Experiment 3, a Bonferroni-corrected t-test compared recognition accuracy for identical versus similar pairs. Identical pairs produced significantly lower accuracy than similar pairs, t(25) = 4.71, d = 0.92, p < .001, revealing a dissociation where identical items received higher JOLs but worse memory than similar items.",Inference Specification,"For all analyses, the alpha level was set at .05. For all pairwise comparisons, Bonferroni correction was used.","##------------------------------Conditional Test accuracy-------------------------------------- 
## trials after incorrect encoding trials are excluded
d3<- read.csv(file='identical-exp3.csv')

d3a<- d3 %>% filter(Slide1.ACC != ""0"")

s3<- d3a %>% group_by(Subject,type_correct) %>%
  summarise(mean_test_acc=mean(Slide2.ACC == 1))

a2<- ezANOVA(data = s3,
             dv = mean_test_acc,
             wid = Subject,
             within = .(type_correct),
             #between = .(bias),
             type = 2,
             return_aov = FALSE,
             detailed = T) %>%
  get_pes() %>% select(Effect,DFn,DFd,SSd,F,p,pes) %>% filter(Effect!='(Intercept)') %>%
  mutate_if(is.double,round,4) %>% pastey() %>% print()

mse2 = a2$SSd/a2$DFd
mse2

### ACCuracy Pairwise comparisons 

s3 %>% ungroup () %>%
  t_test(mean_test_acc~type_correct,paired = T,var.equal = T , 
         p.adjust.method = ""bonferroni"") %>% print()

s3 %>% ungroup () %>%
  cohens_d(mean_test_acc~type_correct,paired = T,
           var.equal = T) %>% print()",match,"The code applies Bonferroni correction to the paired t-test as described, consistent with the paper’s stated inference procedure (alpha .05 with Bonferroni for pairwise comparisons). The ANOVA and t-test functions use default alpha levels, which aligns with the paper’s general alpha = .05 specification.",,
besken,70,"In Experiment 3, a Bonferroni-corrected t-test compared recognition accuracy for identical versus related pairs. Identical pairs again showed significantly lower accuracy than related pairs, t(25) = 4.19, d = 0.82, p = .002, further confirming an identical effect metacognitive illusion whereby identical items are overpredicted yet underperform.",Model Specification,"Mean accuracy rates were submitted to a single-factor repeated measures ANOVA yielding a significant main effect, F(3,75) = 19.15, MSE = .015, p < .001, ηp2 = .43. Pairwise comparisons showed that identical pairs produced lower accuracy rates than similar and related pairs [identical versus similar: t (25) = 4.71, d = 0.92, p < .001, identical versus related: t(25) = 4.19, d = 0.82, p = .002], but not different than rotated pairs, t(25) = 1.95, d = 0.38, p = .374.","##------------------------------Conditional Test accuracy-------------------------------------- 
## trials after incorrect encoding trials are excluded
d3<- read.csv(file='identical-exp3.csv')

d3a<- d3 %>% filter(Slide1.ACC != ""0"")

s3<- d3a %>% group_by(Subject,type_correct) %>%
  summarise(mean_test_acc=mean(Slide2.ACC == 1))

a2<- ezANOVA(data = s3,
             dv = mean_test_acc,
             wid = Subject,
             within = .(type_correct),
             #between = .(bias),
             type = 2,
             return_aov = FALSE,
             detailed = T) %>%
  get_pes() %>% select(Effect,DFn,DFd,SSd,F,p,pes) %>% filter(Effect!='(Intercept)') %>%
  mutate_if(is.double,round,4) %>% pastey() %>% print()

mse2 = a2$SSd/a2$DFd
mse2

### ACCuracy Pairwise comparisons 

s3 %>% ungroup () %>%
  t_test(mean_test_acc~type_correct,paired = T,var.equal = T , 
         p.adjust.method = ""bonferroni"") %>% print()

s3 %>% ungroup () %>%
  cohens_d(mean_test_acc~type_correct,paired = T,
           var.equal = T) %>% print()",match,"The code uses a within-subjects (repeated-measures) ANOVA followed by paired t-tests with Bonferroni correction, matching the paper’s description of a single-factor repeated-measures ANOVA and Bonferroni-corrected t-tests for pairwise comparisons (including identical vs. related).",,
besken,70,"In Experiment 3, a Bonferroni-corrected t-test compared recognition accuracy for identical versus related pairs. Identical pairs again showed significantly lower accuracy than related pairs, t(25) = 4.19, d = 0.82, p = .002, further confirming an identical effect metacognitive illusion whereby identical items are overpredicted yet underperform.",Variable Specification,"Mean accuracy rates were submitted to a single-factor repeated measures ANOVA yielding a significant main effect, F(3,75) = 19.15, MSE = .015, p < .001, ηp2 = .43. Pairwise comparisons showed that identical pairs produced lower accuracy rates than similar and related pairs [identical versus similar: t (25) = 4.71, d = 0.92, p < .001, identical versus related: t(25) = 4.19, d = 0.82, p = .002], but not different than rotated pairs, t(25) = 1.95, d = 0.38, p = .374.","##------------------------------Conditional Test accuracy-------------------------------------- 
## trials after incorrect encoding trials are excluded
d3<- read.csv(file='identical-exp3.csv')

d3a<- d3 %>% filter(Slide1.ACC != ""0"")

s3<- d3a %>% group_by(Subject,type_correct) %>%
  summarise(mean_test_acc=mean(Slide2.ACC == 1))

a2<- ezANOVA(data = s3,
             dv = mean_test_acc,
             wid = Subject,
             within = .(type_correct),
             #between = .(bias),
             type = 2,
             return_aov = FALSE,
             detailed = T) %>%
  get_pes() %>% select(Effect,DFn,DFd,SSd,F,p,pes) %>% filter(Effect!='(Intercept)') %>%
  mutate_if(is.double,round,4) %>% pastey() %>% print()

mse2 = a2$SSd/a2$DFd
mse2

### ACCuracy Pairwise comparisons 

s3 %>% ungroup () %>%
  t_test(mean_test_acc~type_correct,paired = T,var.equal = T , 
         p.adjust.method = ""bonferroni"") %>% print()

s3 %>% ungroup () %>%
  cohens_d(mean_test_acc~type_correct,paired = T,
           var.equal = T) %>% print()",match,"The code uses mean conditional test accuracy as the dependent variable and pair type (including identical and related) as the within-subject factor, consistent with the paper’s description of comparing recognition accuracy between identical and related pairs. The Bonferroni-corrected paired t-tests are conducted on mean_test_acc across levels of type_correct, which corresponds to the identical vs. related accuracy comparison described.",,
besken,70,"In Experiment 3, a Bonferroni-corrected t-test compared recognition accuracy for identical versus related pairs. Identical pairs again showed significantly lower accuracy than related pairs, t(25) = 4.19, d = 0.82, p = .002, further confirming an identical effect metacognitive illusion whereby identical items are overpredicted yet underperform.",Transformation Specification,Recognition accuracy analyses were conducted on the data set after excluding trials that were incorrectly identified with respect to pair type during the encoding phase of both Experiments 2 and 3. The same data were also excluded for the mediational analyses.,"##------------------------------Conditional Test accuracy-------------------------------------- 
## trials after incorrect encoding trials are excluded
d3<- read.csv(file='identical-exp3.csv')

d3a<- d3 %>% filter(Slide1.ACC != ""0"")

s3<- d3a %>% group_by(Subject,type_correct) %>%
  summarise(mean_test_acc=mean(Slide2.ACC == 1))",match,"The code filters out trials with incorrect encoding responses before computing recognition accuracy, matching the paper’s description of excluding such trials prior to analysis. It then computes mean test accuracy by subject and pair type, consistent with the described recognition accuracy analysis on the cleaned dataset.",,
besken,70,"In Experiment 3, a Bonferroni-corrected t-test compared recognition accuracy for identical versus related pairs. Identical pairs again showed significantly lower accuracy than related pairs, t(25) = 4.19, d = 0.82, p = .002, further confirming an identical effect metacognitive illusion whereby identical items are overpredicted yet underperform.",Inference Specification,"For all analyses, the alpha level was set at .05. For all pairwise comparisons, Bonferroni correction was used.","### ACCuracy Pairwise comparisons 

s3 %>% ungroup () %>%
  t_test(mean_test_acc~type_correct,paired = T,var.equal = T , 
         p.adjust.method = ""bonferroni"") %>% print()

s3 %>% ungroup () %>%
  cohens_d(mean_test_acc~type_correct,paired = T,
           var.equal = T) %>% print()",match,"The code performs a paired t-test with Bonferroni correction for pairwise comparisons, consistent with the paper’s description of using Bonferroni-corrected tests at alpha .05. Although the alpha level is not explicitly set in the code, this is standard and does not conflict with the paper’s stated inference criteria.",,
besken,71,"In Experiment 3, a Bonferroni-corrected t-test compared recognition accuracy for identical versus rotated pairs. The difference was nonsignificant, t(25) = 1.95, d = 0.38, p = .374, indicating that orientation changes did not substantially alter recognition relative to upright identical pairs.",Model Specification,"Mean accuracy rates were submitted to a single-factor repeated measures ANOVA yielding a significant main effect, F(3,75) = 19.15, MSE = .015, p < .001, ηp2 = .43. Pairwise comparisons showed that identical pairs produced lower accuracy rates than similar and related pairs [identical versus similar: t (25) = 4.71, d = 0.92, p < .001, identical versus related: t(25) = 4.19, d = 0.82, p = .002], but not different than rotated pairs, t(25) = 1.95, d = 0.38, p = .374.","a2<- ezANOVA(data = s3,
             dv = mean_test_acc,
             wid = Subject,
             within = .(type_correct),
             #between = .(bias),
             type = 2,
             return_aov = FALSE,
             detailed = T) %>%
  get_pes() %>% select(Effect,DFn,DFd,SSd,F,p,pes) %>% filter(Effect!='(Intercept)') %>%
  mutate_if(is.double,round,4) %>% pastey() %>% print()

...

s3 %>% ungroup () %>%
  t_test(mean_test_acc~type_correct,paired = T,var.equal = T , 
         p.adjust.method = ""bonferroni"") %>% print()",match,"The paper describes a single-factor repeated-measures ANOVA followed by Bonferroni-corrected t-tests for pairwise comparisons, and the code implements exactly this model specification. The t-tests are explicitly set as paired with Bonferroni adjustment, matching the reported pairwise comparison approach between conditions (including identical vs. rotated).",,
besken,71,"In Experiment 3, a Bonferroni-corrected t-test compared recognition accuracy for identical versus rotated pairs. The difference was nonsignificant, t(25) = 1.95, d = 0.38, p = .374, indicating that orientation changes did not substantially alter recognition relative to upright identical pairs.",Variable Specification,"Mean accuracy rates were submitted to a single-factor repeated measures ANOVA yielding a significant main effect, F(3,75) = 19.15, MSE = .015, p < .001, ηp2 = .43. Pairwise comparisons showed that identical pairs produced lower accuracy rates than similar and related pairs [identical versus similar: t (25) = 4.71, d = 0.92, p < .001, identical versus related: t(25) = 4.19, d = 0.82, p = .002], but not different than rotated pairs, t(25) = 1.95, d = 0.38, p = .374.","##------------------------------Conditional Test accuracy-------------------------------------- 
## trials after incorrect encoding trials are excluded
d3<- read.csv(file='identical-exp3.csv')

d3a<- d3 %>% filter(Slide1.ACC != ""0"")

s3<- d3a %>% group_by(Subject,type_correct) %>%
  summarise(mean_test_acc=mean(Slide2.ACC == 1))

a2<- ezANOVA(data = s3,
             dv = mean_test_acc,
             wid = Subject,
             within = .(type_correct),
             #between = .(bias),
             type = 2,
             return_aov = FALSE,
             detailed = T) %>%
  get_pes() %>% select(Effect,DFn,DFd,SSd,F,p,pes) %>% filter(Effect!='(Intercept)') %>%
  mutate_if(is.double,round,4) %>% pastey() %>% print()

mse2 = a2$SSd/a2$DFd
mse2

### ACCuracy Pairwise comparisons 

s3 %>% ungroup () %>%
  t_test(mean_test_acc~type_correct,paired = T,var.equal = T , 
         p.adjust.method = ""bonferroni"") %>% print()

s3 %>% ungroup () %>%
  cohens_d(mean_test_acc~type_correct,paired = T,
           var.equal = T) %>% print()
###identical and rotated is not different, similar and related is not different",match,"The code uses mean recognition accuracy as the dependent variable and item type (including identical and rotated) as a within-subjects factor, matching the paper’s description of comparing mean accuracy across pair types, including the identical vs. rotated Bonferroni-corrected t-test.",,
besken,71,"In Experiment 3, a Bonferroni-corrected t-test compared recognition accuracy for identical versus rotated pairs. The difference was nonsignificant, t(25) = 1.95, d = 0.38, p = .374, indicating that orientation changes did not substantially alter recognition relative to upright identical pairs.",Transformation Specification,Recognition accuracy analyses were conducted on the data set after excluding trials that were incorrectly identified with respect to pair type during the encoding phase of both Experiments 2 and 3.,"##------------------------------Conditional Test accuracy-------------------------------------- 
## trials after incorrect encoding trials are excluded
d3<- read.csv(file='identical-exp3.csv')

d3a<- d3 %>% filter(Slide1.ACC != ""0"")

s3<- d3a %>% group_by(Subject,type_correct) %>%
  summarise(mean_test_acc=mean(Slide2.ACC == 1))",match,"The code excludes incorrectly encoded trials before computing recognition accuracy, consistent with the paper’s description of the data transformation. It then computes mean test accuracy on the filtered data, aligning with the stated procedure.",,
besken,71,"In Experiment 3, a Bonferroni-corrected t-test compared recognition accuracy for identical versus rotated pairs. The difference was nonsignificant, t(25) = 1.95, d = 0.38, p = .374, indicating that orientation changes did not substantially alter recognition relative to upright identical pairs.",Inference Specification,"For all analyses, the alpha level was set at .05. For all pairwise comparisons, Bonferroni correction was used.","##------------------------------Conditional Test accuracy-------------------------------------- 
## trials after incorrect encoding trials are excluded
d3<- read.csv(file='identical-exp3.csv')

d3a<- d3 %>% filter(Slide1.ACC != ""0"")

s3<- d3a %>% group_by(Subject,type_correct) %>%
  summarise(mean_test_acc=mean(Slide2.ACC == 1))

a2<- ezANOVA(data = s3,
             dv = mean_test_acc,
             wid = Subject,
             within = .(type_correct),
             #between = .(bias),
             type = 2,
             return_aov = FALSE,
             detailed = T) %>%
  get_pes() %>% select(Effect,DFn,DFd,SSd,F,p,pes) %>% filter(Effect!='(Intercept)') %>%
  mutate_if(is.double,round,4) %>% pastey() %>% print()

mse2 = a2$SSd/a2$DFd
mse2

### ACCuracy Pairwise comparisons 

s3 %>% ungroup () %>%
  t_test(mean_test_acc~type_correct,paired = T,var.equal = T , 
         p.adjust.method = ""bonferroni"") %>% print()",match,"The code applies Bonferroni correction for the paired t-tests, consistent with the paper’s stated inference procedure, and there is no evidence of a different alpha criterion being used. Thus, the implementation matches the reported inference specification.",,
besken,72,"In Experiment 3, a Bonferroni-corrected t-test compared recognition accuracy for rotated versus similar pairs. Rotated pairs were recognized significantly less accurately than similar pairs, t(25) = 5.72, d = 1.12, p < .001, suggesting better memory for within-category exemplars than for rotated duplicates in this 4-AFC test.",Model Specification,"Mean accuracy rates were submitted to a single-factor repeated measures ANOVA yielding a significant main effect, F(3,75) = 19.15, MSE = .015, p < .001, ηp2 = .43. Pairwise comparisons showed that identical pairs produced lower accuracy rates than similar and related pairs [identical versus similar: t (25) = 4.71, d = 0.92, p < .001, identical versus related: t(25) = 4.19, d = 0.82, p = .002], but not different than rotated pairs, t(25) = 1.95, d = 0.38, p = .374. Rotated pairs produced lower accuracy than similar and related pairs [ rotated versus similar: t(25) = 5.72, d = 1.12, p < .001, rotated versus related: t(25) = 6.17, d = 1.21, p < .001].","##------------------------------Conditional Test accuracy-------------------------------------- 
## trials after incorrect encoding trials are excluded
d3<- read.csv(file='identical-exp3.csv')

d3a<- d3 %>% filter(Slide1.ACC != ""0"")

s3<- d3a %>% group_by(Subject,type_correct) %>%
  summarise(mean_test_acc=mean(Slide2.ACC == 1))

a2<- ezANOVA(data = s3,
             dv = mean_test_acc,
             wid = Subject,
             within = .(type_correct),
             #between = .(bias),
             type = 2,
             return_aov = FALSE,
             detailed = T) %>%
  get_pes() %>% select(Effect,DFn,DFd,SSd,F,p,pes) %>% filter(Effect!='(Intercept)') %>%
  mutate_if(is.double,round,4) %>% pastey() %>% print()

mse2 = a2$SSd/a2$DFd
mse2

### ACCuracy Pairwise comparisons 

s3 %>% ungroup () %>%
  t_test(mean_test_acc~type_correct,paired = T,var.equal = T , 
         p.adjust.method = ""bonferroni"") %>% print()

s3 %>% ungroup () %>%
  cohens_d(mean_test_acc~type_correct,paired = T,
           var.equal = T) %>% print()",match,"The paper reports pairwise t-tests with Bonferroni correction, and the code implements paired-samples t-tests with Bonferroni-adjusted p-values for the same factor. Thus, the model specification in the code aligns with the described analysis in the paper.",,
besken,72,"In Experiment 3, a Bonferroni-corrected t-test compared recognition accuracy for rotated versus similar pairs. Rotated pairs were recognized significantly less accurately than similar pairs, t(25) = 5.72, d = 1.12, p < .001, suggesting better memory for within-category exemplars than for rotated duplicates in this 4-AFC test.",Variable Specification,"Mean accuracy rates were submitted to a single-factor repeated measures ANOVA yielding a significant main effect, F(3,75) = 19.15, MSE = .015, p < .001, ηp2 = .43. Pairwise comparisons showed that identical pairs produced lower accuracy rates than similar and related pairs [identical versus similar: t(25) = 4.71, d = 0.92, p < .001, identical versus related: t(25) = 4.19, d = 0.82, p = .002], but not different than rotated pairs, t(25) = 1.95, d = 0.38, p = .374. Rotated pairs produced lower accuracy than similar and related pairs [rotated versus similar: t(25) = 5.72, d = 1.12, p < .001, rotated versus related: t(25) = 6.17, d = 1.21, p < .001].","##------------------------------Conditional Test accuracy-------------------------------------- 
## trials after incorrect encoding trials are excluded
d3<- read.csv(file='identical-exp3.csv')

d3a<- d3 %>% filter(Slide1.ACC != ""0"")

s3<- d3a %>% group_by(Subject,type_correct) %>%
  summarise(mean_test_acc=mean(Slide2.ACC == 1))

a2<- ezANOVA(data = s3,
             dv = mean_test_acc,
             wid = Subject,
             within = .(type_correct),
             #between = .(bias),
             type = 2,
             return_aov = FALSE,
             detailed = T) %>%
  get_pes() %>% select(Effect,DFn,DFd,SSd,F,p,pes) %>% filter(Effect!='(Intercept)') %>%
  mutate_if(is.double,round,4) %>% pastey() %>% print()

mse2 = a2$SSd/a2$DFd
mse2

### ACCuracy Pairwise comparisons 

s3 %>% ungroup () %>%
  t_test(mean_test_acc~type_correct,paired = T,var.equal = T , 
         p.adjust.method = ""bonferroni"") %>% print()

s3 %>% ungroup () %>%
  cohens_d(mean_test_acc~type_correct,paired = T,
           var.equal = T) %>% print()
###identical and rotated is not different, similar and related is not different 

s3_acc<-s3
",match,"The code uses mean test accuracy as the dependent variable and pair type (type_correct: identical, similar, related, rotated) as a within-subject factor, matching the paper’s description of analyzing mean accuracy rates across pair types and conducting pairwise comparisons (including rotated vs similar).",,
besken,72,"In Experiment 3, a Bonferroni-corrected t-test compared recognition accuracy for rotated versus similar pairs. Rotated pairs were recognized significantly less accurately than similar pairs, t(25) = 5.72, d = 1.12, p < .001, suggesting better memory for within-category exemplars than for rotated duplicates in this 4-AFC test.",Transformation Specification,"1 Recognition accuracy analyses were conducted on the data set after excluding trials that were incorrectly identified with respect to pair type during the encoding phase of both Experiments 2 and 3. The same data were also excluded for the mediational analyses.

Figure 2. Mean predicted (JOL) and actual percent correct recognition as a function of the four types of image pairs across three experiments. Error bars represent standard errors of the mean. Panels A, B, and C represent Experiments 1–3, respectively. The actual recall was calculated by multiplying the percent correct recognition by 100 to provide a comparison between JOLs (predicted) and percent correct (actual) recognition.","##------------------------------Conditional Test accuracy-------------------------------------- 
## trials after incorrect encoding trials are excluded
d3<- read.csv(file='identical-exp3.csv')

d3a<- d3 %>% filter(Slide1.ACC != ""0"")

s3<- d3a %>% group_by(Subject,type_correct) %>%
  summarise(mean_test_acc=mean(Slide2.ACC == 1))

a2<- ezANOVA(data = s3,
             dv = mean_test_acc,
             wid = Subject,
             within = .(type_correct),
             #between = .(bias),
             type = 2,
             return_aov = FALSE,
             detailed = T) %>%
  get_pes() %>% select(Effect,DFn,DFd,SSd,F,p,pes) %>% filter(Effect!='(Intercept)') %>%
  mutate_if(is.double,round,4) %>% pastey() %>% print()

mse2 = a2$SSd/a2$DFd
mse2

### ACCuracy Pairwise comparisons 

s3 %>% ungroup () %>%
  t_test(mean_test_acc~type_correct,paired = T,var.equal = T , 
         p.adjust.method = ""bonferroni"") %>% print()

s3 %>% ungroup () %>%
  cohens_d(mean_test_acc~type_correct,paired = T,
           var.equal = T) %>% print()",match,"The code applies the same key transformation described in the paper by excluding trials with incorrect encoding responses before computing recognition accuracy, and then derives condition-wise accuracy scores for each subject. The paper’s mention of multiplying by 100 is only for descriptive comparison with JOLs and does not contradict the proportion-based accuracy used in the code.",,
besken,72,"In Experiment 3, a Bonferroni-corrected t-test compared recognition accuracy for rotated versus similar pairs. Rotated pairs were recognized significantly less accurately than similar pairs, t(25) = 5.72, d = 1.12, p < .001, suggesting better memory for within-category exemplars than for rotated duplicates in this 4-AFC test.",Inference Specification,"For all analyses, the alpha level was set at .05. For all pairwise comparisons, Bonferroni correction was used.","##------------------------------Conditional Test accuracy-------------------------------------- 
## trials after incorrect encoding trials are excluded
d3<- read.csv(file='identical-exp3.csv')

d3a<- d3 %>% filter(Slide1.ACC != ""0"")

s3<- d3a %>% group_by(Subject,type_correct) %>%
  summarise(mean_test_acc=mean(Slide2.ACC == 1))

a2<- ezANOVA(data = s3,
             dv = mean_test_acc,
             wid = Subject,
             within = .(type_correct),
             #between = .(bias),
             type = 2,
             return_aov = FALSE,
             detailed = T) %>%
  get_pes() %>% select(Effect,DFn,DFd,SSd,F,p,pes) %>% filter(Effect!='(Intercept)') %>%
  mutate_if(is.double,round,4) %>% pastey() %>% print()

mse2 = a2$SSd/a2$DFd
mse2

### ACCuracy Pairwise comparisons 

s3 %>% ungroup () %>%
  t_test(mean_test_acc~type_correct,paired = T,var.equal = T , 
         p.adjust.method = ""bonferroni"") %>% print()

s3 %>% ungroup () %>%
  cohens_d(mean_test_acc~type_correct,paired = T,
           var.equal = T) %>% print()",match,"The code applies Bonferroni correction for pairwise t-tests, consistent with the paper’s stated inference criteria, and there is no contradiction with the paper’s alpha = .05 specification.",,
besken,73,"In Experiment 3, a Bonferroni-corrected t-test compared recognition accuracy for rotated versus related pairs. Rotated pairs again yielded lower accuracy than related pairs, t(25) = 6.17, d = 1.21, p < .001, indicating a memory advantage for conceptual relations over rotations of the same object.",Model Specification,"Mean accuracy rates were submitted to a single-factor repeated measures ANOVA yielding a significant main effect, F(3,75) = 19.15, MSE = .015, p < .001, ηp2 = .43. ... Rotated pairs produced lower accuracy than similar and related pairs [ rotated versus similar: t (25) = 5.72, d = 1.12, p < .001, rotated versus related: t(25) = 6.17, d = 1.21, p < .001]. For all analyses, the alpha level was set at .05. For all pairwise comparisons, Bonferroni correction was used.","##------------------------------Conditional Test accuracy-------------------------------------- 
## trials after incorrect encoding trials are excluded
d3<- read.csv(file='identical-exp3.csv')

d3a<- d3 %>% filter(Slide1.ACC != ""0"")

s3<- d3a %>% group_by(Subject,type_correct) %>%
  summarise(mean_test_acc=mean(Slide2.ACC == 1))

a2<- ezANOVA(data = s3,
             dv = mean_test_acc,
             wid = Subject,
             within = .(type_correct),
             #between = .(bias),
             type = 2,
             return_aov = FALSE,
             detailed = T) %>%
  get_pes() %>% select(Effect,DFn,DFd,SSd,F,p,pes) %>% filter(Effect!='(Intercept)') %>%
  mutate_if(is.double,round,4) %>% pastey() %>% print()

mse2 = a2$SSd/a2$DFd
mse2

### ACCuracy Pairwise comparisons 

s3 %>% ungroup () %>%
  t_test(mean_test_acc~type_correct,paired = T,var.equal = T , 
         p.adjust.method = ""bonferroni"") %>% print()

s3 %>% ungroup () %>%
  cohens_d(mean_test_acc~type_correct,paired = T,
           var.equal = T) %>% print()",match,"The paper describes a single-factor repeated-measures ANOVA followed by Bonferroni-corrected pairwise t-tests, and the code implements exactly this model structure. Specifically, the code runs a within-subjects ANOVA on type_correct and then paired t-tests with Bonferroni adjustment for pairwise comparisons, which matches the reported model specification.",,
besken,73,"In Experiment 3, a Bonferroni-corrected t-test compared recognition accuracy for rotated versus related pairs. Rotated pairs again yielded lower accuracy than related pairs, t(25) = 6.17, d = 1.21, p < .001, indicating a memory advantage for conceptual relations over rotations of the same object.",Variable Specification,"Mean accuracy rates were submitted to a single-factor repeated measures ANOVA yielding a significant main effect, F(3,75) = 19.15, MSE = .015, p < .001, ηp2 = .43. Pairwise comparisons showed that identical pairs pro- duced lower accuracy rates than similar and related pairs [identical versus similar: t (25) = 4.71, d = 0.92, p < .001, identical versus related: t(25) = 4.19, d = 0.82, p = .002], but not different than rotated pairs, t(25) = 1.95, d = 0.38, p = .374. Rotated pairs produced lower accuracy than similar and related pairs [ rotated versus similar: t (25) = 5.72, d = 1.12, p < .001, rotated versus related: t(25) = 6.17, d = 1.21, p < .001].","##------------------------------Conditional Test accuracy-------------------------------------- 
## trials after incorrect encoding trials are excluded
d3<- read.csv(file='identical-exp3.csv')

d3a<- d3 %>% filter(Slide1.ACC != ""0"")

s3<- d3a %>% group_by(Subject,type_correct) %>%
  summarise(mean_test_acc=mean(Slide2.ACC == 1))

a2<- ezANOVA(data = s3,
             dv = mean_test_acc,
             wid = Subject,
             within = .(type_correct),
             #between = .(bias),
             type = 2,
             return_aov = FALSE,
             detailed = T) %>%
  get_pes() %>% select(Effect,DFn,DFd,SSd,F,p,pes) %>% filter(Effect!='(Intercept)') %>%
  mutate_if(is.double,round,4) %>% pastey() %>% print()

mse2 = a2$SSd/a2$DFd
mse2

### ACCuracy Pairwise comparisons 

s3 %>% ungroup () %>%
  t_test(mean_test_acc~type_correct,paired = T,var.equal = T , 
         p.adjust.method = ""bonferroni"") %>% print()

s3 %>% ungroup () %>%
  cohens_d(mean_test_acc~type_correct,paired = T,
           var.equal = T) %>% print()",match,"The code uses mean recognition accuracy as the dependent variable and the within-subject factor indicating pair type (including rotated and related) as the predictor, which aligns with the paper’s description of comparing recognition accuracy between rotated and related pairs. Thus, the variable roles and types correspond between the paper and the implementation.",,
besken,73,"In Experiment 3, a Bonferroni-corrected t-test compared recognition accuracy for rotated versus related pairs. Rotated pairs again yielded lower accuracy than related pairs, t(25) = 6.17, d = 1.21, p < .001, indicating a memory advantage for conceptual relations over rotations of the same object.",Transformation Specification,"Recognition accuracy analyses were conducted on the data set after excluding trials that were incorrectly identified with respect to pair type during the encoding phase of both Experiments 2 and 3. The same data were also excluded for the mediational analyses.

""The actual recall was calculated by multiplying the percent correct recognition by 100 to provide a comparison between JOLs (predicted) and percent correct (actual) recognition.""","##------------------------------Conditional Test accuracy-------------------------------------- 
## trials after incorrect encoding trials are excluded
d3<- read.csv(file='identical-exp3.csv')

d3a<- d3 %>% filter(Slide1.ACC != ""0"")

s3<- d3a %>% group_by(Subject,type_correct) %>%
  summarise(mean_test_acc=mean(Slide2.ACC == 1))

...

s3_acc<-s3


#####PLOT DATA
exp3_plot<-cbind(s3_jol,s3_acc[, c(""mean_test_acc"")])
...
exp1_2_3$pref_type <- c(rep(""actual"",296), rep(""predicted"",296))
exp1_2_3$score <- NA
exp1_2_3$score<-  c(exp1_2_3$mean_test_acc[1:296], exp1_2_3$mean_conf[297:592])",mismatch,"The code correctly excludes trials with incorrect encoding responses but does not apply the paper-described transformation of multiplying recognition accuracy by 100 to put it on the same 0–100 scale as JOLs. Instead, recognition accuracy is retained as a proportion (0–1) when combined with JOL ratings.",,
besken,73,"In Experiment 3, a Bonferroni-corrected t-test compared recognition accuracy for rotated versus related pairs. Rotated pairs again yielded lower accuracy than related pairs, t(25) = 6.17, d = 1.21, p < .001, indicating a memory advantage for conceptual relations over rotations of the same object.",Inference Specification,"For all analyses, the alpha level was set at .05. For all pairwise comparisons, Bonferroni correction was used.","### ACCuracy Pairwise comparisons 

s3 %>% ungroup () %>%
  t_test(mean_test_acc~type_correct,paired = T,var.equal = T , 
         p.adjust.method = ""bonferroni"") %>% print()

s3 %>% ungroup () %>%
  cohens_d(mean_test_acc~type_correct,paired = T,
           var.equal = T) %>% print()",match,"The code applies a Bonferroni correction for pairwise t-tests, consistent with the paper’s stated inference procedure using Bonferroni adjustments at alpha .05. There is no indication in the code of a different alpha level, and the default for the t_test function is .05, so the implementation aligns with the paper’s inference specification.",,
besken,74,"In Experiment 3, a Bonferroni-corrected t-test compared recognition accuracy for similar versus related pairs. Accuracy did not differ significantly, t(25) = 0.19, d = 0.04, p = 1.00, indicating equivalent memory performance for similar exemplars and conceptually related pairs.",Model Specification,"Finally, the accuracy rate of similar and related pairs did not differ, t(25) = 0.19, d = 0.04, p = 1.00.","##------------------------------Conditional Test accuracy-------------------------------------- 
## trials after incorrect encoding trials are excluded
d3<- read.csv(file='identical-exp3.csv')

d3a<- d3 %>% filter(Slide1.ACC != ""0"")

s3<- d3a %>% group_by(Subject,type_correct) %>%
  summarise(mean_test_acc=mean(Slide2.ACC == 1))

a2<- ezANOVA(data = s3,
             dv = mean_test_acc,
             wid = Subject,
             within = .(type_correct),
             #between = .(bias),
             type = 2,
             return_aov = FALSE,
             detailed = T) %>%
  get_pes() %>% select(Effect,DFn,DFd,SSd,F,p,pes) %>% filter(Effect!='(Intercept)') %>%
  mutate_if(is.double,round,4) %>% pastey() %>% print()

mse2 = a2$SSd/a2$DFd
mse2

### ACCuracy Pairwise comparisons 

s3 %>% ungroup () %>%
  t_test(mean_test_acc~type_correct,paired = T,var.equal = T , 
         p.adjust.method = ""bonferroni"") %>% print()

s3 %>% ungroup () %>%
  cohens_d(mean_test_acc~type_correct,paired = T,
           var.equal = T) %>% print()",match,"The paper reports a Bonferroni-corrected t-test comparing accuracy between conditions, and the code implements a paired t-test with Bonferroni adjustment for the within-subject factor type_correct, matching the described model specification.",,
besken,74,"In Experiment 3, a Bonferroni-corrected t-test compared recognition accuracy for similar versus related pairs. Accuracy did not differ significantly, t(25) = 0.19, d = 0.04, p = 1.00, indicating equivalent memory performance for similar exemplars and conceptually related pairs.",Variable Specification,"Mean accuracy rates were submitted to a single-factor repeated measures ANOVA yielding a significant main effect, F(3,75) = 19.15, MSE = .015, p < .001, ηp2 = .43. Pairwise comparisons showed that identical pairs produced lower accuracy rates than similar and related pairs [identical versus similar: t (25) = 4.71, d = 0.92, p < .001, identical versus related: t(25) = 4.19, d = 0.82, p = .002], but not different than rotated pairs, t(25) = 1.95, d = 0.38, p = .374. Rotated pairs produced lower accuracy than similar and related pairs [ rotated versus similar: t (25) = 5.72, d = 1.12, p < .001, rotated versus related: t(25) = 6.17, d = 1.21, p < .001]. Finally, the accuracy rate of similar and related pairs did not differ, t(25) = 0.19, d = 0.04, p = 1.00.","d3a<- d3 %>% filter(Slide1.ACC != ""0"")

s3<- d3a %>% group_by(Subject,type_correct) %>%
  summarise(mean_test_acc=mean(Slide2.ACC == 1))

a2<- ezANOVA(data = s3,
             dv = mean_test_acc,
             wid = Subject,
             within = .(type_correct),
             #between = .(bias),
             type = 2,
             return_aov = FALSE,
             detailed = T) %>%
  get_pes() %>% select(Effect,DFn,DFd,SSd,F,p,pes) %>% filter(Effect!='(Intercept)') %>%
  mutate_if(is.double,round,4) %>% pastey() %>% print()

mse2 = a2$SSd/a2$DFd
mse2

### ACCuracy Pairwise comparisons 

s3 %>% ungroup () %>%
  t_test(mean_test_acc~type_correct,paired = T,var.equal = T , 
         p.adjust.method = ""bonferroni"") %>% print()

s3 %>% ungroup () %>%
  cohens_d(mean_test_acc~type_correct,paired = T,
           var.equal = T) %>% print()",match,"The code uses mean recognition accuracy as the dependent variable and the stimulus-pair type as the within-subject factor, consistent with the paper’s description of comparing accuracy between similar and related pairs. The similar vs. related comparison is implemented as one of the Bonferroni-corrected paired t-tests across levels of this factor.",,
besken,74,"In Experiment 3, a Bonferroni-corrected t-test compared recognition accuracy for similar versus related pairs. Accuracy did not differ significantly, t(25) = 0.19, d = 0.04, p = 1.00, indicating equivalent memory performance for similar exemplars and conceptually related pairs.",Transformation Specification,Recognition accuracy analyses were conducted on the data set after excluding trials that were incorrectly identified with respect to pair type during the encoding phase of both Experiments 2 and 3.,"##------------------------------Conditional Test accuracy-------------------------------------- 
## trials after incorrect encoding trials are excluded
d3<- read.csv(file='identical-exp3.csv')

d3a<- d3 %>% filter(Slide1.ACC != ""0"")

s3<- d3a %>% group_by(Subject,type_correct) %>%
  summarise(mean_test_acc=mean(Slide2.ACC == 1))",match,"The code filters out trials with incorrect encoding responses and then computes mean recognition accuracy, which aligns with the paper’s description of excluding trials incorrectly identified with respect to pair type before analyzing recognition accuracy. Thus, the transformation applied in the code matches the stated procedure in the paper.",,
besken,74,"In Experiment 3, a Bonferroni-corrected t-test compared recognition accuracy for similar versus related pairs. Accuracy did not differ significantly, t(25) = 0.19, d = 0.04, p = 1.00, indicating equivalent memory performance for similar exemplars and conceptually related pairs.",Inference Specification,"For all analyses, the alpha level was set at .05. For all pairwise comparisons, Bonferroni correction was used.","##------------------------------Conditional Test accuracy-------------------------------------- 
## trials after incorrect encoding trials are excluded
d3<- read.csv(file='identical-exp3.csv')

d3a<- d3 %>% filter(Slide1.ACC != ""0"")

s3<- d3a %>% group_by(Subject,type_correct) %>%
  summarise(mean_test_acc=mean(Slide2.ACC == 1))

a2<- ezANOVA(data = s3,
             dv = mean_test_acc,
             wid = Subject,
             within = .(type_correct),
             #between = .(bias),
             type = 2,
             return_aov = FALSE,
             detailed = T) %>%
  get_pes() %>% select(Effect,DFn,DFd,SSd,F,p,pes) %>% filter(Effect!='(Intercept)') %>%
  mutate_if(is.double,round,4) %>% pastey() %>% print()

mse2 = a2$SSd/a2$DFd
mse2

### ACCuracy Pairwise comparisons 

s3 %>% ungroup () %>%
  t_test(mean_test_acc~type_correct,paired = T,var.equal = T , 
         p.adjust.method = ""bonferroni"") %>% print()

s3 %>% ungroup () %>%
  cohens_d(mean_test_acc~type_correct,paired = T,
           var.equal = T) %>% print()",match,"The code applies Bonferroni correction for the paired t-test comparisons, consistent with the paper’s description of using Bonferroni for all pairwise comparisons under an alpha of .05.",,
besken,76,"In Experiment 3, a multilevel mediation analysis examined whether identification RT mediated the effect of item type (rotated vs. similar; similar reference) on JOLs. The indirect effect through RT was significant (β = 2.18, 95% CI [0.60, 3.82]), but the direct effect was nonsignificant (β = -0.34, 95% CI [-4.04, 3.30]), and opposing directions of effects rendered total and proportion-mediated indices uninterpretable, suggesting complex and limited fluency contributions for rotated items.",Model Specification,"Mediation analyses were carried out by using the ‘boot’ package in R (Canty & Ripley, 2024) to perform bootstrapping and calculate bias-corrected and accelerated (BCa) confidence intervals (Efron, 1987; for the implementation of this method, see Davison & Hinkley, 1997). All models were specified within a multilevel mediation structure, with item type (predictor), encoding RT (mediator), and JOLs (outcome) measured at the trial level (Level 1), and random intercepts for participants modeled at Level 2.",,unknown,"The paper describes a multilevel mediation model with bootstrapped BCa confidence intervals, but no corresponding code was provided to verify the implemented model type.",,
besken,76,"In Experiment 3, a multilevel mediation analysis examined whether identification RT mediated the effect of item type (rotated vs. similar; similar reference) on JOLs. The indirect effect through RT was significant (β = 2.18, 95% CI [0.60, 3.82]), but the direct effect was nonsignificant (β = -0.34, 95% CI [-4.04, 3.30]), and opposing directions of effects rendered total and proportion-mediated indices uninterpretable, suggesting complex and limited fluency contributions for rotated items.",Variable Specification,"All models were specified within a multilevel mediation structure, with item type (predictor), encoding RT (mediator), and JOLs (outcome) measured at the trial level (Level 1), and random intercepts for participants modeled at Level 2. ... Experiment 3 used similar, rotated, identical, and related items, with ""similar"" items as the reference group. ... For rotated items, only the indirect effect via fluency was significant (β = 2.18, 95% CI [0.60, 3.82]); the direct effect was nonsignificant (β = /C00.34, 95% CI [/C04.04, 3.30]).",,unknown,"There is insufficient information about the actual code to determine whether the variables and their roles (predictor, mediator, outcome) match the paper’s description for this mediation analysis.",,
besken,76,"In Experiment 3, a multilevel mediation analysis examined whether identification RT mediated the effect of item type (rotated vs. similar; similar reference) on JOLs. The indirect effect through RT was significant (β = 2.18, 95% CI [0.60, 3.82]), but the direct effect was nonsignificant (β = -0.34, 95% CI [-4.04, 3.30]), and opposing directions of effects rendered total and proportion-mediated indices uninterpretable, suggesting complex and limited fluency contributions for rotated items.",Transformation Specification,"Recognition accuracy analyses were conducted on the data set after excluding trials that were incorrectly identified with respect to pair type during the encoding phase of both Experiments 2 and 3. The same data were also excluded for the mediational analyses. Experiment 3 used similar, rotated, identical, and related items, with “similar” items as the reference group. Except for the unrelated items replaced with rotated items, the analysis was identical with Experiment 2.",,unknown,There is insufficient information about the code to determine whether the data transformations described in the paper were implemented as stated.,,
besken,76,"In Experiment 3, a multilevel mediation analysis examined whether identification RT mediated the effect of item type (rotated vs. similar; similar reference) on JOLs. The indirect effect through RT was significant (β = 2.18, 95% CI [0.60, 3.82]), but the direct effect was nonsignificant (β = -0.34, 95% CI [-4.04, 3.30]), and opposing directions of effects rendered total and proportion-mediated indices uninterpretable, suggesting complex and limited fluency contributions for rotated items.",Inference Specification,"Mediation analyses were carried out by using the 'boot' package in R (Canty & Ripley, 2024) to perform bootstrapping and calculate bias-corrected and accelerated (BCa) confidence intervals (Efron, 1987; for the implementation of this method, see Davison & Hinkley, 1997). All models were specified within a multilevel mediation structure, with item type (predictor), encoding RT (mediator), and JOLs (outcome) measured at the trial level (Level 1), and random intercepts for participants modeled at Level 2. Indirect, direct, and total effects were estimated for each contrast using bootstrapped 95% bias-corrected and accelerated (BCa) confidence intervals based on 5,000 resamples. Using bootstrapping allows the calculation of indirect effects, even with small samples, by generating bias-corrected and accelerated confidence intervals (Shrout & Bolger, 2002).",,unknown,"There is insufficient information about the corresponding code to determine whether the inference procedures (bootstrapped BCa 95% CIs with 5,000 resamples using the 'boot' package) match the paper’s description.",,
besken,77,"In Experiment 3, a multilevel mediation analysis tested whether identification RT mediated the effect of item type (related vs. similar; similar reference) on JOLs. Both the indirect effect (β = 0.67, 95% CI [0.21, 1.29]) and the direct effect (β = 6.69, 95% CI [3.35, 10.00]) were significant, with a total effect β = 7.37 and roughly 9% (95% CI [0.02, 0.21]) mediated, indicating that while fluency plays a small role, JOL differences for related items are primarily belief-driven.",Model Specification,"Mediation analyses were carried out by using the ‘boot’ package in R (Canty & Ripley, 2024) to perform bootstrapping and calculate bias-corrected and accelerated (BCa) confidence intervals (Efron, 1987; for the implementation of this method, see Davison & Hinkley, 1997). All models were specified within a multilevel mediation structure, with item type (predictor), encoding RT (mediator), and JOLs (outcome) measured at the trial level (Level 1), and random intercepts for participants modeled at Level 2. Indirect, direct, and total effects were estimated for each contrast using bootstrapped 95% bias-corrected and accelerated (BCa) confidence intervals based on 5,000 resamples. ... Experiment 3 used similar, rotated, identical, and related items, with “similar” items as the reference group. Except for the unrelated items replaced with rotated items, the analysis was identical with Experiment 2.",,unknown,"The paper clearly describes a multilevel mediation model with trial-level item type, encoding RT, and JOLs plus random intercepts for participants, but no corresponding code details are provided to verify the implemented model specification.",,
besken,77,"In Experiment 3, a multilevel mediation analysis tested whether identification RT mediated the effect of item type (related vs. similar; similar reference) on JOLs. Both the indirect effect (β = 0.67, 95% CI [0.21, 1.29]) and the direct effect (β = 6.69, 95% CI [3.35, 10.00]) were significant, with a total effect β = 7.37 and roughly 9% (95% CI [0.02, 0.21]) mediated, indicating that while fluency plays a small role, JOL differences for related items are primarily belief-driven.",Variable Specification,"All models were specified within a multilevel mediation structure, with item type (predictor), encoding RT (mediator), and JOLs (outcome) measured at the trial level (Level 1), and random intercepts for participants modeled at Level 2.",,unknown,There is no usable code information provided to assess how variables were specified in the implementation relative to the paper’s description.,,
besken,77,"In Experiment 3, a multilevel mediation analysis tested whether identification RT mediated the effect of item type (related vs. similar; similar reference) on JOLs. Both the indirect effect (β = 0.67, 95% CI [0.21, 1.29]) and the direct effect (β = 6.69, 95% CI [3.35, 10.00]) were significant, with a total effect β = 7.37 and roughly 9% (95% CI [0.02, 0.21]) mediated, indicating that while fluency plays a small role, JOL differences for related items are primarily belief-driven.",Transformation Specification,"Recognition accuracy analyses were conducted on the data set after excluding trials that were incorrectly identified with respect to pair type during the encoding phase of both Experiments 2 and 3. The same data were also excluded for the mediational analyses.

All models were specified within a multilevel mediation structure, with item type (predictor), encoding RT (mediator), and JOLs (outcome) measured at the trial level (Level 1), and random intercepts for participants modeled at Level 2. ... Crucially, item type was dummy coded using the ""Similar"" condition as the reference category, which represents a theoretically balanced midpoint.

Experiment 3 used similar, rotated, identical, and related items, with ""similar"" items as the reference group. Except for the unrelated items replaced with rotated items, the analysis was identical with Experiment 2.",,unknown,"The paper describes specific data exclusion (removing trials incorrectly identified by pair type) and dummy coding of item type with 'similar' as the reference, but no corresponding code is provided to verify these transformations. Without code, it is impossible to determine whether the implemented transformations match the described procedure.",,
besken,77,"In Experiment 3, a multilevel mediation analysis tested whether identification RT mediated the effect of item type (related vs. similar; similar reference) on JOLs. Both the indirect effect (β = 0.67, 95% CI [0.21, 1.29]) and the direct effect (β = 6.69, 95% CI [3.35, 10.00]) were significant, with a total effect β = 7.37 and roughly 9% (95% CI [0.02, 0.21]) mediated, indicating that while fluency plays a small role, JOL differences for related items are primarily belief-driven.",Inference Specification,"For all analyses, the alpha level was set at .05. For all pairwise comparisons, Bonferroni correction was used.

Indirect, direct, and total effects were estimated for each contrast using bootstrapped 95% bias-corrected and accelerated (BCa) confidence intervals based on 5,000 resamples.",,unknown,"There is insufficient information about the code’s inference procedures to determine whether it matches the paper’s description of alpha levels and bootstrapped BCa confidence intervals. The paper specifies alpha = .05, Bonferroni corrections for pairwise comparisons, and 95% BCa CIs with 5,000 resamples, but no corresponding code details are provided.",,
besken,78,"In Experiment 3, a multilevel mediation contrast compared identical versus rotated pairs in terms of differences in indirect and direct effects on JOLs. The difference in indirect (fluency) effects was small but significant (β = 0.24, 95% CI [0.04, 0.60]), whereas the difference in direct (belief-based) effects was large and significant (β = 10.07, 95% CI [6.98, 13.35]), and the total effect was β = 10.30, 95% CI [7.04, 13.38]; however, the difference in proportion mediated was not reliable, underscoring a minimal role for fluency in the elevated JOLs for identical over rotated items.",Model Specification,"Experiment 3 used similar, rotated, identical, and related items, with ""similar"" items as the reference group. Except for the unrelated items replaced with rotated items, the analysis was identical with Experiment 2.

All models were specified within a multilevel mediation structure, with item type (predictor), encoding RT (mediator), and JOLs (outcome) measured at the trial level (Level 1), and random intercepts for participants modeled at Level 2. Indirect, direct, and total effects were estimated for each contrast using bootstrapped 95% bias-corrected and accelerated (BCa) confidence intervals based on 5,000 resamples.",,unknown,There is not enough information about the code implementation to determine whether the specified multilevel mediation model in Experiment 3 matches the paper description.,,
besken,78,"In Experiment 3, a multilevel mediation contrast compared identical versus rotated pairs in terms of differences in indirect and direct effects on JOLs. The difference in indirect (fluency) effects was small but significant (β = 0.24, 95% CI [0.04, 0.60]), whereas the difference in direct (belief-based) effects was large and significant (β = 10.07, 95% CI [6.98, 13.35]), and the total effect was β = 10.30, 95% CI [7.04, 13.38]; however, the difference in proportion mediated was not reliable, underscoring a minimal role for fluency in the elevated JOLs for identical over rotated items.",Variable Specification,"All models were specified within a multilevel mediation structure, with item type (predictor), encoding RT (mediator), and JOLs (outcome) measured at the trial level (Level 1), and random intercepts for participants modeled at Level 2. ... Experiment 3 used similar, rotated, identical, and related items, with ""similar"" items as the reference group. ... Identical Versus Rotated Pairs The difference in the indirect effects between identical and rotated items was significant ( β = 0.24, 95% CI [0.04, 0.60]), as was the difference in direct effects ( β = 10.07, 95% CI [6.98, 13.35]). The total effect was β = 10.30, 95% CI [7.04, 13.38]. However, the difference in proportion mediated was not statistically reliable ( β = 0.98, 95% CI [/C02.10, 83.66], showing that fluency-based processes played a minimal role in boosting the JOLs for the identical pairs.",,unknown,There is not enough information about the actual code or variable roles in the implementation to determine whether they match the paper’s description.,,
besken,78,"In Experiment 3, a multilevel mediation contrast compared identical versus rotated pairs in terms of differences in indirect and direct effects on JOLs. The difference in indirect (fluency) effects was small but significant (β = 0.24, 95% CI [0.04, 0.60]), whereas the difference in direct (belief-based) effects was large and significant (β = 10.07, 95% CI [6.98, 13.35]), and the total effect was β = 10.30, 95% CI [7.04, 13.38]; however, the difference in proportion mediated was not reliable, underscoring a minimal role for fluency in the elevated JOLs for identical over rotated items.",Transformation Specification,"Recognition accuracy analyses were conducted on the data set after excluding trials that were incorrectly identified with respect to pair type during the encoding phase of both Experiments 2 and 3. The same data were also excluded for the mediational analyses.

Crucially, item type was dummy coded using the “Similar” condition as the reference category, which represents a theoretically balanced midpoint.

Experiment 3 used similar, rotated, identical, and related items, with “similar” items as the reference group. Except for the unrelated items replaced with rotated items, the analysis was identical with Experiment 2.",,unknown,There is insufficient information about the actual code implementation to determine whether the trial exclusions and dummy coding described in the paper were applied as specified.,,
besken,78,"In Experiment 3, a multilevel mediation contrast compared identical versus rotated pairs in terms of differences in indirect and direct effects on JOLs. The difference in indirect (fluency) effects was small but significant (β = 0.24, 95% CI [0.04, 0.60]), whereas the difference in direct (belief-based) effects was large and significant (β = 10.07, 95% CI [6.98, 13.35]), and the total effect was β = 10.30, 95% CI [7.04, 13.38]; however, the difference in proportion mediated was not reliable, underscoring a minimal role for fluency in the elevated JOLs for identical over rotated items.",Inference Specification,"Identical Versus Rotated Pairs
""The difference in the indirect effects between identical
and rotated items was significant ( β = 0.24, 95% CI [0.04,
0.60]), as was the difference in direct effects ( β = 10.07,
95% CI [6.98, 13.35]). The total effect was β = 10.30, 95%
CI [7.04, 13.38]. However, the difference in proportion
mediated was not statistically reliable ( β = 0.98, 95% CI
[/C02.10, 83.66], showing that fluency-based processes
played a minimal role in boosting the JOLs for the identical
pairs.""",,unknown,"There is no relevant code provided to assess whether the inference criteria in the implementation (e.g., use of 95% CIs and significance determination) match the description in the paper.",,
