paper_id,analysis_id,brief_description,dimension,paper_value,code_value,match_status,explanation,paper_evidence,code_evidence
cha,1,"Pearson correlation between the cumulative stress index and the Perceived Stress Scale scores was computed to evaluate convergent validity of the cumulative stress construct. The result showed a positive, moderate association (r = .44, p < .001), indicating that higher cumulative stress scores were strongly associated with higher perceived stress.",Model Specification,"The cumulative stress index demonstrated good convergent valid-
ity, as evidenced by its positive and significant correlations with well-
established measures of stress and emotional distress, including the
Perceived Stress Scale ( r = .44, p , .001; S. Cohen et al., 1983 ) and
the Center for Epidemiologic Studies Depression Scale
(r = .40, p , .001; Radloff, 1977).",,unknown,"The paper describes computing a correlation (r = .44) between the cumulative stress index and the Perceived Stress Scale, but no corresponding code is provided to verify the specific statistical test used.",,
cha,1,"Pearson correlation between the cumulative stress index and the Perceived Stress Scale scores was computed to evaluate convergent validity of the cumulative stress construct. The result showed a positive, moderate association (r = .44, p < .001), indicating that higher cumulative stress scores were strongly associated with higher perceived stress.",Variable Specification,"The cumulative stress index demonstrated good convergent valid-
ity, as evidenced by its positive and significant correlations with well-
established measures of stress and emotional distress, including the
Perceived Stress Scale (r = .44, p , .001; S. Cohen et al., 1983)
and the Center for Epidemiologic Studies Depression Scale
(r = .40, p , .001; Radloff, 1977).",,unknown,"There is no code provided to verify which variables were used in the correlation analysis, so alignment with the paper’s description cannot be assessed.",,
cha,1,"Pearson correlation between the cumulative stress index and the Perceived Stress Scale scores was computed to evaluate convergent validity of the cumulative stress construct. The result showed a positive, moderate association (r = .44, p < .001), indicating that higher cumulative stress scores were strongly associated with higher perceived stress.",Transformation Specification,"If a life stress measure was irrelevant to a participant due to their demographic characteristics, missing data were substituted with the lowest possible value, and cumulative stressor value was not computed if participants did not respond to one or more of the 11 stressor domains. All values for 11 domains were standardized and summed to make a single index of cumulative stressors (for more details on the constructs, see the online supplemental materials, pp. 2–4).",,unknown,"There is not enough information about the actual code implementation to determine whether the described standardization, summation, and handling of missing/irrelevant life stress items were applied as in the paper.",,
cha,1,"Pearson correlation between the cumulative stress index and the Perceived Stress Scale scores was computed to evaluate convergent validity of the cumulative stress construct. The result showed a positive, moderate association (r = .44, p < .001), indicating that higher cumulative stress scores were strongly associated with higher perceived stress.",Inference Specification,"The cumulative stress index demonstrated good convergent valid-
ity, as evidenced by its positive and significant correlations with well-
established measures of stress and emotional distress, including the
Perceived Stress Scale ( r = .44, p , .001; S. Cohen et al., 1983 )
and the Center for Epidemiologic Studies Depression Scale
(r = .40, p , .001; Radloff, 1977).",,unknown,"The paper reports significance criteria (e.g., p < .001 for the correlation), but no corresponding code or inferential settings (e.g., alpha level, p-value calculation) are provided for comparison.",,
cha,2,"Pearson correlation between the cumulative stress index and the Center for Epidemiologic Studies Depression Scale (CES-D) scores was used to further assess convergent validity. The association was positive and moderate (r = .40, p < .001), suggesting that greater cumulative stress was linked to more depressive symptoms.",Model Specification,"The cumulative stress index demonstrated good convergent valid-
ity, as evidenced by its positive and signiﬁcant correlations with well-
established measures of stress and emotional distress, including the
Perceived Stress Scale ( r = .44, p , .001; S. Cohen et al., 1983 )
and the Center for Epidemiologic Studies Depression Scale
(r = .40, p , .001; Radloff, 1977).",,unknown,No relevant code is provided to verify whether a Pearson correlation was implemented as described in the paper.,,
cha,2,"Pearson correlation between the cumulative stress index and the Center for Epidemiologic Studies Depression Scale (CES-D) scores was used to further assess convergent validity. The association was positive and moderate (r = .40, p < .001), suggesting that greater cumulative stress was linked to more depressive symptoms.",Variable Specification,"The cumulative stress index demonstrated good convergent validity, as evidenced by its positive and significant correlations with well-established measures of stress and emotional distress, including the Perceived Stress Scale ( r = .44, p , .001; S. Cohen et al., 1983 ) and the Center for Epidemiologic Studies Depression Scale (r = .40, p , .001; Radloff, 1977).",,unknown,"The paper specifies a correlation between the cumulative stress index and CES-D scores, but no corresponding code is provided to verify how these variables are implemented or labeled. Without code details, it is impossible to assess whether the variable specification in the implementation matches the paper description.",,
cha,2,"Pearson correlation between the cumulative stress index and the Center for Epidemiologic Studies Depression Scale (CES-D) scores was used to further assess convergent validity. The association was positive and moderate (r = .40, p < .001), suggesting that greater cumulative stress was linked to more depressive symptoms.",Transformation Specification,"If a life stress measure was irrelevant to a participant due to their demographic characteristics, missing data were substituted with the lowest possible value, and cumulative stressor value was not computed if participants did not respond to one or more of the 11 stressor domains. All values for 11 domains were standardized and summed to make a single index of cumulative stressors (for more details on the constructs, see the online supplemental materials, pp. 2–4).",,unknown,"It is not possible to determine whether the code implements the described standardization and summation procedure for the 11 stressor domains because no relevant code was provided. Without seeing how missing data and standardization are handled in code, alignment with the paper’s transformation description cannot be assessed.",,
cha,2,"Pearson correlation between the cumulative stress index and the Center for Epidemiologic Studies Depression Scale (CES-D) scores was used to further assess convergent validity. The association was positive and moderate (r = .40, p < .001), suggesting that greater cumulative stress was linked to more depressive symptoms.",Inference Specification,"The cumulative stress index demonstrated good convergent validity, as evidenced by its positive and significant correlations with well-established measures of stress and emotional distress, including the Perceived Stress Scale (r = .44, p , .001; S. Cohen et al., 1983) and the Center for Epidemiologic Studies Depression Scale (r = .40, p , .001; Radloff, 1977).",,unknown,"The paper reports that the correlation is statistically significant (p < .001), but there is no corresponding code provided to verify how significance or alpha were implemented. Without relevant inferential code, it is impossible to determine if the implementation matches the paper’s inference description.",,
cha,3,"A Pearson correlation tested the relationship between the cumulative stress index and independent self-construal scores (Singelis scale) to evaluate discriminant validity. The association was essentially null (r = .01, p = .84), indicating that cumulative stress was unrelated to independent self-construal as expected.",Model Specification,"The cumulative stress index demonstrated good convergent validity, as evidenced by its positive and significant correlations with well-established measures of stress and emotional distress, including the Perceived Stress Scale ( r = .44, p , .001; S. Cohen et al., 1983 ) and the Center for Epidemiologic Studies Depression Scale (r = .40, p , .001; Radloff, 1977). In addition, the index exhibited discriminant validity, demonstrating low correlations with constructs that are theoretically distinct from stress. Specifically, the cumulative stress index was unrelated to the self-construal scale (Singelis, 1994) for both independent self-construal ( r = .01, p = .84) and weakly related to interdependent self-construal ( r =− .10, p , .01).",,unknown,"There is not enough information about the code implementation to determine whether the specified Pearson correlation model was used. The paper clearly describes correlations, but no corresponding code snippet is provided for verification.",,
cha,3,"A Pearson correlation tested the relationship between the cumulative stress index and independent self-construal scores (Singelis scale) to evaluate discriminant validity. The association was essentially null (r = .01, p = .84), indicating that cumulative stress was unrelated to independent self-construal as expected.",Variable Specification,"In addition, the index exhibited discriminant validity, demonstrating low correlations with constructs that are theoretically distinct from stress. Specifically, the cumulative stress index was unrelated to the self-construal scale (Singelis, 1994) for both independent self-construal (r = .01, p = .84) and weakly related to interdependent self-construal (r =− .10, p , .01).",,unknown,"The variables are clearly described in the paper (cumulative stress index and independent self-construal), but no corresponding code is provided to verify how these variables are specified in the implementation.",,
cha,3,"A Pearson correlation tested the relationship between the cumulative stress index and independent self-construal scores (Singelis scale) to evaluate discriminant validity. The association was essentially null (r = .01, p = .84), indicating that cumulative stress was unrelated to independent self-construal as expected.",Transformation Specification,"The cumulative stress measure (Slopen et al., 2012) is a composite index that captures stress accumulation across an individual’s life course. ... All values for 11 domains were standardized and summed to make a single index of cumulative stressors (for more details on the constructs, see the online supplemental materials, pp. 2–4).",,unknown,"No relevant code implementing the cumulative stress transformations or the correlation analysis is provided, so it is not possible to compare the code to the paper’s description.",,
cha,3,"A Pearson correlation tested the relationship between the cumulative stress index and independent self-construal scores (Singelis scale) to evaluate discriminant validity. The association was essentially null (r = .01, p = .84), indicating that cumulative stress was unrelated to independent self-construal as expected.",Inference Specification,"In addition, the index exhibited discriminant validity, demonstrating low correlations with constructs that are theoretically distinct from stress. Specifically, the cumulative stress index was unrelated to the self-construal scale (Singelis, 1994) for both independent self-construal (r = .01, p = .84) and weakly related to interdependent self-construal (r = −.10, p < .01).",,unknown,"There is no relevant code provided for this analysis-dimension pairing, so it is impossible to assess whether the inference criteria (e.g., p-values, alpha levels) used in the implementation match those described in the paper.",,
cha,4,"A Pearson correlation examined the association between the cumulative stress index and interdependent self-construal. The correlation was small and negative (r = −.10, p < .01), indicating a weak tendency for higher cumulative stress to be associated with slightly lower interdependent self-construal.",Model Specification,"In addition, the index exhibited discriminant validity, demonstrating low correlations with constructs that are theoretically distinct from stress. Specifically, the cumulative stress index was unrelated to the self-construal scale (Singelis, 1994) for both independent self-construal (r = .01, p = .84) and weakly related to interdependent self-construal (r = −.10, p < .01).",,unknown,"The paper describes using correlations between the cumulative stress index and self-construal measures, but no corresponding code relevant to this analysis is provided, so the statistical test used in the implementation cannot be verified.",,
cha,4,"A Pearson correlation examined the association between the cumulative stress index and interdependent self-construal. The correlation was small and negative (r = −.10, p < .01), indicating a weak tendency for higher cumulative stress to be associated with slightly lower interdependent self-construal.",Variable Specification,"In addition, the index exhibited discriminant validity, demonstrating low correlations with constructs that are theoretically distinct from stress. Specifically, the cumulative stress index was unrelated to the self-construal scale (Singelis, 1994) for both independent self-construal (r = .01, p = .84) and weakly related to interdependent self-construal (r = −.10, p < .01).",,unknown,There is insufficient information about the code to determine whether the variables used for the correlation between cumulative stress and interdependent self-construal match the paper’s description.,,
cha,4,"A Pearson correlation examined the association between the cumulative stress index and interdependent self-construal. The correlation was small and negative (r = −.10, p < .01), indicating a weak tendency for higher cumulative stress to be associated with slightly lower interdependent self-construal.",Transformation Specification,"All values for 11 domains were standardized and summed to make a single index of cumulative stressors (for more details on the constructs, see the online supplemental materials, pp. 2–4).",,unknown,There is not enough information about the code to determine whether the cumulative stress index was constructed via standardizing and summing 11 domains as described in the paper.,,
cha,4,"A Pearson correlation examined the association between the cumulative stress index and interdependent self-construal. The correlation was small and negative (r = −.10, p < .01), indicating a weak tendency for higher cumulative stress to be associated with slightly lower interdependent self-construal.",Inference Specification,"Speciﬁcally, the cumulative stress index was unrelated to the self-construal scale (Singelis, 1994) for both independent self-construal ( r = .01, p = .84) and weakly related to interdependent self-construal ( r =− .10, p , .01).",,unknown,"The paper reports the inference result (p < .01) for the correlation, but no corresponding code or inference criteria (e.g., alpha level or p-value computation) are provided for comparison. Without code showing how the p-value or decision rule was implemented, it is not possible to determine alignment.",,
cha,5,"Pearson correlation between cumulative stress and openness (Big Five trait) was computed as part of discriminant validity testing. The correlation was small and non-significant (r = −.05, p = .10), consistent with the expectation that cumulative stress would be only weakly related to openness.",Model Specification,"In addition, the index exhibited discriminant validity, demonstrating low correlations with constructs that are theoretically distinct from stress. Specifically, the cumulative stress index was unrelated to the self-construal scale (Singelis, 1994) for both independent self-construal ( r = .01, p = .84) and weakly related to interdependent self-construal ( r =− .10, p , .01). Cumulative stress index was also only weakly related to openness (r =− .05, p = .10), agreeableness (r =− .10, p , .01), extraversion (r =− .13, p , .001), and conscientiousness ( r =− .19, p , .001).",,unknown,There is no relevant code provided to verify whether the Pearson correlation between cumulative stress and openness was implemented as described in the paper.,,
cha,5,"Pearson correlation between cumulative stress and openness (Big Five trait) was computed as part of discriminant validity testing. The correlation was small and non-significant (r = −.05, p = .10), consistent with the expectation that cumulative stress would be only weakly related to openness.",Variable Specification,"Cumulative stress index was also only weakly related to openness (r =− .05, p = .10), agreeableness (r =− .10, p , .01), extraversion (r =− .13, p , .001), and conscientiousness ( r =− .19,
p , .001).",,unknown,"No code related to the Pearson correlation between cumulative stress and openness is provided, so it is not possible to verify how the variables were specified or used in the implementation.",,
cha,5,"Pearson correlation between cumulative stress and openness (Big Five trait) was computed as part of discriminant validity testing. The correlation was small and non-significant (r = −.05, p = .10), consistent with the expectation that cumulative stress would be only weakly related to openness.",Transformation Specification,"All values for 11 domains were standardized and summed to make a single index of cumulative stressors (for more details on the constructs, see the online supplemental materials, pp. 2–4).
...
Cumulative stress index was also only weakly related to openness (r =− .05, p = .10), agreeableness (r =− .10, p , .01), extraversion (r =− .13, p , .001), and conscientiousness ( r =− .19,
p , .001).",,unknown,"There is no available code related to this analysis-dimension pairing, so it is not possible to determine whether the transformations described in the paper were implemented in the code.",,
cha,5,"Pearson correlation between cumulative stress and openness (Big Five trait) was computed as part of discriminant validity testing. The correlation was small and non-significant (r = −.05, p = .10), consistent with the expectation that cumulative stress would be only weakly related to openness.",Inference Specification,"Cumulative stress index was also only weakly related to openness
(r =− .05, p = .10), agreeableness (r =− .10, p , .01), extraversion
(r =− .13, p , .001), and conscientiousness ( r =− .19,
p , .001).",,unknown,"The paper reports a p-value for the correlation with openness but does not explicitly state an inference criterion (e.g., alpha level), and no relevant code is provided to compare how inference was implemented.",,
cha,6,"A Pearson correlation assessed the relationship between cumulative stress and agreeableness. The result showed a small, negative association (r = −.10, p < .01), suggesting that higher cumulative stress was modestly associated with lower agreeableness.",Model Specification,"The cumulative stress index demonstrated good convergent validity, as evidenced by its positive and signiþcant correlations with well-established measures of stress and emotional distress, including the Perceived Stress Scale ( r = .44, p , .001; S. Cohen et al., 1983 ) and the Center for Epidemiologic Studies Depression Scale (r = .40, p , .001; Radloff, 1977). In addition, the index exhibited discriminant validity, demonstrating low correlations with constructs that are theoretically distinct from stress. Speciþcally, the cumulative stress index was unrelated to the self-construal scale (Singelis, 1994) for both independent self-construal ( r = .01, p = .84) and weakly related to interdependent self-construal ( r =− .10, p , .01). Cumulative stress index was also only weakly related to openness (r =− .05, p = .10), agreeableness (r =− .10, p , .01), extraversion (r =− .13, p , .001), and conscientiousness ( r =− .19, p , .001).",,unknown,"The paper describes using Pearson correlations to assess relationships between cumulative stress and various constructs, but no corresponding code is provided to verify the specific statistical test implemented.",,
cha,6,"A Pearson correlation assessed the relationship between cumulative stress and agreeableness. The result showed a small, negative association (r = −.10, p < .01), suggesting that higher cumulative stress was modestly associated with lower agreeableness.",Variable Specification,"Cumulative stress index was also only weakly related to openness (r =− .05, p = .10), agreeableness (r =− .10, p , .01), extraversion (r =− .13, p , .001), and conscientiousness ( r =− .19, p , .001).",,unknown,It is unclear whether the code implementation matches the paper’s variable specification because no relevant code excerpts were provided.,,
cha,6,"A Pearson correlation assessed the relationship between cumulative stress and agreeableness. The result showed a small, negative association (r = −.10, p < .01), suggesting that higher cumulative stress was modestly associated with lower agreeableness.",Transformation Specification,"All values for 11 domains were standardized and summed to make a single index of cumulative stressors (for more details on the constructs, see the online supplemental materials, pp. 2–4).",,unknown,"There is no code provided for this analysis-dimension pairing, so it is not possible to determine whether the implementation matches the paper’s description of transforming and standardizing stressor domains.",,
cha,6,"A Pearson correlation assessed the relationship between cumulative stress and agreeableness. The result showed a small, negative association (r = −.10, p < .01), suggesting that higher cumulative stress was modestly associated with lower agreeableness.",Inference Specification,"Cumulative stress index was also only weakly related to openness (r =− .05, p = .10), agreeableness (r =− .10, p , .01), extraversion (r =− .13, p , .001), and conscientiousness (r =− .19,
p , .001).",,unknown,"There is not enough information about the code implementation to determine whether the inference criteria (e.g., p-value calculation or alpha thresholds) match the paper’s description.",,
cha,7,"Pearson correlation between cumulative stress and extraversion was calculated. The association was small and negative (r = −.13, p < .001), indicating that individuals reporting more cumulative stress tended to report slightly lower extraversion.",Model Specification,"Cumulative stress index was also only weakly related to openness (r =− .05, p = .10), agreeableness (r =− .10, p , .01), extraversion (r =− .13, p , .001), and conscientiousness ( r =− .19, p , .001).",,unknown,"The paper clearly specifies a Pearson correlation, but no relevant code was provided to verify whether the same model (Pearson correlation) was implemented.",,
cha,7,"Pearson correlation between cumulative stress and extraversion was calculated. The association was small and negative (r = −.13, p < .001), indicating that individuals reporting more cumulative stress tended to report slightly lower extraversion.",Variable Specification,"In addition, the index exhibited discriminant validity, demonstrating low correlations with constructs that are theoretically distinct from stress. Specifically, the cumulative stress index was unrelated to the self-construal scale (Singelis, 1994) for both independent self-construal ( r = .01, p = .84) and weakly related to interdependent self-construal ( r =− .10, p , .01). Cumulative stress index was also only weakly related to openness (r =− .05, p = .10), agreeableness (r =− .10, p , .01), extraversion (r =− .13, p , .001), and conscientiousness ( r =− .19, p , .001).",,unknown,No relevant code was provided to verify which variables were used for the Pearson correlation between cumulative stress and extraversion.,,
cha,7,"Pearson correlation between cumulative stress and extraversion was calculated. The association was small and negative (r = −.13, p < .001), indicating that individuals reporting more cumulative stress tended to report slightly lower extraversion.",Transformation Specification,"If a life stress measure was irrelevant to a participant due to their demographic characteristics, missing data were substituted with the lowest possible value, and cumulative stressor value was not computed if participants did not respond to one or more of the 11 stressor domains. All values for 11 domains were standardized and summed to make a single index of cumulative stressors (for more details on the constructs, see the online supplemental materials, pp. 2–4).",,unknown,"There is no relevant code provided to assess whether the described transformations (imputation of irrelevant stress measures, standardization of 11 domains, and summation into a cumulative stress index) were implemented as stated in the paper.",,
cha,7,"Pearson correlation between cumulative stress and extraversion was calculated. The association was small and negative (r = −.13, p < .001), indicating that individuals reporting more cumulative stress tended to report slightly lower extraversion.",Inference Specification,"Cumulative stress index was also only weakly related to openness (r = −.05, p = .10), agreeableness (r = −.10, p < .01), extraversion (r = −.13, p < .001), and conscientiousness (r = −.19, p < .001).",,unknown,"The paper reports p-values for the correlation but gives no explicit inference criteria (e.g., alpha level), and no corresponding code is provided to assess how inference was conducted.",,
cha,8,"A Pearson correlation evaluated the link between cumulative stress and conscientiousness. The correlation was small and negative (r = −.19, p < .001), indicating that higher cumulative stress levels were modestly associated with lower conscientiousness.",Model Specification,"Cumulative stress index was also only weakly related to openness (r =− .05, p = .10), agreeableness (r =− .10, p , .01), extraversion (r =− .13, p , .001), and conscientiousness ( r =− .19,
p , .001).
Neuroticism, however, exhibited a moderate correlation with cumulative
stress (r = .30, p , .001), which is consistent with its theoretical
relationship to stress.",,unknown,"The paper clearly describes a Pearson correlation, but no corresponding code is provided to verify the specific statistical test used.",,
cha,8,"A Pearson correlation evaluated the link between cumulative stress and conscientiousness. The correlation was small and negative (r = −.19, p < .001), indicating that higher cumulative stress levels were modestly associated with lower conscientiousness.",Variable Specification,"Cumulative stress index was also only weakly related to openness (r =− .05, p = .10), agreeableness (r =− .10, p , .01), extraversion (r =− .13, p , .001), and conscientiousness ( r =− .19,
p , .001).",,unknown,"The paper describes a Pearson correlation between cumulative stress and conscientiousness, but no corresponding code or variable definitions are provided to verify how these variables were implemented. Without code, it is impossible to determine if the variables used in the analysis match the paper description.",,
cha,8,"A Pearson correlation evaluated the link between cumulative stress and conscientiousness. The correlation was small and negative (r = −.19, p < .001), indicating that higher cumulative stress levels were modestly associated with lower conscientiousness.",Transformation Specification,"If a life stress measure was irrelevant to a participant due to their demographic characteristics, missing data were substituted with the lowest possible value, and cumulative stressor value was not computed if participants did not respond to one or more of the 11 stressor domains. All values for 11 domains were standardized and summed to make a single index of cumulative stressors (for more details on the constructs, see the online supplemental materials, pp. 2–4).",,unknown,"No relevant code related to the transformation of cumulative stress or conscientiousness is provided, so it is not possible to assess whether the implementation matches the paper’s described transformations.",,
cha,8,"A Pearson correlation evaluated the link between cumulative stress and conscientiousness. The correlation was small and negative (r = −.19, p < .001), indicating that higher cumulative stress levels were modestly associated with lower conscientiousness.",Inference Specification,"Cumulative stress index was also only weakly related to openness (r =− .05, p = .10), agreeableness (r =− .10, p , .01), extraversion (r =− .13, p , .001), and conscientiousness ( r =− .19, p , .001).",,unknown,"The paper reports p-values for the correlation, but the provided code contains no information about inference criteria (e.g., alpha level, p-value computation). Without corresponding code, it is not possible to determine whether the implementation matches the paper’s inference specification.",,
cha,9,"Pearson correlation between cumulative stress and neuroticism was conducted as part of construct validity analyses. The correlation was moderate and positive (r = .30, p < .001), consistent with theory that more cumulative stress is linked to higher neurotic tendencies.",Model Specification,"In addition, the index exhibited discriminant validity, demonstrating low correlations with constructs that are theoretically distinct from stress. ... Neuroticism, however, exhibited a moderate correlation with cumulative stress (r = .30, p , .001), which is consistent with its theoretical relationship to stress.",,unknown,"The paper describes a correlation analysis between cumulative stress and neuroticism, but no corresponding code is provided to verify the specific statistical test used. Without code, it is impossible to determine whether the implemented model specification matches the described Pearson correlation.",,
cha,9,"Pearson correlation between cumulative stress and neuroticism was conducted as part of construct validity analyses. The correlation was moderate and positive (r = .30, p < .001), consistent with theory that more cumulative stress is linked to higher neurotic tendencies.",Variable Specification,"Neuroticism, however, exhibited a moderate correlation with cumulative stress (r = .30, p , .001), which is consistent with its theoretical relationship to stress.",,unknown,There is no relevant code provided to verify which variables were used for the Pearson correlation between cumulative stress and neuroticism described in the paper.,,
cha,9,"Pearson correlation between cumulative stress and neuroticism was conducted as part of construct validity analyses. The correlation was moderate and positive (r = .30, p < .001), consistent with theory that more cumulative stress is linked to higher neurotic tendencies.",Transformation Specification,"If a life stress measure was irrelevant to a participant due to their demographic characteristics, missing data were substituted with the lowest possible value, and cumulative stressor value was not computed if participants did not respond to one or more of the 11 stressor domains. All values for 11 domains were standardized and summed to make a single index of cumulative stressors (for more details on the constructs, see the online supplemental materials, pp. 2–4).
...
The four scores were aggregated to make a single index of neuroticism, and values were computed so that higher scores indicate higher neuroticism (α = .73).",,unknown,It is not possible to determine whether the code matches the described transformations because no relevant code content was provided for inspection.,,
cha,9,"Pearson correlation between cumulative stress and neuroticism was conducted as part of construct validity analyses. The correlation was moderate and positive (r = .30, p < .001), consistent with theory that more cumulative stress is linked to higher neurotic tendencies.",Inference Specification,"Neuroticism, however, exhibited a moderate correlation with cumulative stress (r = .30, p , .001), which is consistent with its theoretical relationship to stress.",,unknown,"The paper reports a significance level for the correlation (p < .001), but there is no corresponding code or output provided to verify how this inference was implemented. Without access to the relevant code or statistical test settings, it is not possible to determine whether the inference specification in the code matches the paper description.",,
cha,10,"A multiple linear regression tested whether cumulative stressors predicted DunedinPACE epigenetic age acceleration, controlling for demographic and health covariates (e.g., age, sex, education, smoking, alcohol use, BMI). The marginal effect of cumulative stressors on DunedinPACE was non-significant (all ps > .30; f²_p ≈ .001), indicating negligible unique variance explained by cumulative stress in this epigenetic clock.",Model Specification,"Hypotheses were tested by multiple linear regressions, with all continuous variables standardized before the analyses.","main1 <-lm(bra6dmagedunedinpace ~
    # demographics
      age_bio_z + sex + edu_y_z + emp + race + marpartner + child + group + 
    # health covariates
      smoke_bio + drinks_bio_z + bmi_bio_z +  
    # key predictor
      cum_stress_11_z, data = dat)

# Compute results
## DunedinPACE
tab_model(main1, show.se=TRUE, show.ci=FALSE, show.obs=FALSE, show.r2 =
            FALSE, vcov.fun = ""CL"", vcov.args = list(type = ""HC1"", cluster =
                                              dat$twin_cluster))

# Effect size
cohens_f_squared(main1)",match,"The code uses a standard multiple linear regression model, consistent with the paper’s description of testing hypotheses via multiple linear regressions. Continuous predictors appear standardized (z-suffixed variables), aligning with the stated analytic approach.",,
cha,10,"A multiple linear regression tested whether cumulative stressors predicted DunedinPACE epigenetic age acceleration, controlling for demographic and health covariates (e.g., age, sex, education, smoking, alcohol use, BMI). The marginal effect of cumulative stressors on DunedinPACE was non-significant (all ps > .30; f²_p ≈ .001), indicating negligible unique variance explained by cumulative stress in this epigenetic clock.",Variable Specification,"Hypotheses were tested by multiple linear regressions, with all continuous variables standardized before the analyses. Psychological well-being as a moderator was examined by regressing EAA on cumulative stressors, psychological well-being, and the interaction term between these two measures. To examine whether neuroticism aggravated the relationship between cumulative stressors and EAA, cumulative stressors, neuroticism, and their interaction were included as predictors. The results showed that the marginal effect of cumulative stressors was not significantly related to DunedinPACE, PhenoAge, and GrimAge2 (all ps > .30; see Table S1 in the online supplemental materials). f2
p indicated that cumulative stressors explained .1% of the total variance of three epigenetic clocks. Regarding demographic covariates, education was a significant predictor for DunedinPACE and GrimAge2 in that those who had higher education showed lower EAA. Being employed was related to lower GrimAge2, and males were more likely to experience higher DunedinPACE and GrimAge2. For health behavior covariates, smoking status was significantly related to all EAA measures such that former smokers and current smokers had higher EAA than nonsmokers. Alcohol consumption was also related to PhenoAge and GrimAge2, such that more alcohol consumption was linked to higher EAA. The BMI was associated with all EAA measures, as higher BMI was linked to higher EAA. Demographic covariates included age (participants’ age at the biomarker data collection), sex (0 = male,1 = female), education (years), race (0 = White,1 = Black,2 = Others), employment status (0 = not working ,1 = working), marital status (0 = not married ,1 = currently married or cohabitating ), and whether one has children (0 = no children,1 = one or more children). Health covariates included smoking status (0 = never smoker ,1 = former smoker ,2 = current smoker), alcohol consumption (the number of alcoholic drinks consumed per week past month), and body mass index (BMI). Sample (0 = Core,1 = Refresher) was also accounted for to adjust for the potential sample differences. The analyses used second- and third-generation epigenetic clocks—GrimAge2 (a current version of GrimAge), PhenoAge, and DunedinPACE, which are the EAA parameters most predictive of healthspan, all-cause mortality, and the onset of diseases, such as cancer (Levine et al., 2018). DunedinPACE is distinct from GrimAge2 and PhenoAge in that it reflects the relative pace of aging as a multiplicative factor, which indicates the ratio of biological age per calendar year of chronologic age and serves as a direct measure of EAA (Belsky et al., 2022). All values for 11 domains were standardized and summed to make a single index of cumulative stressors (for more details on the constructs, see the online supplemental materials, pp. 2–4).","# Transform/standardize

transform_dataset <- function(dataset) {
  dataset <- dataset %>%
    mutate(
           # Demographic covariates
           edu_y_z = as.numeric(scale(edu_y, center = TRUE, scale = TRUE)),
           age_bio_z = as.numeric(scale(age_bio, center = TRUE, scale = TRUE)),
           # Biomarker data covariates
           drinks_bio_z = as.numeric(scale(drinks_bio, center = TRUE, scale = TRUE)),
           bmi_bio_z = as.numeric(scale(bmi_bio, center = TRUE, scale = TRUE)),
           # Dummy code smoking status
           smoke_former = ifelse(smoke_bio == 1, 1, 0),
           smoke_current = ifelse(smoke_bio == 2, 1, 0),
           # Standardize cumulative stressor (key predictor)
           cum_stress_11_z = as.numeric(scale(cum_stress_11, center = TRUE, scale = TRUE))) %>%
    # Convert variables to factors
    mutate(emp = as.factor(emp),
           sex = as.factor(sex),
           child = as.factor(child),
           group = as.factor(group),
           marpartner = as.factor(marpartner),
           race = as.factor(race),
           smoke_bio = as.factor(smoke_bio))
  
  return(dataset)
}

# Hypothesis 1: Main effect

# DunedinPACE
main1 <-lm(bra6dmagedunedinpace ~
    # demographics (covariates)
      age_bio_z + sex + edu_y_z + emp + race + marpartner + child + group + 
    # health covariates
      smoke_bio + drinks_bio_z + bmi_bio_z +  
    # key predictor
      cum_stress_11_z, data = dat)",match,"The regression model in the code uses DunedinPACE as the outcome, cumulative stressors as the key predictor, and includes the same demographic and health covariates described in the paper, with continuous covariates standardized. The roles and identities of variables (outcome, predictor, controls) align between paper and code.",,
cha,10,"A multiple linear regression tested whether cumulative stressors predicted DunedinPACE epigenetic age acceleration, controlling for demographic and health covariates (e.g., age, sex, education, smoking, alcohol use, BMI). The marginal effect of cumulative stressors on DunedinPACE was non-significant (all ps > .30; f²_p ≈ .001), indicating negligible unique variance explained by cumulative stress in this epigenetic clock.",Transformation Specification,"All regression models used cluster-robust standard errors to adjust for the 45 sets of twins or siblings in the analytic sample, and simple slope analyses were conducted with 1 SD above and below for the identified moderators.
...
All regression models used cluster-robust standard errors to adjust for the 45 sets of twins or siblings in the analytic sample, and simple slope analyses were conducted with 1 SD above and below for the identified moderators.
...
Hypotheses were tested by multiple linear regressions, with all continuous variables standardized before the analyses.","## make subset dataset

# Compute EAA (Epigenetic Age Acceleration)
# PhenoAge EAA
subset_dat1 <- subset(dat, !is.na(bra6dmagephenoage) & !is.na(age_bio))
mod_test2 <- lm(bra6dmagephenoage ~ age_bio, data = subset_dat1)

subset_dat1$predict_phenoage = predict(mod_test2)
subset_dat1$eaa_pheno <- subset_dat1$bra6dmagephenoage - subset_dat1$predict_phenoage

# GrimAge2 EAA
subset_dat2 <- subset(dat, !is.na(bra6dmagegrimage2) & !is.na(age_bio))
mod_test2 <- lm(bra6dmagegrimage2 ~ age_bio, data = subset_dat2)

subset_dat2$predict_grimage2 = predict(mod_test2)
subset_dat2$eaa_grim <- subset_dat2$bra6dmagegrimage2 - subset_dat2$predict_grimage2

## Transform/standardize

transform_dataset <- function(dataset) {
  dataset <- dataset %>%
    # Change education to years
    mutate(edu = ifelse(edu %in% c(97, 98), NA, edu)) %>%
    mutate(edu_y = dplyr::recode(edu, 
    # recode education into years of education
                            ""1"" = 3,
                            ""2"" = 8,
                            ""3"" = 10.5,
                            ""4"" = 12,
                            ""5"" = 12,
                            ""6"" = 13.5,
                            ""7"" = 15,
                            ""8"" = 14,
                            ""9"" = 16,
                            ""10"" = 17,
                            ""11"" = 18,
                            ""12"" = 20,
                            .default = NA_real_)) %>%
    # Protective Factor (standardize psychological well-being)
    mutate(pwb_purpose_z = as.numeric(scale(pwb_purpose, center = TRUE, scale
                                            = TRUE)),
           pwb_mastery_z = as.numeric(scale(pwb_mastery, center = TRUE, scale                                             = TRUE)),
           pwb_accept_z = as.numeric(scale(pwb_accept, center = TRUE, scale =
                                             TRUE)),
           pwb_relation_z = as.numeric(scale(pwb_relation, center = TRUE,
                                             scale = TRUE)),
           pwb_growth_z = as.numeric(scale(pwb_growth, center = TRUE, scale =
                                             TRUE)),
           pwb_auto_z = as.numeric(scale(pwb_auto, center = TRUE, scale =
                                           TRUE)),
           pwb = (pwb_purpose_z + pwb_mastery_z + pwb_accept_z +
                    pwb_relation_z + pwb_growth_z + pwb_auto_z) / 6,
           pwb_z = as.numeric(scale(pwb, center = TRUE, scale = TRUE)),
           # Risk Factor (standardize neuroticism)
           neuro_z = as.numeric(scale(neuro, center = TRUE, scale = TRUE)),
           # Demographic covariates
           edu_y_z = as.numeric(scale(edu_y, center = TRUE, scale = TRUE)),
           age_bio_z = as.numeric(scale(age_bio, center = TRUE, scale =
                                          TRUE)),
           # Biomarker data covariates
           drinks_bio_z = as.numeric(scale(drinks_bio, center = TRUE, scale =
                                             TRUE)),
           bmi_bio_z = as.numeric(scale(bmi_bio, center = TRUE, scale =
                                          TRUE)),
           # Dummy code smoking status
           smoke_former = ifelse(smoke_bio == 1, 1, 0),
           smoke_current = ifelse(smoke_bio == 2, 1, 0),
           # Standardize cumulative stressor
           cum_stress_11_z = as.numeric(scale(cum_stress_11, center = TRUE,
                                              scale = TRUE))) %>%
    # Convert variables to factors
    mutate(emp = as.factor(emp),
           sex = as.factor(sex),
           child = as.factor(child),
           group = as.factor(group),
           marpartner = as.factor(marpartner),
           race = as.factor(race),
           smoke_bio = as.factor(smoke_bio))
  
  return(dataset)
}

# Apply the function to each dataset
subset_dat1 <- transform_dataset(subset_dat1)
subset_dat2 <- transform_dataset(subset_dat2)
dat <- transform_dataset(dat)

# Hypothesis 1: Main effect

# DunedinPACE
main1 <-lm(bra6dmagedunedinpace ~
    # demographics
      age_bio_z + sex + edu_y_z + emp + race + marpartner + child + group + 
    # health covariates
      smoke_bio + drinks_bio_z + bmi_bio_z +  
    # key predictor
      cum_stress_11_z, data = dat)
",match,"The code standardizes the continuous predictors used in the DunedinPACE regression model, consistent with the paper’s statement that continuous variables were standardized before analyses. There is no explicit requirement in the paper that the outcome variable itself be standardized, so the implemented transformations align with the described procedure.",,
cha,10,"A multiple linear regression tested whether cumulative stressors predicted DunedinPACE epigenetic age acceleration, controlling for demographic and health covariates (e.g., age, sex, education, smoking, alcohol use, BMI). The marginal effect of cumulative stressors on DunedinPACE was non-significant (all ps > .30; f²_p ≈ .001), indicating negligible unique variance explained by cumulative stress in this epigenetic clock.",Inference Specification,"The results showed that the marginal effect of cumulative stressors was not signiﬁcantly related to DunedinPACE, PhenoAge, and GrimAge2 (all ps . .30; see Table S1 in the online supplemental materials). f2p indicated that cumulative stressors explained .1% of the total variance of three epigenetic clocks.","# DunedinPACE
main1 <-lm(bra6dmagedunedinpace ~
    # demographics
      age_bio_z + sex + edu_y_z + emp + race + marpartner + child + group + 
    # health covariates
      smoke_bio + drinks_bio_z + bmi_bio_z +  
    # key predictor
      cum_stress_11_z, data = dat)

# Compute results
## DunedinPACE
tab_model(main1, show.se=TRUE, show.ci=FALSE, show.obs=FALSE, show.r2 =
            FALSE, vcov.fun = ""CL"", vcov.args = list(type = ""HC1"", cluster =
                                              dat$twin_cluster))

# Effect size
cohens_f_squared(main1)
",unknown,"The paper reports non-significant p-values (all ps > .30) and an f²p of about .001, but the code snippet only shows model fitting and effect size computation without displaying or thresholding p-values or specifying an alpha level. Thus, it is unclear whether the implemented inference criteria exactly match those described in the paper.",,
cha,11,"A multiple linear regression examined the association between cumulative stressors and PhenoAge epigenetic age acceleration, adjusting for demographic and health covariates. The marginal effect of cumulative stressors on PhenoAge was non-significant (all ps > .30; f²_p ≈ .001), suggesting no direct link between cumulative stress and this EAA measure after covariate control.",Model Specification,"Hypotheses were tested by multiple linear regressions, with all continuous variables standardized before the analyses. ... All regression models used cluster-robust standard errors to adjust for the 45 sets of twins or siblings in the analytic sample, and simple slope analyses were conducted with 1 SD above and below for the identified moderators.","# PhenoAge
main2 <-lm(eaa_pheno ~
    # demographics
      age_bio_z + sex + edu_y_z + emp + race + marpartner + child + group + 
    # health covariates
      smoke_bio + drinks_bio_z + bmi_bio_z + 
    # key predictor
      cum_stress_11_z, data = subset_dat1)

## PhenoAge
tab_model(main2, show.se=TRUE, show.ci=FALSE, show.obs=FALSE, show.r2 =
            FALSE,vcov.fun = ""CL"", vcov.args = list(type = ""HC1"", cluster =
                                              subset_dat1$twin_cluster))",match,"The paper describes using multiple linear regression with cluster-robust standard errors, which is exactly what the code implements for PhenoAge EAA. The inclusion of covariates and standardization of continuous predictors is consistent with the described model specification.",,
cha,11,"A multiple linear regression examined the association between cumulative stressors and PhenoAge epigenetic age acceleration, adjusting for demographic and health covariates. The marginal effect of cumulative stressors on PhenoAge was non-significant (all ps > .30; f²_p ≈ .001), suggesting no direct link between cumulative stress and this EAA measure after covariate control.",Variable Specification,"The results showed that the marginal effect of cumulative stressors was not significantly related to DunedinPACE, PhenoAge, and GrimAge2 (all ps > .30; see Table S1 in the online supplemental materials). f2p indicated that cumulative stressors explained .1% of the total variance of three epigenetic clocks. Regarding demographic covariates, education was a significant predictor for DunedinPACE and GrimAge2 in that those who had higher education showed lower EAA. Being employed was related to lower GrimAge2, and males were more likely to experience higher DunedinPACE and GrimAge2. For health behavior covariates, smoking status was significantly related to all EAA measures such that former smokers and current smokers had higher EAA than nonsmokers. Alcohol consumption was also related to PhenoAge and GrimAge2, such that more alcohol consumption was linked to higher EAA. The BMI was associated with all EAA measures, as higher BMI was linked to higher EAA.","## make subset dataset

# Compute EAA (Epigenetic Age Acceleration)
# PhenoAge EAA
subset_dat1 <- subset(dat, !is.na(bra6dmagephenoage) & !is.na(age_bio))
mod_test2 <- lm(bra6dmagephenoage ~ age_bio, data = subset_dat1)

subset_dat1$predict_phenoage = predict(mod_test2)
subset_dat1$eaa_pheno <- subset_dat1$bra6dmagephenoage - subset_dat1$predict_phenoage

...

transform_dataset <- function(dataset) {
  dataset <- dataset %>%
    # Change education to years
    mutate(edu = ifelse(edu %in% c(97, 98), NA, edu)) %>%
    mutate(edu_y = dplyr::recode(edu, 
    # recode education into years of education
                            ""1"" = 3,
                            ""2"" = 8,
                            ""3"" = 10.5,
                            ""4"" = 12,
                            ""5"" = 12,
                            ""6"" = 13.5,
                            ""7"" = 15,
                            ""8"" = 14,
                            ""9"" = 16,
                            ""10"" = 17,
                            ""11"" = 18,
                            ""12"" = 20,
                            .default = NA_real_)) %>%
    ...
           # Demographic covariates
           edu_y_z = as.numeric(scale(edu_y, center = TRUE, scale = TRUE)),
           age_bio_z = as.numeric(scale(age_bio, center = TRUE, scale =
                                          TRUE)),
           # Biomarker data covariates
           drinks_bio_z = as.numeric(scale(drinks_bio, center = TRUE, scale =
                                             TRUE)),
           bmi_bio_z = as.numeric(scale(bmi_bio, center = TRUE, scale =
                                          TRUE)),
           # Dummy code smoking status
           smoke_former = ifelse(smoke_bio == 1, 1, 0),
           smoke_current = ifelse(smoke_bio == 2, 1, 0),
           # Standardize cumulative stressor
           cum_stress_11_z = as.numeric(scale(cum_stress_11, center = TRUE,
                                              scale = TRUE))) %>%
    # Convert variables to factors
    mutate(emp = as.factor(emp),
           sex = as.factor(sex),
           child = as.factor(child),
           group = as.factor(group),
           marpartner = as.factor(marpartner),
           race = as.factor(race),
           smoke_bio = as.factor(smoke_bio))
  
  return(dataset)
}

# Apply the function to each dataset
subset_dat1 <- transform_dataset(subset_dat1)
...

# Hypothesis 1: Main effect

# PhenoAge
main2 <-lm(eaa_pheno ~
    # demographics
      age_bio_z + sex + edu_y_z + emp + race + marpartner + child + group + 
    # health covariates
      smoke_bio + drinks_bio_z + bmi_bio_z + 
    # key predictor
      cum_stress_11_z, data = subset_dat1)

## PhenoAge
tab_model(main2, show.se=TRUE, show.ci=FALSE, show.obs=FALSE, show.r2 =
            FALSE,vcov.fun = ""CL"", vcov.args = list(type = ""HC1"", cluster =
                                              subset_dat1$twin_cluster))",match,The code models PhenoAge epigenetic age acceleration as the outcome with cumulative stressors as the key predictor and includes the same demographic and health behavior covariates described in the paper. Variable roles (outcome vs. predictor vs. covariates) align with the narrative description of this analysis.,,
cha,11,"A multiple linear regression examined the association between cumulative stressors and PhenoAge epigenetic age acceleration, adjusting for demographic and health covariates. The marginal effect of cumulative stressors on PhenoAge was non-significant (all ps > .30; f²_p ≈ .001), suggesting no direct link between cumulative stress and this EAA measure after covariate control.",Transformation Specification,"To calculate EAA from the other epigenetic age measures, we regressed GrimAge2 and PhenoAge on chronological age and computed residuals to index how much older one is biologically compared to one’s chronological age. Thus, a positive value indicated EAA.
...
All values for 11 domains were standardized and summed to make a single index of cumulative stressors (for more details on the constructs, see the online supplemental materials, pp. 2–4).
...
Hypotheses were tested by multiple linear regressions, with all continuous variables standardized before the analyses.","# Compute EAA (Epigenetic Age Acceleration)
# PhenoAge EAA
subset_dat1 <- subset(dat, !is.na(bra6dmagephenoage) & !is.na(age_bio))
mod_test2 <- lm(bra6dmagephenoage ~ age_bio, data = subset_dat1)

subset_dat1$predict_phenoage = predict(mod_test2)
subset_dat1$eaa_pheno <- subset_dat1$bra6dmagephenoage - subset_dat1$predict_phenoage

# GrimAge2 EAA
subset_dat2 <- subset(dat, !is.na(bra6dmagegrimage2) & !is.na(age_bio))
mod_test2 <- lm(bra6dmagegrimage2 ~ age_bio, data = subset_dat2)

subset_dat2$predict_grimage2 = predict(mod_test2)
subset_dat2$eaa_grim <- subset_dat2$bra6dmagegrimage2 - subset_dat2$predict_grimage2

## Transform/standardize

transform_dataset <- function(dataset) {
  dataset <- dataset %>%
    # Change education to years
    mutate(edu = ifelse(edu %in% c(97, 98), NA, edu)) %>%
    mutate(edu_y = dplyr::recode(edu, 
    # recode education into years of education
                            ""1"" = 3,
                            ""2"" = 8,
                            ""3"" = 10.5,
                            ""4"" = 12,
                            ""5"" = 12,
                            ""6"" = 13.5,
                            ""7"" = 15,
                            ""8"" = 14,
                            ""9"" = 16,
                            ""10"" = 17,
                            ""11"" = 18,
                            ""12"" = 20,
                            .default = NA_real_)) %>%
    # Protective Factor (standardize psychological well-being)
    mutate(pwb_purpose_z = as.numeric(scale(pwb_purpose, center = TRUE, scale
                                            = TRUE)),
           pwb_mastery_z = as.numeric(scale(pwb_mastery, center = TRUE, scale                                             = TRUE)),
           pwb_accept_z = as.numeric(scale(pwb_accept, center = TRUE, scale =
                                             TRUE)),
           pwb_relation_z = as.numeric(scale(pwb_relation, center = TRUE,
                                             scale = TRUE)),
           pwb_growth_z = as.numeric(scale(pwb_growth, center = TRUE, scale =
                                             TRUE)),
           pwb_auto_z = as.numeric(scale(pwb_auto, center = TRUE, scale =
                                           TRUE)),
           pwb = (pwb_purpose_z + pwb_mastery_z + pwb_accept_z +
                    pwb_relation_z + pwb_growth_z + pwb_auto_z) / 6,
           pwb_z = as.numeric(scale(pwb, center = TRUE, scale = TRUE)),
           # Risk Factor (standardize neuroticism)
           neuro_z = as.numeric(scale(neuro, center = TRUE, scale = TRUE)),
           # Demographic covariates
           edu_y_z = as.numeric(scale(edu_y, center = TRUE, scale = TRUE)),
           age_bio_z = as.numeric(scale(age_bio, center = TRUE, scale =
                                          TRUE)),
           # Biomarker data covariates
           drinks_bio_z = as.numeric(scale(drinks_bio, center = TRUE, scale =
                                             TRUE)),
           bmi_bio_z = as.numeric(scale(bmi_bio, center = TRUE, scale =
                                          TRUE)),
           # Dummy code smoking status
           smoke_former = ifelse(smoke_bio == 1, 1, 0),
           smoke_current = ifelse(smoke_bio == 2, 1, 0),
           # Standardize cumulative stressor
           cum_stress_11_z = as.numeric(scale(cum_stress_11, center = TRUE,
                                              scale = TRUE))) %>%
    # Convert variables to factors
    mutate(emp = as.factor(emp),
           sex = as.factor(sex),
           child = as.factor(child),
           group = as.factor(group),
           marpartner = as.factor(marpartner),
           race = as.factor(race),
           smoke_bio = as.factor(smoke_bio))
  
  return(dataset)
}

# Apply the function to each dataset
subset_dat1 <- transform_dataset(subset_dat1)
subset_dat2 <- transform_dataset(subset_dat2)
dat <- transform_dataset(dat)

# PhenoAge
main2 <-lm(eaa_pheno ~
    # demographics
      age_bio_z + sex + edu_y_z + emp + race + marpartner + child + group + 
    # health covariates
      smoke_bio + drinks_bio_z + bmi_bio_z + 
    # key predictor
      cum_stress_11_z, data = subset_dat1)",mismatch,"The code matches the described residualization of epigenetic age but does not clearly implement two stated transformations: standardizing all continuous variables (the outcome eaa_pheno is not z-scored) and constructing the cumulative stressor index by standardizing each of 11 domains before summing. Thus, the transformation steps in the code only partially align with those described in the paper.",,
cha,11,"A multiple linear regression examined the association between cumulative stressors and PhenoAge epigenetic age acceleration, adjusting for demographic and health covariates. The marginal effect of cumulative stressors on PhenoAge was non-significant (all ps > .30; f²_p ≈ .001), suggesting no direct link between cumulative stress and this EAA measure after covariate control.",Inference Specification,"The results showed that the marginal effect of cumulative stressors was not signiﬁcantly related to DunedinPACE, PhenoAge, and GrimAge2 (all ps . .30; see Table S1 in the online supplemental materials). f2
p indicated that cumulative stressors explained .1% of
the total variance of three epigenetic clocks.","## PhenoAge
main2 <-lm(eaa_pheno ~
    # demographics
      age_bio_z + sex + edu_y_z + emp + race + marpartner + child + group + 
    # health covariates
      smoke_bio + drinks_bio_z + bmi_bio_z + 
    # key predictor
      cum_stress_11_z, data = subset_dat1)

## PhenoAge
tab_model(main2, show.se=TRUE, show.ci=FALSE, show.obs=FALSE, show.r2 =
            FALSE,vcov.fun = ""CL"", vcov.args = list(type = ""HC1"", cluster =
                                              subset_dat1$twin_cluster))
...
cohens_f_squared(main2)",match,"The paper evaluates significance via p-values (reporting all ps > .30) and an effect size f²_p, and the code produces p-values from the regression and computes Cohen’s f² without specifying any nonstandard alpha or inference rule. There is no indication of alternative inference criteria in either source, so the code’s default significance framework is consistent with the paper’s description.",,
cha,12,"A multiple linear regression evaluated whether cumulative stressors predicted GrimAge2 residual epigenetic age (EAA) controlling for covariates. The marginal effect of cumulative stressors on GrimAge2 was non-significant (all ps > .30; f²_p ≈ .001), indicating that cumulative stress levels alone were not directly related to GrimAge2 acceleration before considering moderators.",Model Specification,"Hypotheses were tested by multiple linear regressions, with all continuous variables standardized before the analyses.","# GrimAge2
main3 <-lm(eaa_grim ~
    # demographics
      age_bio_z + sex + edu_y_z + emp + race + marpartner + child + group + 
    # health covariates
      smoke_bio + drinks_bio_z + bmi_bio_z + 
    # key predictor
      cum_stress_11_z, data = subset_dat2)

## GrimAge2
tab_model(main3, show.se=TRUE, show.ci=FALSE, show.obs=FALSE, show.r2 =
            FALSE, vcov.fun = ""CL"", vcov.args = list(type = ""HC1"", cluster =
                                              subset_dat2$twin_cluster))",match,The code uses a multiple linear regression model consistent with the paper’s description of hypothesis testing by multiple linear regressions with standardized continuous variables.,,
cha,12,"A multiple linear regression evaluated whether cumulative stressors predicted GrimAge2 residual epigenetic age (EAA) controlling for covariates. The marginal effect of cumulative stressors on GrimAge2 was non-significant (all ps > .30; f²_p ≈ .001), indicating that cumulative stress levels alone were not directly related to GrimAge2 acceleration before considering moderators.",Variable Specification,"The results showed that the marginal effect of cumulative stressors was not significantly related to DunedinPACE, PhenoAge, and GrimAge2 (all ps . .30; see Table S1 in the online supplemental materials). f2p indicated that cumulative stressors explained .1% of the total variance of three epigenetic clocks.

Demographic covariates included age (participants’ age at the biomarker data collection), sex (0 = male,1 = female), education (years), race (0 = White,1 = Black,2 = Others), employment status (0 = not working ,1 = working), marital status (0 = not married ,1 = currently married or cohabitating ), and whether one has children (0 = no children,1 = one or more children). Health covariates included smoking status (0 = never smoker ,1 = former smoker , 2 = current smoker), alcohol consumption (the number of alcoholic drinks consumed per week past month), and body mass index (BMI). Sample (0 = Core,1 = Refresher) was also accounted for to adjust for the potential sample differences.","# GrimAge2 EAA
subset_dat2 <- subset(dat, !is.na(bra6dmagegrimage2) & !is.na(age_bio))
mod_test2 <- lm(bra6dmagegrimage2 ~ age_bio, data = subset_dat2)

subset_dat2$predict_grimage2 = predict(mod_test2)
subset_dat2$eaa_grim <- subset_dat2$bra6dmagegrimage2 - subset_dat2$predict_grimage2

# Hypothesis 1: Main effect

# GrimAge2
main3 <-lm(eaa_grim ~
    # demographics
      age_bio_z + sex + edu_y_z + emp + race + marpartner + child + group + 
    # health covariates
      smoke_bio + drinks_bio_z + bmi_bio_z + 
    # key predictor
      cum_stress_11_z, data = subset_dat2)",match,"The code uses GrimAge2 EAA as the outcome, cumulative stressors as the key predictor, and includes the same demographic, health, and sample covariates described in the paper. Variable roles (outcome, predictor, controls) align with the reported analysis specification.",,
cha,12,"A multiple linear regression evaluated whether cumulative stressors predicted GrimAge2 residual epigenetic age (EAA) controlling for covariates. The marginal effect of cumulative stressors on GrimAge2 was non-significant (all ps > .30; f²_p ≈ .001), indicating that cumulative stress levels alone were not directly related to GrimAge2 acceleration before considering moderators.",Transformation Specification,"All values for 11 domains were standardized and summed to make a single index of cumulative stressors (for more details on the constructs, see the online supplemental materials, pp. 2–4).
...
To calculate EAA from the other epigenetic age measures, we regressed GrimAge2 and PhenoAge on chronological age and computed residuals to index how much older one is biologically compared to one’s chronological age.
...
Hypotheses were tested by multiple linear regressions, with all continuous variables standardized before the analyses.","# Compute EAA (Epigenetic Age Acceleration)
# PhenoAge EAA
subset_dat1 <- subset(dat, !is.na(bra6dmagephenoage) & !is.na(age_bio))
mod_test2 <- lm(bra6dmagephenoage ~ age_bio, data = subset_dat1)

subset_dat1$predict_phenoage = predict(mod_test2)
subset_dat1$eaa_pheno <- subset_dat1$bra6dmagephenoage - subset_dat1$predict_phenoage

# GrimAge2 EAA
subset_dat2 <- subset(dat, !is.na(bra6dmagegrimage2) & !is.na(age_bio))
mod_test2 <- lm(bra6dmagegrimage2 ~ age_bio, data = subset_dat2)

subset_dat2$predict_grimage2 = predict(mod_test2)
subset_dat2$eaa_grim <- subset_dat2$bra6dmagegrimage2 - subset_dat2$predict_grimage2
...
transform_dataset <- function(dataset) {
  dataset <- dataset %>%
    # Change education to years
    mutate(edu = ifelse(edu %in% c(97, 98), NA, edu)) %>%
    mutate(edu_y = dplyr::recode(edu, 
    # recode education into years of education
                            ""1"" = 3,
                            ""2"" = 8,
                            ""3"" = 10.5,
                            ""4"" = 12,
                            ""5"" = 12,
                            ""6"" = 13.5,
                            ""7"" = 15,
                            ""8"" = 14,
                            ""9"" = 16,
                            ""10"" = 17,
                            ""11"" = 18,
                            ""12"" = 20,
                            .default = NA_real_)) %>%
    # Protective Factor (standardize psychological well-being)
    mutate(pwb_purpose_z = as.numeric(scale(pwb_purpose, center = TRUE, scale
                                            = TRUE)),
           pwb_mastery_z = as.numeric(scale(pwb_mastery, center = TRUE, scale                                             = TRUE)),
           pwb_accept_z = as.numeric(scale(pwb_accept, center = TRUE, scale =
                                             TRUE)),
           pwb_relation_z = as.numeric(scale(pwb_relation, center = TRUE,
                                             scale = TRUE)),
           pwb_growth_z = as.numeric(scale(pwb_growth, center = TRUE, scale =
                                             TRUE)),
           pwb_auto_z = as.numeric(scale(pwb_auto, center = TRUE, scale =
                                           TRUE)),
           pwb = (pwb_purpose_z + pwb_mastery_z + pwb_accept_z +
                    pwb_relation_z + pwb_growth_z + pwb_auto_z) / 6,
           pwb_z = as.numeric(scale(pwb, center = TRUE, scale = TRUE)),
           # Risk Factor (standardize neuroticism)
           neuro_z = as.numeric(scale(neuro, center = TRUE, scale = TRUE)),
           # Demographic covariates
           edu_y_z = as.numeric(scale(edu_y, center = TRUE, scale = TRUE)),
           age_bio_z = as.numeric(scale(age_bio, center = TRUE, scale =
                                          TRUE)),
           # Biomarker data covariates
           drinks_bio_z = as.numeric(scale(drinks_bio, center = TRUE, scale =
                                             TRUE)),
           bmi_bio_z = as.numeric(scale(bmi_bio, center = TRUE, scale =
                                          TRUE)),
           # Dummy code smoking status
           smoke_former = ifelse(smoke_bio == 1, 1, 0),
           smoke_current = ifelse(smoke_bio == 2, 1, 0),
           # Standardize cumulative stressor
           cum_stress_11_z = as.numeric(scale(cum_stress_11, center = TRUE,
                                              scale = TRUE))) %>%
    # Convert variables to factors
    mutate(emp = as.factor(emp),
           sex = as.factor(sex),
           child = as.factor(child),
           group = as.factor(group),
           marpartner = as.factor(marpartner),
           race = as.factor(race),
           smoke_bio = as.factor(smoke_bio))
  
  return(dataset)
}

# Apply the function to each dataset
subset_dat1 <- transform_dataset(subset_dat1)
subset_dat2 <- transform_dataset(subset_dat2)
dat <- transform_dataset(dat)",match,"The code implements the described transformations for EAA and continuous variables, consistent with the paper’s description. While the creation of the 11-domain cumulative stress index is not shown, the subsequent standardization and use of that index aligns with the reported procedures.",,
cha,12,"A multiple linear regression evaluated whether cumulative stressors predicted GrimAge2 residual epigenetic age (EAA) controlling for covariates. The marginal effect of cumulative stressors on GrimAge2 was non-significant (all ps > .30; f²_p ≈ .001), indicating that cumulative stress levels alone were not directly related to GrimAge2 acceleration before considering moderators.",Inference Specification,"The results showed that the marginal effect of cumulative stressors was not significantly related to DunedinPACE, PhenoAge, and GrimAge2 (all ps > .30; see Table S1 in the online supplemental materials). f2_p indicated that cumulative stressors explained .1% of the total variance of three epigenetic clocks.","# GrimAge2
main3 <-lm(eaa_grim ~
    # demographics
      age_bio_z + sex + edu_y_z + emp + race + marpartner + child + group + 
    # health covariates
      smoke_bio + drinks_bio_z + bmi_bio_z + 
    # key predictor
      cum_stress_11_z, data = subset_dat2)

## GrimAge2
tab_model(main3, show.se=TRUE, show.ci=FALSE, show.obs=FALSE, show.r2 =
            FALSE, vcov.fun = ""CL"", vcov.args = list(type = ""HC1"", cluster =
                                              subset_dat2$twin_cluster))

# Effect size
cohens_f_squared(main3)",match,"The code computes p-values and Cohen’s f² for the regression model, matching the paper’s description of using p-values (reporting all ps > .30) and f²_p as the inferential basis; no conflicting inferential criteria (e.g., different alpha) are indicated in either source.",,
cha,13,"Within the multiple regression model predicting DunedinPACE EAA, years of education were entered as a covariate alongside cumulative stressors and other demographic and health factors. Education emerged as a significant negative predictor of DunedinPACE, such that higher educational attainment was associated with a slower epigenetic pace of aging.",Model Specification,"Hypotheses were tested by multiple linear regressions, with all continuous variables standardized before the analyses.","# DunedinPACE
main1 <-lm(bra6dmagedunedinpace ~
    # demographics
      age_bio_z + sex + edu_y_z + emp + race + marpartner + child + group + 
    # health covariates
      smoke_bio + drinks_bio_z + bmi_bio_z +  
    # key predictor
      cum_stress_11_z, data = dat)

# Compute results
## DunedinPACE
tab_model(main1, show.se=TRUE, show.ci=FALSE, show.obs=FALSE, show.r2 =
            FALSE, vcov.fun = ""CL"", vcov.args = list(type = ""HC1"", cluster =
                                              dat$twin_cluster))",match,"The paper describes using multiple linear regression models with standardized continuous variables, and the code implements an lm() multiple regression with z-scored predictors for DunedinPACE. This aligns with the stated model specification for testing predictors of DunedinPACE EAA.",,
cha,13,"Within the multiple regression model predicting DunedinPACE EAA, years of education were entered as a covariate alongside cumulative stressors and other demographic and health factors. Education emerged as a significant negative predictor of DunedinPACE, such that higher educational attainment was associated with a slower epigenetic pace of aging.",Variable Specification,"Regarding demographic covariates, education was a significant predictor for DunedinPACE and GrimAge2 in that those who had higher education showed lower EAA.","transform_dataset <- function(dataset) {
  dataset <- dataset %>%
    # Change education to years
    mutate(edu = ifelse(edu %in% c(97, 98), NA, edu)) %>%
    mutate(edu_y = dplyr::recode(edu, 
    # recode education into years of education
                            ""1"" = 3,
                            ""2"" = 8,
                            ""3"" = 10.5,
                            ""4"" = 12,
                            ""5"" = 12,
                            ""6"" = 13.5,
                            ""7"" = 15,
                            ""8"" = 14,
                            ""9"" = 16,
                            ""10"" = 17,
                            ""11"" = 18,
                            ""12"" = 20,
                            .default = NA_real_)) %>%
    ...
           # Demographic covariates
           edu_y_z = as.numeric(scale(edu_y, center = TRUE, scale = TRUE)),
           age_bio_z = as.numeric(scale(age_bio, center = TRUE, scale =
                                          TRUE)),
           ...
           # Standardize cumulative stressor
           cum_stress_11_z = as.numeric(scale(cum_stress_11, center = TRUE,
                                              scale = TRUE))) %>%
    ...
}
...
# DunedinPACE
main1 <-lm(bra6dmagedunedinpace ~
    # demographics
      age_bio_z + sex + edu_y_z + emp + race + marpartner + child + group + 
    # health covariates
      smoke_bio + drinks_bio_z + bmi_bio_z +  
    # key predictor
      cum_stress_11_z, data = dat)",match,"Education is implemented in the code as a covariate (standardized years of education) in the multiple regression model predicting DunedinPACE, consistent with the paper’s description of education as a significant demographic predictor of DunedinPACE EAA.",,
cha,13,"Within the multiple regression model predicting DunedinPACE EAA, years of education were entered as a covariate alongside cumulative stressors and other demographic and health factors. Education emerged as a significant negative predictor of DunedinPACE, such that higher educational attainment was associated with a slower epigenetic pace of aging.",Transformation Specification,"Hypotheses were tested by multiple linear regressions, with all continuous variables standardized before the analyses.

""To calculate EAA from the other epigenetic age measures, we regressed GrimAge2 and PhenoAge on chronological age and computed residuals to index how much older one is biologically compared to one’s chronological age. Thus, a positive value indicated EAA.""

""All values for 11 domains were standardized and summed to make a single index of cumulative stressors (for more details on the constructs, see the online supplemental materials, pp. 2–4).""","# Compute EAA (Epigenetic Age Acceleration)
# PhenoAge EAA
subset_dat1 <- subset(dat, !is.na(bra6dmagephenoage) & !is.na(age_bio))
mod_test2 <- lm(bra6dmagephenoage ~ age_bio, data = subset_dat1)

subset_dat1$predict_phenoage = predict(mod_test2)
subset_dat1$eaa_pheno <- subset_dat1$bra6dmagephenoage - subset_dat1$predict_phenoage

# GrimAge2 EAA
subset_dat2 <- subset(dat, !is.na(bra6dmagegrimage2) & !is.na(age_bio))
mod_test2 <- lm(bra6dmagegrimage2 ~ age_bio, data = subset_dat2)

subset_dat2$predict_grimage2 = predict(mod_test2)
subset_dat2$eaa_grim <- subset_dat2$bra6dmagegrimage2 - subset_dat2$predict_grimage2
...
transform_dataset <- function(dataset) {
  dataset <- dataset %>%
    # Change education to years
    mutate(edu = ifelse(edu %in% c(97, 98), NA, edu)) %>%
    mutate(edu_y = dplyr::recode(edu, 
    # recode education into years of education
                            ""1"" = 3,
                            ""2"" = 8,
                            ""3"" = 10.5,
                            ""4"" = 12,
                            ""5"" = 12,
                            ""6"" = 13.5,
                            ""7"" = 15,
                            ""8"" = 14,
                            ""9"" = 16,
                            ""10"" = 17,
                            ""11"" = 18,
                            ""12"" = 20,
                            .default = NA_real_)) %>%
    # Protective Factor (standardize psychological well-being)
    mutate(pwb_purpose_z = as.numeric(scale(pwb_purpose, center = TRUE, scale
                                            = TRUE)),
           pwb_mastery_z = as.numeric(scale(pwb_mastery, center = TRUE, scale                                             = TRUE)),
           pwb_accept_z = as.numeric(scale(pwb_accept, center = TRUE, scale =
                                             TRUE)),
           pwb_relation_z = as.numeric(scale(pwb_relation, center = TRUE,
                                             scale = TRUE)),
           pwb_growth_z = as.numeric(scale(pwb_growth, center = TRUE, scale =
                                             TRUE)),
           pwb_auto_z = as.numeric(scale(pwb_auto, center = TRUE, scale =
                                           TRUE)),
           pwb = (pwb_purpose_z + pwb_mastery_z + pwb_accept_z +
                    pwb_relation_z + pwb_growth_z + pwb_auto_z) / 6,
           pwb_z = as.numeric(scale(pwb, center = TRUE, scale = TRUE)),
           # Risk Factor (standardize neuroticism)
           neuro_z = as.numeric(scale(neuro, center = TRUE, scale = TRUE)),
           # Demographic covariates
           edu_y_z = as.numeric(scale(edu_y, center = TRUE, scale = TRUE)),
           age_bio_z = as.numeric(scale(age_bio, center = TRUE, scale =
                                          TRUE)),
           # Biomarker data covariates
           drinks_bio_z = as.numeric(scale(drinks_bio, center = TRUE, scale =
                                             TRUE)),
           bmi_bio_z = as.numeric(scale(bmi_bio, center = TRUE, scale =
                                          TRUE)),
           # Dummy code smoking status
           smoke_former = ifelse(smoke_bio == 1, 1, 0),
           smoke_current = ifelse(smoke_bio == 2, 1, 0),
           # Standardize cumulative stressor
           cum_stress_11_z = as.numeric(scale(cum_stress_11, center = TRUE,
                                              scale = TRUE))) %>%
    # Convert variables to factors
    mutate(emp = as.factor(emp),
           sex = as.factor(sex),
           child = as.factor(child),
           group = as.factor(group),
           marpartner = as.factor(marpartner),
           race = as.factor(race),
           smoke_bio = as.factor(smoke_bio))
  
  return(dataset)
}

# Apply the function to each dataset
subset_dat1 <- transform_dataset(subset_dat1)
subset_dat2 <- transform_dataset(subset_dat2)
dat <- transform_dataset(dat)

# DunedinPACE main-effects model using transformed covariates and standardized cumulative stressors
main1 <-lm(bra6dmagedunedinpace ~
    # demographics
      age_bio_z + sex + edu_y_z + emp + race + marpartner + child + group + 
    # health covariates
      smoke_bio + drinks_bio_z + bmi_bio_z +  
    # key predictor
      cum_stress_11_z, data = dat)",match,"The code applies the same transformations described in the paper: epigenetic age acceleration is computed as residuals from regressing epigenetic age on chronological age, and continuous covariates (including years of education and cumulative stressors) are standardized before regression. The recoding of categorical education into years is consistent with the paper’s use of years of education as a covariate.",,
cha,13,"Within the multiple regression model predicting DunedinPACE EAA, years of education were entered as a covariate alongside cumulative stressors and other demographic and health factors. Education emerged as a significant negative predictor of DunedinPACE, such that higher educational attainment was associated with a slower epigenetic pace of aging.",Inference Specification,"Regarding demographic covariates, education was a significant predictor for DunedinPACE and GrimAge2 in that those who had higher education showed lower EAA.","# DunedinPACE
main1 <-lm(bra6dmagedunedinpace ~
    # demographics
      age_bio_z + sex + edu_y_z + emp + race + marpartner + child + group + 
    # health covariates
      smoke_bio + drinks_bio_z + bmi_bio_z +  
    # key predictor
      cum_stress_11_z, data = dat)

# Compute results
## DunedinPACE
tab_model(main1, show.se=TRUE, show.ci=FALSE, show.obs=FALSE, show.r2 =
            FALSE, vcov.fun = ""CL"", vcov.args = list(type = ""HC1"", cluster =
                                              dat$twin_cluster))

# Effect size
cohens_f_squared(main1)
",unknown,"The paper only states that education was a significant predictor, without specifying inference criteria (e.g., alpha level, type of standard errors), while the code uses cluster-robust standard errors and default significance testing with no explicit alpha or CI settings. Because the paper lacks explicit inference details, it is not possible to determine whether the code’s inference specification matches the paper’s description.",,
cha,14,"In the multiple regression model predicting GrimAge2 EAA, education was included as a demographic covariate together with cumulative stress and health behaviors. Higher education significantly predicted lower GrimAge2 acceleration, indicating protective effects of education on this epigenetic age measure.",Model Specification,"Hypotheses were tested by multiple linear regressions, with all continuous variables standardized before the analyses. Psychological well-being as a moderator was examined by regressing EAA on cumulative stressors, psychological well-being, and the interaction term between these two measures. To examine whether neuroticism aggravated the relationship between cumulative stressors and EAA, cumulative stressors, neuroticism, and their interaction were included as predictors. All regression models used cluster-robust standard errors to adjust for the 45 sets of twins or siblings in the analytic sample, and simple slope analyses were conducted with 1 SD above and below for the identified moderators.","## GrimAge2
main3 <-lm(eaa_grim ~
    # demographics
      age_bio_z + sex + edu_y_z + emp + race + marpartner + child + group + 
    # health covariates
      smoke_bio + drinks_bio_z + bmi_bio_z + 
    # key predictor
      cum_stress_11_z, data = subset_dat2)

## GrimAge2
tab_model(main3, show.se=TRUE, show.ci=FALSE, show.obs=FALSE, show.r2 =
            FALSE, vcov.fun = ""CL"", vcov.args = list(type = ""HC1"", cluster =
                                              subset_dat2$twin_cluster))",match,"The paper describes using multiple linear regression with cluster-robust standard errors to predict GrimAge2 EAA including education and other covariates, which corresponds to the lm model with clustered robust SEs implemented in the code. Thus, the model specification in the code aligns with the described analysis.",,
cha,14,"In the multiple regression model predicting GrimAge2 EAA, education was included as a demographic covariate together with cumulative stress and health behaviors. Higher education significantly predicted lower GrimAge2 acceleration, indicating protective effects of education on this epigenetic age measure.",Variable Specification,"Regarding demographic covariates, education was a significant predictor for DunedinPACE and GrimAge2 in that those who had higher education showed lower EAA.","## GrimAge2 EAA computation
subset_dat2 <- subset(dat, !is.na(bra6dmagegrimage2) & !is.na(age_bio))
mod_test2 <- lm(bra6dmagegrimage2 ~ age_bio, data = subset_dat2)

subset_dat2$predict_grimage2 = predict(mod_test2)
subset_dat2$eaa_grim <- subset_dat2$bra6dmagegrimage2 - subset_dat2$predict_grimage2

...

# within transform_dataset(): education recode and standardization
    mutate(edu = ifelse(edu %in% c(97, 98), NA, edu)) %>%
    mutate(edu_y = dplyr::recode(edu, 
    # recode education into years of education
                            ""1"" = 3,
                            ""2"" = 8,
                            ""3"" = 10.5,
                            ""4"" = 12,
                            ""5"" = 12,
                            ""6"" = 13.5,
                            ""7"" = 15,
                            ""8"" = 14,
                            ""9"" = 16,
                            ""10"" = 17,
                            ""11"" = 18,
                            ""12"" = 20,
                            .default = NA_real_)) %>%
...
           # Demographic covariates
           edu_y_z = as.numeric(scale(edu_y, center = TRUE, scale = TRUE)),
           age_bio_z = as.numeric(scale(age_bio, center = TRUE, scale =
                                          TRUE)),
...

# Hypothesis 1: Main effect — GrimAge2 outcome, education as demographic covariate
main3 <-lm(eaa_grim ~
    # demographics
      age_bio_z + sex + edu_y_z + emp + race + marpartner + child + group + 
    # health covariates
      smoke_bio + drinks_bio_z + bmi_bio_z + 
    # key predictor
      cum_stress_11_z, data = subset_dat2)",match,"Education is implemented in the code as a demographic covariate (standardized years of education) in the multiple regression predicting GrimAge2 EAA, consistent with the paper’s description that education was a significant predictor of lower GrimAge2 EAA. The model also includes cumulative stress and health behaviors as predictors alongside education, matching the narrative description.",,
cha,14,"In the multiple regression model predicting GrimAge2 EAA, education was included as a demographic covariate together with cumulative stress and health behaviors. Higher education significantly predicted lower GrimAge2 acceleration, indicating protective effects of education on this epigenetic age measure.",Transformation Specification,"To calculate EAA from the other epigenetic age measures, we regressed GrimAge2 and PhenoAge on chronological age and computed residuals to index how much older one is biologically compared to one’s chronological age. Thus, a positive value indicated EAA.
...
Hypotheses were tested by multiple linear regressions, with all continuous variables standardized before the analyses.","# GrimAge2 EAA
subset_dat2 <- subset(dat, !is.na(bra6dmagegrimage2) & !is.na(age_bio))
mod_test2 <- lm(bra6dmagegrimage2 ~ age_bio, data = subset_dat2)

subset_dat2$predict_grimage2 = predict(mod_test2)
subset_dat2$eaa_grim <- subset_dat2$bra6dmagegrimage2 - subset_dat2$predict_grimage2

## Transform/standardize

transform_dataset <- function(dataset) {
  dataset <- dataset %>%
    # Change education to years
    mutate(edu = ifelse(edu %in% c(97, 98), NA, edu)) %>%
    mutate(edu_y = dplyr::recode(edu, 
    # recode education into years of education
                            ""1"" = 3,
                            ""2"" = 8,
                            ""3"" = 10.5,
                            ""4"" = 12,
                            ""5"" = 12,
                            ""6"" = 13.5,
                            ""7"" = 15,
                            ""8"" = 14,
                            ""9"" = 16,
                            ""10"" = 17,
                            ""11"" = 18,
                            ""12"" = 20,
                            .default = NA_real_)) %>%
    # Protective Factor (standardize psychological well-being)
    mutate(pwb_purpose_z = as.numeric(scale(pwb_purpose, center = TRUE, scale
                                            = TRUE)),
           pwb_mastery_z = as.numeric(scale(pwb_mastery, center = TRUE, scale                                             = TRUE)),
           pwb_accept_z = as.numeric(scale(pwb_accept, center = TRUE, scale =
                                             TRUE)),
           pwb_relation_z = as.numeric(scale(pwb_relation, center = TRUE,
                                             scale = TRUE)),
           pwb_growth_z = as.numeric(scale(pwb_growth, center = TRUE, scale =
                                             TRUE)),
           pwb_auto_z = as.numeric(scale(pwb_auto, center = TRUE, scale =
                                           TRUE)),
           pwb = (pwb_purpose_z + pwb_mastery_z + pwb_accept_z +
                    pwb_relation_z + pwb_growth_z + pwb_auto_z) / 6,
           pwb_z = as.numeric(scale(pwb, center = TRUE, scale = TRUE)),
           # Risk Factor (standardize neuroticism)
           neuro_z = as.numeric(scale(neuro, center = TRUE, scale = TRUE)),
           # Demographic covariates
           edu_y_z = as.numeric(scale(edu_y, center = TRUE, scale = TRUE)),
           age_bio_z = as.numeric(scale(age_bio, center = TRUE, scale =
                                          TRUE)),
           # Biomarker data covariates
           drinks_bio_z = as.numeric(scale(drinks_bio, center = TRUE, scale =
                                             TRUE)),
           bmi_bio_z = as.numeric(scale(bmi_bio, center = TRUE, scale =
                                          TRUE)),
           # Dummy code smoking status
           smoke_former = ifelse(smoke_bio == 1, 1, 0),
           smoke_current = ifelse(smoke_bio == 2, 1, 0),
           # Standardize cumulative stressor
           cum_stress_11_z = as.numeric(scale(cum_stress_11, center = TRUE,
                                              scale = TRUE))) %>%
    # Convert variables to factors
    mutate(emp = as.factor(emp),
           sex = as.factor(sex),
           child = as.factor(child),
           group = as.factor(group),
           marpartner = as.factor(marpartner),
           race = as.factor(race),
           smoke_bio = as.factor(smoke_bio))
  
  return(dataset)
}

# Apply the function to each dataset
subset_dat2 <- transform_dataset(subset_dat2)

# GrimAge2 main-effect regression using transformed variables
main3 <-lm(eaa_grim ~
    # demographics
      age_bio_z + sex + edu_y_z + emp + race + marpartner + child + group + 
    # health covariates
      smoke_bio + drinks_bio_z + bmi_bio_z + 
    # key predictor
      cum_stress_11_z, data = subset_dat2)",unknown,,,
cha,14,"In the multiple regression model predicting GrimAge2 EAA, education was included as a demographic covariate together with cumulative stress and health behaviors. Higher education significantly predicted lower GrimAge2 acceleration, indicating protective effects of education on this epigenetic age measure.",Inference Specification,"Regarding demographic covariates, education was a significant predictor for DunedinPACE and GrimAge2 in that those who had higher education showed lower EAA.","# GrimAge2
main3 <-lm(eaa_grim ~
    # demographics
      age_bio_z + sex + edu_y_z + emp + race + marpartner + child + group + 
    # health covariates
      smoke_bio + drinks_bio_z + bmi_bio_z + 
    # key predictor
      cum_stress_11_z, data = subset_dat2)

## GrimAge2
tab_model(main3, show.se=TRUE, show.ci=FALSE, show.obs=FALSE, show.r2 =
            FALSE, vcov.fun = ""CL"", vcov.args = list(type = ""HC1"", cluster =
                                              subset_dat2$twin_cluster))",unknown,"The paper only states that education was a significant predictor but does not specify inference criteria (e.g., alpha level, use of robust/clustered standard errors), while the code uses clustered robust standard errors without indicating any explicit alpha threshold. Because the paper lacks detail on the exact inference specification, it is not possible to determine if the code’s inference approach matches it.",,
cha,15,"Employment status (working vs. not working) was included as a covariate in the regression model predicting GrimAge2 EAA. Being employed significantly predicted lower GrimAge2 values, suggesting that employment was associated with reduced epigenetic age acceleration.",Model Specification,"Hypotheses were tested by multiple linear regressions, with all con-tinuous variables standardized before the analyses.","## GrimAge2
main3 <-lm(eaa_grim ~
    # demographics
      age_bio_z + sex + edu_y_z + emp + race + marpartner + child + group + 
    # health covariates
      smoke_bio + drinks_bio_z + bmi_bio_z + 
    # key predictor
      cum_stress_11_z, data = subset_dat2)",match,"The paper states that hypotheses were tested using multiple linear regressions, and the code implements a linear model with multiple predictors for GrimAge2 EAA. This aligns the described model specification with the implemented lm() regression including employment status as a covariate.",,
cha,15,"Employment status (working vs. not working) was included as a covariate in the regression model predicting GrimAge2 EAA. Being employed significantly predicted lower GrimAge2 values, suggesting that employment was associated with reduced epigenetic age acceleration.",Variable Specification,"Demographic covariates included age (participants’ age at the biomarker data collection), sex (0 = male, 1 = female), education (years), race (0 = White, 1 = Black, 2 = Others), employment status (0 = not working, 1 = working), marital status (0 = not married, 1 = currently married or cohabitating), and whether one has children (0 = no children, 1 = one or more children). ... The results showed that the marginal effect of cumulative stressors was not significantly related to DunedinPACE, PhenoAge, and GrimAge2 (all ps > .30; see Table S1 in the online supplemental materials). ... Regarding demographic covariates, education was a significant predictor for DunedinPACE and GrimAge2 in that those who had higher education showed lower EAA. Being employed was related to lower GrimAge2, and males were more likely to experience higher DunedinPACE and GrimAge2.","# GrimAge2 EAA computation
subset_dat2 <- subset(dat, !is.na(bra6dmagegrimage2) & !is.na(age_bio))
mod_test2 <- lm(bra6dmagegrimage2 ~ age_bio, data = subset_dat2)

subset_dat2$predict_grimage2 = predict(mod_test2)
subset_dat2$eaa_grim <- subset_dat2$bra6dmagegrimage2 - subset_dat2$predict_grimage2
...
    # Convert variables to factors
    mutate(emp = as.factor(emp),
           sex = as.factor(sex),
           child = as.factor(child),
           group = as.factor(group),
           marpartner = as.factor(marpartner),
           race = as.factor(race),
           smoke_bio = as.factor(smoke_bio))
...
# GrimAge2
main3 <-lm(eaa_grim ~
    # demographics
      age_bio_z + sex + edu_y_z + emp + race + marpartner + child + group + 
    # health covariates
      smoke_bio + drinks_bio_z + bmi_bio_z + 
    # key predictor
      cum_stress_11_z, data = subset_dat2)",match,"Employment status is included in the GrimAge2 EAA regression model as a demographic covariate in both the paper and the code, matching the described variable role. The specific coding of employment (0/1) is not contradicted by the code and is consistent with its use as a factor predictor.",,
cha,15,"Employment status (working vs. not working) was included as a covariate in the regression model predicting GrimAge2 EAA. Being employed significantly predicted lower GrimAge2 values, suggesting that employment was associated with reduced epigenetic age acceleration.",Transformation Specification,"To calculate EAA from the other epigenetic age measures, we regressed GrimAge2 and PhenoAge on chronological age and computed residuals to index how much older one is biologically compared to one’s chronological age. Thus, a positive value indicated EAA. Hypotheses were tested by multiple linear regressions, with all continuous variables standardized before the analyses.","# Compute EAA (Epigenetic Age Acceleration)
# GrimAge2 EAA
subset_dat2 <- subset(dat, !is.na(bra6dmagegrimage2) & !is.na(age_bio))
mod_test2 <- lm(bra6dmagegrimage2 ~ age_bio, data = subset_dat2)

subset_dat2$predict_grimage2 = predict(mod_test2)
subset_dat2$eaa_grim <- subset_dat2$bra6dmagegrimage2 - subset_dat2$predict_grimage2

## Transform/standardize

transform_dataset <- function(dataset) {
  dataset <- dataset %>%
    # Change education to years
    mutate(edu = ifelse(edu %in% c(97, 98), NA, edu)) %>%
    mutate(edu_y = dplyr::recode(edu, 
    # recode education into years of education
                            ""1"" = 3,
                            ""2"" = 8,
                            ""3"" = 10.5,
                            ""4"" = 12,
                            ""5"" = 12,
                            ""6"" = 13.5,
                            ""7"" = 15,
                            ""8"" = 14,
                            ""9"" = 16,
                            ""10"" = 17,
                            ""11"" = 18,
                            ""12"" = 20,
                            .default = NA_real_)) %>%
    # Protective Factor (standardize psychological well-being)
    mutate(pwb_purpose_z = as.numeric(scale(pwb_purpose, center = TRUE, scale
                                            = TRUE)),
           pwb_mastery_z = as.numeric(scale(pwb_mastery, center = TRUE, scale                                             = TRUE)),
           pwb_accept_z = as.numeric(scale(pwb_accept, center = TRUE, scale =
                                             TRUE)),
           pwb_relation_z = as.numeric(scale(pwb_relation, center = TRUE,
                                             scale = TRUE)),
           pwb_growth_z = as.numeric(scale(pwb_growth, center = TRUE, scale =
                                             TRUE)),
           pwb_auto_z = as.numeric(scale(pwb_auto, center = TRUE, scale =
                                           TRUE)),
           pwb = (pwb_purpose_z + pwb_mastery_z + pwb_accept_z +
                    pwb_relation_z + pwb_growth_z + pwb_auto_z) / 6,
           pwb_z = as.numeric(scale(pwb, center = TRUE, scale = TRUE)),
           # Risk Factor (standardize neuroticism)
           neuro_z = as.numeric(scale(neuro, center = TRUE, scale = TRUE)),
           # Demographic covariates
           edu_y_z = as.numeric(scale(edu_y, center = TRUE, scale = TRUE)),
           age_bio_z = as.numeric(scale(age_bio, center = TRUE, scale =
                                          TRUE)),
           # Biomarker data covariates
           drinks_bio_z = as.numeric(scale(drinks_bio, center = TRUE, scale =
                                             TRUE)),
           bmi_bio_z = as.numeric(scale(bmi_bio, center = TRUE, scale =
                                          TRUE)),
           # Dummy code smoking status
           smoke_former = ifelse(smoke_bio == 1, 1, 0),
           smoke_current = ifelse(smoke_bio == 2, 1, 0),
           # Standardize cumulative stressor
           cum_stress_11_z = as.numeric(scale(cum_stress_11, center = TRUE,
                                              scale = TRUE))) %>%
    # Convert variables to factors
    mutate(emp = as.factor(emp),
           sex = as.factor(sex),
           child = as.factor(child),
           group = as.factor(group),
           marpartner = as.factor(marpartner),
           race = as.factor(race),
           smoke_bio = as.factor(smoke_bio))
  
  return(dataset)
}

# Apply the function to each dataset
subset_dat1 <- transform_dataset(subset_dat1)
subset_dat2 <- transform_dataset(subset_dat2)
dat <- transform_dataset(dat)

# GrimAge2 main-effect model using transformed variables (including employment status emp)
main3 <-lm(eaa_grim ~
    # demographics
      age_bio_z + sex + edu_y_z + emp + race + marpartner + child + group + 
    # health covariates
      smoke_bio + drinks_bio_z + bmi_bio_z + 
    # key predictor
      cum_stress_11_z, data = subset_dat2)",match,"The code computes GrimAge2 EAA as residuals from a regression on chronological age and standardizes all continuous predictors before regression, consistent with the paper’s described transformations. Employment status is treated as a categorical factor and not standardized, which aligns with the paper’s focus on standardizing only continuous variables.",,
cha,15,"Employment status (working vs. not working) was included as a covariate in the regression model predicting GrimAge2 EAA. Being employed significantly predicted lower GrimAge2 values, suggesting that employment was associated with reduced epigenetic age acceleration.",Inference Specification,"The results showed that the marginal effect of cumulative stressors was not significantly related to DunedinPACE, PhenoAge, and GrimAge2 (all ps . .30; see Table S1 in the online supplemental materials).
...
The shaded area indicates 95% confidence intervals.","# GrimAge2
main3 <-lm(eaa_grim ~
    # demographics
      age_bio_z + sex + edu_y_z + emp + race + marpartner + child + group + 
    # health covariates
      smoke_bio + drinks_bio_z + bmi_bio_z + 
    # key predictor
      cum_stress_11_z, data = subset_dat2)

## GrimAge2
tab_model(main3, show.se=TRUE, show.ci=FALSE, show.obs=FALSE, show.r2 =
            FALSE, vcov.fun = ""CL"", vcov.args = list(type = ""HC1"", cluster =
                                              subset_dat2$twin_cluster))
...
plot1 <- plot_model(mod_p3, 
                    type = ""pred"",
                    terms = c(""cum_stress_11_z"", ""pwb_purpose_z[-1,1]""),
                    ci.lvl = .95,
                    show.p = TRUE, 
                    colors = ""bw"", 
                    title = ""Purpose in Life"", 
                    axis.title = c(""Cumulative Stressors"", ""GrimAge2""), 
                    auto.label = FALSE, 
                    se = TRUE,
                    vcov.fun = ""CL"", 
                    vcov.args = list(type = ""HC1"", cluster =
                                       subset_dat2$twin_cluster)) +
                    base_theme + set_theme(base = theme_classic(), legend.pos
                                           = ""bottom"") +
                    scale_linetype_manual(name = ""Purpose in Life"", 
                        values = c(""solid"", ""dashed""), 
                        labels = c(""-1SD"", ""+1SD""))+
                    scale_y_continuous(breaks = c(-2, 0, 2)) + font_settings
...
plot2 <-  plot_model(mod_m3, 
                    type = ""pred"",
                    terms = c(""cum_stress_11_z"", ""pwb_mastery_z[-1,1]""),
                    ci.lvl = .95,
                    show.p = TRUE, 
                    colors = ""bw"", 
                    title = ""Environmental mastery"", 
                    axis.title = c(""Cumulative Stressors"", ""GrimAge2""), 
                    auto.label = FALSE, 
                    se = TRUE,
                    vcov.fun = ""CL"", 
                    vcov.args = list(type = ""HC1"", cluster =
                                       subset_dat2$twin_cluster)) +
                    base_theme + set_theme(base = theme_classic(), legend.pos
                                           = ""bottom"") +
                    scale_linetype_manual(name = ""Environmental mastery"", 
                        values = c(""solid"", ""dashed""), 
                        labels = c(""-1SD"", ""+1SD""))+
                    scale_y_continuous(breaks = c(-2, 0, 2))+ font_settings
...
plot3 <-  plot_model(mod_a3, 
                    type = ""pred"",
                    terms = c(""cum_stress_11_z"", ""pwb_accept_z[-1,1]""),
                    ci.lvl = .95,
                    show.p = TRUE, 
                    colors = ""bw"", 
                    title = ""Self-acceptance"", 
                    axis.title = c(""Cumulative Stressors"", ""GrimAge2""), 
                    auto.label = FALSE, 
                    se = TRUE,
                    vcov.fun = ""CL"", 
                    vcov.args = list(type = ""HC1"", cluster =
                                       subset_dat2$twin_cluster)) +
                    base_theme + set_theme(base = theme_classic(), legend.pos
                                           = ""bottom"") +
                    scale_linetype_manual(name = ""Self-acceptance"", 
                        values = c(""solid"", ""dashed""), 
                        labels = c(""-1SD"", ""+1SD""))+
                    scale_y_continuous(breaks = c(-2, 0, 2))+ font_settings
...
plot4 <-  plot_model(mod_au3, 
                    type = ""pred"",
                    terms = c(""cum_stress_11_z"", ""pwb_auto_z[-1,1]""),
                    ci.lvl = .95,
                    show.p = TRUE, 
                    colors = ""bw"", 
                    title = ""Autonomy"", 
                    axis.title = c(""Cumulative Stressors"", ""GrimAge2""), 
                    auto.label = FALSE, 
                    se = TRUE,
                    vcov.fun = ""CL"", 
                    vcov.args = list(type = ""HC1"", cluster =
                                       subset_dat2$twin_cluster)) +
                    base_theme + set_theme(base = theme_classic(), legend.pos
                                           = ""bottom"") +
                    scale_linetype_manual(name = ""Autonomy"", 
                        values = c(""solid"", ""dashed""), 
                        labels = c(""-1SD"", ""+1SD""))+
                    scale_y_continuous(breaks = c(-2, 0, 2))+ font_settings
...
plot5 <-  plot_model(mod_rel3, 
                    type = ""pred"",
                    terms = c(""cum_stress_11_z"", ""pwb_relation_z[-1,1]""),
                    ci.lvl = .95,
                    show.p = TRUE, 
                    colors = ""bw"", 
                    title = ""Positive relations with others"", 
                    axis.title = c(""Cumulative Stressors"", ""GrimAge2""), 
                    auto.label = FALSE, 
                    se = TRUE,
                    vcov.fun = ""CL"", 
                    vcov.args = list(type = ""HC1"", cluster =
                                       subset_dat2$twin_cluster)) +
                    base_theme + set_theme(base = theme_classic(), legend.pos
                                           = ""bottom"") +
                    scale_linetype_manual(name = ""Positive relations with
                                          others"", 
                        values = c(""solid"", ""dashed""), 
                        labels = c(""-1SD"", ""+1SD""))+
                    scale_y_continuous(breaks = c(-2, 0, 2))+ font_settings
...
plot6 <-  plot_model(mod_growth3, 
                    type = ""pred"",
                    terms = c(""cum_stress_11_z"", ""pwb_growth_z[-1,1]""),
                    ci.lvl = .95,
                    show.p = TRUE, 
                    colors = ""bw"", 
                    title = ""Personal growth"", 
                    axis.title = c(""Cumulative Stressors"", ""GrimAge2""), 
                    auto.label = FALSE, 
                    se = TRUE,
                    vcov.fun = ""CL"", 
                    vcov.args = list(type = ""HC1"", cluster =
                                       subset_dat2$twin_cluster)) +
                    base_theme + set_theme(base = theme_classic(), legend.pos
                                           = ""bottom"") +
                    scale_linetype_manual(name = ""Personal growth"", 
                        values = c(""solid"", ""dashed""), 
                        labels = c(""-1SD"", ""+1SD""))+
                    scale_y_continuous(breaks = c(-2, 0, 2))+ font_settings
...
plot7 <-  plot_model(mod_n3, 
                    type = ""pred"",
                    terms = c(""cum_stress_11_z"", ""neuro_z[-1,1]""),
                    ci.lvl = .95,
                    show.p = TRUE, 
                    colors = ""bw"", 
                    title = ""Neuroticism"", 
                    axis.title = c(""Cumulative Stressors"", ""GrimAge2""), 
                    auto.label = FALSE, 
                    se = TRUE,
                    vcov.fun = ""CL"", 
                    vcov.args = list(type = ""HC1"", cluster =
                                       subset_dat2$twin_cluster)) +
                    base_theme + set_theme(base = theme_classic(), legend.pos
                                           = ""bottom"") +
                    scale_linetype_manual(name = ""Neuroticism"", 
                        values = c(""dashed"", ""solid""), 
                        labels = c(""-1SD"", ""+1SD""))+
                    scale_y_continuous(breaks = c(-2, 0, 2))+ font_settings",match,"The paper describes using 95% confidence intervals and p-values, and the code specifies 95% CIs and computes p-values accordingly, aligning with the stated inference criteria.",,
cha,16,"Sex (male vs. female) was examined as a covariate in a multiple regression predicting DunedinPACE EAA, alongside cumulative stress and other controls. Being male significantly predicted higher DunedinPACE values, indicating a faster epigenetic pace of aging among men.",Model Specification,"Hypotheses were tested by multiple linear regressions, with all continuous variables standardized before the analyses. ... Regarding demographic covariates, education was a significant predictor for DunedinPACE and GrimAge2 in that those who had higher education showed lower EAA. Being employed was related to lower GrimAge2, and males were more likely to experience higher DunedinPACE and GrimAge2.","main1 <-lm(bra6dmagedunedinpace ~
    # demographics
      age_bio_z + sex + edu_y_z + emp + race + marpartner + child + group + 
    # health covariates
      smoke_bio + drinks_bio_z + bmi_bio_z +  
    # key predictor
      cum_stress_11_z, data = dat)

# Compute results
## DunedinPACE
tab_model(main1, show.se=TRUE, show.ci=FALSE, show.obs=FALSE, show.r2 =
            FALSE, vcov.fun = ""CL"", vcov.args = list(type = ""HC1"", cluster =
                                              dat$twin_cluster))",match,"The paper describes using multiple linear regression for these hypotheses, and the code implements an lm() linear model with DunedinPACE regressed on sex, cumulative stress, and covariates. This aligns with the stated model specification of multiple linear regression.",,
cha,16,"Sex (male vs. female) was examined as a covariate in a multiple regression predicting DunedinPACE EAA, alongside cumulative stress and other controls. Being male significantly predicted higher DunedinPACE values, indicating a faster epigenetic pace of aging among men.",Variable Specification,"Demographic covariates included age (participants’ age at the biomarker data collection), sex (0 = male,1 = female), education (years), race (0 = White,1 = Black,2 = Others), employment status (0 = not working ,1 = working), marital status (0 = not married ,
1 = currently married or cohabitating ), and whether one has children (0 = no children,1 = one or more children).","# Transform/standardize

transform_dataset <- function(dataset) {
  dataset <- dataset %>%
    ... %>%
    # Demographic covariates
           edu_y_z = as.numeric(scale(edu_y, center = TRUE, scale = TRUE)),
           age_bio_z = as.numeric(scale(age_bio, center = TRUE, scale = TRUE)),
    ... %>%
    # Convert variables to factors
    mutate(emp = as.factor(emp),
           sex = as.factor(sex),
           child = as.factor(child),
           group = as.factor(group),
           marpartner = as.factor(marpartner),
           race = as.factor(race),
           smoke_bio = as.factor(smoke_bio))
  
  return(dataset)
}

# Hypothesis 1: Main effect

# DunedinPACE
main1 <-lm(bra6dmagedunedinpace ~
    # demographics
      age_bio_z + sex + edu_y_z + emp + race + marpartner + child + group + 
    # health covariates
      smoke_bio + drinks_bio_z + bmi_bio_z +  
    # key predictor
      cum_stress_11_z, data = dat)",match,"The code treats sex as a covariate/predictor in a multiple regression with DunedinPACE EAA as the outcome, alongside the same demographic variables described in the paper, which aligns with the variable specification. The coding of sex as a factor in the model is consistent with using a binary sex variable (0/1) as a covariate, even if the exact reference category is not explicitly shown.",,
cha,16,"Sex (male vs. female) was examined as a covariate in a multiple regression predicting DunedinPACE EAA, alongside cumulative stress and other controls. Being male significantly predicted higher DunedinPACE values, indicating a faster epigenetic pace of aging among men.",Transformation Specification,"Hypotheses were tested by multiple linear regressions, with all continuous variables standardized before the analyses. ... To calculate EAA from the other epigenetic age measures, we regressed GrimAge2 and PhenoAge on chronological age and computed residuals to index how much older one is biologically compared to one’s chronological age. Thus, a positive value indicated EAA. ... DunedinPACE is distinct from GrimAge2 and PhenoAge in that it reflects the relative pace of aging as a multiplicative factor, which indicates the ratio of biological age per calendar year of chronologic age and serves as a direct measure of EAA (Belsky et al., 2022).","# Compute EAA (Epigenetic Age Acceleration)
# PhenoAge EAA
subset_dat1 <- subset(dat, !is.na(bra6dmagephenoage) & !is.na(age_bio))
mod_test2 <- lm(bra6dmagephenoage ~ age_bio, data = subset_dat1)

subset_dat1$predict_phenoage = predict(mod_test2)
subset_dat1$eaa_pheno <- subset_dat1$bra6dmagephenoage - subset_dat1$predict_phenoage

# GrimAge2 EAA
subset_dat2 <- subset(dat, !is.na(bra6dmagegrimage2) & !is.na(age_bio))
mod_test2 <- lm(bra6dmagegrimage2 ~ age_bio, data = subset_dat2)

subset_dat2$predict_grimage2 = predict(mod_test2)
subset_dat2$eaa_grim <- subset_dat2$bra6dmagegrimage2 - subset_dat2$predict_grimage2

## Transform/standardize

transform_dataset <- function(dataset) {
  dataset <- dataset %>%
    # Change education to years
    mutate(edu = ifelse(edu %in% c(97, 98), NA, edu)) %>%
    mutate(edu_y = dplyr::recode(edu, 
    # recode education into years of education
                            ""1"" = 3,
                            ""2"" = 8,
                            ""3"" = 10.5,
                            ""4"" = 12,
                            ""5"" = 12,
                            ""6"" = 13.5,
                            ""7"" = 15,
                            ""8"" = 14,
                            ""9"" = 16,
                            ""10"" = 17,
                            ""11"" = 18,
                            ""12"" = 20,
                            .default = NA_real_)) %>%
    # Protective Factor (standardize psychological well-being)
    mutate(pwb_purpose_z = as.numeric(scale(pwb_purpose, center = TRUE, scale
                                            = TRUE)),
           pwb_mastery_z = as.numeric(scale(pwb_mastery, center = TRUE, scale                                             = TRUE)),
           pwb_accept_z = as.numeric(scale(pwb_accept, center = TRUE, scale =
                                             TRUE)),
           pwb_relation_z = as.numeric(scale(pwb_relation, center = TRUE,
                                             scale = TRUE)),
           pwb_growth_z = as.numeric(scale(pwb_growth, center = TRUE, scale =
                                             TRUE)),
           pwb_auto_z = as.numeric(scale(pwb_auto, center = TRUE, scale =
                                           TRUE)),
           pwb = (pwb_purpose_z + pwb_mastery_z + pwb_accept_z +
                    pwb_relation_z + pwb_growth_z + pwb_auto_z) / 6,
           pwb_z = as.numeric(scale(pwb, center = TRUE, scale = TRUE)),
           # Risk Factor (standardize neuroticism)
           neuro_z = as.numeric(scale(neuro, center = TRUE, scale = TRUE)),
           # Demographic covariates
           edu_y_z = as.numeric(scale(edu_y, center = TRUE, scale = TRUE)),
           age_bio_z = as.numeric(scale(age_bio, center = TRUE, scale =
                                          TRUE)),
           # Biomarker data covariates
           drinks_bio_z = as.numeric(scale(drinks_bio, center = TRUE, scale =
                                             TRUE)),
           bmi_bio_z = as.numeric(scale(bmi_bio, center = TRUE, scale =
                                          TRUE)),
           # Dummy code smoking status
           smoke_former = ifelse(smoke_bio == 1, 1, 0),
           smoke_current = ifelse(smoke_bio == 2, 1, 0),
           # Standardize cumulative stressor
           cum_stress_11_z = as.numeric(scale(cum_stress_11, center = TRUE,
                                              scale = TRUE))) %>%
    # Convert variables to factors
    mutate(emp = as.factor(emp),
           sex = as.factor(sex),
           child = as.factor(child),
           group = as.factor(group),
           marpartner = as.factor(marpartner),
           race = as.factor(race),
           smoke_bio = as.factor(smoke_bio))
  
  return(dataset)
}

# Apply the function to each dataset
subset_dat1 <- transform_dataset(subset_dat1)
subset_dat2 <- transform_dataset(subset_dat2)
dat <- transform_dataset(dat)

# DunedinPACE
main1 <-lm(bra6dmagedunedinpace ~
    # demographics
      age_bio_z + sex + edu_y_z + emp + race + marpartner + child + group + 
    # health covariates
      smoke_bio + drinks_bio_z + bmi_bio_z +  
    # key predictor
      cum_stress_11_z, data = dat)",match,"The code computes EAA for PhenoAge and GrimAge2 as residuals from regressions on chronological age and standardizes continuous covariates, which aligns with the paper’s description of transformations; DunedinPACE is used directly as a pace-of-aging measure as described.",,
cha,16,"Sex (male vs. female) was examined as a covariate in a multiple regression predicting DunedinPACE EAA, alongside cumulative stress and other controls. Being male significantly predicted higher DunedinPACE values, indicating a faster epigenetic pace of aging among men.",Inference Specification,"Regarding demographic covariates, education was a significant predictor for DunedinPACE and GrimAge2 in that those who had higher education showed lower EAA. Being employed was related to lower GrimAge2, and males were more likely to experience higher DunedinPACE and GrimAge2.","# DunedinPACE
main1 <-lm(bra6dmagedunedinpace ~
    # demographics
      age_bio_z + sex + edu_y_z + emp + race + marpartner + child + group + 
    # health covariates
      smoke_bio + drinks_bio_z + bmi_bio_z +  
    # key predictor
      cum_stress_11_z, data = dat)

# Compute results
## DunedinPACE
tab_model(main1, show.se=TRUE, show.ci=FALSE, show.obs=FALSE, show.r2 =
            FALSE, vcov.fun = ""CL"", vcov.args = list(type = ""HC1"", cluster =
                                              dat$twin_cluster))

# Effect size
cohens_f_squared(main1)",unknown,"The paper excerpt only reports that certain predictors were ""significant"" without specifying inference criteria (e.g., alpha level, use of robust or cluster-robust standard errors), while the code uses cluster-robust (HC1) standard errors via tab_model. Because the paper’s precise inference specification is not detailed in the provided text, it is unclear whether the code’s inference approach matches the paper’s description.",,
cha,17,"In the regression model predicting GrimAge2 EAA, sex was included as a covariate. Males exhibited significantly higher GrimAge2 acceleration compared to females, implicating male sex as a risk factor for older epigenetic age relative to chronological age on this clock.",Model Specification,"Hypotheses were tested by multiple linear regressions, with all continuous variables standardized before the analyses. ... All regression models used cluster-robust standard errors to adjust for the 45 sets of twins or siblings in the analytic sample, and simple slope analyses were conducted with 1 SD above and below for the identified moderators.","# GrimAge2
main3 <-lm(eaa_grim ~
    # demographics
      age_bio_z + sex + edu_y_z + emp + race + marpartner + child + group + 
    # health covariates
      smoke_bio + drinks_bio_z + bmi_bio_z + 
    # key predictor
      cum_stress_11_z, data = subset_dat2)

## GrimAge2
tab_model(main3, show.se=TRUE, show.ci=FALSE, show.obs=FALSE, show.r2 =
            FALSE, vcov.fun = ""CL"", vcov.args = list(type = ""HC1"", cluster =
                                              subset_dat2$twin_cluster))",match,"The code fits a multiple linear regression model for GrimAge2 EAA and applies cluster-robust standard errors, consistent with the paper’s stated model specification. Sex is included as a covariate in the regression, aligning with the described analysis.",,
cha,17,"In the regression model predicting GrimAge2 EAA, sex was included as a covariate. Males exhibited significantly higher GrimAge2 acceleration compared to females, implicating male sex as a risk factor for older epigenetic age relative to chronological age on this clock.",Variable Specification,"Demographic covariates included age (participants’ age at the biomarker data collection), sex (0 = male,1 = female), education (years), race (0 = White,1 = Black,2 = Others), employment status (0 = not working ,1 = working), marital status (0 = not married ,1 = currently married or cohabitating ), and whether one has children (0 = no children,1 = one or more children). Regarding demographic covariates, education was a signiûcant predictor for DunedinPACE and GrimAge2 in that those who had higher education showed lower EAA. Being employed was related to lower GrimAge2, and males were more likely to experience higher DunedinPACE and GrimAge2.","subset_dat2 <- subset(dat, !is.na(bra6dmagegrimage2) & !is.na(age_bio))
mod_test2 <- lm(bra6dmagegrimage2 ~ age_bio, data = subset_dat2)

subset_dat2$predict_grimage2 = predict(mod_test2)
subset_dat2$eaa_grim <- subset_dat2$bra6dmagegrimage2 - subset_dat2$predict_grimage2

mutate(emp = as.factor(emp),
           sex = as.factor(sex),
           child = as.factor(child),
           group = as.factor(group),
           marpartner = as.factor(marpartner),
           race = as.factor(race),
           smoke_bio = as.factor(smoke_bio))

# GrimAge2
main3 <-lm(eaa_grim ~
    # demographics
      age_bio_z + sex + edu_y_z + emp + race + marpartner + child + group + 
    # health covariates
      smoke_bio + drinks_bio_z + bmi_bio_z + 
    # key predictor
      cum_stress_11_z, data = subset_dat2)",match,"Sex is specified and used as a covariate in the GrimAge2 EAA regression model in both the paper and the code. The code treats sex as a predictor (factor) alongside other demographic covariates, consistent with the paper’s description.",,
cha,17,"In the regression model predicting GrimAge2 EAA, sex was included as a covariate. Males exhibited significantly higher GrimAge2 acceleration compared to females, implicating male sex as a risk factor for older epigenetic age relative to chronological age on this clock.",Transformation Specification,"To calculate EAA from the other epigenetic age measures, we regressed GrimAge2 and PhenoAge on chronological age and computed residuals to index how much older one is biologically compared to one’s chronological age. Thus, a positive value indicated EAA. Hypotheses were tested by multiple linear regressions, with all continuous variables standardized before the analyses.","# GrimAge2 EAA
subset_dat2 <- subset(dat, !is.na(bra6dmagegrimage2) & !is.na(age_bio))
mod_test2 <- lm(bra6dmagegrimage2 ~ age_bio, data = subset_dat2)

subset_dat2$predict_grimage2 = predict(mod_test2)
subset_dat2$eaa_grim <- subset_dat2$bra6dmagegrimage2 - subset_dat2$predict_grimage2

## Transform/standardize

transform_dataset <- function(dataset) {
  dataset <- dataset %>%
    # Protective Factor (standardize psychological well-being)
    mutate(pwb_purpose_z = as.numeric(scale(pwb_purpose, center = TRUE, scale
                                            = TRUE)),
           pwb_mastery_z = as.numeric(scale(pwb_mastery, center = TRUE, scale                                             = TRUE)),
           pwb_accept_z = as.numeric(scale(pwb_accept, center = TRUE, scale =
                                             TRUE)),
           pwb_relation_z = as.numeric(scale(pwb_relation, center = TRUE,
                                             scale = TRUE)),
           pwb_growth_z = as.numeric(scale(pwb_growth, center = TRUE, scale =
                                             TRUE)),
           pwb_auto_z = as.numeric(scale(pwb_auto, center = TRUE, scale =
                                           TRUE)),
           pwb = (pwb_purpose_z + pwb_mastery_z + pwb_accept_z +
                    pwb_relation_z + pwb_growth_z + pwb_auto_z) / 6,
           pwb_z = as.numeric(scale(pwb, center = TRUE, scale = TRUE)),
           # Risk Factor (standardize neuroticism)
           neuro_z = as.numeric(scale(neuro, center = TRUE, scale = TRUE)),
           # Demographic covariates
           edu_y_z = as.numeric(scale(edu_y, center = TRUE, scale = TRUE)),
           age_bio_z = as.numeric(scale(age_bio, center = TRUE, scale =
                                          TRUE)),
           # Biomarker data covariates
           drinks_bio_z = as.numeric(scale(drinks_bio, center = TRUE, scale =
                                             TRUE)),
           bmi_bio_z = as.numeric(scale(bmi_bio, center = TRUE, scale =
                                          TRUE)),
           # Dummy code smoking status
           smoke_former = ifelse(smoke_bio == 1, 1, 0),
           smoke_current = ifelse(smoke_bio == 2, 1, 0),
           # Standardize cumulative stressor
           cum_stress_11_z = as.numeric(scale(cum_stress_11, center = TRUE,
                                              scale = TRUE))) %>%
    # Convert variables to factors
    mutate(emp = as.factor(emp),
           sex = as.factor(sex),
           child = as.factor(child),
           group = as.factor(group),
           marpartner = as.factor(marpartner),
           race = as.factor(race),
           smoke_bio = as.factor(smoke_bio))
  
  return(dataset)
}

# Apply the function to each dataset
subset_dat2 <- transform_dataset(subset_dat2)

# GrimAge2
main3 <-lm(eaa_grim ~
    # demographics
      age_bio_z + sex + edu_y_z + emp + race + marpartner + child + group + 
    # health covariates
      smoke_bio + drinks_bio_z + bmi_bio_z + 
    # key predictor
      cum_stress_11_z, data = subset_dat2)
",match,"The code computes GrimAge2 EAA as residuals from regressing GrimAge2 on chronological age and then standardizes all continuous covariates used in the regression models, which aligns with the paper’s description. The paper does not clearly require standardization of the dependent variable itself, so the absence of z-scoring for eaa_grim does not clearly contradict the stated transformation procedure.",,
cha,17,"In the regression model predicting GrimAge2 EAA, sex was included as a covariate. Males exhibited significantly higher GrimAge2 acceleration compared to females, implicating male sex as a risk factor for older epigenetic age relative to chronological age on this clock.",Inference Specification,"The results showed that the marginal effect of cumulative stressors was not significantly related to DunedinPACE, PhenoAge, and GrimAge2 (all ps > .30; see Table S1 in the online supplemental materials). ... Regarding demographic covariates, education was a significant predictor for DunedinPACE and GrimAge2 in that those who had higher education showed lower EAA. Being employed was related to lower GrimAge2, and males were more likely to experience higher DunedinPACE and GrimAge2.","# GrimAge2
main3 <-lm(eaa_grim ~
    # demographics
      age_bio_z + sex + edu_y_z + emp + race + marpartner + child + group + 
    # health covariates
      smoke_bio + drinks_bio_z + bmi_bio_z + 
    # key predictor
      cum_stress_11_z, data = subset_dat2)

## GrimAge2
tab_model(main3, show.se=TRUE, show.ci=FALSE, show.obs=FALSE, show.r2 =
            FALSE, vcov.fun = ""CL"", vcov.args = list(type = ""HC1"", cluster =
                                              subset_dat2$twin_cluster))",unknown,"The paper only qualitatively reports (non)significance via p-values (e.g., ps > .30) without explicitly stating inference criteria such as alpha or the use of cluster-robust standard errors, while the code uses cluster-robust HC1 standard errors to generate p-values. Because the paper’s precise inferential procedure is not specified in the provided excerpt, it is unclear whether the inferential approach in the code matches that described in the paper.",,
cha,18,"Smoking status (never vs. former vs. current) was entered as a categorical health behavior covariate in the DunedinPACE regression model. Smoking status was significantly associated with DunedinPACE EAA, with former and current smokers showing higher epigenetic acceleration than never-smokers.",Model Specification,"Hypotheses were tested by multiple linear regressions, with all continuous variables standardized before the analyses. ... All regression models used cluster-robust standard errors to adjust for the 45 sets of twins or siblings in the analytic sample, and simple slope analyses were conducted with 1 SD above and below for the identified moderators.","# DunedinPACE
main1 <-lm(bra6dmagedunedinpace ~
    # demographics
      age_bio_z + sex + edu_y_z + emp + race + marpartner + child + group + 
    # health covariates
      smoke_bio + drinks_bio_z + bmi_bio_z +  
    # key predictor
      cum_stress_11_z, data = dat)

# Compute results
## DunedinPACE
tab_model(main1, show.se=TRUE, show.ci=FALSE, show.obs=FALSE, show.r2 =
            FALSE, vcov.fun = ""CL"", vcov.args = list(type = ""HC1"", cluster =
                                              dat$twin_cluster))",match,"The paper describes using multiple linear regression with cluster-robust standard errors, and the code implements an lm() linear regression model with cluster-robust (clustered by twin set) standard errors when summarizing results.",,
cha,18,"Smoking status (never vs. former vs. current) was entered as a categorical health behavior covariate in the DunedinPACE regression model. Smoking status was significantly associated with DunedinPACE EAA, with former and current smokers showing higher epigenetic acceleration than never-smokers.",Variable Specification,"Health covariates included smoking status (0 = never smoker ,1 = former smoker , 2 = current smoker), alcohol consumption (the number of alcoholic drinks consumed per week past month), and body mass index (BMI).

For health behavior covariates, smoking status was significantly related to all EAA measures such that former smokers and current smokers had higher EAA than nonsmokers.","transform_dataset <- function(dataset) {
  dataset <- dataset %>%
    # Change education to years
    mutate(edu = ifelse(edu %in% c(97, 98), NA, edu)) %>%
    mutate(edu_y = dplyr::recode(edu, 
    # recode education into years of education
                            ""1"" = 3,
                            ""2"" = 8,
                            ""3"" = 10.5,
                            ""4"" = 12,
                            ""5"" = 12,
                            ""6"" = 13.5,
                            ""7"" = 15,
                            ""8"" = 14,
                            ""9"" = 16,
                            ""10"" = 17,
                            ""11"" = 18,
                            ""12"" = 20,
                            .default = NA_real_)) %>%
    # Protective Factor (standardize psychological well-being)
    mutate(pwb_purpose_z = as.numeric(scale(pwb_purpose, center = TRUE, scale
                                            = TRUE)),
           pwb_mastery_z = as.numeric(scale(pwb_mastery, center = TRUE, scale                                             = TRUE)),
           pwb_accept_z = as.numeric(scale(pwb_accept, center = TRUE, scale =
                                             TRUE)),
           pwb_relation_z = as.numeric(scale(pwb_relation, center = TRUE,
                                             scale = TRUE)),
           pwb_growth_z = as.numeric(scale(pwb_growth, center = TRUE, scale =
                                             TRUE)),
           pwb_auto_z = as.numeric(scale(pwb_auto, center = TRUE, scale =
                                           TRUE)),
           pwb = (pwb_purpose_z + pwb_mastery_z + pwb_accept_z +
                    pwb_relation_z + pwb_growth_z + pwb_auto_z) / 6,
           pwb_z = as.numeric(scale(pwb, center = TRUE, scale = TRUE)),
           # Risk Factor (standardize neuroticism)
           neuro_z = as.numeric(scale(neuro, center = TRUE, scale = TRUE)),
           # Demographic covariates
           edu_y_z = as.numeric(scale(edu_y, center = TRUE, scale = TRUE)),
           age_bio_z = as.numeric(scale(age_bio, center = TRUE, scale =
                                          TRUE)),
           # Biomarker data covariates
           drinks_bio_z = as.numeric(scale(drinks_bio, center = TRUE, scale =
                                             TRUE)),
           bmi_bio_z = as.numeric(scale(bmi_bio, center = TRUE, scale =
                                          TRUE)),
           # Dummy code smoking status
           smoke_former = ifelse(smoke_bio == 1, 1, 0),
           smoke_current = ifelse(smoke_bio == 2, 1, 0),
           # Standardize cumulative stressor
           cum_stress_11_z = as.numeric(scale(cum_stress_11, center = TRUE,
                                              scale = TRUE))) %>%
    # Convert variables to factors
    mutate(emp = as.factor(emp),
           sex = as.factor(sex),
           child = as.factor(child),
           group = as.factor(group),
           marpartner = as.factor(marpartner),
           race = as.factor(race),
           smoke_bio = as.factor(smoke_bio))
  
  return(dataset)
}
...
# Hypothesis 1: Main effect

# DunedinPACE
main1 <-lm(bra6dmagedunedinpace ~
    # demographics
      age_bio_z + sex + edu_y_z + emp + race + marpartner + child + group + 
    # health covariates
      smoke_bio + drinks_bio_z + bmi_bio_z +  
    # key predictor
      cum_stress_11_z, data = dat)",match,"The paper describes smoking status as a three-level categorical health covariate, and the code includes smoking status as a categorical predictor in the DunedinPACE regression model. Although dummy variables are created, the model itself uses the original categorical smoking variable, consistent with the paper description.",,
cha,18,"Smoking status (never vs. former vs. current) was entered as a categorical health behavior covariate in the DunedinPACE regression model. Smoking status was significantly associated with DunedinPACE EAA, with former and current smokers showing higher epigenetic acceleration than never-smokers.",Transformation Specification,"Health covariates included smoking status (0 = never smoker ,1 = former smoker , 2 = current smoker), alcohol consumption (the number of alcoholic drinks consumed per week past month), and body mass index (BMI). Sample (0 = Core,1 = Refresher) was also accounted for to adjust for the potential sample differences.

Hypotheses were tested by multiple linear regressions, with all continuous variables standardized before the analyses.","## Transform/standardize

transform_dataset <- function(dataset) {
  dataset <- dataset %>%
    # Change education to years
    mutate(edu = ifelse(edu %in% c(97, 98), NA, edu)) %>%
    mutate(edu_y = dplyr::recode(edu, 
    # recode education into years of education
                            ""1"" = 3,
                            ""2"" = 8,
                            ""3"" = 10.5,
                            ""4"" = 12,
                            ""5"" = 12,
                            ""6"" = 13.5,
                            ""7"" = 15,
                            ""8"" = 14,
                            ""9"" = 16,
                            ""10"" = 17,
                            ""11"" = 18,
                            ""12"" = 20,
                            .default = NA_real_)) %>%
    # Protective Factor (standardize psychological well-being)
    mutate(pwb_purpose_z = as.numeric(scale(pwb_purpose, center = TRUE, scale
                                            = TRUE)),
           pwb_mastery_z = as.numeric(scale(pwb_mastery, center = TRUE, scale                                             = TRUE)),
           pwb_accept_z = as.numeric(scale(pwb_accept, center = TRUE, scale =
                                             TRUE)),
           pwb_relation_z = as.numeric(scale(pwb_relation, center = TRUE,
                                             scale = TRUE)),
           pwb_growth_z = as.numeric(scale(pwb_growth, center = TRUE, scale =
                                             TRUE)),
           pwb_auto_z = as.numeric(scale(pwb_auto, center = TRUE, scale =
                                           TRUE)),
           pwb = (pwb_purpose_z + pwb_mastery_z + pwb_accept_z +
                    pwb_relation_z + pwb_growth_z + pwb_auto_z) / 6,
           pwb_z = as.numeric(scale(pwb, center = TRUE, scale = TRUE)),
           # Risk Factor (standardize neuroticism)
           neuro_z = as.numeric(scale(neuro, center = TRUE, scale = TRUE)),
           # Demographic covariates
           edu_y_z = as.numeric(scale(edu_y, center = TRUE, scale = TRUE)),
           age_bio_z = as.numeric(scale(age_bio, center = TRUE, scale =
                                          TRUE)),
           # Biomarker data covariates
           drinks_bio_z = as.numeric(scale(drinks_bio, center = TRUE, scale =
                                             TRUE)),
           bmi_bio_z = as.numeric(scale(bmi_bio, center = TRUE, scale =
                                          TRUE)),
           # Dummy code smoking status
           smoke_former = ifelse(smoke_bio == 1, 1, 0),
           smoke_current = ifelse(smoke_bio == 2, 1, 0),
           # Standardize cumulative stressor
           cum_stress_11_z = as.numeric(scale(cum_stress_11, center = TRUE,
                                              scale = TRUE))) %>%
    # Convert variables to factors
    mutate(emp = as.factor(emp),
           sex = as.factor(sex),
           child = as.factor(child),
           group = as.factor(group),
           marpartner = as.factor(marpartner),
           race = as.factor(race),
           smoke_bio = as.factor(smoke_bio))
  
  return(dataset)
}

# Apply the function to each dataset
subset_dat1 <- transform_dataset(subset_dat1)
subset_dat2 <- transform_dataset(subset_dat2)
dat <- transform_dataset(dat)

# DunedinPACE
main1 <-lm(bra6dmagedunedinpace ~
    # demographics
      age_bio_z + sex + edu_y_z + emp + race + marpartner + child + group + 
    # health covariates
      smoke_bio + drinks_bio_z + bmi_bio_z +  
    # key predictor
      cum_stress_11_z, data = dat)",match,"Smoking status is treated as an unstandardized categorical covariate in both the paper and the code, consistent with the stated approach of standardizing only continuous variables.",,
cha,18,"Smoking status (never vs. former vs. current) was entered as a categorical health behavior covariate in the DunedinPACE regression model. Smoking status was significantly associated with DunedinPACE EAA, with former and current smokers showing higher epigenetic acceleration than never-smokers.",Inference Specification,"For health behavior covariates, smoking status was significantly related to all EAA measures such that former smokers and current smokers had higher EAA than nonsmokers.","# DunedinPACE
main1 <-lm(bra6dmagedunedinpace ~
    # demographics
      age_bio_z + sex + edu_y_z + emp + race + marpartner + child + group + 
    # health covariates
      smoke_bio + drinks_bio_z + bmi_bio_z +  
    # key predictor
      cum_stress_11_z, data = dat)

# Compute results
## DunedinPACE
tab_model(main1, show.se=TRUE, show.ci=FALSE, show.obs=FALSE, show.r2 =
            FALSE, vcov.fun = ""CL"", vcov.args = list(type = ""HC1"", cluster =
                                              dat$twin_cluster))",unknown,"The paper only states that smoking status was 'significantly related' to EAA without specifying inference criteria (e.g., alpha level or type of standard errors), while the code uses clustered robust standard errors but does not specify an alpha or explicit decision rule. Given this lack of explicit inference specification in the paper, alignment between code and paper on this dimension cannot be determined.",,
cha,19,"Within the PhenoAge regression model, smoking status was included as a health covariate alongside cumulative stress and other predictors. Smoking status significantly predicted higher PhenoAge EAA, such that former and current smokers had more accelerated epigenetic aging compared to never-smokers.",Model Specification,"Hypotheses were tested by multiple linear regressions, with all continuous variables standardized before the analyses. ... All regression models used cluster-robust standard errors to adjust for the 45 sets of twins or siblings in the analytic sample, and simple slope analyses were conducted with 1 SD above and below for the identified moderators.","# PhenoAge main-effects regression including smoking status as a health covariate
main2 <-lm(eaa_pheno ~
    # demographics
      age_bio_z + sex + edu_y_z + emp + race + marpartner + child + group + 
    # health covariates
      smoke_bio + drinks_bio_z + bmi_bio_z + 
    # key predictor
      cum_stress_11_z, data = subset_dat1)

## PhenoAge: cluster-robust standard errors
tab_model(main2, show.se=TRUE, show.ci=FALSE, show.obs=FALSE, show.r2 =
            FALSE,vcov.fun = ""CL"", vcov.args = list(type = ""HC1"", cluster =
                                              subset_dat1$twin_cluster))",match,"The paper describes using multiple linear regression with cluster-robust standard errors, which is exactly what the code implements for the PhenoAge model including smoking status as a covariate.",,
cha,19,"Within the PhenoAge regression model, smoking status was included as a health covariate alongside cumulative stress and other predictors. Smoking status significantly predicted higher PhenoAge EAA, such that former and current smokers had more accelerated epigenetic aging compared to never-smokers.",Variable Specification,"For health behavior covariates, smoking status was significantly related to all EAA measures such that former smokers and current smokers had higher EAA than nonsmokers.

Health covariates included smoking status (0 = never smoker ,1 = former smoker ,2 = current smoker), alcohol consumption (the number of alcoholic drinks consumed per week past month), and body mass index (BMI).","transform_dataset <- function(dataset) {
  dataset <- dataset %>%
    # Change education to years
    mutate(edu = ifelse(edu % in% c(97, 98), NA, edu)) %>%
    mutate(edu_y = dplyr::recode(edu, 
    # recode education into years of education
                            ""1"" = 3,
                            ""2"" = 8,
                            ""3"" = 10.5,
                            ""4"" = 12,
                            ""5"" = 12,
                            ""6"" = 13.5,
                            ""7"" = 15,
                            ""8"" = 14,
                            ""9"" = 16,
                            ""10"" = 17,
                            ""11"" = 18,
                            ""12"" = 20,
                            .default = NA_real_)) %>%
    # Protective Factor (standardize psychological well-being)
    mutate(pwb_purpose_z = as.numeric(scale(pwb_purpose, center = TRUE, scale
                                            = TRUE)),
           pwb_mastery_z = as.numeric(scale(pwb_mastery, center = TRUE, scale                                             = TRUE)),
           pwb_accept_z = as.numeric(scale(pwb_accept, center = TRUE, scale =
                                             TRUE)),
           pwb_relation_z = as.numeric(scale(pwb_relation, center = TRUE,
                                             scale = TRUE)),
           pwb_growth_z = as.numeric(scale(pwb_growth, center = TRUE, scale =
                                             TRUE)),
           pwb_auto_z = as.numeric(scale(pwb_auto, center = TRUE, scale =
                                           TRUE)),
           pwb = (pwb_purpose_z + pwb_mastery_z + pwb_accept_z +
                    pwb_relation_z + pwb_growth_z + pwb_auto_z) / 6,
           pwb_z = as.numeric(scale(pwb, center = TRUE, scale = TRUE)),
           # Risk Factor (standardize neuroticism)
           neuro_z = as.numeric(scale(neuro, center = TRUE, scale = TRUE)),
           # Demographic covariates
           edu_y_z = as.numeric(scale(edu_y, center = TRUE, scale = TRUE)),
           age_bio_z = as.numeric(scale(age_bio, center = TRUE, scale =
                                          TRUE)),
           # Biomarker data covariates
           drinks_bio_z = as.numeric(scale(drinks_bio, center = TRUE, scale =
                                             TRUE)),
           bmi_bio_z = as.numeric(scale(bmi_bio, center = TRUE, scale =
                                          TRUE)),
           # Dummy code smoking status
           smoke_former = ifelse(smoke_bio == 1, 1, 0),
           smoke_current = ifelse(smoke_bio == 2, 1, 0),
           # Standardize cumulative stressor
           cum_stress_11_z = as.numeric(scale(cum_stress_11, center = TRUE,
                                              scale = TRUE))) %>%
    # Convert variables to factors
    mutate(emp = as.factor(emp),
           sex = as.factor(sex),
           child = as.factor(child),
           group = as.factor(group),
           marpartner = as.factor(marpartner),
           race = as.factor(race),
           smoke_bio = as.factor(smoke_bio))
  
  return(dataset)
}
...
# PhenoAge
main2 <-lm(eaa_pheno ~
    # demographics
      age_bio_z + sex + edu_y_z + emp + race + marpartner + child + group + 
    # health covariates
      smoke_bio + drinks_bio_z + bmi_bio_z + 
    # key predictor
      cum_stress_11_z, data = subset_dat1)",match,"Smoking status is used as a health covariate in the PhenoAge regression model, consistent with the paper’s description, and represents the same three-level variable (never, former, current). The difference between numeric coding and using a factor in the model does not alter the variable’s specification as a three-category covariate predicting EAA.",,
cha,19,"Within the PhenoAge regression model, smoking status was included as a health covariate alongside cumulative stress and other predictors. Smoking status significantly predicted higher PhenoAge EAA, such that former and current smokers had more accelerated epigenetic aging compared to never-smokers.",Transformation Specification,"To calculate EAA from the other epigenetic age measures, we regressed GrimAge2 and PhenoAge on chronological age and computed residuals to index how much older one is biologically compared to one’s chronological age. Thus, a positive value indicated EAA.
...
Hypotheses were tested by multiple linear regressions, with all continuous variables standardized before the analyses.","# Compute EAA (Epigenetic Age Acceleration)
# PhenoAge EAA
subset_dat1 <- subset(dat, !is.na(bra6dmagephenoage) & !is.na(age_bio))
mod_test2 <- lm(bra6dmagephenoage ~ age_bio, data = subset_dat1)

subset_dat1$predict_phenoage = predict(mod_test2)
subset_dat1$eaa_pheno <- subset_dat1$bra6dmagephenoage - subset_dat1$predict_phenoage
...
transform_dataset <- function(dataset) {
  dataset <- dataset %>%
    # Change education to years
    mutate(edu = ifelse(edu %in% c(97, 98), NA, edu)) %>%
    mutate(edu_y = dplyr::recode(edu, 
    # recode education into years of education
                            ""1"" = 3,
                            ""2"" = 8,
                            ""3"" = 10.5,
                            ""4"" = 12,
                            ""5"" = 12,
                            ""6"" = 13.5,
                            ""7"" = 15,
                            ""8"" = 14,
                            ""9"" = 16,
                            ""10"" = 17,
                            ""11"" = 18,
                            ""12"" = 20,
                            .default = NA_real_)) %>%
    # Protective Factor (standardize psychological well-being)
    mutate(pwb_purpose_z = as.numeric(scale(pwb_purpose, center = TRUE, scale
                                            = TRUE)),
           pwb_mastery_z = as.numeric(scale(pwb_mastery, center = TRUE, scale                                             = TRUE)),
           pwb_accept_z = as.numeric(scale(pwb_accept, center = TRUE, scale =
                                             TRUE)),
           pwb_relation_z = as.numeric(scale(pwb_relation, center = TRUE,
                                             scale = TRUE)),
           pwb_growth_z = as.numeric(scale(pwb_growth, center = TRUE, scale =
                                             TRUE)),
           pwb_auto_z = as.numeric(scale(pwb_auto, center = TRUE, scale =
                                           TRUE)),
           pwb = (pwb_purpose_z + pwb_mastery_z + pwb_accept_z +
                    pwb_relation_z + pwb_growth_z + pwb_auto_z) / 6,
           pwb_z = as.numeric(scale(pwb, center = TRUE, scale = TRUE)),
           # Risk Factor (standardize neuroticism)
           neuro_z = as.numeric(scale(neuro, center = TRUE, scale = TRUE)),
           # Demographic covariates
           edu_y_z = as.numeric(scale(edu_y, center = TRUE, scale = TRUE)),
           age_bio_z = as.numeric(scale(age_bio, center = TRUE, scale =
                                          TRUE)),
           # Biomarker data covariates
           drinks_bio_z = as.numeric(scale(drinks_bio, center = TRUE, scale =
                                             TRUE)),
           bmi_bio_z = as.numeric(scale(bmi_bio, center = TRUE, scale =
                                          TRUE)),
           # Dummy code smoking status
           smoke_former = ifelse(smoke_bio == 1, 1, 0),
           smoke_current = ifelse(smoke_bio == 2, 1, 0),
           # Standardize cumulative stressor
           cum_stress_11_z = as.numeric(scale(cum_stress_11, center = TRUE,
                                              scale = TRUE))) %>%
    # Convert variables to factors
    mutate(emp = as.factor(emp),
           sex = as.factor(sex),
           child = as.factor(child),
           group = as.factor(group),
           marpartner = as.factor(marpartner),
           race = as.factor(race),
           smoke_bio = as.factor(smoke_bio))
  
  return(dataset)
}

# Apply the function to each dataset
subset_dat1 <- transform_dataset(subset_dat1)",match,"The code computes PhenoAge EAA as residuals from a regression of PhenoAge on chronological age and standardizes continuous predictors, matching the described transformations in the paper. Smoking status is dummy-coded (not standardized), which is appropriate for a categorical variable and consistent with the paper’s focus on standardizing continuous variables only.",,
cha,19,"Within the PhenoAge regression model, smoking status was included as a health covariate alongside cumulative stress and other predictors. Smoking status significantly predicted higher PhenoAge EAA, such that former and current smokers had more accelerated epigenetic aging compared to never-smokers.",Inference Specification,"The results showed that the marginal effect of cumulative stressors was not significantly related to DunedinPACE, PhenoAge, and GrimAge2 (all ps > .30; see Table S1 in the online supplemental materials). … For health behavior covariates, smoking status was significantly related to all EAA measures such that former smokers and current smokers had higher EAA than nonsmokers.","main2 <-lm(eaa_pheno ~
    # demographics
      age_bio_z + sex + edu_y_z + emp + race + marpartner + child + group + 
    # health covariates
      smoke_bio + drinks_bio_z + bmi_bio_z + 
    # key predictor
      cum_stress_11_z, data = subset_dat1)

# PhenoAge
tab_model(main2, show.se=TRUE, show.ci=FALSE, show.obs=FALSE, show.r2 =
            FALSE,vcov.fun = ""CL"", vcov.args = list(type = ""HC1"", cluster =
                                              subset_dat1$twin_cluster))",unknown,"The paper states that smoking status was significantly related to EAA but does not specify any explicit inference criteria (e.g., alpha level), and the code only shows model fitting and robust SE computation without documenting decision thresholds for significance. Therefore, it is unclear whether the inference specification in the code matches that implied in the paper.",,
cha,20,"In the multiple regression predicting GrimAge2 EAA, smoking status was a key health behavior covariate. The model showed that both former and current smokers had significantly higher GrimAge2 epigenetic acceleration relative to non-smokers, aligning with prior meta-analytic findings on smoking and EAA.",Model Specification,"Hypotheses were tested by multiple linear regressions, with all continuous variables standardized before the analyses. Psychological well-being as a moderator was examined by regressing EAA on cumulative stressors, psychological well-being, and the interaction term between these two measures. To examine whether neuroticism aggravated the relationship between cumulative stressors and EAA, cumulative stressors, neuroticism, and their interaction were included as predictors. All regression models used cluster-robust standard errors to adjust for the 45 sets of twins or siblings in the analytic sample, and simple slope analyses were conducted with 1 SD above and below for the identified moderators.","# GrimAge2
main3 <-lm(eaa_grim ~
    # demographics
      age_bio_z + sex + edu_y_z + emp + race + marpartner + child + group + 
    # health covariates
      smoke_bio + drinks_bio_z + bmi_bio_z + 
    # key predictor
      cum_stress_11_z, data = subset_dat2)

## GrimAge2
tab_model(main3, show.se=TRUE, show.ci=FALSE, show.obs=FALSE, show.r2 =
            FALSE, vcov.fun = ""CL"", vcov.args = list(type = ""HC1"", cluster =
                                              subset_dat2$twin_cluster))",match,"The paper describes using multiple linear regressions with cluster-robust standard errors, which is consistent with the lm model and clustered robust SEs implemented in the code for GrimAge2 EAA.",,
cha,20,"In the multiple regression predicting GrimAge2 EAA, smoking status was a key health behavior covariate. The model showed that both former and current smokers had significantly higher GrimAge2 epigenetic acceleration relative to non-smokers, aligning with prior meta-analytic findings on smoking and EAA.",Variable Specification,"For health behavior covariates, smoking status was sig-
niﬁcantly related to all EAA measures such that former smokers and
current smokers had higher EAA than nonsmokers.

Health covariates
included smoking status (0 = never smoker ,1 = former smoker ,
2 = current smoker), alcohol consumption (the number of alcoholic
drinks consumed per week past month), and body mass index
(BMI).","transform_dataset <- function(dataset) {
  dataset <- dataset %>%
    ... %>%
           # Biomarker data covariates
           drinks_bio_z = as.numeric(scale(drinks_bio, center = TRUE, scale =
                                             TRUE)),
           bmi_bio_z = as.numeric(scale(bmi_bio, center = TRUE, scale =
                                          TRUE)),
           # Dummy code smoking status
           smoke_former = ifelse(smoke_bio == 1, 1, 0),
           smoke_current = ifelse(smoke_bio == 2, 1, 0),
           # Standardize cumulative stressor
           cum_stress_11_z = as.numeric(scale(cum_stress_11, center = TRUE,
                                              scale = TRUE))) %>%
    # Convert variables to factors
    mutate(emp = as.factor(emp),
           sex = as.factor(sex),
           child = as.factor(child),
           group = as.factor(group),
           marpartner = as.factor(marpartner),
           race = as.factor(race),
           smoke_bio = as.factor(smoke_bio))
  
  return(dataset)
}
...
# GrimAge2
main3 <-lm(eaa_grim ~
    # demographics
      age_bio_z + sex + edu_y_z + emp + race + marpartner + child + group + 
    # health covariates
      smoke_bio + drinks_bio_z + bmi_bio_z + 
    # key predictor
      cum_stress_11_z, data = subset_dat2)

## GrimAge2
tab_model(main3, show.se=TRUE, show.ci=FALSE, show.obs=FALSE, show.r2 =
            FALSE, vcov.fun = ""CL"", vcov.args = list(type = ""HC1"", cluster =
                                              subset_dat2$twin_cluster))",match,"Smoking status is used in the code as a health behavior covariate in the GrimAge2 EAA regression model, consistent with the paper’s description of including smoking status (never, former, current) as a predictor. The coding implies comparisons of former and current smokers to never smokers, aligning with the narrative that former and current smokers have higher EAA than nonsmokers.",,
cha,20,"In the multiple regression predicting GrimAge2 EAA, smoking status was a key health behavior covariate. The model showed that both former and current smokers had significantly higher GrimAge2 epigenetic acceleration relative to non-smokers, aligning with prior meta-analytic findings on smoking and EAA.",Transformation Specification,"To calculate EAA from the other epigenetic age measures, we regressed GrimAge2 and PhenoAge on chronological age and computed residuals to index how much older one is biologically compared to one’s chronological age. Thus, a positive value indicated EAA. Hypotheses were tested by multiple linear regressions, with all continuous variables standardized before the analyses.","# GrimAge2 EAA
subset_dat2 <- subset(dat, !is.na(bra6dmagegrimage2) & !is.na(age_bio))
mod_test2 <- lm(bra6dmagegrimage2 ~ age_bio, data = subset_dat2)

subset_dat2$predict_grimage2 = predict(mod_test2)
subset_dat2$eaa_grim <- subset_dat2$bra6dmagegrimage2 - subset_dat2$predict_grimage2

## Transform/standardize

transform_dataset <- function(dataset) {
  dataset <- dataset %>%
    # Change education to years
    mutate(edu = ifelse(edu %in% c(97, 98), NA, edu)) %>%
    mutate(edu_y = dplyr::recode(edu, 
    # recode education into years of education
                            ""1"" = 3,
                            ""2"" = 8,
                            ""3"" = 10.5,
                            ""4"" = 12,
                            ""5"" = 12,
                            ""6"" = 13.5,
                            ""7"" = 15,
                            ""8"" = 14,
                            ""9"" = 16,
                            ""10"" = 17,
                            ""11"" = 18,
                            ""12"" = 20,
                            .default = NA_real_)) %>%
    # Protective Factor (standardize psychological well-being)
    mutate(pwb_purpose_z = as.numeric(scale(pwb_purpose, center = TRUE, scale
                                            = TRUE)),
           pwb_mastery_z = as.numeric(scale(pwb_mastery, center = TRUE, scale                                             = TRUE)),
           pwb_accept_z = as.numeric(scale(pwb_accept, center = TRUE, scale =
                                             TRUE)),
           pwb_relation_z = as.numeric(scale(pwb_relation, center = TRUE,
                                             scale = TRUE)),
           pwb_growth_z = as.numeric(scale(pwb_growth, center = TRUE, scale =
                                             TRUE)),
           pwb_auto_z = as.numeric(scale(pwb_auto, center = TRUE, scale =
                                           TRUE)),
           pwb = (pwb_purpose_z + pwb_mastery_z + pwb_accept_z +
                    pwb_relation_z + pwb_growth_z + pwb_auto_z) / 6,
           pwb_z = as.numeric(scale(pwb, center = TRUE, scale = TRUE)),
           # Risk Factor (standardize neuroticism)
           neuro_z = as.numeric(scale(neuro, center = TRUE, scale = TRUE)),
           # Demographic covariates
           edu_y_z = as.numeric(scale(edu_y, center = TRUE, scale =
                                          TRUE)),
           age_bio_z = as.numeric(scale(age_bio, center = TRUE, scale =
                                          TRUE)),
           # Biomarker data covariates
           drinks_bio_z = as.numeric(scale(drinks_bio, center = TRUE, scale =
                                             TRUE)),
           bmi_bio_z = as.numeric(scale(bmi_bio, center = TRUE, scale =
                                          TRUE)),
           # Dummy code smoking status
           smoke_former = ifelse(smoke_bio == 1, 1, 0),
           smoke_current = ifelse(smoke_bio == 2, 1, 0),
           # Standardize cumulative stressor
           cum_stress_11_z = as.numeric(scale(cum_stress_11, center = TRUE,
                                              scale = TRUE))) %>%
    # Convert variables to factors
    mutate(emp = as.factor(emp),
           sex = as.factor(sex),
           child = as.factor(child),
           group = as.factor(group),
           marpartner = as.factor(marpartner),
           race = as.factor(race),
           smoke_bio = as.factor(smoke_bio))
  
  return(dataset)
}

# Apply the function to each dataset
subset_dat2 <- transform_dataset(subset_dat2)",match,"The code computes GrimAge2 EAA as residuals from a regression on chronological age and standardizes continuous predictors prior to analysis, consistent with the paper’s description of transformations. Smoking status is dummy-coded (former and current vs. nonsmokers), aligning with its use as a categorical health behavior covariate.",,
cha,20,"In the multiple regression predicting GrimAge2 EAA, smoking status was a key health behavior covariate. The model showed that both former and current smokers had significantly higher GrimAge2 epigenetic acceleration relative to non-smokers, aligning with prior meta-analytic findings on smoking and EAA.",Inference Specification,"The results showed that the marginal effect of cumulative stressors was not significantly related to DunedinPACE, PhenoAge, and GrimAge2 (all ps . .30; see Table S1 in the online supplemental materials). ... For health behavior covariates, smoking status was significantly related to all EAA measures such that former smokers and current smokers had higher EAA than nonsmokers.","# GrimAge2
main3 <-lm(eaa_grim ~
    # demographics
      age_bio_z + sex + edu_y_z + emp + race + marpartner + child + group + 
    # health covariates
      smoke_bio + drinks_bio_z + bmi_bio_z + 
    # key predictor
      cum_stress_11_z, data = subset_dat2)

## GrimAge2
tab_model(main3, show.se=TRUE, show.ci=FALSE, show.obs=FALSE, show.r2 =
            FALSE, vcov.fun = ""CL"", vcov.args = list(type = ""HC1"", cluster =
                                              subset_dat2$twin_cluster))",unknown,"The paper excerpt reports statistical significance but does not specify the exact inference criteria (e.g., alpha level, type of standard errors), while the code uses cluster-robust standard errors without an explicit alpha threshold. Because the paper’s inference specification is not detailed, it is unclear whether the inference approach in the code fully matches what was pre-specified in the paper.",,
cha,21,"Alcohol consumption (number of drinks per week) was examined as a continuous covariate predicting PhenoAge EAA in the multivariable regression. Greater alcohol use was significantly associated with higher PhenoAge acceleration, indicating that heavier drinking corresponded to older epigenetic age on this measure.",Model Specification,"Hypotheses were tested by multiple linear regressions, with all continuous variables standardized before the analyses. ... All regression models used cluster-robust standard errors to adjust for the 45 sets of twins or siblings in the analytic sample, and simple slope analyses were conducted with 1 SD above and below for the identified moderators. ... For health behavior covariates, smoking status was significantly related to all EAA measures such that former smokers and current smokers had higher EAA than nonsmokers. Alcohol consumption was also related to PhenoAge and GrimAge2, such that more alcohol consumption was linked to higher EAA.","main2 <-lm(eaa_pheno ~
    # demographics
      age_bio_z + sex + edu_y_z + emp + race + marpartner + child + group + 
    # health covariates
      smoke_bio + drinks_bio_z + bmi_bio_z + 
    # key predictor
      cum_stress_11_z, data = subset_dat1)

## PhenoAge
tab_model(main2, show.se=TRUE, show.ci=FALSE, show.obs=FALSE, show.r2 =
            FALSE,vcov.fun = ""CL"", vcov.args = list(type = ""HC1"", cluster =
                                              subset_dat1$twin_cluster))",match,"The paper describes using multiple linear regression with cluster-robust standard errors to model PhenoAge EAA including alcohol consumption as a continuous covariate, and the code implements exactly this model specification. The lm call fits a multiple linear regression and tab_model applies clustered robust standard errors by twin cluster.",,
cha,21,"Alcohol consumption (number of drinks per week) was examined as a continuous covariate predicting PhenoAge EAA in the multivariable regression. Greater alcohol use was significantly associated with higher PhenoAge acceleration, indicating that heavier drinking corresponded to older epigenetic age on this measure.",Variable Specification,"Alcohol consumption was also related to PhenoAge and GrimAge2, such that more alcohol consumption was linked to higher EAA.","transform_dataset <- function(dataset) {
  dataset <- dataset %>%
    ... %>%
           # Biomarker data covariates
           drinks_bio_z = as.numeric(scale(drinks_bio, center = TRUE, scale =
                                             TRUE)),
           bmi_bio_z = as.numeric(scale(bmi_bio, center = TRUE, scale =
                                          TRUE)),
           ...
  
  return(dataset)
}
...
# PhenoAge
main2 <-lm(eaa_pheno ~
    # demographics
      age_bio_z + sex + edu_y_z + emp + race + marpartner + child + group + 
    # health covariates
      smoke_bio + drinks_bio_z + bmi_bio_z + 
    # key predictor
      cum_stress_11_z, data = subset_dat1)",match,"Alcohol consumption is implemented in the code as a continuous covariate predicting PhenoAge EAA, matching the paper’s description of alcohol use as a predictor of higher EAA. The variable is z-scored and entered alongside other health covariates, consistent with its role in the multivariable regression described in the text.",,
cha,21,"Alcohol consumption (number of drinks per week) was examined as a continuous covariate predicting PhenoAge EAA in the multivariable regression. Greater alcohol use was significantly associated with higher PhenoAge acceleration, indicating that heavier drinking corresponded to older epigenetic age on this measure.",Transformation Specification,"Health covariates included smoking status (0 = never smoker ,1 = former smoker , 2 = current smoker), alcohol consumption (the number of alcoholic drinks consumed per week past month), and body mass index (BMI). ... Hypotheses were tested by multiple linear regressions, with all continuous variables standardized before the analyses. ... To calculate EAA from the other epigenetic age measures, we regressed GrimAge2 and PhenoAge on chronological age and computed residuals to index how much older one is biologically compared to one’s chronological age. Thus, a positive value indicated EAA.","# Compute EAA (Epigenetic Age Acceleration)
subset_dat1 <- subset(dat, !is.na(bra6dmagephenoage) & !is.na(age_bio))
mod_test2 <- lm(bra6dmagephenoage ~ age_bio, data = subset_dat1)

subset_dat1$predict_phenoage = predict(mod_test2)
subset_dat1$eaa_pheno <- subset_dat1$bra6dmagephenoage - subset_dat1$predict_phenoage
...
           age_bio_z = as.numeric(scale(age_bio, center = TRUE, scale =
                                          TRUE)),
           # Biomarker data covariates
           drinks_bio_z = as.numeric(scale(drinks_bio, center = TRUE, scale =
                                             TRUE)),
           bmi_bio_z = as.numeric(scale(bmi_bio, center = TRUE, scale =
                                          TRUE)),
...
# PhenoAge
main2 <-lm(eaa_pheno ~
    # demographics
      age_bio_z + sex + edu_y_z + emp + race + marpartner + child + group + 
    # health covariates
      smoke_bio + drinks_bio_z + bmi_bio_z + 
    # key predictor
      cum_stress_11_z, data = subset_dat1)
",match,"The code computes PhenoAge EAA as residuals from a regression on chronological age and standardizes alcohol consumption (drinks per week) before inclusion in the regression, which aligns with the paper’s described transformations. No conflicting transformations are evident.",,
cha,21,"Alcohol consumption (number of drinks per week) was examined as a continuous covariate predicting PhenoAge EAA in the multivariable regression. Greater alcohol use was significantly associated with higher PhenoAge acceleration, indicating that heavier drinking corresponded to older epigenetic age on this measure.",Inference Specification,"For health behavior covariates, smoking status was significantly related to all EAA measures such that former smokers and current smokers had higher EAA than nonsmokers. Alcohol consumption was also related to PhenoAge and GrimAge2, such that more alcohol consumption was linked to higher EAA. The BMI was associated with all EAA measures, as higher BMI was linked to higher EAA. Overall, health behavior covariates aligned with previous meta-analytic findings (Oblak et al., 2021 ).
...
The shaded area indicates 95% confidence intervals.","## PhenoAge
main2 <-lm(eaa_pheno ~
    # demographics
      age_bio_z + sex + edu_y_z + emp + race + marpartner + child + group + 
    # health covariates
      smoke_bio + drinks_bio_z + bmi_bio_z + 
    # key predictor
      cum_stress_11_z, data = subset_dat1)

## PhenoAge
tab_model(main2, show.se=TRUE, show.ci=FALSE, show.obs=FALSE, show.r2 =
            FALSE,vcov.fun = ""CL"", vcov.args = list(type = ""HC1"", cluster =
                                              subset_dat1$twin_cluster))",match,"The paper notes use of 95% confidence intervals, and the code uses standard linear regression with tab_model’s default inference settings, which correspond to 95% CIs and conventional p-value thresholds. There is no indication of a different alpha level or CI criterion in either source, so the inference specification appears aligned.",,
cha,22,"In the GrimAge2 regression model, alcohol consumption was included as a covariate. Higher weekly alcohol intake significantly predicted greater GrimAge2 EAA, suggesting that alcohol use contributes to accelerated epigenetic aging on this clock.",Model Specification,"Hypotheses were tested by multiple linear regressions, with all continuous variables standardized before the analyses.","# GrimAge2
main3 <-lm(eaa_grim ~
    # demographics
      age_bio_z + sex + edu_y_z + emp + race + marpartner + child + group + 
    # health covariates
      smoke_bio + drinks_bio_z + bmi_bio_z + 
    # key predictor
      cum_stress_11_z, data = subset_dat2)

## GrimAge2
tab_model(main3, show.se=TRUE, show.ci=FALSE, show.obs=FALSE, show.r2 =
            FALSE, vcov.fun = ""CL"", vcov.args = list(type = ""HC1"", cluster =
                                              subset_dat2$twin_cluster))",match,"The paper reports using multiple linear regressions, and the code implements a multiple linear regression model via lm() for GrimAge2 EAA with multiple predictors. The use of cluster-robust standard errors does not change the underlying model type, which remains a multiple linear regression as described.",,
cha,22,"In the GrimAge2 regression model, alcohol consumption was included as a covariate. Higher weekly alcohol intake significantly predicted greater GrimAge2 EAA, suggesting that alcohol use contributes to accelerated epigenetic aging on this clock.",Variable Specification,"Health covariates included smoking status (0 = never smoker ,1 = former smoker , 2 = current smoker), alcohol consumption (the number of alcoholic drinks consumed per week past month), and body mass index (BMI).

For health behavior covariates, smoking status was significantly related to all EAA measures such that former smokers and current smokers had higher EAA than nonsmokers. Alcohol consumption was also related to PhenoAge and GrimAge2, such that more alcohol consumption was linked to higher EAA.","           # Biomarker data covariates
           drinks_bio_z = as.numeric(scale(drinks_bio, center = TRUE, scale =
                                             TRUE)),

# GrimAge2
main3 <-lm(eaa_grim ~
    # demographics
      age_bio_z + sex + edu_y_z + emp + race + marpartner + child + group + 
    # health covariates
      smoke_bio + drinks_bio_z + bmi_bio_z + 
    # key predictor
      cum_stress_11_z, data = subset_dat2)",match,"The code includes weekly alcohol consumption as a z-scored health covariate in the GrimAge2 regression model, consistent with the paper’s description of alcohol consumption as a health covariate predicting GrimAge2 EAA. There is no indication of a different variable definition or role between the paper and the code.",,
cha,22,"In the GrimAge2 regression model, alcohol consumption was included as a covariate. Higher weekly alcohol intake significantly predicted greater GrimAge2 EAA, suggesting that alcohol use contributes to accelerated epigenetic aging on this clock.",Transformation Specification,"Health covariates included smoking status (0 = never smoker ,1 = former smoker , 2 = current smoker), alcohol consumption (the number of alcoholic drinks consumed per week past month), and body mass index (BMI). ... Hypotheses were tested by multiple linear regressions, with all continuous variables standardized before the analyses. ... To calculate EAA from the other epigenetic age measures, we regressed GrimAge2 and PhenoAge on chronological age and computed residuals to index how much older one is biologically compared to one’s chronological age.","# GrimAge2 EAA
subset_dat2 <- subset(dat, !is.na(bra6dmagegrimage2) & !is.na(age_bio))
mod_test2 <- lm(bra6dmagegrimage2 ~ age_bio, data = subset_dat2)

subset_dat2$predict_grimage2 = predict(mod_test2)
subset_dat2$eaa_grim <- subset_dat2$bra6dmagegrimage2 - subset_dat2$predict_grimage2
...
           # Biomarker data covariates
           drinks_bio_z = as.numeric(scale(drinks_bio, center = TRUE, scale =
                                             TRUE)),",match,"The code standardizes the alcohol consumption variable and computes GrimAge2 EAA as residuals from regressing GrimAge2 on chronological age, consistent with the paper’s described transformations. No conflicting transformation procedures are evident.",,
cha,22,"In the GrimAge2 regression model, alcohol consumption was included as a covariate. Higher weekly alcohol intake significantly predicted greater GrimAge2 EAA, suggesting that alcohol use contributes to accelerated epigenetic aging on this clock.",Inference Specification,"The results showed that the marginal effect of cumulative stressors was not significantly related to DunedinPACE, PhenoAge, and GrimAge2 (all ps . .30; see Table S1 in the online supplemental materials). f2p indicated that cumulative stressors explained .1% of the total variance of three epigenetic clocks. Regarding demographic covariates, education was a significant predictor for DunedinPACE and GrimAge2 in that those who had higher education showed lower EAA. Being employed was related to lower GrimAge2, and males were more likely to experience higher DunedinPACE and GrimAge2. For health behavior covariates, smoking status was significantly related to all EAA measures such that former smokers and current smokers had higher EAA than nonsmokers. Alcohol consumption was also related to PhenoAge and GrimAge2, such that more alcohol consumption was linked to higher EAA. The BMI was associated with all EAA measures, as higher BMI was linked to higher EAA.","## GrimAge2
main3 <-lm(eaa_grim ~
    # demographics
      age_bio_z + sex + edu_y_z + emp + race + marpartner + child + group + 
    # health covariates
      smoke_bio + drinks_bio_z + bmi_bio_z + 
    # key predictor
      cum_stress_11_z, data = subset_dat2)

# Compute results
## GrimAge2
tab_model(main3, show.se=TRUE, show.ci=FALSE, show.obs=FALSE, show.r2 =
            FALSE, vcov.fun = ""CL"", vcov.args = list(type = ""HC1"", cluster =
                                              subset_dat2$twin_cluster))

...

## Simple slope for GrimAge2
### IV = Cumulative stressors; Moderator: Purpose in life
sim_slopes(mod_p3, pred = ""cum_stress_11_z"", modx = ""pwb_purpose_z"", modx.values = c(-1,1), digits = 5, robust = ""HC1"", cluster = ""twin_cluster"")

### IV = Purpose in life; Moderator: Cumulative stressors
sim_slopes(mod_p3, pred = ""pwb_purpose_z"", modx = ""cum_stress_11_z"", modx.values = c(-1,1), digits = 5, robust = ""HC1"", cluster = ""twin_cluster"")

...

## Graph for GrimAge2
plot1 <- plot_model(mod_p3, 
                    type = ""pred"",
                    terms = c(""cum_stress_11_z"", ""pwb_purpose_z[-1,1]""),
                    ci.lvl = .95,
                    show.p = TRUE, 
                    colors = ""bw"", 
                    title = ""Purpose in Life"", 
                    axis.title = c(""Cumulative Stressors"", ""GrimAge2""), 
                    auto.label = FALSE, 
                    se = TRUE,
                    vcov.fun = ""CL"", 
                    vcov.args = list(type = ""HC1"", cluster =
                                       subset_dat2$twin_cluster)) +
                    base_theme + set_theme(base = theme_classic(), legend.pos
                                           = ""bottom"") +
                    scale_linetype_manual(name = ""Purpose in Life"", 
                        values = c(""solid"", ""dashed""), 
                        labels = c(""-1SD"", ""+1SD""))+
                    scale_y_continuous(breaks = c(-2, 0, 2)) + font_settings",unknown,"The paper excerpt does not specify explicit inference criteria (e.g., alpha level or exact CI rules), while the code uses cluster-robust standard errors and 95% confidence intervals, so it is unclear whether these choices were pre-specified and match the paper’s stated criteria.",,
cha,23,"Body mass index (BMI) was entered as a continuous health covariate in the regression model predicting DunedinPACE EAA. Higher BMI was significantly associated with higher DunedinPACE, indicating a link between greater adiposity and faster epigenetic pace of aging.",Model Specification,"Hypotheses were tested by multiple linear regressions, with all continuous variables standardized before the analyses. ... All regression models used cluster-robust standard errors to adjust for the 45 sets of twins or siblings in the analytic sample, and simple slope analyses were conducted with 1 SD above and below for the identified moderators.","# Hypothesis 1: Main effect

# DunedinPACE
main1 <-lm(bra6dmagedunedinpace ~
    # demographics
      age_bio_z + sex + edu_y_z + emp + race + marpartner + child + group + 
    # health covariates
      smoke_bio + drinks_bio_z + bmi_bio_z +  
    # key predictor
      cum_stress_11_z, data = dat)

# Compute results
## DunedinPACE
tab_model(main1, show.se=TRUE, show.ci=FALSE, show.obs=FALSE, show.r2 =
            FALSE, vcov.fun = ""CL"", vcov.args = list(type = ""HC1"", cluster =
                                              dat$twin_cluster))",match,"The paper states that hypotheses were tested using multiple linear regression with cluster-robust standard errors, which matches the implementation of an lm model with clustered robust SEs in the code. The model for DunedinPACE includes BMI as a continuous covariate within this multiple regression framework, consistent with the description.",,
cha,23,"Body mass index (BMI) was entered as a continuous health covariate in the regression model predicting DunedinPACE EAA. Higher BMI was significantly associated with higher DunedinPACE, indicating a link between greater adiposity and faster epigenetic pace of aging.",Variable Specification,"Health covariates included smoking status (0 = never smoker ,1 = former smoker , 2 = current smoker), alcohol consumption (the number of alcoholic drinks consumed per week past month), and body mass index (BMI). ... The BMI was associated with all EAA measures, as higher BMI was linked to higher EAA.","           # Biomarker data covariates
           drinks_bio_z = as.numeric(scale(drinks_bio, center = TRUE, scale =
                                             TRUE)),
           bmi_bio_z = as.numeric(scale(bmi_bio, center = TRUE, scale =
                                          TRUE)),
...
main1 <-lm(bra6dmagedunedinpace ~
    # demographics
      age_bio_z + sex + edu_y_z + emp + race + marpartner + child + group + 
    # health covariates
      smoke_bio + drinks_bio_z + bmi_bio_z +  
    # key predictor
      cum_stress_11_z, data = dat)",match,"BMI is used in the code as a continuous health covariate predictor of DunedinPACE EAA, consistent with the paper’s description. The additional z-standardization in the code does not conflict with the variable’s role or designation.",,
cha,23,"Body mass index (BMI) was entered as a continuous health covariate in the regression model predicting DunedinPACE EAA. Higher BMI was significantly associated with higher DunedinPACE, indicating a link between greater adiposity and faster epigenetic pace of aging.",Transformation Specification,"Hypotheses were tested by multiple linear regressions, with all continuous variables standardized before the analyses.
...
To calculate EAA from the other epigenetic age measures, we regressed GrimAge2 and PhenoAge on chronological age and computed residuals to index how much older one is biologically compared to one’s chronological age.","## make subset dataset

# Compute EAA (Epigenetic Age Acceleration)
# PhenoAge EAA
subset_dat1 <- subset(dat, !is.na(bra6dmagephenoage) & !is.na(age_bio))
mod_test2 <- lm(bra6dmagephenoage ~ age_bio, data = subset_dat1)

subset_dat1$predict_phenoage = predict(mod_test2)
subset_dat1$eaa_pheno <- subset_dat1$bra6dmagephenoage - subset_dat1$predict_phenoage

# GrimAge2 EAA
subset_dat2 <- subset(dat, !is.na(bra6dmagegrimage2) & !is.na(age_bio))
mod_test2 <- lm(bra6dmagegrimage2 ~ age_bio, data = subset_dat2)

subset_dat2$predict_grimage2 = predict(mod_test2)
subset_dat2$eaa_grim <- subset_dat2$bra6dmagegrimage2 - subset_dat2$predict_grimage2

## Transform/standardize

transform_dataset <- function(dataset) {
  dataset <- dataset %>%
    # Change education to years
    mutate(edu = ifelse(edu %in% c(97, 98), NA, edu)) %>%
    mutate(edu_y = dplyr::recode(edu, 
    # recode education into years of education
                            ""1"" = 3,
                            ""2"" = 8,
                            ""3"" = 10.5,
                            ""4"" = 12,
                            ""5"" = 12,
                            ""6"" = 13.5,
                            ""7"" = 15,
                            ""8"" = 14,
                            ""9"" = 16,
                            ""10"" = 17,
                            ""11"" = 18,
                            ""12"" = 20,
                            .default = NA_real_)) %>%
    # Protective Factor (standardize psychological well-being)
    mutate(pwb_purpose_z = as.numeric(scale(pwb_purpose, center = TRUE, scale
                                            = TRUE)),
           pwb_mastery_z = as.numeric(scale(pwb_mastery, center = TRUE, scale                                             = TRUE)),
           pwb_accept_z = as.numeric(scale(pwb_accept, center = TRUE, scale =
                                             TRUE)),
           pwb_relation_z = as.numeric(scale(pwb_relation, center = TRUE,
                                             scale = TRUE)),
           pwb_growth_z = as.numeric(scale(pwb_growth, center = TRUE, scale =
                                             TRUE)),
           pwb_auto_z = as.numeric(scale(pwb_auto, center = TRUE, scale =
                                           TRUE)),
           pwb = (pwb_purpose_z + pwb_mastery_z + pwb_accept_z +
                    pwb_relation_z + pwb_growth_z + pwb_auto_z) / 6,
           pwb_z = as.numeric(scale(pwb, center = TRUE, scale = TRUE)),
           # Risk Factor (standardize neuroticism)
           neuro_z = as.numeric(scale(neuro, center = TRUE, scale = TRUE)),
           # Demographic covariates
           edu_y_z = as.numeric(scale(edu_y, center = TRUE, scale = TRUE)),
           age_bio_z = as.numeric(scale(age_bio, center = TRUE, scale =
                                          TRUE)),
           # Biomarker data covariates
           drinks_bio_z = as.numeric(scale(drinks_bio, center = TRUE, scale =
                                             TRUE)),
           bmi_bio_z = as.numeric(scale(bmi_bio, center = TRUE, scale =
                                          TRUE)),
           # Dummy code smoking status
           smoke_former = ifelse(smoke_bio == 1, 1, 0),
           smoke_current = ifelse(smoke_bio == 2, 1, 0),
           # Standardize cumulative stressor
           cum_stress_11_z = as.numeric(scale(cum_stress_11, center = TRUE,
                                              scale = TRUE))) %>%
    # Convert variables to factors
    mutate(emp = as.factor(emp),
           sex = as.factor(sex),
           child = as.factor(child),
           group = as.factor(group),
           marpartner = as.factor(marpartner),
           race = as.factor(race),
           smoke_bio = as.factor(smoke_bio))
  
  return(dataset)
}

# Apply the function to each dataset
subset_dat1 <- transform_dataset(subset_dat1)
subset_dat2 <- transform_dataset(subset_dat2)
dat <- transform_dataset(dat)

# Hypothesis 1: Main effect

# DunedinPACE
main1 <-lm(bra6dmagedunedinpace ~
    # demographics
      age_bio_z + sex + edu_y_z + emp + race + marpartner + child + group + 
    # health covariates
      smoke_bio + drinks_bio_z + bmi_bio_z +  
    # key predictor
      cum_stress_11_z, data = dat)
",match,"The code standardizes BMI and other continuous predictors before regression and computes EAA as residuals from regressing epigenetic age measures on chronological age, consistent with the paper’s described transformations. There is no clear discrepancy between the described and implemented transformations for this analysis-dimension pairing.",,
cha,23,"Body mass index (BMI) was entered as a continuous health covariate in the regression model predicting DunedinPACE EAA. Higher BMI was significantly associated with higher DunedinPACE, indicating a link between greater adiposity and faster epigenetic pace of aging.",Inference Specification,"For health behavior covariates, smoking status was significantly related to all EAA measures such that former smokers and current smokers had higher EAA than nonsmokers. Alcohol consumption was also related to PhenoAge and GrimAge2, such that more alcohol consumption was linked to higher EAA. The BMI was associated with all EAA measures, as higher BMI was linked to higher EAA.","main1 <-lm(bra6dmagedunedinpace ~
    # demographics
      age_bio_z + sex + edu_y_z + emp + race + marpartner + child + group + 
    # health covariates
      smoke_bio + drinks_bio_z + bmi_bio_z +  
    # key predictor
      cum_stress_11_z, data = dat)

# Compute results
## DunedinPACE
tab_model(main1, show.se=TRUE, show.ci=FALSE, show.obs=FALSE, show.r2 =
            FALSE, vcov.fun = ""CL"", vcov.args = list(type = ""HC1"", cluster =
                                              dat$twin_cluster))",unknown,"The paper excerpt only reports that BMI was ‘significantly’ associated with epigenetic aging but does not specify any inference criteria (e.g., alpha level, CI rules), and the code uses default lm inference with clustered robust standard errors without explicitly defining an alpha or decision rule. Therefore, it is not possible to determine whether the inference specification in the code matches that in the paper.",,
cha,24,"BMI was also included as a covariate in the PhenoAge regression analysis. The results showed that higher BMI significantly predicted higher PhenoAge EAA, consistent with an adverse effect of excess body weight on this epigenetic aging marker.",Model Specification,"Hypotheses were tested by multiple linear regressions, with all continuous variables standardized before the analyses.","# PhenoAge
main2 <-lm(eaa_pheno ~
    # demographics
      age_bio_z + sex + edu_y_z + emp + race + marpartner + child + group + 
    # health covariates
      smoke_bio + drinks_bio_z + bmi_bio_z + 
    # key predictor
      cum_stress_11_z, data = subset_dat1)",match,"The paper describes using multiple linear regression with standardized continuous variables, and the code implements an lm() model with multiple predictors including standardized BMI (bmi_bio_z), consistent with that specification.",,
cha,24,"BMI was also included as a covariate in the PhenoAge regression analysis. The results showed that higher BMI significantly predicted higher PhenoAge EAA, consistent with an adverse effect of excess body weight on this epigenetic aging marker.",Variable Specification,"Health covariates included smoking status (0 = never smoker ,1 = former smoker , 2 = current smoker), alcohol consumption (the number of alcoholic drinks consumed per week past month), and body mass index (BMI).
...
For health behavior covariates, smoking status was sig-
nificantly related to all EAA measures such that former smokers and
current smokers had higher EAA than nonsmokers. Alcohol con-
sumption was also related to PhenoAge and GrimAge2, such that
more alcohol consumption was linked to higher EAA. The BMI
was associated with all EAA measures, as higher BMI was linked
to higher EAA.","transform_dataset <- function(dataset) {
  dataset <- dataset %>%
    ...
           # Biomarker data covariates
           drinks_bio_z = as.numeric(scale(drinks_bio, center = TRUE, scale =
                                             TRUE)),
           bmi_bio_z = as.numeric(scale(bmi_bio, center = TRUE, scale =
                                          TRUE)),
           # Dummy code smoking status
           smoke_former = ifelse(smoke_bio == 1, 1, 0),
           smoke_current = ifelse(smoke_bio == 2, 1, 0),
    ...

# PhenoAge
main2 <-lm(eaa_pheno ~
    # demographics
      age_bio_z + sex + edu_y_z + emp + race + marpartner + child + group + 
    # health covariates
      smoke_bio + drinks_bio_z + bmi_bio_z + 
    # key predictor
      cum_stress_11_z, data = subset_dat1)",match,"The code includes BMI (as bmi_bio_z) as a health covariate predictor in the PhenoAge EAA regression, consistent with the paper’s description of BMI as a covariate affecting EAA. The use of a z-scored version of BMI is a transformation detail and does not change the variable’s role in the model.",,
cha,24,"BMI was also included as a covariate in the PhenoAge regression analysis. The results showed that higher BMI significantly predicted higher PhenoAge EAA, consistent with an adverse effect of excess body weight on this epigenetic aging marker.",Transformation Specification,"To calculate EAA from the other epigenetic age measures, we regressed GrimAge2 and PhenoAge on chronological age and computed residuals to index how much older one is biologically compared to one’s chronological age. Thus, a positive value indicated EAA.
...
Hypotheses were tested by multiple linear regressions, with all continuous variables standardized before the analyses.","# Compute EAA (Epigenetic Age Acceleration)
# PhenoAge EAA
subset_dat1 <- subset(dat, !is.na(bra6dmagephenoage) & !is.na(age_bio))
mod_test2 <- lm(bra6dmagephenoage ~ age_bio, data = subset_dat1)

subset_dat1$predict_phenoage = predict(mod_test2)
subset_dat1$eaa_pheno <- subset_dat1$bra6dmagephenoage - subset_dat1$predict_phenoage

## Transform/standardize

transform_dataset <- function(dataset) {
  dataset <- dataset %>%
    # Change education to years
    mutate(edu = ifelse(edu %in% c(97, 98), NA, edu)) %>%
    mutate(edu_y = dplyr::recode(edu, 
    # recode education into years of education
                            ""1"" = 3,
                            ""2"" = 8,
                            ""3"" = 10.5,
                            ""4"" = 12,
                            ""5"" = 12,
                            ""6"" = 13.5,
                            ""7"" = 15,
                            ""8"" = 14,
                            ""9"" = 16,
                            ""10"" = 17,
                            ""11"" = 18,
                            ""12"" = 20,
                            .default = NA_real_)) %>%
    # Protective Factor (standardize psychological well-being)
    mutate(pwb_purpose_z = as.numeric(scale(pwb_purpose, center = TRUE, scale
                                            = TRUE)),
           pwb_mastery_z = as.numeric(scale(pwb_mastery, center = TRUE, scale                                             = TRUE)),
           pwb_accept_z = as.numeric(scale(pwb_accept, center = TRUE, scale =
                                             TRUE)),
           pwb_relation_z = as.numeric(scale(pwb_relation, center = TRUE,
                                             scale = TRUE)),
           pwb_growth_z = as.numeric(scale(pwb_growth, center = TRUE, scale =
                                             TRUE)),
           pwb_auto_z = as.numeric(scale(pwb_auto, center = TRUE, scale =
                                           TRUE)),
           pwb = (pwb_purpose_z + pwb_mastery_z + pwb_accept_z +
                    pwb_relation_z + pwb_growth_z + pwb_auto_z) / 6,
           pwb_z = as.numeric(scale(pwb, center = TRUE, scale = TRUE)),
           # Risk Factor (standardize neuroticism)
           neuro_z = as.numeric(scale(neuro, center = TRUE, scale = TRUE)),
           # Demographic covariates
           edu_y_z = as.numeric(scale(edu_y, center = TRUE, scale =
                                          TRUE)),
           age_bio_z = as.numeric(scale(age_bio, center = TRUE, scale =
                                          TRUE)),
           # Biomarker data covariates
           drinks_bio_z = as.numeric(scale(drinks_bio, center = TRUE, scale =
                                             TRUE)),
           bmi_bio_z = as.numeric(scale(bmi_bio, center = TRUE, scale =
                                          TRUE)),
           # Dummy code smoking status
           smoke_former = ifelse(smoke_bio == 1, 1, 0),
           smoke_current = ifelse(smoke_bio == 2, 1, 0),
           # Standardize cumulative stressor
           cum_stress_11_z = as.numeric(scale(cum_stress_11, center = TRUE,
                                              scale = TRUE))) %>%
    # Convert variables to factors
    mutate(emp = as.factor(emp),
           sex = as.factor(sex),
           child = as.factor(child),
           group = as.factor(group),
           marpartner = as.factor(marpartner),
           race = as.factor(race),
           smoke_bio = as.factor(smoke_bio))
  
  return(dataset)
}

# Apply the function to each dataset
subset_dat1 <- transform_dataset(subset_dat1)",unknown,,,
cha,24,"BMI was also included as a covariate in the PhenoAge regression analysis. The results showed that higher BMI significantly predicted higher PhenoAge EAA, consistent with an adverse effect of excess body weight on this epigenetic aging marker.",Inference Specification,"For health behavior covariates, smoking status was significantly related to all EAA measures such that former smokers and current smokers had higher EAA than nonsmokers. Alcohol consumption was also related to PhenoAge and GrimAge2, such that more alcohol consumption was linked to higher EAA. The BMI was associated with all EAA measures, as higher BMI was linked to higher EAA. Overall, health behavior covariates aligned with previous meta-analytic findings (Oblak et al., 2021 ).

Simple slope analysis revealed that individuals with low psychological well-being experienced heightened GrimAge2 levels in response to higher cumulative stressors (β = .47,
SE = .19, p = .02), whereas this association was not observed
among those with high psychological well-being ( β =− .28,
SE = .21, p = .18).

The shaded area indicates 95% confidence intervals.","# PhenoAge
main2 <-lm(eaa_pheno ~
    # demographics
      age_bio_z + sex + edu_y_z + emp + race + marpartner + child + group + 
    # health covariates
      smoke_bio + drinks_bio_z + bmi_bio_z + 
    # key predictor
      cum_stress_11_z, data = subset_dat1)

# Compute results
## PhenoAge
tab_model(main2, show.se=TRUE, show.ci=FALSE, show.obs=FALSE, show.r2 =
            FALSE,vcov.fun = ""CL"", vcov.args = list(type = ""HC1"", cluster =
                                              subset_dat1$twin_cluster))",unknown,"The paper implies use of p-values and 95% confidence intervals as inference criteria, but the code only shows model estimation and robust standard errors without explicitly specifying an alpha level or CI level for this analysis. Thus, it is unclear whether the exact inferential criteria used in the paper are fully reflected in the code.",,
cha,25,"In the model predicting GrimAge2 EAA, BMI served as a health behavior covariate alongside smoking, alcohol, and other demographic variables. Higher BMI significantly predicted increased GrimAge2 acceleration, reinforcing the association between obesity and epigenetic aging.",Model Specification,"Hypotheses were tested by multiple linear regressions, with all continuous variables standardized before the analyses. Psychological well-being as a moderator was examined by regressing EAA on cumulative stressors, psychological well-being, and the interaction term between these two measures. To examine whether neuroticism aggravated the relationship between cumulative stressors and EAA, cumulative stressors, neuroticism, and their interaction were included as predictors. All regression models used cluster-robust standard errors to adjust for the 45 sets of twins or siblings in the analytic sample, and simple slope analyses were conducted with 1 SD above and below for the identified moderators.","# GrimAge2
main3 <-lm(eaa_grim ~
    # demographics
      age_bio_z + sex + edu_y_z + emp + race + marpartner + child + group + 
    # health covariates
      smoke_bio + drinks_bio_z + bmi_bio_z + 
    # key predictor
      cum_stress_11_z, data = subset_dat2)

## GrimAge2
tab_model(main3, show.se=TRUE, show.ci=FALSE, show.obs=FALSE, show.r2 =
            FALSE, vcov.fun = ""CL"", vcov.args = list(type = ""HC1"", cluster =
                                              subset_dat2$twin_cluster))",match,"The paper describes using multiple linear regression with cluster-robust standard errors, and the code implements an lm() regression with cluster-robust (CL, HC1) standard errors clustered by twin/sibling group. This aligns with the stated model specification for the GrimAge2 EAA analysis.",,
cha,25,"In the model predicting GrimAge2 EAA, BMI served as a health behavior covariate alongside smoking, alcohol, and other demographic variables. Higher BMI significantly predicted increased GrimAge2 acceleration, reinforcing the association between obesity and epigenetic aging.",Variable Specification,"Health covariates included smoking status (0 = never smoker ,1 = former smoker , 2 = current smoker), alcohol consumption (the number of alcoholic drinks consumed per week past month), and body mass index (BMI). ... The BMI was associated with all EAA measures, as higher BMI was linked to higher EAA.","# Biomarker data covariates
           drinks_bio_z = as.numeric(scale(drinks_bio, center = TRUE, scale =
                                             TRUE)),
           bmi_bio_z = as.numeric(scale(bmi_bio, center = TRUE, scale =
                                          TRUE)),
...
# GrimAge2
main3 <-lm(eaa_grim ~
    # demographics
      age_bio_z + sex + edu_y_z + emp + race + marpartner + child + group + 
    # health covariates
      smoke_bio + drinks_bio_z + bmi_bio_z + 
    # key predictor
      cum_stress_11_z, data = subset_dat2)",match,"The code specifies BMI (bmi_bio_z) as a health covariate predictor in the GrimAge2 EAA model alongside smoking and alcohol, consistent with the paper’s description of BMI as a health covariate. The variable’s role and grouping match the reported analysis, even though the code additionally standardizes BMI, which does not conflict with the paper’s variable specification.",,
cha,25,"In the model predicting GrimAge2 EAA, BMI served as a health behavior covariate alongside smoking, alcohol, and other demographic variables. Higher BMI significantly predicted increased GrimAge2 acceleration, reinforcing the association between obesity and epigenetic aging.",Transformation Specification,"To calculate EAA from the other epigenetic age measures, we regressed GrimAge2 and PhenoAge on chronological age and computed residuals to index how much older one is biologically compared to one’s chronological age. Thus, a positive value indicated EAA.
...
Hypotheses were tested by multiple linear regressions, with all continuous variables standardized before the analyses.","# GrimAge2 EAA
subset_dat2 <- subset(dat, !is.na(bra6dmagegrimage2) & !is.na(age_bio))
mod_test2 <- lm(bra6dmagegrimage2 ~ age_bio, data = subset_dat2)

subset_dat2$predict_grimage2 = predict(mod_test2)
subset_dat2$eaa_grim <- subset_dat2$bra6dmagegrimage2 - subset_dat2$predict_grimage2

## Transform/standardize

transform_dataset <- function(dataset) {
  dataset <- dataset %>%
    # Change education to years
    mutate(edu = ifelse(edu %in% c(97, 98), NA, edu)) %>%
    mutate(edu_y = dplyr::recode(edu, 
    # recode education into years of education
                            ""1"" = 3,
                            ""2"" = 8,
                            ""3"" = 10.5,
                            ""4"" = 12,
                            ""5"" = 12,
                            ""6"" = 13.5,
                            ""7"" = 15,
                            ""8"" = 14,
                            ""9"" = 16,
                            ""10"" = 17,
                            ""11"" = 18,
                            ""12"" = 20,
                            .default = NA_real_)) %>%
    # Protective Factor (standardize psychological well-being)
    mutate(pwb_purpose_z = as.numeric(scale(pwb_purpose, center = TRUE, scale
                                            = TRUE)),
           pwb_mastery_z = as.numeric(scale(pwb_mastery, center = TRUE, scale                                             = TRUE)),
           pwb_accept_z = as.numeric(scale(pwb_accept, center = TRUE, scale =
                                             TRUE)),
           pwb_relation_z = as.numeric(scale(pwb_relation, center = TRUE,
                                             scale = TRUE)),
           pwb_growth_z = as.numeric(scale(pwb_growth, center = TRUE, scale =
                                             TRUE)),
           pwb_auto_z = as.numeric(scale(pwb_auto, center = TRUE, scale =
                                           TRUE)),
           pwb = (pwb_purpose_z + pwb_mastery_z + pwb_accept_z +
                    pwb_relation_z + pwb_growth_z + pwb_auto_z) / 6,
           pwb_z = as.numeric(scale(pwb, center = TRUE, scale = TRUE)),
           # Risk Factor (standardize neuroticism)
           neuro_z = as.numeric(scale(neuro, center = TRUE, scale = TRUE)),
           # Demographic covariates
           edu_y_z = as.numeric(scale(edu_y, center = TRUE, scale = TRUE)),
           age_bio_z = as.numeric(scale(age_bio, center = TRUE, scale =
                                          TRUE)),
           # Biomarker data covariates
           drinks_bio_z = as.numeric(scale(drinks_bio, center = TRUE, scale =
                                             TRUE)),
           bmi_bio_z = as.numeric(scale(bmi_bio, center = TRUE, scale =
                                          TRUE)),
           # Dummy code smoking status
           smoke_former = ifelse(smoke_bio == 1, 1, 0),
           smoke_current = ifelse(smoke_bio == 2, 1, 0),
           # Standardize cumulative stressor
           cum_stress_11_z = as.numeric(scale(cum_stress_11, center = TRUE,
                                              scale = TRUE))) %>%
    # Convert variables to factors
    mutate(emp = as.factor(emp),
           sex = as.factor(sex),
           child = as.factor(child),
           group = as.factor(group),
           marpartner = as.factor(marpartner),
           race = as.factor(race),
           smoke_bio = as.factor(smoke_bio))
  
  return(dataset)
}

# Apply the function to each dataset
subset_dat1 <- transform_dataset(subset_dat1)
subset_dat2 <- transform_dataset(subset_dat2)
dat <- transform_dataset(dat)",match,"The code computes GrimAge2 EAA as residuals from regressing GrimAge2 age on chronological age and standardizes continuous covariates (including BMI), consistent with the paper’s description of deriving EAA via regression residuals and z-standardizing continuous variables before regression. Although the outcome EAA itself is not explicitly standardized in the shown code, the described and implemented transformations for EAA computation and covariate standardization align.",,
cha,25,"In the model predicting GrimAge2 EAA, BMI served as a health behavior covariate alongside smoking, alcohol, and other demographic variables. Higher BMI significantly predicted increased GrimAge2 acceleration, reinforcing the association between obesity and epigenetic aging.",Inference Specification,"For health behavior covariates, smoking status was significantly related to all EAA measures such that former smokers and current smokers had higher EAA than nonsmokers. Alcohol consumption was also related to PhenoAge and GrimAge2, such that more alcohol consumption was linked to higher EAA. The BMI was associated with all EAA measures, as higher BMI was linked to higher EAA.","# GrimAge2
main3 <-lm(eaa_grim ~
    # demographics
      age_bio_z + sex + edu_y_z + emp + race + marpartner + child + group + 
    # health covariates
      smoke_bio + drinks_bio_z + bmi_bio_z + 
    # key predictor
      cum_stress_11_z, data = subset_dat2)

## GrimAge2
tab_model(main3, show.se=TRUE, show.ci=FALSE, show.obs=FALSE, show.r2 =
            FALSE, vcov.fun = ""CL"", vcov.args = list(type = ""HC1"", cluster =
                                              subset_dat2$twin_cluster))
",unknown,"The paper excerpt only reports which variables were statistically significant without specifying inference criteria (e.g., alpha level, robust/clustered standard errors), while the code uses cluster-robust standard errors but does not explicitly state an alpha threshold. Because the paper’s inference details are absent in the provided text, it is not possible to determine whether the code’s inference approach matches the paper’s described criteria.",,
cha,26,"A multiple linear regression tested whether the interaction between cumulative stressors and overall psychological well-being predicted DunedinPACE EAA (with standardized predictors and cluster-robust SEs). The interaction term (Cumulative Stress × Psychological Well-Being) was non-significant (β ≈ 0, p = .23), indicating that overall well-being did not moderate the stress–DunedinPACE relationship.",Model Specification,"Hypotheses were tested by multiple linear regressions, with all continuous variables standardized before the analyses. Psychological well-being as a moderator was examined by regressing EAA on cumulative stressors, psychological well-being, and the interaction term between these two measures. To examine whether neuroticism aggravated the relationship between cumulative stressors and EAA, cumulative stressors, neuroticism, and their interaction were included as predictors. All regression models used cluster-robust standard errors to adjust for the 45 sets of twins or siblings in the analytic sample, and simple slope analyses were conducted with 1 SD above and below for the identified moderators.","### DunedinPACE

```{r}
pwb1 <-lm(bra6dmagedunedinpace ~
    # demographics
      age_bio_z + sex + edu_y_z + emp + race + marpartner + child + group + 
    # health covariates
      smoke_bio + drinks_bio_z + bmi_bio_z +  
    # Interaction
      cum_stress_11_z*pwb_z, data = dat)

# Show results
tab_model(pwb1, show.se=TRUE, show.ci=FALSE, show.obs=FALSE, show.r2 = FALSE,
          vcov.fun = ""CL"", vcov.args = list(type = ""HC1"", cluster =
                                              dat$twin_cluster))
```",match,"The code uses a multiple linear regression with an interaction term predicting DunedinPACE and applies cluster-robust standard errors, consistent with the paper’s described model specification.",,
cha,26,"A multiple linear regression tested whether the interaction between cumulative stressors and overall psychological well-being predicted DunedinPACE EAA (with standardized predictors and cluster-robust SEs). The interaction term (Cumulative Stress × Psychological Well-Being) was non-significant (β ≈ 0, p = .23), indicating that overall well-being did not moderate the stress–DunedinPACE relationship.",Variable Specification,"Psychological well-being as a moderator was examined by regressing EAA on cumulative stressors, psychological well-being, and the interaction term between these two measures. ... Overall psychological well-being was a significant moderator in the association of cumulative stressors with GrimAge2 (β =− .38, SE = .12, p , .01, f2_p = .01) but not with DunedinPACE (β =− .00, SE = .00, p = .23) or PhenoAge (β =− .13, SE = .17, p = .44).","transform_dataset <- function(dataset) {
  dataset <- dataset %>%
    # Change education to years
    mutate(edu = ifelse(edu %in% c(97, 98), NA, edu)) %>%
    mutate(edu_y = dplyr::recode(edu, 
    # recode education into years of education
                            ""1"" = 3,
                            ""2"" = 8,
                            ""3"" = 10.5,
                            ""4"" = 12,
                            ""5"" = 12,
                            ""6"" = 13.5,
                            ""7"" = 15,
                            ""8"" = 14,
                            ""9"" = 16,
                            ""10"" = 17,
                            ""11"" = 18,
                            ""12"" = 20,
                            .default = NA_real_)) %>%
    # Protective Factor (standardize psychological well-being)
    mutate(pwb_purpose_z = as.numeric(scale(pwb_purpose, center = TRUE, scale
                                            = TRUE)),
           pwb_mastery_z = as.numeric(scale(pwb_mastery, center = TRUE, scale                                             = TRUE)),
           pwb_accept_z = as.numeric(scale(pwb_accept, center = TRUE, scale =
                                             TRUE)),
           pwb_relation_z = as.numeric(scale(pwb_relation, center = TRUE,
                                             scale = TRUE)),
           pwb_growth_z = as.numeric(scale(pwb_growth, center = TRUE, scale =
                                             TRUE)),
           pwb_auto_z = as.numeric(scale(pwb_auto, center = TRUE, scale =
                                           TRUE)),
           pwb = (pwb_purpose_z + pwb_mastery_z + pwb_accept_z +
                    pwb_relation_z + pwb_growth_z + pwb_auto_z) / 6,
           pwb_z = as.numeric(scale(pwb, center = TRUE, scale = TRUE)),
           # Risk Factor (standardize neuroticism)
           neuro_z = as.numeric(scale(neuro, center = TRUE, scale = TRUE)),
           # Demographic covariates
           edu_y_z = as.numeric(scale(edu_y, center = TRUE, scale = TRUE)),
           age_bio_z = as.numeric(scale(age_bio, center = TRUE, scale =
                                          TRUE)),
           # Biomarker data covariates
           drinks_bio_z = as.numeric(scale(drinks_bio, center = TRUE, scale =
                                             TRUE)),
           bmi_bio_z = as.numeric(scale(bmi_bio, center = TRUE, scale =
                                          TRUE)),
           # Dummy code smoking status
           smoke_former = ifelse(smoke_bio == 1, 1, 0),
           smoke_current = ifelse(smoke_bio == 2, 1, 0),
           # Standardize cumulative stressor
           cum_stress_11_z = as.numeric(scale(cum_stress_11, center = TRUE,
                                              scale = TRUE))) %>%
    # Convert variables to factors
    mutate(emp = as.factor(emp),
           sex = as.factor(sex),
           child = as.factor(child),
           group = as.factor(group),
           marpartner = as.factor(marpartner),
           race = as.factor(race),
           smoke_bio = as.factor(smoke_bio))
  
  return(dataset)
}
...
### DunedinPACE

```{r}
pwb1 <-lm(bra6dmagedunedinpace ~
    # demographics
      age_bio_z + sex + edu_y_z + emp + race + marpartner + child + group + 
    # health covariates
      smoke_bio + drinks_bio_z + bmi_bio_z +  
    # Interaction
      cum_stress_11_z*pwb_z, data = dat)

# Show results
tab_model(pwb1, show.se=TRUE, show.ci=FALSE, show.obs=FALSE, show.r2 = FALSE,
          vcov.fun = ""CL"", vcov.args = list(type = ""HC1"", cluster =
                                              dat$twin_cluster))
```

### PhenoAge

```{r}
pwb2 <-lm(eaa_pheno ~
    # demographics
      age_bio_z + sex + edu_y_z + emp + race + marpartner + child + group + 
    # health covariates
      smoke_bio + drinks_bio_z + bmi_bio_z + 
    # Interaction
      cum_stress_11_z*pwb_z, data = subset_dat1)

# Show results
tab_model(pwb2, show.se=TRUE, show.ci=FALSE, show.obs=FALSE, show.r2 = FALSE, vcov.fun = ""CL"", vcov.args = list(type = ""HC1"", cluster = subset_dat1$twin_cluster))
```

### GrimAge2

```{r}
# GrimAge2
pwb3 <-lm(eaa_grim ~
    # demographics
      age_bio_z + sex + edu_y_z + emp + race + marpartner + child + group + 
    # health covariates
      smoke_bio + drinks_bio_z + bmi_bio_z + 
    # Interaction
      cum_stress_11_z*pwb_z, data = subset_dat2)

# Show results
tab_model(pwb3, show.se=TRUE, show.ci=FALSE, show.obs=FALSE, show.r2 = FALSE, vcov.fun = ""CL"", vcov.args = list(type = ""HC1"", cluster = subset_dat2$twin_cluster))

# Effect size
cohens_f_squared(pwb3)

## Simple slopes
### IV = Cumulative stressors; Moderator: Psychological well-being
sim_slopes(pwb3, pred = ""cum_stress_11_z"", modx = ""pwb_z"", modx.values = c(-1,1), digits = 5, robust = ""HC1"", cluster = ""twin_cluster"")

### IV = Psychological well-being; Moderator: Cumulative stressors
sim_slopes(pwb3, pred = ""pwb_z"", modx = ""cum_stress_11_z"", modx.values = c(-1,1), digits = 5, robust = ""HC1"", cluster = ""twin_cluster"")
```",match,"The code specifies DunedinPACE EAA as the outcome and includes cumulative stressors, overall psychological well-being, and their interaction as predictors, with psychological well-being operationalized as an overall composite, matching the paper’s description. Additional demographic and health covariates in the code do not contradict the paper’s stated variable roles.",,
cha,26,"A multiple linear regression tested whether the interaction between cumulative stressors and overall psychological well-being predicted DunedinPACE EAA (with standardized predictors and cluster-robust SEs). The interaction term (Cumulative Stress × Psychological Well-Being) was non-significant (β ≈ 0, p = .23), indicating that overall well-being did not moderate the stress–DunedinPACE relationship.",Transformation Specification,"All values for 11 domains were standardized and summed to make a single index of cumulative stressors (for more details on the constructs, see the online supplemental materials, pp. 2–4).

The scales were summed to make six separate dimensions, and the scores were reverse coded so that higher scores indicate higher standing in the measure. The combined psychological well-being measure was calculated as the average of the standardized scores across the six dimensions of psychological well-being.

Hypotheses were tested by multiple linear regressions, with all continuous variables standardized before the analyses.","transform_dataset <- function(dataset) {
  dataset <- dataset %>%
    # Change education to years
    mutate(edu = ifelse(edu %in% c(97, 98), NA, edu)) %>%
    mutate(edu_y = dplyr::recode(edu, 
    # recode education into years of education
                            ""1"" = 3,
                            ""2"" = 8,
                            ""3"" = 10.5,
                            ""4"" = 12,
                            ""5"" = 12,
                            ""6"" = 13.5,
                            ""7"" = 15,
                            ""8"" = 14,
                            ""9"" = 16,
                            ""10"" = 17,
                            ""11"" = 18,
                            ""12"" = 20,
                            .default = NA_real_)) %>%
    # Protective Factor (standardize psychological well-being)
    mutate(pwb_purpose_z = as.numeric(scale(pwb_purpose, center = TRUE, scale
                                            = TRUE)),
           pwb_mastery_z = as.numeric(scale(pwb_mastery, center = TRUE, scale                                             = TRUE)),
           pwb_accept_z = as.numeric(scale(pwb_accept, center = TRUE, scale =
                                             TRUE)),
           pwb_relation_z = as.numeric(scale(pwb_relation, center = TRUE,
                                             scale = TRUE)),
           pwb_growth_z = as.numeric(scale(pwb_growth, center = TRUE, scale =
                                             TRUE)),
           pwb_auto_z = as.numeric(scale(pwb_auto, center = TRUE, scale =
                                           TRUE)),
           pwb = (pwb_purpose_z + pwb_mastery_z + pwb_accept_z +
                    pwb_relation_z + pwb_growth_z + pwb_auto_z) / 6,
           pwb_z = as.numeric(scale(pwb, center = TRUE, scale = TRUE)),
           # Risk Factor (standardize neuroticism)
           neuro_z = as.numeric(scale(neuro, center = TRUE, scale = TRUE)),
           # Demographic covariates
           edu_y_z = as.numeric(scale(edu_y, center = TRUE, scale = TRUE)),
           age_bio_z = as.numeric(scale(age_bio, center = TRUE, scale =
                                          TRUE)),
           # Biomarker data covariates
           drinks_bio_z = as.numeric(scale(drinks_bio, center = TRUE, scale =
                                             TRUE)),
           bmi_bio_z = as.numeric(scale(bmi_bio, center = TRUE, scale =
                                          TRUE)),
           # Dummy code smoking status
           smoke_former = ifelse(smoke_bio == 1, 1, 0),
           smoke_current = ifelse(smoke_bio == 2, 1, 0),
           # Standardize cumulative stressor
           cum_stress_11_z = as.numeric(scale(cum_stress_11, center = TRUE,
                                              scale = TRUE))) %>%
    # Convert variables to factors
    mutate(emp = as.factor(emp),
           sex = as.factor(sex),
           child = as.factor(child),
           group = as.factor(group),
           marpartner = as.factor(marpartner),
           race = as.factor(race),
           smoke_bio = as.factor(smoke_bio))
  
  return(dataset)
}

# Apply the function to each dataset
subset_dat1 <- transform_dataset(subset_dat1)
subset_dat2 <- transform_dataset(subset_dat2)
dat <- transform_dataset(dat)

### DunedinPACE

```{r}
pwb1 <-lm(bra6dmagedunedinpace ~
    # demographics
      age_bio_z + sex + edu_y_z + emp + race + marpartner + child + group + 
    # health covariates
      smoke_bio + drinks_bio_z + bmi_bio_z +  
    # Interaction
      cum_stress_11_z*pwb_z, data = dat)

# Show results
tab_model(pwb1, show.se=TRUE, show.ci=FALSE, show.obs=FALSE, show.r2 = FALSE,
          vcov.fun = ""CL"", vcov.args = list(type = ""HC1"", cluster =
                                              dat$twin_cluster))",match,"The code constructs psychological well-being as the average of six standardized dimensions and standardizes all continuous predictors, consistent with the paper’s described transformations, and it further standardizes the cumulative stress index before analysis, which aligns with the stated practice of standardizing continuous variables prior to regression. Steps like reverse-coding and creation of the 11-domain cumulative stress index are not shown but are not contradicted by the provided code.",,
cha,26,"A multiple linear regression tested whether the interaction between cumulative stressors and overall psychological well-being predicted DunedinPACE EAA (with standardized predictors and cluster-robust SEs). The interaction term (Cumulative Stress × Psychological Well-Being) was non-significant (β ≈ 0, p = .23), indicating that overall well-being did not moderate the stress–DunedinPACE relationship.",Inference Specification,"Overall psychological well-being was a significant moderator in the association of cumulative stressors with GrimAge2 ( β =− .38,
SE = .12, p , .01, f2
p = .01) but not with DunedinPACE
(β =− .00, SE = .00, p = .23) or PhenoAge ( β =− .13, SE = .17,
p = .44).","pwb1 <-lm(bra6dmagedunedinpace ~
    # demographics
      age_bio_z + sex + edu_y_z + emp + race + marpartner + child + group + 
    # health covariates
      smoke_bio + drinks_bio_z + bmi_bio_z +  
    # Interaction
      cum_stress_11_z*pwb_z, data = dat)

# Show results
tab_model(pwb1, show.se=TRUE, show.ci=FALSE, show.obs=FALSE, show.r2 = FALSE,
          vcov.fun = ""CL"", vcov.args = list(type = ""HC1"", cluster =
                                              dat$twin_cluster))",unknown,"The paper implies conventional significance testing (e.g., interpreting p = .23 as non-significant), but neither the paper nor the code explicitly specify an inference criterion such as alpha = 0.05 or confidence interval rules.",,
cha,27,"A regression model examined the interaction of cumulative stressors and overall psychological well-being in predicting PhenoAge EAA, controlling for covariates. The Cumulative Stress × Psychological Well-Being interaction was non-significant (β = −.13, SE = .17, p = .44), suggesting no moderation of stress–PhenoAge links by global well-being.",Model Specification,"Hypotheses were tested by multiple linear regressions, with all continuous variables standardized before the analyses. Psychological well-being as a moderator was examined by regressing EAA on cumulative stressors, psychological well-being, and the interaction term between these two measures.","pwb2 <-lm(eaa_pheno ~
    # demographics
      age_bio_z + sex + edu_y_z + emp + race + marpartner + child + group + 
    # health covariates
      smoke_bio + drinks_bio_z + bmi_bio_z + 
    # Interaction
      cum_stress_11_z*pwb_z, data = subset_dat1)",match,"The code uses a linear regression model regressing PhenoAge EAA on cumulative stress, psychological well-being, their interaction, and covariates, aligning with the paper’s description of multiple linear regressions testing psychological well-being as a moderator via an interaction term. This matches the specified model structure for examining the Cumulative Stress × Psychological Well-Being interaction predicting EAA.",,
cha,27,"A regression model examined the interaction of cumulative stressors and overall psychological well-being in predicting PhenoAge EAA, controlling for covariates. The Cumulative Stress × Psychological Well-Being interaction was non-significant (β = −.13, SE = .17, p = .44), suggesting no moderation of stress–PhenoAge links by global well-being.",Variable Specification,"Overall psychological well-being was a signiﬁcant moderator in the association of cumulative stressors with GrimAge2 ( β =− .38, SE = .12, p , .01, f2
p = .01) but not with DunedinPACE (β =− .00, SE = .00, p = .23) or PhenoAge ( β =− .13, SE = .17, p = .44).

Psychological well-being as a moderator was examined by regressing EAA on cumulative stressors, psychological well-being, and the interaction term between these two measures.","# Compute EAA (Epigenetic Age Acceleration)
# PhenoAge EAA
subset_dat1 <- subset(dat, !is.na(bra6dmagephenoage) & !is.na(age_bio))
mod_test2 <- lm(bra6dmagephenoage ~ age_bio, data = subset_dat1)

subset_dat1$predict_phenoage = predict(mod_test2)
subset_dat1$eaa_pheno <- subset_dat1$bra6dmagephenoage - subset_dat1$predict_phenoage
...
transform_dataset <- function(dataset) {
  dataset <- dataset %>%
    # Change education to years
    mutate(edu = ifelse(edu %in% c(97, 98), NA, edu)) %>%
    mutate(edu_y = dplyr::recode(edu, 
    # recode education into years of education
                            ""1"" = 3,
                            ""2"" = 8,
                            ""3"" = 10.5,
                            ""4"" = 12,
                            ""5"" = 12,
                            ""6"" = 13.5,
                            ""7"" = 15,
                            ""8"" = 14,
                            ""9"" = 16,
                            ""10"" = 17,
                            ""11"" = 18,
                            ""12"" = 20,
                            .default = NA_real_)) %>%
    # Protective Factor (standardize psychological well-being)
    mutate(pwb_purpose_z = as.numeric(scale(pwb_purpose, center = TRUE, scale
                                            = TRUE)),
           pwb_mastery_z = as.numeric(scale(pwb_mastery, center = TRUE, scale                                             = TRUE)),
           pwb_accept_z = as.numeric(scale(pwb_accept, center = TRUE, scale =
                                             TRUE)),
           pwb_relation_z = as.numeric(scale(pwb_relation, center = TRUE,
                                             scale = TRUE)),
           pwb_growth_z = as.numeric(scale(pwb_growth, center = TRUE, scale =
                                             TRUE)),
           pwb_auto_z = as.numeric(scale(pwb_auto, center = TRUE, scale =
                                           TRUE)),
           pwb = (pwb_purpose_z + pwb_mastery_z + pwb_accept_z +
                    pwb_relation_z + pwb_growth_z + pwb_auto_z) / 6,
           pwb_z = as.numeric(scale(pwb, center = TRUE, scale = TRUE)),
           # Risk Factor (standardize neuroticism)
           neuro_z = as.numeric(scale(neuro, center = TRUE, scale = TRUE)),
           # Demographic covariates
           edu_y_z = as.numeric(scale(edu_y, center = TRUE, scale = TRUE)),
           age_bio_z = as.numeric(scale(age_bio, center = TRUE, scale =
                                          TRUE)),
           # Biomarker data covariates
           drinks_bio_z = as.numeric(scale(drinks_bio, center = TRUE, scale =
                                             TRUE)),
           bmi_bio_z = as.numeric(scale(bmi_bio, center = TRUE, scale =
                                          TRUE)),
           # Dummy code smoking status
           smoke_former = ifelse(smoke_bio == 1, 1, 0),
           smoke_current = ifelse(smoke_bio == 2, 1, 0),
           # Standardize cumulative stressor
           cum_stress_11_z = as.numeric(scale(cum_stress_11, center = TRUE,
                                              scale = TRUE))) %>%
    # Convert variables to factors
    mutate(emp = as.factor(emp),
           sex = as.factor(sex),
           child = as.factor(child),
           group = as.factor(group),
           marpartner = as.factor(marpartner),
           race = as.factor(race),
           smoke_bio = as.factor(smoke_bio))
  
  return(dataset)
}
...
### PhenoAge

```{r}
pwb2 <-lm(eaa_pheno ~
    # demographics
      age_bio_z + sex + edu_y_z + emp + race + marpartner + child + group + 
    # health covariates
      smoke_bio + drinks_bio_z + bmi_bio_z + 
    # Interaction
      cum_stress_11_z*pwb_z, data = subset_dat1)

# Show results
tab_model(pwb2, show.se=TRUE, show.ci=FALSE, show.obs=FALSE, show.r2 = FALSE, vcov.fun = ""CL"", vcov.args = list(type = ""HC1"", cluster = subset_dat1$twin_cluster))
```",match,"The code uses PhenoAge EAA as the outcome and includes cumulative stressors, overall psychological well-being, and their interaction as predictors, along with demographic and health covariates, matching the paper’s described variable roles. Psychological well-being is explicitly constructed as a composite and standardized moderator variable, consistent with the paper’s description of ‘overall psychological well-being’ as the moderator of the cumulative stress–EAA association.",,
cha,27,"A regression model examined the interaction of cumulative stressors and overall psychological well-being in predicting PhenoAge EAA, controlling for covariates. The Cumulative Stress × Psychological Well-Being interaction was non-significant (β = −.13, SE = .17, p = .44), suggesting no moderation of stress–PhenoAge links by global well-being.",Transformation Specification,"All values for 11 domains were standardized and summed to make a single index of cumulative stressors (for more details on the constructs, see the online supplemental materials, pp. 2–4).

The scales were summed to make six separate dimensions, and the scores were reverse coded so that higher scores indicate higher standing in the measure. The combined psychological well-being measure was calculated as the average of the standardized scores across the six dimensions of psychological well-being.

To calculate EAA from the other epigenetic age measures, we regressed GrimAge2 and PhenoAge on chronological age and computed residuals to index how much older one is biologically compared to one’s chronological age. Thus, a positive value indicated EAA.

Hypotheses were tested by multiple linear regressions, with all continuous variables standardized before the analyses.","## make subset dataset

```{r}
# Compute EAA (Epigenetic Age Acceleration)
# PhenoAge EAA
subset_dat1 <- subset(dat, !is.na(bra6dmagephenoage) & !is.na(age_bio))
mod_test2 <- lm(bra6dmagephenoage ~ age_bio, data = subset_dat1)

subset_dat1$predict_phenoage = predict(mod_test2)
subset_dat1$eaa_pheno <- subset_dat1$bra6dmagephenoage - subset_dat1$predict_phenoage
```

## Transform/standardize

```{r}
transform_dataset <- function(dataset) {
  dataset <- dataset %>%
    # Change education to years
    mutate(edu = ifelse(edu %in% c(97, 98), NA, edu)) %>%
    mutate(edu_y = dplyr::recode(edu, 
    # recode education into years of education
                            ""1"" = 3,
                            ""2"" = 8,
                            ""3"" = 10.5,
                            ""4"" = 12,
                            ""5"" = 12,
                            ""6"" = 13.5,
                            ""7"" = 15,
                            ""8"" = 14,
                            ""9"" = 16,
                            ""10"" = 17,
                            ""11"" = 18,
                            ""12"" = 20,
                            .default = NA_real_)) %>%
    # Protective Factor (standardize psychological well-being)
    mutate(pwb_purpose_z = as.numeric(scale(pwb_purpose, center = TRUE, scale
                                            = TRUE)),
           pwb_mastery_z = as.numeric(scale(pwb_mastery, center = TRUE, scale                                             = TRUE)),
           pwb_accept_z = as.numeric(scale(pwb_accept, center = TRUE, scale =
                                             TRUE)),
           pwb_relation_z = as.numeric(scale(pwb_relation, center = TRUE,
                                             scale = TRUE)),
           pwb_growth_z = as.numeric(scale(pwb_growth, center = TRUE, scale =
                                             TRUE)),
           pwb_auto_z = as.numeric(scale(pwb_auto, center = TRUE, scale =
                                           TRUE)),
           pwb = (pwb_purpose_z + pwb_mastery_z + pwb_accept_z +
                    pwb_relation_z + pwb_growth_z + pwb_auto_z) / 6,
           pwb_z = as.numeric(scale(pwb, center = TRUE, scale = TRUE)),
           # Risk Factor (standardize neuroticism)
           neuro_z = as.numeric(scale(neuro, center = TRUE, scale = TRUE)),
           # Demographic covariates
           edu_y_z = as.numeric(scale(edu_y, center = TRUE, scale = TRUE)),
           age_bio_z = as.numeric(scale(age_bio, center = TRUE, scale =
                                          TRUE)),
           # Biomarker data covariates
           drinks_bio_z = as.numeric(scale(drinks_bio, center = TRUE, scale =
                                             TRUE)),
           bmi_bio_z = as.numeric(scale(bmi_bio, center = TRUE, scale =
                                          TRUE)),
           # Dummy code smoking status
           smoke_former = ifelse(smoke_bio == 1, 1, 0),
           smoke_current = ifelse(smoke_bio == 2, 1, 0),
           # Standardize cumulative stressor
           cum_stress_11_z = as.numeric(scale(cum_stress_11, center = TRUE,
                                              scale = TRUE))) %>%
    # Convert variables to factors
    mutate(emp = as.factor(emp),
           sex = as.factor(sex),
           child = as.factor(child),
           group = as.factor(group),
           marpartner = as.factor(marpartner),
           race = as.factor(race),
           smoke_bio = as.factor(smoke_bio))
  
  return(dataset)
}

# Apply the function to each dataset
subset_dat1 <- transform_dataset(subset_dat1)
```

### PhenoAge

```{r}
pwb2 <-lm(eaa_pheno ~
    # demographics
      age_bio_z + sex + edu_y_z + emp + race + marpartner + child + group + 
    # health covariates
      smoke_bio + drinks_bio_z + bmi_bio_z + 
    # Interaction
      cum_stress_11_z*pwb_z, data = subset_dat1)
```",match,"The code applies the described transformations: PhenoAge EAA is computed as residuals from regressing PhenoAge on chronological age, psychological well-being is formed as the average of standardized subscales, and all continuous predictors (including cumulative stress and PWB) are standardized before regression. Details on constructing the cumulative stress index from 11 domains are not shown in this snippet but the subsequent z-standardization of the cumulative index matches the paper’s statement about standardizing continuous variables prior to analysis.",,
cha,27,"A regression model examined the interaction of cumulative stressors and overall psychological well-being in predicting PhenoAge EAA, controlling for covariates. The Cumulative Stress × Psychological Well-Being interaction was non-significant (β = −.13, SE = .17, p = .44), suggesting no moderation of stress–PhenoAge links by global well-being.",Inference Specification,"Overall psychological well-being was a signiﬁcant moderator in the association of cumulative stressors with GrimAge2 (β =− .38, SE = .12, p , .01, f2_p = .01) but not with DunedinPACE (β =− .00, SE = .00, p = .23) or PhenoAge (β =− .13, SE = .17, p = .44).","pwb2 <-lm(eaa_pheno ~
    # demographics
      age_bio_z + sex + edu_y_z + emp + race + marpartner + child + group + 
    # health covariates
      smoke_bio + drinks_bio_z + bmi_bio_z + 
    # Interaction
      cum_stress_11_z*pwb_z, data = subset_dat1)

# Show results
tab_model(pwb2, show.se=TRUE, show.ci=FALSE, show.obs=FALSE, show.r2 = FALSE, vcov.fun = ""CL"", vcov.args = list(type = ""HC1"", cluster = subset_dat1$twin_cluster))",match,"The code fits the specified regression model and obtains p-values for the interaction term in a way consistent with the paper’s description of reporting β, SE, and p for significance testing, with no conflicting inference criteria indicated. The use of cluster-robust standard errors in the code is an inferential detail not contradicted or constrained by the paper excerpt.",,
cha,28,"A multiple linear regression assessed whether overall psychological well-being moderated the effect of cumulative stressors on GrimAge2 EAA, with standardized variables and cluster-robust errors. The Cumulative Stress × Psychological Well-Being interaction was significant (β = −.38, SE = .12, p < .01, f²_p = .01), indicating that higher well-being buffered the association between stress and GrimAge2 acceleration.",Model Specification,"Hypotheses were tested by multiple linear regressions, with all continuous variables standardized before the analyses. Psychological well-being as a moderator was examined by regressing EAA on cumulative stressors, psychological well-being, and the interaction term between these two measures. To examine whether neuroticism aggravated the relationship between cumulative stressors and EAA, cumulative stressors, neuroticism, and their interaction were included as predictors. All regression models used cluster-robust standard errors to adjust for the 45 sets of twins or siblings in the analytic sample, and simple slope analyses were conducted with 1 SD above and below for the identified moderators.","### GrimAge2

```{r}
# GrimAge2
pwb3 <-lm(eaa_grim ~
    # demographics
      age_bio_z + sex + edu_y_z + emp + race + marpartner + child + group + 
    # health covariates
      smoke_bio + drinks_bio_z + bmi_bio_z + 
    # Interaction
      cum_stress_11_z*pwb_z, data = subset_dat2)

# Show results
tab_model(pwb3, show.se=TRUE, show.ci=FALSE, show.obs=FALSE, show.r2 = FALSE, vcov.fun = ""CL"", vcov.args = list(type = ""HC1"", cluster = subset_dat2$twin_cluster))

# Effect size
cohens_f_squared(pwb3)

## Simple slopes
### IV = Cumulative stressors; Moderator: Psychological well-being
sim_slopes(pwb3, pred = ""cum_stress_11_z"", modx = ""pwb_z"", modx.values = c(-1,1), digits = 5, robust = ""HC1"", cluster = ""twin_cluster"")
```
",match,"The code implements a multiple linear regression of GrimAge2 EAA on cumulative stress, psychological well-being, and their interaction with cluster-robust standard errors, consistent with the paper’s described model specification.",,
cha,28,"A multiple linear regression assessed whether overall psychological well-being moderated the effect of cumulative stressors on GrimAge2 EAA, with standardized variables and cluster-robust errors. The Cumulative Stress × Psychological Well-Being interaction was significant (β = −.38, SE = .12, p < .01, f²_p = .01), indicating that higher well-being buffered the association between stress and GrimAge2 acceleration.",Variable Specification,"Hypotheses were tested by multiple linear regressions, with all continuous variables standardized before the analyses. Psychological well-being as a moderator was examined by regressing EAA on cumulative stressors, psychological well-being, and the interaction term between these two measures.","# Protective Factor (standardize psychological well-being)
mutate(pwb_purpose_z = as.numeric(scale(pwb_purpose, center = TRUE, scale
                                            = TRUE)),
           pwb_mastery_z = as.numeric(scale(pwb_mastery, center = TRUE, scale                                             = TRUE)),
           pwb_accept_z = as.numeric(scale(pwb_accept, center = TRUE, scale =
                                             TRUE)),
           pwb_relation_z = as.numeric(scale(pwb_relation, center = TRUE,
                                             scale = TRUE)),
           pwb_growth_z = as.numeric(scale(pwb_growth, center = TRUE, scale =
                                             TRUE)),
           pwb_auto_z = as.numeric(scale(pwb_auto, center = TRUE, scale =
                                           TRUE)),
           pwb = (pwb_purpose_z + pwb_mastery_z + pwb_accept_z +
                    pwb_relation_z + pwb_growth_z + pwb_auto_z) / 6,
           pwb_z = as.numeric(scale(pwb, center = TRUE, scale = TRUE)),
           ...
           # Standardize cumulative stressor
           cum_stress_11_z = as.numeric(scale(cum_stress_11, center = TRUE,
                                              scale = TRUE)))
...
# GrimAge2
pwb3 <-lm(eaa_grim ~
    # demographics
      age_bio_z + sex + edu_y_z + emp + race + marpartner + child + group + 
    # health covariates
      smoke_bio + drinks_bio_z + bmi_bio_z + 
    # Interaction
      cum_stress_11_z*pwb_z, data = subset_dat2)",match,"The code regresses GrimAge2 EAA on standardized cumulative stress, standardized psychological well-being, and their interaction, matching the described moderator analysis; inclusion of additional covariates in the code does not conflict with the paper’s variable specification. The moderator (pwb_z), predictor (cum_stress_11_z), and outcome (eaa_grim) roles align with the text.",,
cha,28,"A multiple linear regression assessed whether overall psychological well-being moderated the effect of cumulative stressors on GrimAge2 EAA, with standardized variables and cluster-robust errors. The Cumulative Stress × Psychological Well-Being interaction was significant (β = −.38, SE = .12, p < .01, f²_p = .01), indicating that higher well-being buffered the association between stress and GrimAge2 acceleration.",Transformation Specification,"All values for 11 domains were standardized and summed to make a single index of cumulative stressors (for more details on the constructs, see the online supplemental materials, pp. 2–4). The scales were summed to make six separate dimensions, and the scores were reverse coded so that higher scores indicate higher standing in the measure. The combined psychological well-being measure was calculated as the average of the standardized scores across the six dimensions of psychological well-being. To calculate EAA from the other epigenetic age measures, we regressed GrimAge2 and PhenoAge on chronological age and computed residuals to index how much older one is biologically compared to one’s chronological age. Hypotheses were tested by multiple linear regressions, with all continuous variables standardized before the analyses.","# GrimAge2 EAA
subset_dat2 <- subset(dat, !is.na(bra6dmagegrimage2) & !is.na(age_bio))
mod_test2 <- lm(bra6dmagegrimage2 ~ age_bio, data = subset_dat2)

subset_dat2$predict_grimage2 = predict(mod_test2)
subset_dat2$eaa_grim <- subset_dat2$bra6dmagegrimage2 - subset_dat2$predict_grimage2

## Transform/standardize

transform_dataset <- function(dataset) {
  dataset <- dataset %>%
    # Change education to years
    mutate(edu = ifelse(edu %in% c(97, 98), NA, edu)) %>%
    mutate(edu_y = dplyr::recode(edu, 
    # recode education into years of education
                            ""1"" = 3,
                            ""2"" = 8,
                            ""3"" = 10.5,
                            ""4"" = 12,
                            ""5"" = 12,
                            ""6"" = 13.5,
                            ""7"" = 15,
                            ""8"" = 14,
                            ""9"" = 16,
                            ""10"" = 17,
                            ""11"" = 18,
                            ""12"" = 20,
                            .default = NA_real_)) %>%
    # Protective Factor (standardize psychological well-being)
    mutate(pwb_purpose_z = as.numeric(scale(pwb_purpose, center = TRUE, scale
                                            = TRUE)),
           pwb_mastery_z = as.numeric(scale(pwb_mastery, center = TRUE, scale                                             = TRUE)),
           pwb_accept_z = as.numeric(scale(pwb_accept, center = TRUE, scale =
                                             TRUE)),
           pwb_relation_z = as.numeric(scale(pwb_relation, center = TRUE,
                                             scale = TRUE)),
           pwb_growth_z = as.numeric(scale(pwb_growth, center = TRUE, scale =
                                             TRUE)),
           pwb_auto_z = as.numeric(scale(pwb_auto, center = TRUE, scale =
                                           TRUE)),
           pwb = (pwb_purpose_z + pwb_mastery_z + pwb_accept_z +
                    pwb_relation_z + pwb_growth_z + pwb_auto_z) / 6,
           pwb_z = as.numeric(scale(pwb, center = TRUE, scale = TRUE)),
           # Risk Factor (standardize neuroticism)
           neuro_z = as.numeric(scale(neuro, center = TRUE, scale = TRUE)),
           # Demographic covariates
           edu_y_z = as.numeric(scale(edu_y, center = TRUE, scale = TRUE)),
           age_bio_z = as.numeric(scale(age_bio, center = TRUE, scale =
                                          TRUE)),
           # Biomarker data covariates
           drinks_bio_z = as.numeric(scale(drinks_bio, center = TRUE, scale =
                                             TRUE)),
           bmi_bio_z = as.numeric(scale(bmi_bio, center = TRUE, scale =
                                          TRUE)),
           # Dummy code smoking status
           smoke_former = ifelse(smoke_bio == 1, 1, 0),
           smoke_current = ifelse(smoke_bio == 2, 1, 0),
           # Standardize cumulative stressor
           cum_stress_11_z = as.numeric(scale(cum_stress_11, center = TRUE,
                                              scale = TRUE))) %>%
    # Convert variables to factors
    mutate(emp = as.factor(emp),
           sex = as.factor(sex),
           child = as.factor(child),
           group = as.factor(group),
           marpartner = as.factor(marpartner),
           race = as.factor(race),
           smoke_bio = as.factor(smoke_bio))
  
  return(dataset)
}

# Apply the function to each dataset
subset_dat2 <- transform_dataset(subset_dat2)",match,"The implemented transformations for GrimAge2 EAA, psychological well-being, and standardization of continuous predictors are consistent with the paper’s described procedures, and there is no visible contradiction regarding the cumulative stress index (its construction simply occurs outside the provided snippet).",,
cha,28,"A multiple linear regression assessed whether overall psychological well-being moderated the effect of cumulative stressors on GrimAge2 EAA, with standardized variables and cluster-robust errors. The Cumulative Stress × Psychological Well-Being interaction was significant (β = −.38, SE = .12, p < .01, f²_p = .01), indicating that higher well-being buffered the association between stress and GrimAge2 acceleration.",Inference Specification,"Overall psychological well-being was a significant moderator in the association of cumulative stressors with GrimAge2 (β =− .38, SE = .12, p , .01, f2_p = .01) but not with DunedinPACE (β =− .00, SE = .00, p = .23) or PhenoAge (β =− .13, SE = .17, p = .44). Simple slope analysis revealed that individuals with low psychological well-being experienced heightened GrimAge2 levels in response to higher cumulative stressors (β = .47, SE = .19, p = .02), whereas this association was not observed among those with high psychological well-being (β =− .28, SE = .21, p = .18).","### GrimAge2

# GrimAge2
pwb3 <-lm(eaa_grim ~
    # demographics
      age_bio_z + sex + edu_y_z + emp + race + marpartner + child + group + 
    # health covariates
      smoke_bio + drinks_bio_z + bmi_bio_z + 
    # Interaction
      cum_stress_11_z*pwb_z, data = subset_dat2)

# Show results
tab_model(pwb3, show.se=TRUE, show.ci=FALSE, show.obs=FALSE, show.r2 = FALSE, vcov.fun = ""CL"", vcov.args = list(type = ""HC1"", cluster = subset_dat2$twin_cluster))

# Effect size
cohens_f_squared(pwb3)

## Simple slopes
### IV = Cumulative stressors; Moderator: Psychological well-being
sim_slopes(pwb3, pred = ""cum_stress_11_z"", modx = ""pwb_z"", modx.values = c(-1,1), digits = 5, robust = ""HC1"", cluster = ""twin_cluster"")

### IV = Psychological well-being; Moderator: Cumulative stressors
sim_slopes(pwb3, pred = ""pwb_z"", modx = ""cum_stress_11_z"", modx.values = c(-1,1), digits = 5, robust = ""HC1"", cluster = ""twin_cluster"")
",match,"The code uses cluster-robust (HC1) standard errors and p-values to assess significance, consistent with the paper’s reporting of p-values and identification of a significant interaction effect. Both the main interaction and simple slopes are tested with robust clustered inference, matching the described inferential approach.",,
cha,29,"Simple slope analysis was conducted on the significant interaction between cumulative stressors and overall psychological well-being predicting GrimAge2, estimating the slope of cumulative stress at low well-being (−1 SD). Among individuals with low well-being, higher cumulative stressors were significantly associated with increased GrimAge2 EAA (β = .47, SE = .19, p = .02).",Model Specification,"Hypotheses were tested by multiple linear regressions, with all continuous variables standardized before the analyses. Psychological well-being as a moderator was examined by regressing EAA on cumulative stressors, psychological well-being, and the interaction term between these two measures. ... All regression models used cluster-robust standard errors to adjust for the 45 sets of twins or siblings in the analytic sample, and simple slope analyses were conducted with 1 SD above and below for the identified moderators.","# GrimAge2
pwb3 <-lm(eaa_grim ~
    # demographics
      age_bio_z + sex + edu_y_z + emp + race + marpartner + child + group + 
    # health covariates
      smoke_bio + drinks_bio_z + bmi_bio_z + 
    # Interaction
      cum_stress_11_z*pwb_z, data = subset_dat2)

# Show results
tab_model(pwb3, show.se=TRUE, show.ci=FALSE, show.obs=FALSE, show.r2 = FALSE, vcov.fun = ""CL"", vcov.args = list(type = ""HC1"", cluster = subset_dat2$twin_cluster))

## Simple slopes
### IV = Cumulative stressors; Moderator: Psychological well-being
sim_slopes(pwb3, pred = ""cum_stress_11_z"", modx = ""pwb_z"", modx.values = c(-1,1), digits = 5, robust = ""HC1"", cluster = ""twin_cluster"")

### IV = Psychological well-being; Moderator: Cumulative stressors
sim_slopes(pwb3, pred = ""pwb_z"", modx = ""cum_stress_11_z"", modx.values = c(-1,1), digits = 5, robust = ""HC1"", cluster = ""twin_cluster"")",match,"The paper describes using multiple linear regression with an interaction term and cluster-robust standard errors, and the code implements an lm() model with the specified interaction and uses clustered robust SE along with simple slopes at ±1 SD of the moderator. This aligns with the stated model specification for examining the interaction between cumulative stressors and psychological well-being predicting GrimAge2 EAA.",,
cha,29,"Simple slope analysis was conducted on the significant interaction between cumulative stressors and overall psychological well-being predicting GrimAge2, estimating the slope of cumulative stress at low well-being (−1 SD). Among individuals with low well-being, higher cumulative stressors were significantly associated with increased GrimAge2 EAA (β = .47, SE = .19, p = .02).",Variable Specification,"Overall psychological well-being was a significant moderator in the association of cumulative stressors with GrimAge2 (β = −.38, SE = .12, p < .01, f²ₚ = .01) but not with DunedinPACE (β = −.00, SE = .00, p = .23) or PhenoAge (β = −.13, SE = .17, p = .44). Simple slope analysis revealed that individuals with low psychological well-being experienced heightened GrimAge2 levels in response to higher cumulative stressors (β = .47, SE = .19, p = .02), whereas this association was not observed among those with high psychological well-being (β = −.28, SE = .21, p = .18). Psychological well-being as a moderator was examined by regressing EAA on cumulative stressors, psychological well-being, and the interaction term between these two measures.","           pwb = (pwb_purpose_z + pwb_mastery_z + pwb_accept_z +
                    pwb_relation_z + pwb_growth_z + pwb_auto_z) / 6,
           pwb_z = as.numeric(scale(pwb, center = TRUE, scale = TRUE)),
           # Standardize cumulative stressor
           cum_stress_11_z = as.numeric(scale(cum_stress_11, center = TRUE,
                                              scale = TRUE))) %>%
...
# GrimAge2
pwb3 <-lm(eaa_grim ~
    # demographics
      age_bio_z + sex + edu_y_z + emp + race + marpartner + child + group + 
    # health covariates
      smoke_bio + drinks_bio_z + bmi_bio_z + 
    # Interaction
      cum_stress_11_z*pwb_z, data = subset_dat2)

# Show results
tab_model(pwb3, show.se=TRUE, show.ci=FALSE, show.obs=FALSE, show.r2 = FALSE, vcov.fun = ""CL"", vcov.args = list(type = ""HC1"", cluster = subset_dat2$twin_cluster))

# Effect size
cohens_f_squared(pwb3)

## Simple slopes
### IV = Cumulative stressors; Moderator: Psychological well-being
sim_slopes(pwb3, pred = ""cum_stress_11_z"", modx = ""pwb_z"", modx.values = c(-1,1), digits = 5, robust = ""HC1"", cluster = ""twin_cluster"")

### IV = Psychological well-being; Moderator: Cumulative stressors
sim_slopes(pwb3, pred = ""pwb_z"", modx = ""cum_stress_11_z"", modx.values = c(-1,1), digits = 5, robust = ""HC1"", cluster = ""twin_cluster"")",match,"The code uses GrimAge2 EAA as the outcome and models cumulative stressors as the predictor, psychological well-being as the moderator, and their interaction, then computes simple slopes of cumulative stressors at ±1 SD of well-being, matching the paper’s description of the variable roles in this analysis.",,
cha,29,"Simple slope analysis was conducted on the significant interaction between cumulative stressors and overall psychological well-being predicting GrimAge2, estimating the slope of cumulative stress at low well-being (−1 SD). Among individuals with low well-being, higher cumulative stressors were significantly associated with increased GrimAge2 EAA (β = .47, SE = .19, p = .02).",Transformation Specification,"Hypotheses were tested by multiple linear regressions, with all continuous variables standardized before the analyses. … To calculate EAA from the other epigenetic age measures, we regressed GrimAge2 and PhenoAge on chronological age and computed residuals to index how much older one is biologically compared to one’s chronological age.","# Compute EAA (Epigenetic Age Acceleration)
# PhenoAge EAA
subset_dat1 <- subset(dat, !is.na(bra6dmagephenoage) & !is.na(age_bio))
mod_test2 <- lm(bra6dmagephenoage ~ age_bio, data = subset_dat1)

subset_dat1$predict_phenoage = predict(mod_test2)
subset_dat1$eaa_pheno <- subset_dat1$bra6dmagephenoage - subset_dat1$predict_phenoage

# GrimAge2 EAA
subset_dat2 <- subset(dat, !is.na(bra6dmagegrimage2) & !is.na(age_bio))
mod_test2 <- lm(bra6dmagegrimage2 ~ age_bio, data = subset_dat2)

subset_dat2$predict_grimage2 = predict(mod_test2)
subset_dat2$eaa_grim <- subset_dat2$bra6dmagegrimage2 - subset_dat2$predict_grimage2
...
transform_dataset <- function(dataset) {
  dataset <- dataset %>%
    # Change education to years
    mutate(edu = ifelse(edu %in% c(97, 98), NA, edu)) %>%
    mutate(edu_y = dplyr::recode(edu, 
    # recode education into years of education
                            ""1"" = 3,
                            ""2"" = 8,
                            ""3"" = 10.5,
                            ""4"" = 12,
                            ""5"" = 12,
                            ""6"" = 13.5,
                            ""7"" = 15,
                            ""8"" = 14,
                            ""9"" = 16,
                            ""10"" = 17,
                            ""11"" = 18,
                            ""12"" = 20,
                            .default = NA_real_)) %>%
    # Protective Factor (standardize psychological well-being)
    mutate(pwb_purpose_z = as.numeric(scale(pwb_purpose, center = TRUE, scale
                                            = TRUE)),
           pwb_mastery_z = as.numeric(scale(pwb_mastery, center = TRUE, scale                                             = TRUE)),
           pwb_accept_z = as.numeric(scale(pwb_accept, center = TRUE, scale =
                                             TRUE)),
           pwb_relation_z = as.numeric(scale(pwb_relation, center = TRUE,
                                             scale = TRUE)),
           pwb_growth_z = as.numeric(scale(pwb_growth, center = TRUE, scale =
                                             TRUE)),
           pwb_auto_z = as.numeric(scale(pwb_auto, center = TRUE, scale =
                                           TRUE)),
           pwb = (pwb_purpose_z + pwb_mastery_z + pwb_accept_z +
                    pwb_relation_z + pwb_growth_z + pwb_auto_z) / 6,
           pwb_z = as.numeric(scale(pwb, center = TRUE, scale = TRUE)),
           # Risk Factor (standardize neuroticism)
           neuro_z = as.numeric(scale(neuro, center = TRUE, scale = TRUE)),
           # Demographic covariates
           edu_y_z = as.numeric(scale(edu_y, center = TRUE, scale = TRUE)),
           age_bio_z = as.numeric(scale(age_bio, center = TRUE, scale =
                                          TRUE)),
           # Biomarker data covariates
           drinks_bio_z = as.numeric(scale(drinks_bio, center = TRUE, scale =
                                             TRUE)),
           bmi_bio_z = as.numeric(scale(bmi_bio, center = TRUE, scale =
                                          TRUE)),
           # Dummy code smoking status
           smoke_former = ifelse(smoke_bio == 1, 1, 0),
           smoke_current = ifelse(smoke_bio == 2, 1, 0),
           # Standardize cumulative stressor
           cum_stress_11_z = as.numeric(scale(cum_stress_11, center = TRUE,
                                              scale = TRUE))) %>%
    # Convert variables to factors
    mutate(emp = as.factor(emp),
           sex = as.factor(sex),
           child = as.factor(child),
           group = as.factor(group),
           marpartner = as.factor(marpartner),
           race = as.factor(race),
           smoke_bio = as.factor(smoke_bio))
  
  return(dataset)
}

# Apply the function to each dataset
subset_dat1 <- transform_dataset(subset_dat1)
subset_dat2 <- transform_dataset(subset_dat2)
dat <- transform_dataset(dat)
...
# GrimAge2
pwb3 <-lm(eaa_grim ~
    # demographics
      age_bio_z + sex + edu_y_z + emp + race + marpartner + child + group + 
    # health covariates
      smoke_bio + drinks_bio_z + bmi_bio_z + 
    # Interaction
      cum_stress_11_z*pwb_z, data = subset_dat2)

# Show results
tab_model(pwb3, show.se=TRUE, show.ci=FALSE, show.obs=FALSE, show.r2 = FALSE, vcov.fun = ""CL"", vcov.args = list(type = ""HC1"", cluster = subset_dat2$twin_cluster))

# Effect size
cohens_f_squared(pwb3)

## Simple slopes
### IV = Cumulative stressors; Moderator: Psychological well-being
sim_slopes(pwb3, pred = ""cum_stress_11_z"", modx = ""pwb_z"", modx.values = c(-1,1), digits = 5, robust = ""HC1"", cluster = ""twin_cluster"")",match,"The code computes EAA as residuals from regressing epigenetic ages on chronological age and standardizes continuous predictors, consistent with the paper’s described transformations for this analysis. The additional details in code (e.g., construction of a standardized PWB composite) do not conflict with the paper’s broader description of standardization prior to analysis.",,
cha,29,"Simple slope analysis was conducted on the significant interaction between cumulative stressors and overall psychological well-being predicting GrimAge2, estimating the slope of cumulative stress at low well-being (−1 SD). Among individuals with low well-being, higher cumulative stressors were significantly associated with increased GrimAge2 EAA (β = .47, SE = .19, p = .02).",Inference Specification,"Simple slope analysis revealed that individuals with low psychological well-being experienced heightened GrimAge2 levels in response to higher cumulative stressors (β = .47, SE = .19, p = .02), whereas this association was not observed among those with high psychological well-being (β = − .28, SE = .21, p = .18). All regression models used cluster-robust standard errors to adjust for the 45 sets of twins or siblings in the analytic sample, and simple slope analyses were conducted with 1 SD above and below for the identified moderators.","### GrimAge2

```{r}
# GrimAge2
pwb3 <-lm(eaa_grim ~
    # demographics
      age_bio_z + sex + edu_y_z + emp + race + marpartner + child + group + 
    # health covariates
      smoke_bio + drinks_bio_z + bmi_bio_z + 
    # Interaction
      cum_stress_11_z*pwb_z, data = subset_dat2)

# Show results
tab_model(pwb3, show.se=TRUE, show.ci=FALSE, show.obs=FALSE, show.r2 = FALSE, vcov.fun = ""CL"", vcov.args = list(type = ""HC1"", cluster = subset_dat2$twin_cluster))

# Effect size
cohens_f_squared(pwb3)

## Simple slopes
### IV = Cumulative stressors; Moderator: Psychological well-being
sim_slopes(pwb3, pred = ""cum_stress_11_z"", modx = ""pwb_z"", modx.values = c(-1,1), digits = 5, robust = ""HC1"", cluster = ""twin_cluster"")

### IV = Psychological well-being; Moderator: Cumulative stressors
sim_slopes(pwb3, pred = ""pwb_z"", modx = ""cum_stress_11_z"", modx.values = c(-1,1), digits = 5, robust = ""HC1"", cluster = ""twin_cluster"")
```",match,"The code applies cluster-robust standard errors and evaluates simple slopes at ±1 SD of the moderator, matching the inference description in the paper. No conflicting inference criteria (e.g., alpha level) appear between the paper and code.",,
cha,30,"A complementary simple slope analysis estimated the effect of cumulative stressors on GrimAge2 at high overall psychological well-being (+1 SD). For those with high well-being, cumulative stressors were not significantly related to GrimAge2 acceleration (β = −.28, SE = .21, p = .18), consistent with a buffering effect of psychological well-being.",Model Specification,"Hypotheses were tested by multiple linear regressions, with all continuous variables standardized before the analyses. ... All regression models used cluster-robust standard errors to adjust for the 45 sets of twins or siblings in the analytic sample, and simple slope analyses were conducted with 1 SD above and below for the identified moderators.","# GrimAge2
pwb3 <-lm(eaa_grim ~
    # demographics
      age_bio_z + sex + edu_y_z + emp + race + marpartner + child + group + 
    # health covariates
      smoke_bio + drinks_bio_z + bmi_bio_z + 
    # Interaction
      cum_stress_11_z*pwb_z, data = subset_dat2)

# Show results
tab_model(pwb3, show.se=TRUE, show.ci=FALSE, show.obs=FALSE, show.r2 = FALSE, vcov.fun = ""CL"", vcov.args = list(type = ""HC1"", cluster = subset_dat2$twin_cluster))

# Effect size
cohens_f_squared(pwb3)

## Simple slopes
### IV = Cumulative stressors; Moderator: Psychological well-being
sim_slopes(pwb3, pred = ""cum_stress_11_z"", modx = ""pwb_z"", modx.values = c(-1,1), digits = 5, robust = ""HC1"", cluster = ""twin_cluster"")

### IV = Psychological well-being; Moderator: Cumulative stressors
sim_slopes(pwb3, pred = ""pwb_z"", modx = ""cum_stress_11_z"", modx.values = c(-1,1), digits = 5, robust = ""HC1"", cluster = ""twin_cluster"")",match,"The paper describes using multiple linear regression with cluster-robust standard errors and simple slope analyses at ±1 SD, and the code implements an lm() regression with an interaction term, cluster-robust SEs, and sim_slopes at −1 and +1 SD. Thus, the model specification in the code aligns with the paper’s description for this analysis.",,
cha,30,"A complementary simple slope analysis estimated the effect of cumulative stressors on GrimAge2 at high overall psychological well-being (+1 SD). For those with high well-being, cumulative stressors were not significantly related to GrimAge2 acceleration (β = −.28, SE = .21, p = .18), consistent with a buffering effect of psychological well-being.",Variable Specification,"Overall psychological well-being was a significant moderator in the association of cumulative stressors with GrimAge2 ( β =− .38,
SE = .12, p , .01, f2
p = .01) ... Simple slope analysis revealed that individuals with
low psychological well-being experienced heightened GrimAge2
levels in response to higher cumulative stressors ( β = .47,
SE = .19, p = .02), whereas this association was not observed
among those with high psychological well-being ( β =− .28,
SE = .21, p = .18).","transform_dataset <- function(dataset) {
  dataset <- dataset %>%
    # Change education to years
    mutate(edu = ifelse(edu %in% c(97, 98), NA, edu)) %>%
    mutate(edu_y = dplyr::recode(edu, 
    # recode education into years of education
                            ""1"" = 3,
                            ""2"" = 8,
                            ""3"" = 10.5,
                            ""4"" = 12,
                            ""5"" = 12,
                            ""6"" = 13.5,
                            ""7"" = 15,
                            ""8"" = 14,
                            ""9"" = 16,
                            ""10"" = 17,
                            ""11"" = 18,
                            ""12"" = 20,
                            .default = NA_real_)) %>%
    # Protective Factor (standardize psychological well-being)
    mutate(pwb_purpose_z = as.numeric(scale(pwb_purpose, center = TRUE, scale
                                            = TRUE)),
           pwb_mastery_z = as.numeric(scale(pwb_mastery, center = TRUE, scale                                             = TRUE)),
           pwb_accept_z = as.numeric(scale(pwb_accept, center = TRUE, scale =
                                             TRUE)),
           pwb_relation_z = as.numeric(scale(pwb_relation, center = TRUE,
                                             scale = TRUE)),
           pwb_growth_z = as.numeric(scale(pwb_growth, center = TRUE, scale =
                                             TRUE)),
           pwb_auto_z = as.numeric(scale(pwb_auto, center = TRUE, scale =
                                           TRUE)),
           pwb = (pwb_purpose_z + pwb_mastery_z + pwb_accept_z +
                    pwb_relation_z + pwb_growth_z + pwb_auto_z) / 6,
           pwb_z = as.numeric(scale(pwb, center = TRUE, scale = TRUE)),
           # Risk Factor (standardize neuroticism)
           neuro_z = as.numeric(scale(neuro, center = TRUE, scale = TRUE)),
           # Demographic covariates
           edu_y_z = as.numeric(scale(edu_y, center = TRUE, scale = TRUE)),
           age_bio_z = as.numeric(scale(age_bio, center = TRUE, scale =
                                          TRUE)),
           # Biomarker data covariates
           drinks_bio_z = as.numeric(scale(drinks_bio, center = TRUE, scale =
                                             TRUE)),
           bmi_bio_z = as.numeric(scale(bmi_bio, center = TRUE, scale =
                                          TRUE)),
           # Dummy code smoking status
           smoke_former = ifelse(smoke_bio == 1, 1, 0),
           smoke_current = ifelse(smoke_bio == 2, 1, 0),
           # Standardize cumulative stressor
           cum_stress_11_z = as.numeric(scale(cum_stress_11, center = TRUE,
                                              scale = TRUE))) %>%
    # Convert variables to factors
    mutate(emp = as.factor(emp),
           sex = as.factor(sex),
           child = as.factor(child),
           group = as.factor(group),
           marpartner = as.factor(marpartner),
           race = as.factor(race),
           smoke_bio = as.factor(smoke_bio))
  
  return(dataset)
}
...
# GrimAge2
pwb3 <-lm(eaa_grim ~
    # demographics
      age_bio_z + sex + edu_y_z + emp + race + marpartner + child + group + 
    # health covariates
      smoke_bio + drinks_bio_z + bmi_bio_z + 
    # Interaction
      cum_stress_11_z*pwb_z, data = subset_dat2)

# Show results
tab_model(pwb3, show.se=TRUE, show.ci=FALSE, show.obs=FALSE, show.r2 = FALSE, vcov.fun = ""CL"", vcov.args = list(type = ""HC1"", cluster = subset_dat2$twin_cluster))

# Effect size
cohens_f_squared(pwb3)

## Simple slopes
### IV = Cumulative stressors; Moderator: Psychological well-being
sim_slopes(pwb3, pred = ""cum_stress_11_z"", modx = ""pwb_z"", modx.values = c(-1,1), digits = 5, robust = ""HC1"", cluster = ""twin_cluster"")

### IV = Psychological well-being; Moderator: Cumulative stressors
sim_slopes(pwb3, pred = ""pwb_z"", modx = ""cum_stress_11_z"", modx.values = c(-1,1), digits = 5, robust = ""HC1"", cluster = ""twin_cluster"")",match,"The code specifies GrimAge2 epigenetic age acceleration as the outcome, cumulative stressors as the focal predictor, and overall psychological well-being as the moderator, with simple slopes evaluated at ±1 SD of psychological well-being, matching the paper’s description of the variable roles. Demographic and health covariates are also included as in the described moderation model.",,
cha,30,"A complementary simple slope analysis estimated the effect of cumulative stressors on GrimAge2 at high overall psychological well-being (+1 SD). For those with high well-being, cumulative stressors were not significantly related to GrimAge2 acceleration (β = −.28, SE = .21, p = .18), consistent with a buffering effect of psychological well-being.",Transformation Specification,"All regression models used cluster-robust standard errors to adjust for the 45 sets of twins or siblings in the analytic sample, and simple slope analyses were conducted with 1 SD above and below for the identified moderators.

Hypotheses were tested by multiple linear regressions, with all continuous variables standardized before the analyses.","subset_dat2 <- subset(dat, !is.na(bra6dmagegrimage2) & !is.na(age_bio))
mod_test2 <- lm(bra6dmagegrimage2 ~ age_bio, data = subset_dat2)

subset_dat2$predict_grimage2 = predict(mod_test2)
subset_dat2$eaa_grim <- subset_dat2$bra6dmagegrimage2 - subset_dat2$predict_grimage2

## Transform/standardize

transform_dataset <- function(dataset) {
  dataset <- dataset %>%
    # Change education to years
    mutate(edu = ifelse(edu %in% c(97, 98), NA, edu)) %>%
    mutate(edu_y = dplyr::recode(edu, 
    # recode education into years of education
                            ""1"" = 3,
                            ""2"" = 8,
                            ""3"" = 10.5,
                            ""4"" = 12,
                            ""5"" = 12,
                            ""6"" = 13.5,
                            ""7"" = 15,
                            ""8"" = 14,
                            ""9"" = 16,
                            ""10"" = 17,
                            ""11"" = 18,
                            ""12"" = 20,
                            .default = NA_real_)) %>%
    # Protective Factor (standardize psychological well-being)
    mutate(pwb_purpose_z = as.numeric(scale(pwb_purpose, center = TRUE, scale
                                            = TRUE)),
           pwb_mastery_z = as.numeric(scale(pwb_mastery, center = TRUE, scale                                             = TRUE)),
           pwb_accept_z = as.numeric(scale(pwb_accept, center = TRUE, scale =
                                             TRUE)),
           pwb_relation_z = as.numeric(scale(pwb_relation, center = TRUE,
                                             scale = TRUE)),
           pwb_growth_z = as.numeric(scale(pwb_growth, center = TRUE, scale =
                                             TRUE)),
           pwb_auto_z = as.numeric(scale(pwb_auto, center = TRUE, scale =
                                           TRUE)),
           pwb = (pwb_purpose_z + pwb_mastery_z + pwb_accept_z +
                    pwb_relation_z + pwb_growth_z + pwb_auto_z) / 6,
           pwb_z = as.numeric(scale(pwb, center = TRUE, scale = TRUE)),
           # Risk Factor (standardize neuroticism)
           neuro_z = as.numeric(scale(neuro, center = TRUE, scale = TRUE)),
           # Demographic covariates
           edu_y_z = as.numeric(scale(edu_y, center = TRUE, scale = TRUE)),
           age_bio_z = as.numeric(scale(age_bio, center = TRUE, scale =
                                          TRUE)),
           # Biomarker data covariates
           drinks_bio_z = as.numeric(scale(drinks_bio, center = TRUE, scale =
                                             TRUE)),
           bmi_bio_z = as.numeric(scale(bmi_bio, center = TRUE, scale =
                                          TRUE)),
           # Dummy code smoking status
           smoke_former = ifelse(smoke_bio == 1, 1, 0),
           smoke_current = ifelse(smoke_bio == 2, 1, 0),
           # Standardize cumulative stressor
           cum_stress_11_z = as.numeric(scale(cum_stress_11, center = TRUE,
                                              scale = TRUE))) %>%
    # Convert variables to factors
    mutate(emp = as.factor(emp),
           sex = as.factor(sex),
           child = as.factor(child),
           group = as.factor(group),
           marpartner = as.factor(marpartner),
           race = as.factor(race),
           smoke_bio = as.factor(smoke_bio))
  
  return(dataset)
}

# Apply the function to each dataset
subset_dat1 <- transform_dataset(subset_dat1)
subset_dat2 <- transform_dataset(subset_dat2)
dat <- transform_dataset(dat)

### GrimAge2

# GrimAge2
pwb3 <-lm(eaa_grim ~
    # demographics
      age_bio_z + sex + edu_y_z + emp + race + marpartner + child + group + 
    # health covariates
      smoke_bio + drinks_bio_z + bmi_bio_z + 
    # Interaction
      cum_stress_11_z*pwb_z, data = subset_dat2)

## Simple slopes
### IV = Cumulative stressors; Moderator: Psychological well-being
sim_slopes(pwb3, pred = ""cum_stress_11_z"", modx = ""pwb_z"", modx.values = c(-1,1), digits = 5, robust = ""HC1"", cluster = ""twin_cluster"")
",match,"The code standardizes continuous predictors and moderator and uses ±1 SD values for the simple slopes, consistent with the paper’s description of standardizing continuous variables and conducting simple slope analyses at ±1 SD. The outcome is transformed to an age-adjusted residual (epigenetic age acceleration), which is a reasonable additional transformation not contradicted by the provided paper text.",,
cha,30,"A complementary simple slope analysis estimated the effect of cumulative stressors on GrimAge2 at high overall psychological well-being (+1 SD). For those with high well-being, cumulative stressors were not significantly related to GrimAge2 acceleration (β = −.28, SE = .21, p = .18), consistent with a buffering effect of psychological well-being.",Inference Specification,"Overall psychological well-being was a significant moderator in the association of cumulative stressors with GrimAge2 ( β =− .38, SE = .12, p , .01, f2
p = .01) but not with DunedinPACE (β =− .00, SE = .00, p = .23) or PhenoAge ( β =− .13, SE = .17, p = .44). Simple slope analysis revealed that individuals with low psychological well-being experienced heightened GrimAge2 levels in response to higher cumulative stressors ( β = .47,
SE = .19, p = .02), whereas this association was not observed among those with high psychological well-being ( β =− .28,
SE = .21, p = .18).","## Simple slopes
### IV = Cumulative stressors; Moderator: Psychological well-being
sim_slopes(pwb3, pred = ""cum_stress_11_z"", modx = ""pwb_z"", modx.values = c(-1,1), digits = 5, robust = ""HC1"", cluster = ""twin_cluster"")

### IV = Psychological well-being; Moderator: Cumulative stressors
sim_slopes(pwb3, pred = ""pwb_z"", modx = ""cum_stress_11_z"", modx.values = c(-1,1), digits = 5, robust = ""HC1"", cluster = ""twin_cluster"")",match,"The paper interprets effects as significant or not based on conventional p-value thresholds, and the code uses sim_slopes to obtain p-values for the same simple slopes without specifying any alternative inference rule, which is consistent with that approach.",,
cha,31,"A moderation regression tested whether purpose in life (Ryff scale) interacted with cumulative stressors to predict DunedinPACE EAA. The Cumulative Stress × Purpose in Life interaction was non-significant for DunedinPACE (p > .22), indicating no moderation of this clock by purpose despite adjustment for covariates.",Model Specification,"Hypotheses were tested by multiple linear regressions, with all continuous variables standardized before the analyses. Psychological well-being as a moderator was examined by regressing EAA on cumulative stressors, psychological well-being, and the interaction term between these two measures.","## Purpose in life

### DunedinPACE

## Without covariates
mod_p1_0 <-lm(bra6dmagedunedinpace ~
      cum_stress_11_z*pwb_purpose_z, data = dat)

## With covariates
mod_p1 <-lm(bra6dmagedunedinpace ~
    # demographics
      age_bio_z + sex + edu_y_z + emp + race + marpartner + child +  group + 
    # health covariates
      smoke_bio + drinks_bio_z + bmi_bio_z +
    # interaction
      cum_stress_11_z*pwb_purpose_z, data = dat)",match,"The code implements multiple linear regression models regressing DunedinPACE EAA on cumulative stress, purpose in life, and their interaction, with and without covariates, as described in the paper.",,
cha,31,"A moderation regression tested whether purpose in life (Ryff scale) interacted with cumulative stressors to predict DunedinPACE EAA. The Cumulative Stress × Purpose in Life interaction was non-significant for DunedinPACE (p > .22), indicating no moderation of this clock by purpose despite adjustment for covariates.",Variable Specification,"Hypotheses were tested by multiple linear regressions, with all con­tinuous variables standardized before the analyses. Psychological well-being as a moderator was examined by regressing EAA on cumulative stressors, psychological well-being, and the interaction term between these two measures. ... Next, we explored each dimension of psychological well-being as a moderator (see Model 1 of Table 1 and Figure 1). Purpose in life moderated the association of cumulative life stressors on GrimAge2 (β = −.35, SE = .13, p < .01, f2p = .01) but not on DunedinPACE and PhenoAge (all ps > .22). For specific results of DunedinPACE and PhenoAge, see Tables S2 and S3 in the online supplemental materials.","## Purpose in life

### DunedinPACE

```{r}
## Without covariates
mod_p1_0 <-lm(bra6dmagedunedinpace ~
      cum_stress_11_z*pwb_purpose_z, data = dat)

## With covariates
mod_p1 <-lm(bra6dmagedunedinpace ~
    # demographics
      age_bio_z + sex + edu_y_z + emp + race + marpartner + child +  group + 
    # health covariates
      smoke_bio + drinks_bio_z + bmi_bio_z +
    # interaction
      cum_stress_11_z*pwb_purpose_z, data = dat)
```

```{r}
transform_dataset <- function(dataset) {
  dataset <- dataset %>%
    # Protective Factor (standardize psychological well-being)
    mutate(pwb_purpose_z = as.numeric(scale(pwb_purpose, center = TRUE, scale
                                            = TRUE)),
           ...,
           # Standardize cumulative stressor
           cum_stress_11_z = as.numeric(scale(cum_stress_11, center = TRUE,
                                              scale = TRUE))) %>%
    ...
  
  return(dataset)
}
```",match,"The code uses DunedinPACE EAA as the outcome and includes cumulative stressors, purpose in life, and their interaction (with and without covariates), matching the paper’s description of the moderation regression. Continuous predictors (cumulative stressors and purpose in life) are standardized as specified in the paper.",,
cha,31,"A moderation regression tested whether purpose in life (Ryff scale) interacted with cumulative stressors to predict DunedinPACE EAA. The Cumulative Stress × Purpose in Life interaction was non-significant for DunedinPACE (p > .22), indicating no moderation of this clock by purpose despite adjustment for covariates.",Transformation Specification,"Hypotheses were tested by multiple linear regressions, with all continuous variables standardized before the analyses. ... All values for 11 domains were standardized and summed to make a single index of cumulative stressors (for more details on the constructs, see the online supplemental materials, pp. 2–4). ... Participants rated the extent to which they agreed to the items on a 7-point Likert scale (1 = strongly agree to 7 = strongly disagree). The scales were summed to make six separate dimensions, and the scores were reverse coded so that higher scores indicate higher standing in the measure. The combined psychological well-being measure was calculated as the average of the standardized scores across the six dimensions of psychological well-being.","transform_dataset <- function(dataset) {
  dataset <- dataset %>%
    # Change education to years
    mutate(edu = ifelse(edu %in% c(97, 98), NA, edu)) %>%
    mutate(edu_y = dplyr::recode(edu, 
    # recode education into years of education
                            ""1"" = 3,
                            ""2"" = 8,
                            ""3"" = 10.5,
                            ""4"" = 12,
                            ""5"" = 12,
                            ""6"" = 13.5,
                            ""7"" = 15,
                            ""8"" = 14,
                            ""9"" = 16,
                            ""10"" = 17,
                            ""11"" = 18,
                            ""12"" = 20,
                            .default = NA_real_)) %>%
    # Protective Factor (standardize psychological well-being)
    mutate(pwb_purpose_z = as.numeric(scale(pwb_purpose, center = TRUE, scale
                                            = TRUE)),
           pwb_mastery_z = as.numeric(scale(pwb_mastery, center = TRUE, scale                                             = TRUE)),
           pwb_accept_z = as.numeric(scale(pwb_accept, center = TRUE, scale =
                                             TRUE)),
           pwb_relation_z = as.numeric(scale(pwb_relation, center = TRUE,
                                             scale = TRUE)),
           pwb_growth_z = as.numeric(scale(pwb_growth, center = TRUE, scale =
                                             TRUE)),
           pwb_auto_z = as.numeric(scale(pwb_auto, center = TRUE, scale =
                                           TRUE)),
           pwb = (pwb_purpose_z + pwb_mastery_z + pwb_accept_z +
                    pwb_relation_z + pwb_growth_z + pwb_auto_z) / 6,
           pwb_z = as.numeric(scale(pwb, center = TRUE, scale = TRUE)),
           # Risk Factor (standardize neuroticism)
           neuro_z = as.numeric(scale(neuro, center = TRUE, scale = TRUE)),
           # Demographic covariates
           edu_y_z = as.numeric(scale(edu_y, center = TRUE, scale = TRUE)),
           age_bio_z = as.numeric(scale(age_bio, center = TRUE, scale =
                                          TRUE)),
           # Biomarker data covariates
           drinks_bio_z = as.numeric(scale(drinks_bio, center = TRUE, scale =
                                             TRUE)),
           bmi_bio_z = as.numeric(scale(bmi_bio, center = TRUE, scale =
                                          TRUE)),
           # Dummy code smoking status
           smoke_former = ifelse(smoke_bio == 1, 1, 0),
           smoke_current = ifelse(smoke_bio == 2, 1, 0),
           # Standardize cumulative stressor
           cum_stress_11_z = as.numeric(scale(cum_stress_11, center = TRUE,
                                              scale = TRUE))) %>%
    # Convert variables to factors
    mutate(emp = as.factor(emp),
           sex = as.factor(sex),
           child = as.factor(child),
           group = as.factor(group),
           marpartner = as.factor(marpartner),
           race = as.factor(race),
           smoke_bio = as.factor(smoke_bio))
  
  return(dataset)
}

# Apply the function to each dataset
subset_dat1 <- transform_dataset(subset_dat1)
subset_dat2 <- transform_dataset(subset_dat2)
dat <- transform_dataset(dat)
",match,"The code standardizes continuous variables prior to analysis and constructs the psychological well-being composite exactly as described in the paper, and it standardizes the cumulative stress index for use in regression, which is consistent with the stated transformations. Although the internal construction of the cumulative stress index from 11 domains is not shown, nothing in the provided code contradicts the paper’s transformation description for this analysis.",,
cha,31,"A moderation regression tested whether purpose in life (Ryff scale) interacted with cumulative stressors to predict DunedinPACE EAA. The Cumulative Stress × Purpose in Life interaction was non-significant for DunedinPACE (p > .22), indicating no moderation of this clock by purpose despite adjustment for covariates.",Inference Specification,"Next, we explored each dimension of psychological well-being as a moderator (see Model 1 of Table 1 and Figure 1). Purpose in life moderated the association of cumulative life stressors on GrimAge2 ( β =− .35, SE = .13, p , .01, f2
p = .01) but not on DunedinPACE and PhenoAge (all ps . .22).","tab_model(mod_p1_0, mod_p1, show.se=TRUE, show.ci=FALSE, show.obs=FALSE,
          show.r2 = FALSE, vcov.fun = ""CL"", vcov.args = list(type = ""HC1"",cluster= dat$twin_cluster), dv.labels = c(""Without covariates"", ""With covariates""))",match,"Both the paper and the code use p-values from regression models as the basis for inference, with no alternative inference criteria specified or implied that would conflict. The paper’s reporting of p-values (e.g., p < .01, p > .22) is consistent with the code’s use of tab_model to compute and report p-values from the fitted models.",,
cha,32,"In a parallel regression model, the interaction between cumulative stressors and purpose in life was examined as a predictor of PhenoAge EAA. The interaction term was non-significant (ps > .22), suggesting that purpose did not moderate the cumulative stress–PhenoAge relationship.",Model Specification,"Hypotheses were tested by multiple linear regressions, with all continuous variables standardized before the analyses. Psychological well-being as a moderator was examined by regressing EAA on cumulative stressors, psychological well-being, and the interaction term between these two measures.","## Without covariates
mod_p2_0 <-lm(eaa_pheno ~
    # interaction
      cum_stress_11_z*pwb_purpose_z, data = subset_dat1)

## With covariates
mod_p2 <-lm(eaa_pheno ~
    # demographics
      age_bio_z + sex + edu_y_z + emp + race + marpartner + child + group +
    # health covariates
      smoke_bio + drinks_bio_z + bmi_bio_z + 
    # interaction
      cum_stress_11_z*pwb_purpose_z, data = subset_dat1)

### Show results
tab_model(mod_p2_0, mod_p2, show.se=TRUE, show.ci=FALSE, show.obs=FALSE, show.r2 = FALSE, vcov.fun = ""CL"", vcov.args = list(type = ""HC1"", cluster = subset_dat1$twin_cluster), dv.labels = c(""Without covariates"", ""With covariates""))",match,"The code uses linear regression models with an interaction term between cumulative stress and purpose in life to predict PhenoAge EAA, which aligns with the paper’s description of testing hypotheses via multiple linear regressions including the interaction. The addition of covariates in one model does not change the fundamental model specification as a multiple linear regression with an interaction term.",,
cha,32,"In a parallel regression model, the interaction between cumulative stressors and purpose in life was examined as a predictor of PhenoAge EAA. The interaction term was non-significant (ps > .22), suggesting that purpose did not moderate the cumulative stress–PhenoAge relationship.",Variable Specification,"Next, we explored each dimension of psychological well-being as a moderator (see Model 1 of Table 1 and Figure 1). Purpose in life moderated the association of cumulative life stressors on GrimAge2 (β = −.35, SE = .13, p < .01, f2_p = .01) but not on DunedinPACE and PhenoAge (all ps > .22). Psychological well-being as a moderator was examined by regressing EAA on cumulative stressors, psychological well-being, and the interaction term between these two measures.","# Compute EAA (Epigenetic Age Acceleration)
# PhenoAge EAA
subset_dat1 <- subset(dat, !is.na(bra6dmagephenoage) & !is.na(age_bio))
mod_test2 <- lm(bra6dmagephenoage ~ age_bio, data = subset_dat1)

subset_dat1$predict_phenoage = predict(mod_test2)
subset_dat1$eaa_pheno <- subset_dat1$bra6dmagephenoage - subset_dat1$predict_phenoage
...
transform_dataset <- function(dataset) {
  dataset <- dataset %>%
    # Change education to years
    mutate(edu = ifelse(edu %in% c(97, 98), NA, edu)) %>%
    mutate(edu_y = dplyr::recode(edu, 
    # recode education into years of education
                            ""1"" = 3,
                            ""2"" = 8,
                            ""3"" = 10.5,
                            ""4"" = 12,
                            ""5"" = 12,
                            ""6"" = 13.5,
                            ""7"" = 15,
                            ""8"" = 14,
                            ""9"" = 16,
                            ""10"" = 17,
                            ""11"" = 18,
                            ""12"" = 20,
                            .default = NA_real_)) %>%
    # Protective Factor (standardize psychological well-being)
    mutate(pwb_purpose_z = as.numeric(scale(pwb_purpose, center = TRUE, scale
                                            = TRUE)),
           pwb_mastery_z = as.numeric(scale(pwb_mastery, center = TRUE, scale                                             = TRUE)),
           pwb_accept_z = as.numeric(scale(pwb_accept, center = TRUE, scale =
                                             TRUE)),
           pwb_relation_z = as.numeric(scale(pwb_relation, center = TRUE,
                                             scale = TRUE)),
           pwb_growth_z = as.numeric(scale(pwb_growth, center = TRUE, scale =
                                             TRUE)),
           pwb_auto_z = as.numeric(scale(pwb_auto, center = TRUE, scale =
                                           TRUE)),
           pwb = (pwb_purpose_z + pwb_mastery_z + pwb_accept_z +
                    pwb_relation_z + pwb_growth_z + pwb_auto_z) / 6,
           pwb_z = as.numeric(scale(pwb, center = TRUE, scale = TRUE)),
           # Risk Factor (standardize neuroticism)
           neuro_z = as.numeric(scale(neuro, center = TRUE, scale = TRUE)),
           # Demographic covariates
           edu_y_z = as.numeric(scale(edu_y, center = TRUE, scale = TRUE)),
           age_bio_z = as.numeric(scale(age_bio, center = TRUE, scale =
                                          TRUE)),
           # Biomarker data covariates
           drinks_bio_z = as.numeric(scale(drinks_bio, center = TRUE, scale =
                                             TRUE)),
           bmi_bio_z = as.numeric(scale(bmi_bio, center = TRUE, scale =
                                          TRUE)),
           # Dummy code smoking status
           smoke_former = ifelse(smoke_bio == 1, 1, 0),
           smoke_current = ifelse(smoke_bio == 2, 1, 0),
           # Standardize cumulative stressor
           cum_stress_11_z = as.numeric(scale(cum_stress_11, center = TRUE,
                                              scale = TRUE))) %>%
    # Convert variables to factors
    mutate(emp = as.factor(emp),
           sex = as.factor(sex),
           child = as.factor(child),
           group = as.factor(group),
           marpartner = as.factor(marpartner),
           race = as.factor(race),
           smoke_bio = as.factor(smoke_bio))
  
  return(dataset)
}
...
### PhenoAge2

## Without covariates
mod_p2_0 <-lm(eaa_pheno ~
    # interaction
      cum_stress_11_z*pwb_purpose_z, data = subset_dat1)

## With covariates
mod_p2 <-lm(eaa_pheno ~
    # demographics
      age_bio_z + sex + edu_y_z + emp + race + marpartner + child + group +
    # health covariates
      smoke_bio + drinks_bio_z + bmi_bio_z + 
    # interaction
      cum_stress_11_z*pwb_purpose_z, data = subset_dat1)",match,"The code uses PhenoAge EAA as the outcome and includes cumulative stressors, purpose in life, and their interaction as predictors, consistent with the paper’s description of testing purpose as a moderator of the cumulative stress–PhenoAge relationship. The same roles (outcome vs. predictors vs. interaction term) are preserved between the paper and the implementation.",,
cha,32,"In a parallel regression model, the interaction between cumulative stressors and purpose in life was examined as a predictor of PhenoAge EAA. The interaction term was non-significant (ps > .22), suggesting that purpose did not moderate the cumulative stress–PhenoAge relationship.",Transformation Specification,"All values for 11 domains were standardized and summed to make a single index of cumulative stressors (for more details on the constructs, see the online supplemental materials, pp. 2–4). ... The scales were summed to make six separate dimensions, and the scores were reverse coded so that higher scores indicate higher standing in the measure. The combined psychological well-being measure was calculated as the average of the standardized scores across the six dimensions of psychological well-being. ... To calculate EAA from the other epigenetic age measures, we regressed GrimAge2 and PhenoAge on chronological age and computed residuals to index how much older one is biologically compared to one’s chronological age. Thus, a positive value indicated EAA. ... Hypotheses were tested by multiple linear regressions, with all continuous variables standardized before the analyses.","# Compute EAA (Epigenetic Age Acceleration)
# PhenoAge EAA
subset_dat1 <- subset(dat, !is.na(bra6dmagephenoage) & !is.na(age_bio))
mod_test2 <- lm(bra6dmagephenoage ~ age_bio, data = subset_dat1)

subset_dat1$predict_phenoage = predict(mod_test2)
subset_dat1$eaa_pheno <- subset_dat1$bra6dmagephenoage - subset_dat1$predict_phenoage

# GrimAge2 EAA
subset_dat2 <- subset(dat, !is.na(bra6dmagegrimage2) & !is.na(age_bio))
mod_test2 <- lm(bra6dmagegrimage2 ~ age_bio, data = subset_dat2)

subset_dat2$predict_grimage2 = predict(mod_test2)
subset_dat2$eaa_grim <- subset_dat2$bra6dmagegrimage2 - subset_dat2$predict_grimage2

## Transform/standardize

transform_dataset <- function(dataset) {
  dataset <- dataset %>%
    # Change education to years
    mutate(edu = ifelse(edu %in% c(97, 98), NA, edu)) %>%
    mutate(edu_y = dplyr::recode(edu, 
    # recode education into years of education
                            ""1"" = 3,
                            ""2"" = 8,
                            ""3"" = 10.5,
                            ""4"" = 12,
                            ""5"" = 12,
                            ""6"" = 13.5,
                            ""7"" = 15,
                            ""8"" = 14,
                            ""9"" = 16,
                            ""10"" = 17,
                            ""11"" = 18,
                            ""12"" = 20,
                            .default = NA_real_)) %>%
    # Protective Factor (standardize psychological well-being)
    mutate(pwb_purpose_z = as.numeric(scale(pwb_purpose, center = TRUE, scale
                                            = TRUE)),
           pwb_mastery_z = as.numeric(scale(pwb_mastery, center = TRUE, scale                                             = TRUE)),
           pwb_accept_z = as.numeric(scale(pwb_accept, center = TRUE, scale =
                                             TRUE)),
           pwb_relation_z = as.numeric(scale(pwb_relation, center = TRUE,
                                             scale = TRUE)),
           pwb_growth_z = as.numeric(scale(pwb_growth, center = TRUE, scale =
                                             TRUE)),
           pwb_auto_z = as.numeric(scale(pwb_auto, center = TRUE, scale =
                                           TRUE)),
           pwb = (pwb_purpose_z + pwb_mastery_z + pwb_accept_z +
                    pwb_relation_z + pwb_growth_z + pwb_auto_z) / 6,
           pwb_z = as.numeric(scale(pwb, center = TRUE, scale = TRUE)),
           # Risk Factor (standardize neuroticism)
           neuro_z = as.numeric(scale(neuro, center = TRUE, scale = TRUE)),
           # Demographic covariates
           edu_y_z = as.numeric(scale(edu_y, center = TRUE, scale = TRUE)),
           age_bio_z = as.numeric(scale(age_bio, center = TRUE, scale =
                                          TRUE)),
           # Biomarker data covariates
           drinks_bio_z = as.numeric(scale(drinks_bio, center = TRUE, scale =
                                             TRUE)),
           bmi_bio_z = as.numeric(scale(bmi_bio, center = TRUE, scale =
                                          TRUE)),
           # Dummy code smoking status
           smoke_former = ifelse(smoke_bio == 1, 1, 0),
           smoke_current = ifelse(smoke_bio == 2, 1, 0),
           # Standardize cumulative stressor
           cum_stress_11_z = as.numeric(scale(cum_stress_11, center = TRUE,
                                              scale = TRUE))) %>%
    # Convert variables to factors
    mutate(emp = as.factor(emp),
           sex = as.factor(sex),
           child = as.factor(child),
           group = as.factor(group),
           marpartner = as.factor(marpartner),
           race = as.factor(race),
           smoke_bio = as.factor(smoke_bio))
  
  return(dataset)
}

# Apply the function to each dataset
subset_dat1 <- transform_dataset(subset_dat1)
subset_dat2 <- transform_dataset(subset_dat2)
dat <- transform_dataset(dat)",match,"The code computes PhenoAge EAA as residuals from a regression on chronological age and standardizes the psychological well-being dimensions and cumulative stressor index, consistent with the paper’s described transformations. Although construction of the raw cumulative stress and purpose scales is not shown, nothing in the provided code contradicts the described procedures and the key standardization and residualization steps align.",,
cha,32,"In a parallel regression model, the interaction between cumulative stressors and purpose in life was examined as a predictor of PhenoAge EAA. The interaction term was non-significant (ps > .22), suggesting that purpose did not moderate the cumulative stress–PhenoAge relationship.",Inference Specification,"Purpose in life moderated the association of cumulative life stressors on GrimAge2 (β =− .35, SE = .13, p , .01, f2
p = .01) but not on DunedinPACE and PhenoAge (all ps . .22).","### PhenoAge2

```{r}
## Without covariates
mod_p2_0 <-lm(eaa_pheno ~
    # interaction
      cum_stress_11_z*pwb_purpose_z, data = subset_dat1)

## With covariates
mod_p2 <-lm(eaa_pheno ~
    # demographics
      age_bio_z + sex + edu_y_z + emp + race + marpartner + child + group +
    # health covariates
      smoke_bio + drinks_bio_z + bmi_bio_z + 
    # interaction
      cum_stress_11_z*pwb_purpose_z, data = subset_dat1)

### Show results
tab_model(mod_p2_0, mod_p2, show.se=TRUE, show.ci=FALSE, show.obs=FALSE, show.r2 = FALSE, vcov.fun = ""CL"", vcov.args = list(type = ""HC1"", cluster = subset_dat1$twin_cluster), dv.labels = c(""Without covariates"", ""With covariates""))
```",match,"Both the paper and code base their inference on p-values for the interaction term without specifying any alternative or unusual inference thresholds, so the reported nonsignificance (ps > .22) is consistent with the standard regression output used in the code. The code computes p-values via `lm` with clustered robust standard errors and reports them through `tab_model`, aligning with the paper’s description that the interaction was not significant for PhenoAge EAA.",,
cha,33,"A multiple linear regression including Cumulative Stress, Purpose in Life, and their interaction predicted GrimAge2 EAA with covariate adjustment. The interaction was significant (β = −.35, SE = .13, p < .01, f²_p = .01), indicating that higher purpose in life attenuated the positive association between cumulative stress and GrimAge2 acceleration.",Model Specification,"Hypotheses were tested by multiple linear regressions, with all continuous variables standardized before the analyses. Psychological well-being as a moderator was examined by regressing EAA on cumulative stressors, psychological well-being, and the interaction term between these two measures.","### GrimAge2

```{r, message = FALSE}
## Without covariate
mod_p3_0 <-lm(eaa_grim ~
    # interaction
       cum_stress_11_z*pwb_purpose_z, data = subset_dat2)

## With covariate
mod_p3 <-lm(eaa_grim ~
    # demographics
      age_bio_z + sex + edu_y_z + emp + race + marpartner + child + group + 
    # health covariates
      smoke_bio + drinks_bio_z + bmi_bio_z + 
    # interaction
       cum_stress_11_z*pwb_purpose_z, data = subset_dat2)

### Show results
tab_model(mod_p3_0, mod_p3, show.se=TRUE, show.ci=FALSE, show.obs=FALSE, show.r2 = FALSE, vcov.fun = ""CL"",vcov.args = list(type = ""HC1"", cluster = subset_dat2$twin_cluster), dv.labels = c(""Without covariates"", ""With covariates""))

cohens_f_squared(mod_p3)
```",match,"The paper describes using multiple linear regression with cumulative stress, purpose in life, their interaction, and covariates to predict GrimAge2 EAA, which matches the linear model specified in the code. The interaction term and covariate adjustment are implemented as described.",,
cha,33,"A multiple linear regression including Cumulative Stress, Purpose in Life, and their interaction predicted GrimAge2 EAA with covariate adjustment. The interaction was significant (β = −.35, SE = .13, p < .01, f²_p = .01), indicating that higher purpose in life attenuated the positive association between cumulative stress and GrimAge2 acceleration.",Variable Specification,"Hypotheses were tested by multiple linear regressions, with all con- tinuous variables standardized before the analyses. Psychological well-being as a moderator was examined by regressing EAA on cumulative stressors, psychological well-being, and the interaction term between these two measures. ... Next, we explored each dimension of psychological well-being as a moderator (see Model 1 of Table 1 and Figure 1). Purpose in life moderated the association of cumulative life stressors on GrimAge2 ( β =− .35, SE = .13, p , .01, f2
p = .01) but not on DunedinPACE and PhenoAge (all ps . .22).","### GrimAge2

```{r, message = FALSE}
## Without covariate
mod_p3_0 <-lm(eaa_grim ~
    # interaction
       cum_stress_11_z*pwb_purpose_z, data = subset_dat2)

## With covariate
mod_p3 <-lm(eaa_grim ~
    # demographics
      age_bio_z + sex + edu_y_z + emp + race + marpartner + child + group + 
    # health covariates
      smoke_bio + drinks_bio_z + bmi_bio_z + 
    # interaction
       cum_stress_11_z*pwb_purpose_z, data = subset_dat2)

### Show results
tab_model(mod_p3_0, mod_p3, show.se=TRUE, show.ci=FALSE, show.obs=FALSE, show.r2 = FALSE, vcov.fun = ""CL"",vcov.args = list(type = ""HC1"", cluster = subset_dat2$twin_cluster), dv.labels = c(""Without covariates"", ""With covariates""))

cohens_f_squared(mod_p3)

## Simple slope for GrimAge2
### IV = Cumulative stressors; Moderator: Purpose in life
sim_slopes(mod_p3, pred = ""cum_stress_11_z"", modx = ""pwb_purpose_z"", modx.values = c(-1,1), digits = 5, robust = ""HC1"", cluster = ""twin_cluster"")

### IV = Purpose in life; Moderator: Cumulative stressors
sim_slopes(mod_p3, pred = ""pwb_purpose_z"", modx = ""cum_stress_11_z"", modx.values = c(-1,1), digits = 5, robust = ""HC1"", cluster = ""twin_cluster"")
```",match,"The code uses GrimAge2 EAA as the outcome and includes cumulative stress, purpose in life, and their interaction as predictors, with demographic and health covariates, as described in the paper. Continuous predictors are standardized (z-variables), consistent with the paper’s description of variable handling.",,
cha,33,"A multiple linear regression including Cumulative Stress, Purpose in Life, and their interaction predicted GrimAge2 EAA with covariate adjustment. The interaction was significant (β = −.35, SE = .13, p < .01, f²_p = .01), indicating that higher purpose in life attenuated the positive association between cumulative stress and GrimAge2 acceleration.",Transformation Specification,"To calculate EAA from the other epigenetic age measures, we regressed GrimAge2 and PhenoAge on chronological age and computed residuals to index how much older one is biologically compared to one’s chronological age. Thus, a positive value indicated EAA.
...
Hypotheses were tested by multiple linear regressions, with all continuous variables standardized before the analyses.","# Compute EAA (Epigenetic Age Acceleration)
# GrimAge2 EAA
subset_dat2 <- subset(dat, !is.na(bra6dmagegrimage2) & !is.na(age_bio))
mod_test2 <- lm(bra6dmagegrimage2 ~ age_bio, data = subset_dat2)

subset_dat2$predict_grimage2 = predict(mod_test2)
subset_dat2$eaa_grim <- subset_dat2$bra6dmagegrimage2 - subset_dat2$predict_grimage2

## Transform/standardize

transform_dataset <- function(dataset) {
  dataset <- dataset %>%
    # Change education to years
    mutate(edu = ifelse(edu %in% c(97, 98), NA, edu)) %>%
    mutate(edu_y = dplyr::recode(edu, 
    # recode education into years of education
                            ""1"" = 3,
                            ""2"" = 8,
                            ""3"" = 10.5,
                            ""4"" = 12,
                            ""5"" = 12,
                            ""6"" = 13.5,
                            ""7"" = 15,
                            ""8"" = 14,
                            ""9"" = 16,
                            ""10"" = 17,
                            ""11"" = 18,
                            ""12"" = 20,
                            .default = NA_real_)) %>%
    # Protective Factor (standardize psychological well-being)
    mutate(pwb_purpose_z = as.numeric(scale(pwb_purpose, center = TRUE, scale
                                            = TRUE)),
           pwb_mastery_z = as.numeric(scale(pwb_mastery, center = TRUE, scale                                             = TRUE)),
           pwb_accept_z = as.numeric(scale(pwb_accept, center = TRUE, scale =
                                             TRUE)),
           pwb_relation_z = as.numeric(scale(pwb_relation, center = TRUE,
                                             scale = TRUE)),
           pwb_growth_z = as.numeric(scale(pwb_growth, center = TRUE, scale =
                                             TRUE)),
           pwb_auto_z = as.numeric(scale(pwb_auto, center = TRUE, scale =
                                           TRUE)),
           pwb = (pwb_purpose_z + pwb_mastery_z + pwb_accept_z +
                    pwb_relation_z + pwb_growth_z + pwb_auto_z) / 6,
           pwb_z = as.numeric(scale(pwb, center = TRUE, scale = TRUE)),
           # Risk Factor (standardize neuroticism)
           neuro_z = as.numeric(scale(neuro, center = TRUE, scale = TRUE)),
           # Demographic covariates
           edu_y_z = as.numeric(scale(edu_y, center = TRUE, scale = TRUE)),
           age_bio_z = as.numeric(scale(age_bio, center = TRUE, scale =
                                          TRUE)),
           # Biomarker data covariates
           drinks_bio_z = as.numeric(scale(drinks_bio, center = TRUE, scale =
                                             TRUE)),
           bmi_bio_z = as.numeric(scale(bmi_bio, center = TRUE, scale =
                                          TRUE)),
           # Dummy code smoking status
           smoke_former = ifelse(smoke_bio == 1, 1, 0),
           smoke_current = ifelse(smoke_bio == 2, 1, 0),
           # Standardize cumulative stressor
           cum_stress_11_z = as.numeric(scale(cum_stress_11, center = TRUE,
                                              scale = TRUE))) %>%
    # Convert variables to factors
    mutate(emp = as.factor(emp),
           sex = as.factor(sex),
           child = as.factor(child),
           group = as.factor(group),
           marpartner = as.factor(marpartner),
           race = as.factor(race),
           smoke_bio = as.factor(smoke_bio))
  
  return(dataset)
}

# Apply the function to each dataset
subset_dat2 <- transform_dataset(subset_dat2)",match,"The code computes GrimAge2 EAA as residuals from regressing GrimAge2 on chronological age and standardizes continuous predictors, consistent with the paper’s description of transformations. Any extra detail (e.g., recoding education to years) extends but does not contradict the reported transformations.",,
cha,33,"A multiple linear regression including Cumulative Stress, Purpose in Life, and their interaction predicted GrimAge2 EAA with covariate adjustment. The interaction was significant (β = −.35, SE = .13, p < .01, f²_p = .01), indicating that higher purpose in life attenuated the positive association between cumulative stress and GrimAge2 acceleration.",Inference Specification,"Purpose in life moderated the association of cumulative life stressors on GrimAge2 ( β =− .35, SE = .13, p , .01, f2
p = .01) but not on DunedinPACE and PhenoAge (all ps . .22). Simple slope analyses revealed that among those who had a higher purpose in life, cumulative stressors were not significantly associated with GrimAge2 (β =− .27, SE = .20, p = .18), whereas higher levels of cumulative stressors were significantly linked to an increase in GrimAge2 among those who had lower levels of purpose in life ( β = .42,
SE = .20, p = .04).","### GrimAge2

```{r, message = FALSE}
## Without covariate
mod_p3_0 <-lm(eaa_grim ~
    # interaction
       cum_stress_11_z*pwb_purpose_z, data = subset_dat2)

## With covariate
mod_p3 <-lm(eaa_grim ~
    # demographics
      age_bio_z + sex + edu_y_z + emp + race + marpartner + child + group + 
    # health covariates
      smoke_bio + drinks_bio_z + bmi_bio_z + 
    # interaction
       cum_stress_11_z*pwb_purpose_z, data = subset_dat2)

### Show results
tab_model(mod_p3_0, mod_p3, show.se=TRUE, show.ci=FALSE, show.obs=FALSE, show.r2 = FALSE, vcov.fun = ""CL"",vcov.args = list(type = ""HC1"", cluster = subset_dat2$twin_cluster), dv.labels = c(""Without covariates"", ""With covariates""))

cohens_f_squared(mod_p3)

## Simple slope for GrimAge2
### IV = Cumulative stressors; Moderator: Purpose in life
sim_slopes(mod_p3, pred = ""cum_stress_11_z"", modx = ""pwb_purpose_z"", modx.values = c(-1,1), digits = 5, robust = ""HC1"", cluster = ""twin_cluster"")

### IV = Purpose in life; Moderator: Cumulative stressors
sim_slopes(mod_p3, pred = ""pwb_purpose_z"", modx = ""cum_stress_11_z"", modx.values = c(-1,1), digits = 5, robust = ""HC1"", cluster = ""twin_cluster"")

## Graph for GrimAge2
### Define base theme
base_theme <- theme_classic() +
  theme(
    panel.grid.major = element_blank(), 
    panel.grid.minor = element_blank()) +
  theme_sjplot(base_size = 12, base_family = ""Times New Roman"")

font_settings <- list(
  font(""title"", size = 13, color = ""Black"", face = ""bold"", family = ""Times New Roman""),
  font(""xlab"", size = 13, color = ""Black"", face = ""bold"", family = ""Times New Roman""),
  font(""ylab"", size = 13, color = ""Black"", face = ""bold"", family = ""Times New Roman""),
  font(""legend.title"", color = ""Black"", family = ""Times New Roman""),
  font(""legend.text"", size = 13, color = ""Black"", family = ""Times New Roman""),
  font(""xy.text"", size = 12, color = ""Black"", family = ""Times New Roman""))

### Generate plots
plot1 <- plot_model(mod_p3, 
                    type = ""pred"",
                    terms = c(""cum_stress_11_z"", ""pwb_purpose_z[-1,1]""),
                    ci.lvl = .95,
                    show.p = TRUE, 
                    colors = ""bw"", 
                    title = ""Purpose in Life"", 
                    axis.title = c(""Cumulative Stressors"", ""GrimAge2""), 
                    auto.label = FALSE, 
                    se = TRUE,
                    vcov.fun = ""CL"", 
                    vcov.args = list(type = ""HC1"", cluster =
                                       subset_dat2$twin_cluster)) +
                    base_theme + set_theme(base = theme_classic(), legend.pos
                                           = ""bottom"") +
                    scale_linetype_manual(name = ""Purpose in Life"", 
                        values = c(""solid"", ""dashed""), 
                        labels = c(""-1SD"", ""+1SD""))+
                    scale_y_continuous(breaks = c(-2, 0, 2)) + font_settings
```",match,"Both the paper and the code use conventional null-hypothesis significance testing with p-values (implicitly alpha = .05) and 95% confidence intervals, with no indication of any different or special inference criterion in either source.",,
cha,34,"Simple slope analysis for the Cumulative Stress × Purpose in Life interaction estimated the slope of cumulative stress at low purpose (−1 SD) predicting GrimAge2. Among individuals with lower purpose in life, higher cumulative stressors were significantly associated with increased GrimAge2 EAA (β = .42, SE = .20, p = .04).",Model Specification,"Hypotheses were tested by multiple linear regressions, with all con-
tinuous variables standardized before the analyses. ... All regression models used cluster-robust standard
errors to adjust for the 45 sets of twins or siblings in the analytic sam-
ple, and simple slope analyses were conducted with 1 SD above and
below for the identiﬁed moderators. ... Simple slope analyses
revealed that among those who had a higher purpose in life, cumu-
lative stressors were not signiﬁcantly associated with GrimAge2
(β =− .27, SE = .20, p = .18), whereas higher levels of cumulative
stressors were signiﬁcantly linked to an increase in GrimAge2
among those who had lower levels of purpose in life ( β = .42,
SE = .20, p = .04).","## Without covariate
mod_p3_0 <-lm(eaa_grim ~
    # interaction
       cum_stress_11_z*pwb_purpose_z, data = subset_dat2)

## With covariate
mod_p3 <-lm(eaa_grim ~
    # demographics
      age_bio_z + sex + edu_y_z + emp + race + marpartner + child + group + 
    # health covariates
      smoke_bio + drinks_bio_z + bmi_bio_z + 
    # interaction
       cum_stress_11_z*pwb_purpose_z, data = subset_dat2)
...
## Simple slope for GrimAge2
### IV = Cumulative stressors; Moderator: Purpose in life
sim_slopes(mod_p3, pred = ""cum_stress_11_z"", modx = ""pwb_purpose_z"", modx.values = c(-1,1), digits = 5, robust = ""HC1"", cluster = ""twin_cluster"")",unknown,,,
cha,34,"Simple slope analysis for the Cumulative Stress × Purpose in Life interaction estimated the slope of cumulative stress at low purpose (−1 SD) predicting GrimAge2. Among individuals with lower purpose in life, higher cumulative stressors were significantly associated with increased GrimAge2 EAA (β = .42, SE = .20, p = .04).",Variable Specification,"Next, we explored each dimension of psychological well-being as a moderator (see Model 1 of Table 1 and Figure 1). Purpose in life moderated the association of cumulative life stressors on GrimAge2 (β = −.35, SE = .13, p < .01, f2p = .01) but not on DunedinPACE and PhenoAge (all ps > .22). Simple slope analyses revealed that among those who had a higher purpose in life, cumulative stressors were not significantly associated with GrimAge2 (β = −.27, SE = .20, p = .18), whereas higher levels of cumulative stressors were significantly linked to an increase in GrimAge2 among those who had lower levels of purpose in life (β = .42, SE = .20, p = .04).","# GrimAge2 EAA
subset_dat2 <- subset(dat, !is.na(bra6dmagegrimage2) & !is.na(age_bio))
mod_test2 <- lm(bra6dmagegrimage2 ~ age_bio, data = subset_dat2)

subset_dat2$predict_grimage2 = predict(mod_test2)
subset_dat2$eaa_grim <- subset_dat2$bra6dmagegrimage2 - subset_dat2$predict_grimage2
...
    mutate(pwb_purpose_z = as.numeric(scale(pwb_purpose, center = TRUE, scale
                                            = TRUE)),
           ...
           # Standardize cumulative stressor
           cum_stress_11_z = as.numeric(scale(cum_stress_11, center = TRUE,
                                              scale = TRUE))) %>%
...
## With covariate
mod_p3 <-lm(eaa_grim ~
    # demographics
      age_bio_z + sex + edu_y_z + emp + race + marpartner + child + group + 
    # health covariates
      smoke_bio + drinks_bio_z + bmi_bio_z + 
    # interaction
       cum_stress_11_z*pwb_purpose_z, data = subset_dat2)
...
## Simple slope for GrimAge2
### IV = Cumulative stressors; Moderator: Purpose in life
sim_slopes(mod_p3, pred = ""cum_stress_11_z"", modx = ""pwb_purpose_z"", modx.values = c(-1,1), digits = 5, robust = ""HC1"", cluster = ""twin_cluster"")",match,"The code uses GrimAge2 EAA as the outcome, cumulative stressors as the predictor, and purpose in life as the moderator with simple slopes at ±1 SD, matching the paper’s variable roles and simple slope description.",,
cha,34,"Simple slope analysis for the Cumulative Stress × Purpose in Life interaction estimated the slope of cumulative stress at low purpose (−1 SD) predicting GrimAge2. Among individuals with lower purpose in life, higher cumulative stressors were significantly associated with increased GrimAge2 EAA (β = .42, SE = .20, p = .04).",Transformation Specification,"All regression models used cluster-robust standard errors to adjust for the 45 sets of twins or siblings in the analytic sample, and simple slope analyses were conducted with 1 SD above and below for the identified moderators.

All continuous variables [were] standardized before the analyses.","## Compute EAA (Epigenetic Age Acceleration)
# GrimAge2 EAA
subset_dat2 <- subset(dat, !is.na(bra6dmagegrimage2) & !is.na(age_bio))
mod_test2 <- lm(bra6dmagegrimage2 ~ age_bio, data = subset_dat2)

subset_dat2$predict_grimage2 = predict(mod_test2)
subset_dat2$eaa_grim <- subset_dat2$bra6dmagegrimage2 - subset_dat2$predict_grimage2
...
## Transform/standardize

transform_dataset <- function(dataset) {
  dataset <- dataset %>%
    # Change education to years
    mutate(edu = ifelse(edu %in% c(97, 98), NA, edu)) %>%
    mutate(edu_y = dplyr::recode(edu, 
    # recode education into years of education
                            ""1"" = 3,
                            ""2"" = 8,
                            ""3"" = 10.5,
                            ""4"" = 12,
                            ""5"" = 12,
                            ""6"" = 13.5,
                            ""7"" = 15,
                            ""8"" = 14,
                            ""9"" = 16,
                            ""10"" = 17,
                            ""11"" = 18,
                            ""12"" = 20,
                            .default = NA_real_)) %>%
    # Protective Factor (standardize psychological well-being)
    mutate(pwb_purpose_z = as.numeric(scale(pwb_purpose, center = TRUE, scale
                                            = TRUE)),
           pwb_mastery_z = as.numeric(scale(pwb_mastery, center = TRUE, scale                                             = TRUE)),
           pwb_accept_z = as.numeric(scale(pwb_accept, center = TRUE, scale =
                                             TRUE)),
           pwb_relation_z = as.numeric(scale(pwb_relation, center = TRUE,
                                             scale = TRUE)),
           pwb_growth_z = as.numeric(scale(pwb_growth, center = TRUE, scale =
                                             TRUE)),
           pwb_auto_z = as.numeric(scale(pwb_auto, center = TRUE, scale =
                                           TRUE)),
           pwb = (pwb_purpose_z + pwb_mastery_z + pwb_accept_z +
                    pwb_relation_z + pwb_growth_z + pwb_auto_z) / 6,
           pwb_z = as.numeric(scale(pwb, center = TRUE, scale = TRUE)),
           # Risk Factor (standardize neuroticism)
           neuro_z = as.numeric(scale(neuro, center = TRUE, scale = TRUE)),
           # Demographic covariates
           edu_y_z = as.numeric(scale(edu_y, center = TRUE, scale = TRUE)),
           age_bio_z = as.numeric(scale(age_bio, center = TRUE, scale =
                                          TRUE)),
           # Biomarker data covariates
           drinks_bio_z = as.numeric(scale(drinks_bio, center = TRUE, scale =
                                             TRUE)),
           bmi_bio_z = as.numeric(scale(bmi_bio, center = TRUE, scale =
                                          TRUE)),
           # Dummy code smoking status
           smoke_former = ifelse(smoke_bio == 1, 1, 0),
           smoke_current = ifelse(smoke_bio == 2, 1, 0),
           # Standardize cumulative stressor
           cum_stress_11_z = as.numeric(scale(cum_stress_11, center = TRUE,
                                              scale = TRUE))) %>%
    # Convert variables to factors
    mutate(emp = as.factor(emp),
           sex = as.factor(sex),
           child = as.factor(child),
           group = as.factor(group),
           marpartner = as.factor(marpartner),
           race = as.factor(race),
           smoke_bio = as.factor(smoke_bio))
  
  return(dataset)
}

# Apply the function to each dataset
subset_dat1 <- transform_dataset(subset_dat1)
subset_dat2 <- transform_dataset(subset_dat2)
dat <- transform_dataset(dat)",match,"The code standardizes the continuous predictors (cumulative stress and purpose in life) and covariates before analysis, consistent with the paper’s statement that all continuous variables were standardized and that simple slopes use ±1 SD of the moderator. The GrimAge2 EAA outcome is computed as a residual (a typical transformation for EAA) and then used with the z-scored predictors, aligning with the described simple slope analysis for the Cumulative Stress × Purpose in Life interaction.",,
cha,34,"Simple slope analysis for the Cumulative Stress × Purpose in Life interaction estimated the slope of cumulative stress at low purpose (−1 SD) predicting GrimAge2. Among individuals with lower purpose in life, higher cumulative stressors were significantly associated with increased GrimAge2 EAA (β = .42, SE = .20, p = .04).",Inference Specification,"Simple slope analyses revealed that among those who had a higher purpose in life, cumulative stressors were not signiï¬¯cantly associated with GrimAge2 (β =− .27, SE = .20, p = .18), whereas higher levels of cumulative stressors were signiï¬¯cantly linked to an increase in GrimAge2 among those who had lower levels of purpose in life (ï¬² = .42, SE = .20, p = .04).","## With covariate
mod_p3 <-lm(eaa_grim ~
    # demographics
      age_bio_z + sex + edu_y_z + emp + race + marpartner + child + group + 
    # health covariates
      smoke_bio + drinks_bio_z + bmi_bio_z + 
    # interaction
       cum_stress_11_z*pwb_purpose_z, data = subset_dat2)

### Show results
tab_model(mod_p3_0, mod_p3, show.se=TRUE, show.ci=FALSE, show.obs=FALSE, show.r2 = FALSE, vcov.fun = ""CL"",vcov.args = list(type = ""HC1"", cluster = subset_dat2$twin_cluster), dv.labels = c(""Without covariates"", ""With covariates""))

cohens_f_squared(mod_p3)

## Simple slope for GrimAge2
### IV = Cumulative stressors; Moderator: Purpose in life
sim_slopes(mod_p3, pred = ""cum_stress_11_z"", modx = ""pwb_purpose_z"", modx.values = c(-1,1), digits = 5, robust = ""HC1"", cluster = ""twin_cluster"")

### IV = Purpose in life; Moderator: Cumulative stressors
sim_slopes(mod_p3, pred = ""pwb_purpose_z"", modx = ""cum_stress_11_z"", modx.values = c(-1,1), digits = 5, robust = ""HC1"", cluster = ""twin_cluster"")

## Graph for GrimAge2
plot1 <- plot_model(mod_p3, 
                    type = ""pred"",
                    terms = c(""cum_stress_11_z"", ""pwb_purpose_z[-1,1]""),
                    ci.lvl = .95,
                    show.p = TRUE, 
                    colors = ""bw"", 
                    title = ""Purpose in Life"", 
                    axis.title = c(""Cumulative Stressors"", ""GrimAge2""), 
                    auto.label = FALSE, 
                    se = TRUE,
                    vcov.fun = ""CL"", 
                    vcov.args = list(type = ""HC1"", cluster =
                                       subset_dat2$twin_cluster)) +
                    base_theme + set_theme(base = theme_classic(), legend.pos
                                           = ""bottom"") +
                    scale_linetype_manual(name = ""Purpose in Life"", 
                        values = c(""solid"", ""dashed""), 
                        labels = c(""-1SD"", ""+1SD""))+
                    scale_y_continuous(breaks = c(-2, 0, 2)) + font_settings",match,Both the paper and the code use standard null-hypothesis significance testing with a 0.05 alpha level (p = .04 reported as significant) and 95% confidence intervals as the basis for inference. The code’s use of 95% CIs and p-values from `sim_slopes` aligns with the paper’s reporting of p-values for the simple slopes and treating p = .04 as significant.,,
cha,35,"A complementary simple slope analysis estimated the effect of cumulative stressors on GrimAge2 at high purpose in life (+1 SD). For those with higher purpose, the association between cumulative stressors and GrimAge2 was non-significant (β = −.27, SE = .20, p = .18), demonstrating a buffering pattern.",Model Specification,"Hypotheses were tested by multiple linear regressions, with all continuous variables standardized before the analyses. ... Simple slope analyses revealed that individuals with low psychological well-being experienced heightened GrimAge2 levels in response to higher cumulative stressors (β = .47, SE = .19, p = .02), whereas this association was not observed among those with high psychological well-being (β = −.28, SE = .21, p = .18).

Next, we explored each dimension of psychological well-being as a moderator (see Model 1 of Table 1 and Figure 1). Purpose in life moderated the association of cumulative life stressors on GrimAge2 (β = −.35, SE = .13, p < .01, f²ₚ = .01) but not on DunedinPACE and PhenoAge (all ps > .22). Simple slope analyses revealed that among those who had a higher purpose in life, cumulative stressors were not significantly associated with GrimAge2 (β = −.27, SE = .20, p = .18), whereas higher levels of cumulative stressors were significantly linked to an increase in GrimAge2 among those who had lower levels of purpose in life (β = .42, SE = .20, p = .04).","## With covariate
mod_p3 <-lm(eaa_grim ~
    # demographics
      age_bio_z + sex + edu_y_z + emp + race + marpartner + child + group + 
    # health covariates
      smoke_bio + drinks_bio_z + bmi_bio_z + 
    # interaction
       cum_stress_11_z*pwb_purpose_z, data = subset_dat2)

## Simple slope for GrimAge2
### IV = Cumulative stressors; Moderator: Purpose in life
sim_slopes(mod_p3, pred = ""cum_stress_11_z"", modx = ""pwb_purpose_z"", modx.values = c(-1,1), digits = 5, robust = ""HC1"", cluster = ""twin_cluster"")",match,"The paper describes testing hypotheses with multiple linear regression and conducting simple slope analyses for the interaction between cumulative stressors and purpose in life, which is exactly what is implemented in the code using lm with an interaction term and sim_slopes. The statistical model type and simple slopes procedure in the code align with the model specification in the paper.",,
cha,35,"A complementary simple slope analysis estimated the effect of cumulative stressors on GrimAge2 at high purpose in life (+1 SD). For those with higher purpose, the association between cumulative stressors and GrimAge2 was non-significant (β = −.27, SE = .20, p = .18), demonstrating a buffering pattern.",Variable Specification,"Simple slope analyses revealed that among those who had a higher purpose in life, cumulative stressors were not significantly associated with GrimAge2 (β = −.27, SE = .20, p = .18), whereas higher levels of cumulative stressors were significantly linked to an increase in GrimAge2 among those who had lower levels of purpose in life (β = .42, SE = .20, p = .04).","# GrimAge2 EAA
subset_dat2 <- subset(dat, !is.na(bra6dmagegrimage2) & !is.na(age_bio))
mod_test2 <- lm(bra6dmagegrimage2 ~ age_bio, data = subset_dat2)

subset_dat2$predict_grimage2 = predict(mod_test2)
subset_dat2$eaa_grim <- subset_dat2$bra6dmagegrimage2 - subset_dat2$predict_grimage2
...
    # Protective Factor (standardize psychological well-being)
    mutate(pwb_purpose_z = as.numeric(scale(pwb_purpose, center = TRUE, scale
                                            = TRUE)),
...
           # Standardize cumulative stressor
           cum_stress_11_z = as.numeric(scale(cum_stress_11, center = TRUE,
                                              scale = TRUE))) %>%
...
## Without covariate
mod_p3_0 <-lm(eaa_grim ~
    # interaction
       cum_stress_11_z*pwb_purpose_z, data = subset_dat2)

## With covariate
mod_p3 <-lm(eaa_grim ~
    # demographics
      age_bio_z + sex + edu_y_z + emp + race + marpartner + child + group + 
    # health covariates
      smoke_bio + drinks_bio_z + bmi_bio_z + 
    # interaction
       cum_stress_11_z*pwb_purpose_z, data = subset_dat2)
...
## Simple slope for GrimAge2
### IV = Cumulative stressors; Moderator: Purpose in life
sim_slopes(mod_p3, pred = ""cum_stress_11_z"", modx = ""pwb_purpose_z"", modx.values = c(-1,1), digits = 5, robust = ""HC1"", cluster = ""twin_cluster"")",mismatch,"The paper describes simple slopes for cumulative stressors predicting GrimAge2, but the code implements the analysis with GrimAge2 epigenetic age acceleration (a residualized outcome) rather than raw GrimAge2. The predictor (cumulative stressors) and moderator (purpose in life) match, but the outcome variable does not.",,
cha,35,"A complementary simple slope analysis estimated the effect of cumulative stressors on GrimAge2 at high purpose in life (+1 SD). For those with higher purpose, the association between cumulative stressors and GrimAge2 was non-significant (β = −.27, SE = .20, p = .18), demonstrating a buffering pattern.",Transformation Specification,"Hypotheses were tested by multiple linear regressions, with all continuous variables standardized before the analyses. ... and simple slope analyses were conducted with 1 SD above and below for the identiﬁed moderators. To calculate EAA from the other epigenetic age measures, we regressed GrimAge2 and PhenoAge on chronological age and computed residuals to index how much older one is biologically compared to one’s chronological age. Thus, a positive value indicated EAA.","subset_dat2 <- subset(dat, !is.na(bra6dmagegrimage2) & !is.na(age_bio))
mod_test2 <- lm(bra6dmagegrimage2 ~ age_bio, data = subset_dat2)

subset_dat2$predict_grimage2 = predict(mod_test2)
subset_dat2$eaa_grim <- subset_dat2$bra6dmagegrimage2 - subset_dat2$predict_grimage2

    mutate(pwb_purpose_z = as.numeric(scale(pwb_purpose, center = TRUE, scale
                                            = TRUE)),
           # Standardize cumulative stressor
           cum_stress_11_z = as.numeric(scale(cum_stress_11, center = TRUE,
                                              scale = TRUE))) %>%

sim_slopes(mod_p3, pred = ""cum_stress_11_z"", modx = ""pwb_purpose_z"", modx.values = c(-1,1), digits = 5, robust = ""HC1"", cluster = ""twin_cluster"")",match,"The code standardizes continuous predictors, computes epigenetic age acceleration as residuals from regressing GrimAge2 on chronological age, and conducts simple slopes at ±1 SD of the moderator, matching the described transformations in the paper.",,
cha,35,"A complementary simple slope analysis estimated the effect of cumulative stressors on GrimAge2 at high purpose in life (+1 SD). For those with higher purpose, the association between cumulative stressors and GrimAge2 was non-significant (β = −.27, SE = .20, p = .18), demonstrating a buffering pattern.",Inference Specification,"Simple slope analyses revealed that among those who had a higher purpose in life, cumulative stressors were not significantly associated with GrimAge2 (β = − .27, SE = .20, p = .18), whereas higher levels of cumulative stressors were significantly linked to an increase in GrimAge2 among those who had lower levels of purpose in life (β = .42, SE = .20, p = .04).","## Simple slope for GrimAge2
### IV = Cumulative stressors; Moderator: Purpose in life
sim_slopes(mod_p3, pred = ""cum_stress_11_z"", modx = ""pwb_purpose_z"", modx.values = c(-1,1), digits = 5, robust = ""HC1"", cluster = ""twin_cluster"")

### Show results
tab_model(mod_p3_0, mod_p3, show.se=TRUE, show.ci=FALSE, show.obs=FALSE, show.r2 = FALSE, vcov.fun = ""CL"",vcov.args = list(type = ""HC1"", cluster = subset_dat2$twin_cluster), dv.labels = c(""Without covariates"", ""With covariates""))

### Generate plots
plot1 <- plot_model(mod_p3, 
                    type = ""pred"",
                    terms = c(""cum_stress_11_z"", ""pwb_purpose_z[-1,1]""),
                    ci.lvl = .95,
                    show.p = TRUE, 
                    colors = ""bw"", 
                    title = ""Purpose in Life"", 
                    axis.title = c(""Cumulative Stressors"", ""GrimAge2""), 
                    auto.label = FALSE, 
                    se = TRUE,
                    vcov.fun = ""CL"", 
                    vcov.args = list(type = ""HC1"", cluster =
                                       subset_dat2$twin_cluster))",match,"The code uses 95% confidence intervals and default p-value thresholds, which aligns with the paper’s interpretation of p = .18 as non-significant and p = .04 as significant under a conventional α = .05 criterion.",,
cha,36,"A moderation regression tested whether environmental mastery interacted with cumulative stressors to predict DunedinPACE EAA. The Cumulative Stress × Environmental Mastery interaction was non-significant for DunedinPACE (all ps > .23), indicating no reliable moderation for this epigenetic clock.",Model Specification,"Hypotheses were tested by multiple linear regressions, with all continuous variables standardized before the analyses. Psychological well-being as a moderator was examined by regressing EAA on cumulative stressors, psychological well-being, and the interaction term between these two measures.","## Without covariates
mod_m1_0 <-lm(bra6dmagedunedinpace ~
       # interaction
      cum_stress_11_z*pwb_mastery_z, data = dat)

## With covariates
mod_m1 <-lm(bra6dmagedunedinpace ~
     # demographics
      age_bio_z + sex + edu_y_z + emp + race + marpartner + child + group + 
     # health covariates
      smoke_bio + drinks_bio_z + bmi_bio_z +
     # interaction
      cum_stress_11_z*pwb_mastery_z, data = dat)",match,"The code implements multiple linear regression models regressing DunedinPACE EAA on cumulative stressors, environmental mastery, and their interaction, which matches the described moderation regression approach in the paper. The inclusion of an interaction term and use of standardized continuous predictors align with the stated model specification.",,
cha,36,"A moderation regression tested whether environmental mastery interacted with cumulative stressors to predict DunedinPACE EAA. The Cumulative Stress × Environmental Mastery interaction was non-significant for DunedinPACE (all ps > .23), indicating no reliable moderation for this epigenetic clock.",Variable Specification,"Psychological well-being as a moderator was examined by regressing EAA on cumulative stressors, psychological well-being, and the interaction term between these two measures. ... The analyses used second- and third-generation epigenetic clocks—GrimAge2 (a current version of GrimAge), PhenoAge, and DunedinPACE, which are the EAA parameters most predictive of healthspan, all-cause mortality, and the onset of diseases, such as cancer (Levine et al., 2018). ... Environmental mastery significantly interacted with cumulative life stressors on GrimAge2 (β = −.31, SE = .12, p < .01, f2p = .01) but not on other EAA measures (all ps > .23).","transform_dataset <- function(dataset) {
  dataset <- dataset %>%
    # Protective Factor (standardize psychological well-being)
    mutate(pwb_purpose_z = as.numeric(scale(pwb_purpose, center = TRUE, scale
                                            = TRUE)),
           pwb_mastery_z = as.numeric(scale(pwb_mastery, center = TRUE, scale                                             = TRUE)),
           ...
           # Standardize cumulative stressor
           cum_stress_11_z = as.numeric(scale(cum_stress_11, center = TRUE,
                                              scale = TRUE))) %>%
    ...
  return(dataset)
}
...
## Environmental mastery

### DunedinPACE

## Without covariates
mod_m1_0 <-lm(bra6dmagedunedinpace ~
       # interaction
      cum_stress_11_z*pwb_mastery_z, data = dat)

## With covariates
mod_m1 <-lm(bra6dmagedunedinpace ~
     # demographics
      age_bio_z + sex + edu_y_z + emp + race + marpartner + child + group + 
     # health covariates
      smoke_bio + drinks_bio_z + bmi_bio_z +
     # interaction
      cum_stress_11_z*pwb_mastery_z, data = dat)

## Show results
tab_model(mod_m1_0, mod_m1, show.se=TRUE, show.ci=FALSE, show.obs=FALSE, show.r2 = FALSE, vcov.fun = ""CL"",vcov.args = list(type = ""HC1"", cluster = dat$twin_cluster), dv.labels = c(""Without covariates"", ""With covariates""))
...
## Simple slopes for GrimAge2
### IV = Cumulative stressors; Moderator: Environmental mastery
sim_slopes(mod_m3, pred = ""cum_stress_11_z"", modx = ""pwb_mastery_z"", modx.values = c(-1,1), digits = 5, robust = ""HC1"", cluster = ""twin_cluster"")

### IV = Environmental mastery; Moderator: Cumulative stressors
sim_slopes(mod_m3, pred = ""pwb_mastery_z"", modx = ""cum_stress_11_z"", modx.values = c(-1,1), digits = 5, robust = ""HC1"", cluster = ""twin_cluster"")",match,"The code specifies DunedinPACE EAA as the outcome and includes cumulative stressors, environmental mastery, and their interaction as predictors, consistent with the paper’s description of the moderation regression. Covariates are added in a second model, but this does not contradict the variable roles described in the paper.",,
cha,36,"A moderation regression tested whether environmental mastery interacted with cumulative stressors to predict DunedinPACE EAA. The Cumulative Stress × Environmental Mastery interaction was non-significant for DunedinPACE (all ps > .23), indicating no reliable moderation for this epigenetic clock.",Transformation Specification,"All values for 11 domains were standardized and summed to make a single index of cumulative stressors (for more details on the constructs, see the online supplemental materials, pp. 2–4). … The scales were summed to make six separate dimensions, and the scores were reverse coded so that higher scores indicate higher standing in the measure. … Hypotheses were tested by multiple linear regressions, with all continuous variables standardized before the analyses. … DunedinPACE is distinct from GrimAge2 and PhenoAge in that it reflects the relative pace of aging as a multiplicative factor, which indicates the ratio of biological age per calendar year of chronologic age and serves as a direct measure of EAA (Belsky et al., 2022).","    # Protective Factor (standardize psychological well-being)
    mutate(pwb_purpose_z = as.numeric(scale(pwb_purpose, center = TRUE, scale
                                            = TRUE)),
           pwb_mastery_z = as.numeric(scale(pwb_mastery, center = TRUE, scale                                             = TRUE)),
           pwb_accept_z = as.numeric(scale(pwb_accept, center = TRUE, scale =
                                             TRUE)),
           pwb_relation_z = as.numeric(scale(pwb_relation, center = TRUE,
                                             scale = TRUE)),
           pwb_growth_z = as.numeric(scale(pwb_growth, center = TRUE, scale =
                                             TRUE)),
           pwb_auto_z = as.numeric(scale(pwb_auto, center = TRUE, scale =
                                           TRUE)),
           pwb = (pwb_purpose_z + pwb_mastery_z + pwb_accept_z +
                    pwb_relation_z + pwb_growth_z + pwb_auto_z) / 6,
           pwb_z = as.numeric(scale(pwb, center = TRUE, scale = TRUE)),
           # Risk Factor (standardize neuroticism)
           neuro_z = as.numeric(scale(neuro, center = TRUE, scale = TRUE)),
           # Demographic covariates
           edu_y_z = as.numeric(scale(edu_y, center = TRUE, scale = TRUE)),
           age_bio_z = as.numeric(scale(age_bio, center = TRUE, scale =
                                          TRUE)),
           # Biomarker data covariates
           drinks_bio_z = as.numeric(scale(drinks_bio, center = TRUE, scale =
                                             TRUE)),
           bmi_bio_z = as.numeric(scale(bmi_bio, center = TRUE, scale =
                                          TRUE)),
           # Dummy code smoking status
           smoke_former = ifelse(smoke_bio == 1, 1, 0),
           smoke_current = ifelse(smoke_bio == 2, 1, 0),
           # Standardize cumulative stressor
           cum_stress_11_z = as.numeric(scale(cum_stress_11, center = TRUE,
                                              scale = TRUE))) %>%
    # Convert variables to factors
    mutate(emp = as.factor(emp),
           sex = as.factor(sex),
           child = as.factor(child),
           group = as.factor(group),
           marpartner = as.factor(marpartner),
           race = as.factor(race),
           smoke_bio = as.factor(smoke_bio))

## Without covariates
mod_m1_0 <-lm(bra6dmagedunedinpace ~
       # interaction
      cum_stress_11_z*pwb_mastery_z, data = dat)

## With covariates
mod_m1 <-lm(bra6dmagedunedinpace ~
     # demographics
      age_bio_z + sex + edu_y_z + emp + race + marpartner + child + group + 
     # health covariates
      smoke_bio + drinks_bio_z + bmi_bio_z +
     # interaction
      cum_stress_11_z*pwb_mastery_z, data = dat)",match,"The code standardizes the continuous predictors (including environmental mastery and cumulative stress) prior to regression, consistent with the paper’s description of standardizing continuous variables and using a cumulative stress index. While the construction of the cumulative stress index and reverse coding of well-being scales are not fully shown, nothing in the code contradicts these described transformations and the use of standardized versions in the moderation model matches the text.",,
cha,36,"A moderation regression tested whether environmental mastery interacted with cumulative stressors to predict DunedinPACE EAA. The Cumulative Stress × Environmental Mastery interaction was non-significant for DunedinPACE (all ps > .23), indicating no reliable moderation for this epigenetic clock.",Inference Specification,"Environmental mastery significantly interacted with cumulative life stressors on GrimAge2 (β =− .31, SE = .12, p , .01, f2
p = .01) but not on other EAA measures (all ps . .23).","## Show results
tab_model(mod_m1_0, mod_m1, show.se=TRUE, show.ci=FALSE, show.obs=FALSE, show.r2 = FALSE, vcov.fun = ""CL"",vcov.args = list(type = ""HC1"", cluster = dat$twin_cluster), dv.labels = c(""Without covariates"", ""With covariates""))

## Show results
tab_model(mod_m3_0, mod_m3, show.se=TRUE, show.ci=FALSE, show.obs=FALSE, show.r2 = FALSE, vcov.fun = ""CL"", vcov.args = list(type = ""HC1"", cluster = subset_dat2$twin_cluster), dv.labels = c(""Without covariates"", ""With covariates""))

cohens_f_squared(mod_m3)

## Simple slopes for GrimAge2
### IV = Cumulative stressors; Moderator: Environmental mastery
sim_slopes(mod_m3, pred = ""cum_stress_11_z"", modx = ""pwb_mastery_z"", modx.values = c(-1,1), digits = 5, robust = ""HC1"", cluster = ""twin_cluster"")

### IV = Environmental mastery; Moderator: Cumulative stressors
sim_slopes(mod_m3, pred = ""pwb_mastery_z"", modx = ""cum_stress_11_z"", modx.values = c(-1,1), digits = 5, robust = ""HC1"", cluster = ""twin_cluster"")

## Graph for GrimAge2
plot2 <-  plot_model(mod_m3, 
                    type = ""pred"",
                    terms = c(""cum_stress_11_z"", ""pwb_mastery_z[-1,1]""),
                    ci.lvl = .95,
                    show.p = TRUE, 
                    colors = ""bw"", 
                    title = ""Environmental mastery"", 
                    axis.title = c(""Cumulative Stressors"", ""GrimAge2""), 
                    auto.label = FALSE, 
                    se = TRUE,
                    vcov.fun = ""CL"", 
                    vcov.args = list(type = ""HC1"", cluster =
                                       subset_dat2$twin_cluster)) +
                    base_theme + set_theme(base = theme_classic(), legend.pos
                                           = ""bottom"") +
                    scale_linetype_manual(name = ""Environmental mastery"", 
                        values = c(""solid"", ""dashed""), 
                        labels = c(""-1SD"", ""+1SD""))+
                    scale_y_continuous(breaks = c(-2, 0, 2))+ font_settings",match,"The paper’s inference description (significance based on p-values, with effects labeled significant at p < .01 and non-significant otherwise) is consistent with the code’s use of p-values and 95% confidence intervals, implying a conventional alpha = .05 threshold. No alternative or conflicting inference criteria appear in the code.",,
cha,37,"The interaction between cumulative stressors and environmental mastery was also examined as a predictor of PhenoAge EAA via multiple regression. The interaction term did not reach significance (ps > .23), suggesting environmental mastery did not significantly moderate stress effects on PhenoAge.",Model Specification,"Hypotheses were tested by multiple linear regressions, with all continuous variables standardized before the analyses. Psychological well-being as a moderator was examined by regressing EAA on cumulative stressors, psychological well-being, and the interaction term between these two measures.","## Without covariates
mod_m2_0 <-lm(eaa_pheno ~
     # interaction
      cum_stress_11_z*pwb_mastery_z, data = subset_dat1)

# With covariates
mod_m2 <-lm(eaa_pheno ~
     # demographics
      age_bio_z + sex + edu_y_z + emp + race + marpartner + child + group + 
     # health covariates
      smoke_bio + drinks_bio_z + bmi_bio_z +
     # interaction
      cum_stress_11_z*pwb_mastery_z, data = subset_dat1)

## Show results
tab_model(mod_m2_0, mod_m2, show.se=TRUE, show.ci=FALSE, show.obs=FALSE, show.r2 = FALSE, vcov.fun = ""CL"", vcov.args = list(type = ""HC1"", cluster = subset_dat1$twin_cluster), dv.labels = c(""Without covariates"", ""With covariates""))",match,"The code uses multiple linear regression to regress PhenoAge EAA on cumulative stressors, environmental mastery, and their interaction, consistent with the paper’s described model specification.",,
cha,37,"The interaction between cumulative stressors and environmental mastery was also examined as a predictor of PhenoAge EAA via multiple regression. The interaction term did not reach significance (ps > .23), suggesting environmental mastery did not significantly moderate stress effects on PhenoAge.",Variable Specification,"Environmental mastery significantly interacted with cumulative life stressors on GrimAge2 ( β =− .31, SE = .12, p , .01, f2
p = .01) but not on other EAA measures (all ps . .23).","## Without covariates
mod_m2_0 <-lm(eaa_pheno ~
     # interaction
      cum_stress_11_z*pwb_mastery_z, data = subset_dat1)

# With covariates
mod_m2 <-lm(eaa_pheno ~
     # demographics
      age_bio_z + sex + edu_y_z + emp + race + marpartner + child + group + 
     # health covariates
      smoke_bio + drinks_bio_z + bmi_bio_z +
     # interaction
      cum_stress_11_z*pwb_mastery_z, data = subset_dat1)",match,"The code uses PhenoAge EAA as the outcome and models the interaction between cumulative stressors and environmental mastery as predictors, consistent with the paper’s description of this analysis. It also includes versions with and without covariates, but the core variable roles match the paper’s specification.",,
cha,37,"The interaction between cumulative stressors and environmental mastery was also examined as a predictor of PhenoAge EAA via multiple regression. The interaction term did not reach significance (ps > .23), suggesting environmental mastery did not significantly moderate stress effects on PhenoAge.",Transformation Specification,"All values for 11 domains were standardized and summed to make a single index of cumulative stressors (for more details on the constructs, see the online supplemental materials, pp. 2–4).

The scales were summed to make six separate dimensions, and the scores were reverse coded so that higher scores indicate higher standing in the measure. The combined psychological well-being measure was calculated as the average of the standardized scores across the six dimensions of psychological well-being.

To calculate EAA from the other epigenetic age measures, we regressed GrimAge2 and PhenoAge on chronological age and computed residuals to index how much older one is biologically compared to one’s chronological age. Thus, a positive value indicated EAA.

Hypotheses were tested by multiple linear regressions, with all continuous variables standardized before the analyses.","## make subset dataset

```r
# Compute EAA (Epigenetic Age Acceleration)
# PhenoAge EAA
subset_dat1 <- subset(dat, !is.na(bra6dmagephenoage) & !is.na(age_bio))
mod_test2 <- lm(bra6dmagephenoage ~ age_bio, data = subset_dat1)

subset_dat1$predict_phenoage = predict(mod_test2)
subset_dat1$eaa_pheno <- subset_dat1$bra6dmagephenoage - subset_dat1$predict_phenoage
```

## Transform/standardize

```r
transform_dataset <- function(dataset) {
  dataset <- dataset %>%
    # Protective Factor (standardize psychological well-being)
    mutate(pwb_purpose_z = as.numeric(scale(pwb_purpose, center = TRUE, scale
                                            = TRUE)),
           pwb_mastery_z = as.numeric(scale(pwb_mastery, center = TRUE, scale                                             = TRUE)),
           pwb_accept_z = as.numeric(scale(pwb_accept, center = TRUE, scale =
                                             TRUE)),
           pwb_relation_z = as.numeric(scale(pwb_relation, center = TRUE,
                                             scale = TRUE)),
           pwb_growth_z = as.numeric(scale(pwb_growth, center = TRUE, scale =
                                             TRUE)),
           pwb_auto_z = as.numeric(scale(pwb_auto, center = TRUE, scale =
                                           TRUE)),
           pwb = (pwb_purpose_z + pwb_mastery_z + pwb_accept_z +
                    pwb_relation_z + pwb_growth_z + pwb_auto_z) / 6,
           pwb_z = as.numeric(scale(pwb, center = TRUE, scale = TRUE)),
           # Risk Factor (standardize neuroticism)
           neuro_z = as.numeric(scale(neuro, center = TRUE, scale = TRUE)),
           # Demographic covariates
           edu_y_z = as.numeric(scale(edu_y, center = TRUE, scale = TRUE)),
           age_bio_z = as.numeric(scale(age_bio, center = TRUE, scale =
                                          TRUE)),
           # Biomarker data covariates
           drinks_bio_z = as.numeric(scale(drinks_bio, center = TRUE, scale =
                                             TRUE)),
           bmi_bio_z = as.numeric(scale(bmi_bio, center = TRUE, scale =
                                          TRUE)),
           # Dummy code smoking status
           smoke_former = ifelse(smoke_bio == 1, 1, 0),
           smoke_current = ifelse(smoke_bio == 2, 1, 0),
           # Standardize cumulative stressor
           cum_stress_11_z = as.numeric(scale(cum_stress_11, center = TRUE,
                                              scale = TRUE))) %>%
    # Convert variables to factors
    mutate(emp = as.factor(emp),
           sex = as.factor(sex),
           child = as.factor(child),
           group = as.factor(group),
           marpartner = as.factor(marpartner),
           race = as.factor(race),
           smoke_bio = as.factor(smoke_bio))
  
  return(dataset)
}

# Apply the function to each dataset
subset_dat1 <- transform_dataset(subset_dat1)
```

## Environmental mastery × cumulative stress predicting PhenoAge EAA

```r
### PhenoAge

## Without covariates
mod_m2_0 <-lm(eaa_pheno ~
     # interaction
      cum_stress_11_z*pwb_mastery_z, data = subset_dat1)

# With covariates
mod_m2 <-lm(eaa_pheno ~
     # demographics
      age_bio_z + sex + edu_y_z + emp + race + marpartner + child + group + 
     # health covariates
      smoke_bio + drinks_bio_z + bmi_bio_z +
     # interaction
      cum_stress_11_z*pwb_mastery_z, data = subset_dat1)
```",match,"The code implements the described transformations: PhenoAge EAA is computed as residuals from regressing PhenoAge on chronological age, and the continuous predictors (environmental mastery and cumulative stress index) are standardized before inclusion in the regression. Any additional earlier steps (e.g., creating cum_stress_11 and the raw environmental mastery scale) are not shown but are not contradicted by the provided code.",,
cha,37,"The interaction between cumulative stressors and environmental mastery was also examined as a predictor of PhenoAge EAA via multiple regression. The interaction term did not reach significance (ps > .23), suggesting environmental mastery did not significantly moderate stress effects on PhenoAge.",Inference Specification,"Environmental mastery significantly interacted with cumulative life stressors on GrimAge2 (β = −.31, SE = .12, p < .01, f2p = .01) but not on other EAA measures (all ps > .23).","mod_m2_0 <-lm(eaa_pheno ~
     # interaction
      cum_stress_11_z*pwb_mastery_z, data = subset_dat1)

# With covariates
mod_m2 <-lm(eaa_pheno ~
     # demographics
      age_bio_z + sex + edu_y_z + emp + race + marpartner + child + group + 
     # health covariates
      smoke_bio + drinks_bio_z + bmi_bio_z +
     # interaction
      cum_stress_11_z*pwb_mastery_z, data = subset_dat1)

## Show results
tab_model(mod_m2_0, mod_m2, show.se=TRUE, show.ci=FALSE, show.obs=FALSE, show.r2 = FALSE, vcov.fun = ""CL"", vcov.args = list(type = ""HC1"", cluster = subset_dat1$twin_cluster), dv.labels = c(""Without covariates"", ""With covariates""))",match,"Both the paper and code rely on p-values from linear regression models (with no alternative alpha or inferential criterion specified), so the non-significant interaction on PhenoAge EAA in the paper is consistent with the code’s default p-value-based inference. The use of clustered robust standard errors in the code does not conflict with the paper’s reported p-values or thresholds.",,
cha,38,"A multiple linear regression including cumulative stressors, environmental mastery, and their interaction predicted GrimAge2 EAA. The Cumulative Stress × Environmental Mastery interaction was significant (β = −.31, SE = .12, p < .01, f²_p = .01), indicating that greater mastery weakened the positive association between cumulative stress and GrimAge2.",Model Specification,"Hypotheses were tested by multiple linear regressions, with all continuous variables standardized before the analyses. Psychological well-being as a moderator was examined by regressing EAA on cumulative stressors, psychological well-being, and the interaction term between these two measures.","## Without covariates
mod_m3_0 <-lm(eaa_grim ~
    # interaction
      cum_stress_11_z*pwb_mastery_z, data = subset_dat2)

## With covariates
mod_m3 <-lm(eaa_grim ~
    # demographics
      age_bio_z + sex + edu_y_z + emp + race + marpartner + child +  group + 
    # health covariates
      smoke_bio + drinks_bio_z + bmi_bio_z +
    # interaction
      cum_stress_11_z*pwb_mastery_z, data = subset_dat2)

## Show results
tab_model(mod_m3_0, mod_m3, show.se=TRUE, show.ci=FALSE, show.obs=FALSE, show.r2 = FALSE, vcov.fun = ""CL"", vcov.args = list(type = ""HC1"", cluster = subset_dat2$twin_cluster), dv.labels = c(""Without covariates"", ""With covariates""))

cohens_f_squared(mod_m3)",match,"The paper describes testing moderation using multiple linear regression of EAA on cumulative stressors, environmental mastery, and their interaction, and the code implements this using lm() with the interaction term cum_stress_11_z*pwb_mastery_z predicting eaa_grim, with and without covariates. This aligns with the stated model specification of multiple linear regression with an interaction term and standardized predictors.",,
cha,38,"A multiple linear regression including cumulative stressors, environmental mastery, and their interaction predicted GrimAge2 EAA. The Cumulative Stress × Environmental Mastery interaction was significant (β = −.31, SE = .12, p < .01, f²_p = .01), indicating that greater mastery weakened the positive association between cumulative stress and GrimAge2.",Variable Specification,"Psychological well-being as a moderator was examined by regressing EAA on cumulative stressors, psychological well-being, and the interaction term between these two measures.

Environmental mastery significantly interacted with cumulative life stressors on GrimAge2 ( β =− .31, SE = .12, p , .01, f2
p = .01) but not on other EAA measures (all ps . .23). The simple slopes showed similar patterns as the test of purpose in life, such that high environmental mastery buffered the association of cumulative stressors with GrimAge2 (β =− .12, SE = .21, p = .56), while those with low levels of environmental mastery showed higher GrimAge2 with increasing cumulative stressors (β = .49, SE = .19, p = .01).","## GrimAge2

## Without covariates
mod_m3_0 <-lm(eaa_grim ~
    # interaction
      cum_stress_11_z*pwb_mastery_z, data = subset_dat2)

## With covariates
mod_m3 <-lm(eaa_grim ~
    # demographics
      age_bio_z + sex + edu_y_z + emp + race + marpartner + child +  group + 
    # health covariates
      smoke_bio + drinks_bio_z + bmi_bio_z +
    # interaction
      cum_stress_11_z*pwb_mastery_z, data = subset_dat2)

## Simple slopes for GrimAge2
### IV = Cumulative stressors; Moderator: Environmental mastery
sim_slopes(mod_m3, pred = ""cum_stress_11_z"", modx = ""pwb_mastery_z"", modx.values = c(-1,1), digits = 5, robust = ""HC1"", cluster = ""twin_cluster"")",match,"The code uses GrimAge2 EAA as the outcome and includes cumulative stressors, environmental mastery, and their interaction as predictors, matching the paper’s description of the variables and their roles. Additional covariates in the code do not contradict the paper’s stated core model specification.",,
cha,38,"A multiple linear regression including cumulative stressors, environmental mastery, and their interaction predicted GrimAge2 EAA. The Cumulative Stress × Environmental Mastery interaction was significant (β = −.31, SE = .12, p < .01, f²_p = .01), indicating that greater mastery weakened the positive association between cumulative stress and GrimAge2.",Transformation Specification,"All values for 11 domains were standardized and summed to make a single index of cumulative stressors (for more details on the constructs, see the online supplemental materials, pp. 2–4).
...
The scales were summed to make six separate dimensions, and the scores were reverse coded so that higher scores indicate higher standing in the measure.
...
To calculate EAA from the other epigenetic age measures, we regressed GrimAge2 and PhenoAge on chronological age and computed residuals to index how much older one is biologically compared to one’s chronological age.
...
Hypotheses were tested by multiple linear regressions, with all continuous variables standardized before the analyses.","## Compute EAA (Epigenetic Age Acceleration)
# GrimAge2 EAA
subset_dat2 <- subset(dat, !is.na(bra6dmagegrimage2) & !is.na(age_bio))
mod_test2 <- lm(bra6dmagegrimage2 ~ age_bio, data = subset_dat2)

subset_dat2$predict_grimage2 = predict(mod_test2)
subset_dat2$eaa_grim <- subset_dat2$bra6dmagegrimage2 - subset_dat2$predict_grimage2

## Transform/standardize

transform_dataset <- function(dataset) {
  dataset <- dataset %>%
    # Protective Factor (standardize psychological well-being)
    mutate(pwb_purpose_z = as.numeric(scale(pwb_purpose, center = TRUE, scale
                                            = TRUE)),
           pwb_mastery_z = as.numeric(scale(pwb_mastery, center = TRUE, scale                                             = TRUE)),
           pwb_accept_z = as.numeric(scale(pwb_accept, center = TRUE, scale =
                                             TRUE)),
           pwb_relation_z = as.numeric(scale(pwb_relation, center = TRUE,
                                             scale = TRUE)),
           pwb_growth_z = as.numeric(scale(pwb_growth, center = TRUE, scale =
                                             TRUE)),
           pwb_auto_z = as.numeric(scale(pwb_auto, center = TRUE, scale =
                                           TRUE)),
           pwb = (pwb_purpose_z + pwb_mastery_z + pwb_accept_z +
                    pwb_relation_z + pwb_growth_z + pwb_auto_z) / 6,
           pwb_z = as.numeric(scale(pwb, center = TRUE, scale = TRUE)),
           # Demographic covariates
           edu_y_z = as.numeric(scale(edu_y, center = TRUE, scale = TRUE)),
           age_bio_z = as.numeric(scale(age_bio, center = TRUE, scale =
                                          TRUE)),
           # Biomarker data covariates
           drinks_bio_z = as.numeric(scale(drinks_bio, center = TRUE, scale =
                                             TRUE)),
           bmi_bio_z = as.numeric(scale(bmi_bio, center = TRUE, scale =
                                          TRUE)),
           # Standardize cumulative stressor
           cum_stress_11_z = as.numeric(scale(cum_stress_11, center = TRUE,
                                              scale = TRUE))) %>%
    # Convert variables to factors
    mutate(emp = as.factor(emp),
           sex = as.factor(sex),
           child = as.factor(child),
           group = as.factor(group),
           marpartner = as.factor(marpartner),
           race = as.factor(race),
           smoke_bio = as.factor(smoke_bio))
  
  return(dataset)
}

# Apply the function to each dataset
subset_dat2 <- transform_dataset(subset_dat2)",unknown,"The code matches some described transformations (e.g., computing GrimAge2 EAA via regression on chronological age and z-scoring key continuous predictors), but there is insufficient information to verify other stated transformations (e.g., how the 11-domain cumulative stress index and the environmental mastery scale itself were originally constructed or reverse-coded).",,
cha,38,"A multiple linear regression including cumulative stressors, environmental mastery, and their interaction predicted GrimAge2 EAA. The Cumulative Stress × Environmental Mastery interaction was significant (β = −.31, SE = .12, p < .01, f²_p = .01), indicating that greater mastery weakened the positive association between cumulative stress and GrimAge2.",Inference Specification,"Environmental mastery significantly interacted with cumulative life stressors on GrimAge2 ( β =− .31, SE = .12, p , .01, f2
p = .01) but not on other EAA measures (all ps . .23).","## GrimAge2

## With covariates
mod_m3 <-lm(eaa_grim ~
    # demographics
      age_bio_z + sex + edu_y_z + emp + race + marpartner + child +  group + 
    # health covariates
      smoke_bio + drinks_bio_z + bmi_bio_z +
    # interaction
      cum_stress_11_z*pwb_mastery_z, data = subset_dat2)

## Show results
tab_model(mod_m3_0, mod_m3, show.se=TRUE, show.ci=FALSE, show.obs=FALSE, show.r2 = FALSE, vcov.fun = ""CL"", vcov.args = list(type = ""HC1"", cluster = subset_dat2$twin_cluster), dv.labels = c(""Without covariates"", ""With covariates""))

cohens_f_squared(mod_m3)

## Simple slopes for GrimAge2
### IV = Cumulative stressors; Moderator: Environmental mastery
sim_slopes(mod_m3, pred = ""cum_stress_11_z"", modx = ""pwb_mastery_z"", modx.values = c(-1,1), digits = 5, robust = ""HC1"", cluster = ""twin_cluster"")

### IV = Environmental mastery; Moderator: Cumulative stressors
sim_slopes(mod_m3, pred = ""pwb_mastery_z"", modx = ""cum_stress_11_z"", modx.values = c(-1,1), digits = 5, robust = ""HC1"", cluster = ""twin_cluster"")

## Graph for GrimAge2
plot2 <-  plot_model(mod_m3, 
                    type = ""pred"",
                    terms = c(""cum_stress_11_z"", ""pwb_mastery_z[-1,1]""),
                    ci.lvl = .95,
                    show.p = TRUE, 
                    colors = ""bw"", 
                    title = ""Environmental mastery"", 
                    axis.title = c(""Cumulative Stressors"", ""GrimAge2""), 
                    auto.label = FALSE, 
                    se = TRUE,
                    vcov.fun = ""CL"", 
                    vcov.args = list(type = ""HC1"", cluster =
                                       subset_dat2$twin_cluster))",match,"The paper interprets the interaction as significant based on a p-value threshold (p < .01), and the code computes standard p-values and 95% CIs using robust clustered standard errors without applying any alternative or unusual inference criteria, which is consistent with conventional alpha = .05–based inference. There is no indication in the code of a different significance threshold or correction that would conflict with the paper’s reported inference.",,
cha,39,"Simple slope analysis for the Cumulative Stress × Environmental Mastery interaction estimated the slope of cumulative stress at low environmental mastery (−1 SD) predicting GrimAge2. Individuals with low mastery showed a significant positive association between cumulative stressors and GrimAge2 acceleration (β = .49, SE = .19, p = .01).",Model Specification,"Hypotheses were tested by multiple linear regressions, with all continuous variables standardized before the analyses. Psychological well-being as a moderator was examined by regressing EAA on cumulative stressors, psychological well-being, and the interaction term between these two measures. ... All regression models used cluster-robust standard errors to adjust for the 45 sets of twins or siblings in the analytic sample, and simple slope analyses were conducted with 1 SD above and below for the identified moderators.","### GrimAge2

```{r, message = FALSE}
## Without covariates
mod_m3_0 <-lm(eaa_grim ~
    # interaction
      cum_stress_11_z*pwb_mastery_z, data = subset_dat2)

## With covariates
mod_m3 <-lm(eaa_grim ~
    # demographics
      age_bio_z + sex + edu_y_z + emp + race + marpartner + child +  group + 
    # health covariates
      smoke_bio + drinks_bio_z + bmi_bio_z +
    # interaction
      cum_stress_11_z*pwb_mastery_z, data = subset_dat2)

## Show results
tab_model(mod_m3_0, mod_m3, show.se=TRUE, show.ci=FALSE, show.obs=FALSE, show.r2 = FALSE, vcov.fun = ""CL"", vcov.args = list(type = ""HC1"", cluster = subset_dat2$twin_cluster), dv.labels = c(""Without covariates"", ""With covariates""))

cohens_f_squared(mod_m3)

## Simple slopes for GrimAge2
### IV = Cumulative stressors; Moderator: Environmental mastery
sim_slopes(mod_m3, pred = ""cum_stress_11_z"", modx = ""pwb_mastery_z"", modx.values = c(-1,1), digits = 5, robust = ""HC1"", cluster = ""twin_cluster"")
```",match,"The code uses multiple linear regression with an interaction term and cluster-robust standard errors, consistent with the paper’s described model specification for testing the Cumulative Stress × Environmental Mastery interaction and conducting simple slopes at ±1 SD.",,
cha,39,"Simple slope analysis for the Cumulative Stress × Environmental Mastery interaction estimated the slope of cumulative stress at low environmental mastery (−1 SD) predicting GrimAge2. Individuals with low mastery showed a significant positive association between cumulative stressors and GrimAge2 acceleration (β = .49, SE = .19, p = .01).",Variable Specification,"Psychological well-being as a moderator was examined by regressing EAA on cumulative stressors, psychological well-being, and the interaction term between these two measures. Next, we explored each dimension of psychological well-being as a moderator (see Model 1 of Table 1 and Figure 1). Environmental mastery significantly interacted with cumulative life stressors on GrimAge2 (β = −.31, SE = .12, p < .01, f2_p = .01) but not on other EAA measures (all ps > .23). The simple slopes showed similar patterns as the test of purpose in life, such that high environmental mastery buffered the association of cumulative stressors with GrimAge2 (β = −.12, SE = .21, p = .56), while those with low levels of environmental mastery showed higher GrimAge2 with increasing cumulative stressors (β = .49, SE = .19, p = .01).","# GrimAge2 EAA
subset_dat2 <- subset(dat, !is.na(bra6dmagegrimage2) & !is.na(age_bio))
mod_test2 <- lm(bra6dmagegrimage2 ~ age_bio, data = subset_dat2)

subset_dat2$predict_grimage2 = predict(mod_test2)
subset_dat2$eaa_grim <- subset_dat2$bra6dmagegrimage2 - subset_dat2$predict_grimage2
...
    mutate(edu_y = dplyr::recode(edu, 
    # recode education into years of education
                            ""1"" = 3,
                            ""2"" = 8,
                            ""3"" = 10.5,
                            ""4"" = 12,
                            ""5"" = 12,
                            ""6"" = 13.5,
                            ""7"" = 15,
                            ""8"" = 14,
                            ""9"" = 16,
                            ""10"" = 17,
                            ""11"" = 18,
                            ""12"" = 20,
                            .default = NA_real_)) %>%
    # Protective Factor (standardize psychological well-being)
    mutate(pwb_purpose_z = as.numeric(scale(pwb_purpose, center = TRUE, scale
                                            = TRUE)),
           pwb_mastery_z = as.numeric(scale(pwb_mastery, center = TRUE, scale                                             = TRUE)),
           pwb_accept_z = as.numeric(scale(pwb_accept, center = TRUE, scale =
                                             TRUE)),
           pwb_relation_z = as.numeric(scale(pwb_relation, center = TRUE,
                                             scale = TRUE)),
           pwb_growth_z = as.numeric(scale(pwb_growth, center = TRUE, scale =
                                             TRUE)),
           pwb_auto_z = as.numeric(scale(pwb_auto, center = TRUE, scale =
                                           TRUE)),
           pwb = (pwb_purpose_z + pwb_mastery_z + pwb_accept_z +
                    pwb_relation_z + pwb_growth_z + pwb_auto_z) / 6,
           pwb_z = as.numeric(scale(pwb, center = TRUE, scale = TRUE)),
           # Risk Factor (standardize neuroticism)
           neuro_z = as.numeric(scale(neuro, center = TRUE, scale = TRUE)),
           # Demographic covariates
           edu_y_z = as.numeric(scale(edu_y, center = TRUE, scale = TRUE)),
           age_bio_z = as.numeric(scale(age_bio, center = TRUE, scale =
                                          TRUE)),
           # Biomarker data covariates
           drinks_bio_z = as.numeric(scale(drinks_bio, center = TRUE, scale =
                                             TRUE)),
           bmi_bio_z = as.numeric(scale(bmi_bio, center = TRUE, scale =
                                          TRUE)),
           # Dummy code smoking status
           smoke_former = ifelse(smoke_bio == 1, 1, 0),
           smoke_current = ifelse(smoke_bio == 2, 1, 0),
           # Standardize cumulative stressor
           cum_stress_11_z = as.numeric(scale(cum_stress_11, center = TRUE,
                                              scale = TRUE))) %>%
...
### GrimAge2

```{r, message = FALSE}
## Without covariates
mod_m3_0 <-lm(eaa_grim ~
    # interaction
      cum_stress_11_z*pwb_mastery_z, data = subset_dat2)

## With covariates
mod_m3 <-lm(eaa_grim ~
    # demographics
      age_bio_z + sex + edu_y_z + emp + race + marpartner + child +  group + 
    # health covariates
      smoke_bio + drinks_bio_z + bmi_bio_z +
    # interaction
      cum_stress_11_z*pwb_mastery_z, data = subset_dat2)
...
## Simple slopes for GrimAge2
### IV = Cumulative stressors; Moderator: Environmental mastery
sim_slopes(mod_m3, pred = ""cum_stress_11_z"", modx = ""pwb_mastery_z"", modx.values = c(-1,1), digits = 5, robust = ""HC1"", cluster = ""twin_cluster"")",unknown,,,
cha,39,"Simple slope analysis for the Cumulative Stress × Environmental Mastery interaction estimated the slope of cumulative stress at low environmental mastery (−1 SD) predicting GrimAge2. Individuals with low mastery showed a significant positive association between cumulative stressors and GrimAge2 acceleration (β = .49, SE = .19, p = .01).",Transformation Specification,"All values for 11 domains were standardized and summed to make a single index of cumulative stressors (for more details on the constructs, see the online supplemental materials, pp. 2–4).
...
To calculate EAA from the other epigenetic age measures, we regressed GrimAge2 and PhenoAge on chronological age and computed residuals to index how much older one is biologically compared to one’s chronological age.
...
The scales were summed to make six separate dimensions, and the scores were reverse coded so that higher scores indicate higher standing in the measure.
...
Hypotheses were tested by multiple linear regressions, with all continuous variables standardized before the analyses.
...
Simple slope analyses were conducted with 1 SD above and below for the identified moderators.","## make subset dataset

# Compute EAA (Epigenetic Age Acceleration)
# PhenoAge EAA
subset_dat1 <- subset(dat, !is.na(bra6dmagephenoage) & !is.na(age_bio))
mod_test2 <- lm(bra6dmagephenoage ~ age_bio, data = subset_dat1)

subset_dat1$predict_phenoage = predict(mod_test2)
subset_dat1$eaa_pheno <- subset_dat1$bra6dmagephenoage - subset_dat1$predict_phenoage

# GrimAge2 EAA
subset_dat2 <- subset(dat, !is.na(bra6dmagegrimage2) & !is.na(age_bio))
mod_test2 <- lm(bra6dmagegrimage2 ~ age_bio, data = subset_dat2)

subset_dat2$predict_grimage2 = predict(mod_test2)
subset_dat2$eaa_grim <- subset_dat2$bra6dmagegrimage2 - subset_dat2$predict_grimage2

## Transform/standardize

transform_dataset <- function(dataset) {
  dataset <- dataset %>%
    # Change education to years
    mutate(edu = ifelse(edu %in% c(97, 98), NA, edu)) %>%
    mutate(edu_y = dplyr::recode(edu, 
    # recode education into years of education
                            ""1"" = 3,
                            ""2"" = 8,
                            ""3"" = 10.5,
                            ""4"" = 12,
                            ""5"" = 12,
                            ""6"" = 13.5,
                            ""7"" = 15,
                            ""8"" = 14,
                            ""9"" = 16,
                            ""10"" = 17,
                            ""11"" = 18,
                            ""12"" = 20,
                            .default = NA_real_)) %>%
    # Protective Factor (standardize psychological well-being)
    mutate(pwb_purpose_z = as.numeric(scale(pwb_purpose, center = TRUE, scale
                                            = TRUE)),
           pwb_mastery_z = as.numeric(scale(pwb_mastery, center = TRUE, scale                                             = TRUE)),
           pwb_accept_z = as.numeric(scale(pwb_accept, center = TRUE, scale =
                                             TRUE)),
           pwb_relation_z = as.numeric(scale(pwb_relation, center = TRUE,
                                             scale = TRUE)),
           pwb_growth_z = as.numeric(scale(pwb_growth, center = TRUE, scale =
                                             TRUE)),
           pwb_auto_z = as.numeric(scale(pwb_auto, center = TRUE, scale =
                                           TRUE)),
           pwb = (pwb_purpose_z + pwb_mastery_z + pwb_accept_z +
                    pwb_relation_z + pwb_growth_z + pwb_auto_z) / 6,
           pwb_z = as.numeric(scale(pwb, center = TRUE, scale = TRUE)),
           # Risk Factor (standardize neuroticism)
           neuro_z = as.numeric(scale(neuro, center = TRUE, scale = TRUE)),
           # Demographic covariates
           edu_y_z = as.numeric(scale(edu_y, center = TRUE, scale = TRUE)),
           age_bio_z = as.numeric(scale(age_bio, center = TRUE, scale =
                                          TRUE)),
           # Biomarker data covariates
           drinks_bio_z = as.numeric(scale(drinks_bio, center = TRUE, scale =
                                             TRUE)),
           bmi_bio_z = as.numeric(scale(bmi_bio, center = TRUE, scale =
                                          TRUE)),
           # Dummy code smoking status
           smoke_former = ifelse(smoke_bio == 1, 1, 0),
           smoke_current = ifelse(smoke_bio == 2, 1, 0),
           # Standardize cumulative stressor
           cum_stress_11_z = as.numeric(scale(cum_stress_11, center = TRUE,
                                              scale = TRUE))) %>%
    # Convert variables to factors
    mutate(emp = as.factor(emp),
           sex = as.factor(sex),
           child = as.factor(child),
           group = as.factor(group),
           marpartner = as.factor(marpartner),
           race = as.factor(race),
           smoke_bio = as.factor(smoke_bio))
  
  return(dataset)
}

# Apply the function to each dataset
subset_dat1 <- transform_dataset(subset_dat1)
subset_dat2 <- transform_dataset(subset_dat2)
dat <- transform_dataset(dat)

### GrimAge2

## With covariates
mod_m3 <-lm(eaa_grim ~
    # demographics
      age_bio_z + sex + edu_y_z + emp + race + marpartner + child +  group + 
    # health covariates
      smoke_bio + drinks_bio_z + bmi_bio_z +
    # interaction
      cum_stress_11_z*pwb_mastery_z, data = subset_dat2)

## Simple slopes for GrimAge2
### IV = Cumulative stressors; Moderator: Environmental mastery
sim_slopes(mod_m3, pred = ""cum_stress_11_z"", modx = ""pwb_mastery_z"", modx.values = c(-1,1), digits = 5, robust = ""HC1"", cluster = ""twin_cluster"")",match,"The code implements the described transformations: EAA is computed as residuals from regressing GrimAge2 on chronological age, continuous predictors (including cumulative stress and environmental mastery) are standardized, and simple slopes are estimated at ±1 SD of the standardized moderator. These steps align with the paper’s description of data transformation and simple slope specification for the Cumulative Stress × Environmental Mastery interaction on GrimAge2 EAA.",,
cha,39,"Simple slope analysis for the Cumulative Stress × Environmental Mastery interaction estimated the slope of cumulative stress at low environmental mastery (−1 SD) predicting GrimAge2. Individuals with low mastery showed a significant positive association between cumulative stressors and GrimAge2 acceleration (β = .49, SE = .19, p = .01).",Inference Specification,"Environmental mastery significantly interacted with cumulative life stressors on GrimAge2 ( β =− .31, SE = .12, p , .01, f
2
p = .01) but not on other EAA measures (all ps . .23). The simple slopes showed similar patterns as the test of purpose in life, such that high environmental mastery buffered the association of cumulative stressors with GrimAge2 (β =− .12, SE = .21, p = .56), while those with low levels of environmental mastery showed higher GrimAge2 with increasing cumulative stressors (β = .49, SE = .19, p = .01).","## Simple slopes for GrimAge2
### IV = Cumulative stressors; Moderator: Environmental mastery
sim_slopes(mod_m3, pred = ""cum_stress_11_z"", modx = ""pwb_mastery_z"", modx.values = c(-1,1), digits = 5, robust = ""HC1"", cluster = ""twin_cluster"")
...
## Show results
tab_model(mod_m3_0, mod_m3, show.se=TRUE, show.ci=FALSE, show.obs=FALSE, show.r2 = FALSE, vcov.fun = ""CL"", vcov.args = list(type = ""HC1"", cluster = subset_dat2$twin_cluster), dv.labels = c(""Without covariates"", ""With covariates""))
...
plot2 <-  plot_model(mod_m3, 
                    type = ""pred"",
                    terms = c(""cum_stress_11_z"", ""pwb_mastery_z[-1,1]""),
                    ci.lvl = .95,
                    show.p = TRUE, 
                    colors = ""bw"", 
                    title = ""Environmental mastery"", 
                    axis.title = c(""Cumulative Stressors"", ""GrimAge2""), 
                    auto.label = FALSE, 
                    se = TRUE,
                    vcov.fun = ""CL"", 
                    vcov.args = list(type = ""HC1"", cluster =
                                       subset_dat2$twin_cluster)) +",match,"Both the paper and code use standard null-hypothesis significance testing with p-values and 95% confidence intervals, implying an alpha of 0.05 for inference. The code’s use of 95% CIs and p-values for the simple slopes aligns with the reported p-values in the paper for the Environmental Mastery × Cumulative Stress interaction on GrimAge2.",,
cha,40,"A corresponding simple slope analysis estimated the effect of cumulative stressors on GrimAge2 among those with high environmental mastery (+1 SD). For individuals high in mastery, cumulative stressors were not significantly related to GrimAge2 EAA (β = −.12, SE = .21, p = .56), consistent with a buffering effect.",Model Specification,"Hypotheses were tested by multiple linear regressions, with all continuous variables standardized before the analyses. ... All regression models used cluster-robust standard errors to adjust for the 45 sets of twins or siblings in the analytic sample, and simple slope analyses were conducted with 1 SD above and below for the identified moderators.","### GrimAge2

```{r, message = FALSE}
## Without covariates
mod_m3_0 <-lm(eaa_grim ~
    # interaction
      cum_stress_11_z*pwb_mastery_z, data = subset_dat2)

## With covariates
mod_m3 <-lm(eaa_grim ~
    # demographics
      age_bio_z + sex + edu_y_z + emp + race + marpartner + child +  group + 
    # health covariates
      smoke_bio + drinks_bio_z + bmi_bio_z +
    # interaction
      cum_stress_11_z*pwb_mastery_z, data = subset_dat2)

## Show results
tab_model(mod_m3_0, mod_m3, show.se=TRUE, show.ci=FALSE, show.obs=FALSE, show.r2 = FALSE, vcov.fun = ""CL"", vcov.args = list(type = ""HC1"", cluster = subset_dat2$twin_cluster), dv.labels = c(""Without covariates"", ""With covariates""))

cohens_f_squared(mod_m3)

## Simple slopes for GrimAge2
### IV = Cumulative stressors; Moderator: Environmental mastery
sim_slopes(mod_m3, pred = ""cum_stress_11_z"", modx = ""pwb_mastery_z"", modx.values = c(-1,1), digits = 5, robust = ""HC1"", cluster = ""twin_cluster"")
```",match,"The code uses multiple linear regression with an interaction term and conducts simple slope analyses with cluster-robust standard errors, matching the paper’s described model specification.",,
cha,40,"A corresponding simple slope analysis estimated the effect of cumulative stressors on GrimAge2 among those with high environmental mastery (+1 SD). For individuals high in mastery, cumulative stressors were not significantly related to GrimAge2 EAA (β = −.12, SE = .21, p = .56), consistent with a buffering effect.",Variable Specification,"Environmental mastery signiﬁcantly interacted with cumulative life stressors on GrimAge2 (β = −.31, SE = .12, p , .01, f2
p = .01) but not on other EAA measures (all ps . .23). The simple slopes showed similar patterns as the test of purpose in life, such that high environmental mastery buffered the association of cumulative stressors with GrimAge2 (β = −.12, SE = .21, p = .56), while those with low levels of environmental mastery showed higher GrimAge2 with increasing cumulative stressors (β = .49, SE = .19, p = .01).","# GrimAge2 EAA
subset_dat2 <- subset(dat, !is.na(bra6dmagegrimage2) & !is.na(age_bio))
mod_test2 <- lm(bra6dmagegrimage2 ~ age_bio, data = subset_dat2)

subset_dat2$predict_grimage2 = predict(mod_test2)
subset_dat2$eaa_grim <- subset_dat2$bra6dmagegrimage2 - subset_dat2$predict_grimage2
...
transform_dataset <- function(dataset) {
  dataset <- dataset %>%
    ...
    # Protective Factor (standardize psychological well-being)
    mutate(pwb_purpose_z = as.numeric(scale(pwb_purpose, center = TRUE, scale
                                            = TRUE)),
           pwb_mastery_z = as.numeric(scale(pwb_mastery, center = TRUE, scale                                             = TRUE)),
           pwb_accept_z = as.numeric(scale(pwb_accept, center = TRUE, scale =
                                             TRUE)),
           pwb_relation_z = as.numeric(scale(pwb_relation, center = TRUE,
                                             scale = TRUE)),
           pwb_growth_z = as.numeric(scale(pwb_growth, center = TRUE, scale =
                                             TRUE)),
           pwb_auto_z = as.numeric(scale(pwb_auto, center = TRUE, scale =
                                           TRUE)),
           pwb = (pwb_purpose_z + pwb_mastery_z + pwb_accept_z +
                    pwb_relation_z + pwb_growth_z + pwb_auto_z) / 6,
           pwb_z = as.numeric(scale(pwb, center = TRUE, scale = TRUE)),
           ...
           # Standardize cumulative stressor
           cum_stress_11_z = as.numeric(scale(cum_stress_11, center = TRUE,
                                              scale = TRUE))) %>%
    ...
  
  return(dataset)
}
...
## Without covariates
mod_m3_0 <-lm(eaa_grim ~
    # interaction
      cum_stress_11_z*pwb_mastery_z, data = subset_dat2)

## With covariates
mod_m3 <-lm(eaa_grim ~
    # demographics
      age_bio_z + sex + edu_y_z + emp + race + marpartner + child +  group + 
    # health covariates
      smoke_bio + drinks_bio_z + bmi_bio_z +
    # interaction
      cum_stress_11_z*pwb_mastery_z, data = subset_dat2)
...
## Simple slopes for GrimAge2
### IV = Cumulative stressors; Moderator: Environmental mastery
sim_slopes(mod_m3, pred = ""cum_stress_11_z"", modx = ""pwb_mastery_z"", modx.values = c(-1,1), digits = 5, robust = ""HC1"", cluster = ""twin_cluster"")",match,"The code uses GrimAge2 EAA as the outcome, cumulative stressors as the predictor, and environmental mastery as the moderator with appropriate standardization and covariate adjustment, matching the paper’s description of the simple slopes analysis. It also computes simple slopes of cumulative stressors at ±1 SD of environmental mastery, consistent with the reported high vs. low mastery comparison.",,
cha,40,"A corresponding simple slope analysis estimated the effect of cumulative stressors on GrimAge2 among those with high environmental mastery (+1 SD). For individuals high in mastery, cumulative stressors were not significantly related to GrimAge2 EAA (β = −.12, SE = .21, p = .56), consistent with a buffering effect.",Transformation Specification,"All values for 11 domains were standardized and summed to make a single index of cumulative stressors (for more details on the constructs, see the online supplemental materials, pp. 2–4).

The scales were summed to make six separate dimensions, and the scores were reverse coded so that higher scores indicate higher standing in the measure. The combined psychological well-being measure was calculated as the average of the standardized scores across the six dimensions of psychological well-being.

To calculate EAA from the other epigenetic age measures, we regressed GrimAge2 and PhenoAge on chronological age and computed residuals to index how much older one is biologically compared to one’s chronological age. Thus, a positive value indicated EAA.

Hypotheses were tested by multiple linear regressions, with all continuous variables standardized before the analyses.","# GrimAge2 EAA
subset_dat2 <- subset(dat, !is.na(bra6dmagegrimage2) & !is.na(age_bio))
mod_test2 <- lm(bra6dmagegrimage2 ~ age_bio, data = subset_dat2)

subset_dat2$predict_grimage2 = predict(mod_test2)
subset_dat2$eaa_grim <- subset_dat2$bra6dmagegrimage2 - subset_dat2$predict_grimage2
...
transform_dataset <- function(dataset) {
  dataset <- dataset %>%
    # Change education to years
    mutate(edu = ifelse(edu %in% c(97, 98), NA, edu)) %>%
    mutate(edu_y = dplyr::recode(edu, 
    # recode education into years of education
                            ""1"" = 3,
                            ""2"" = 8,
                            ""3"" = 10.5,
                            ""4"" = 12,
                            ""5"" = 12,
                            ""6"" = 13.5,
                            ""7"" = 15,
                            ""8"" = 14,
                            ""9"" = 16,
                            ""10"" = 17,
                            ""11"" = 18,
                            ""12"" = 20,
                            .default = NA_real_)) %>%
    # Protective Factor (standardize psychological well-being)
    mutate(pwb_purpose_z = as.numeric(scale(pwb_purpose, center = TRUE, scale
                                            = TRUE)),
           pwb_mastery_z = as.numeric(scale(pwb_mastery, center = TRUE, scale                                             = TRUE)),
           pwb_accept_z = as.numeric(scale(pwb_accept, center = TRUE, scale =
                                             TRUE)),
           pwb_relation_z = as.numeric(scale(pwb_relation, center = TRUE,
                                             scale = TRUE)),
           pwb_growth_z = as.numeric(scale(pwb_growth, center = TRUE, scale =
                                             TRUE)),
           pwb_auto_z = as.numeric(scale(pwb_auto, center = TRUE, scale =
                                           TRUE)),
           pwb = (pwb_purpose_z + pwb_mastery_z + pwb_accept_z +
                    pwb_relation_z + pwb_growth_z + pwb_auto_z) / 6,
           pwb_z = as.numeric(scale(pwb, center = TRUE, scale = TRUE)),
           # Risk Factor (standardize neuroticism)
           neuro_z = as.numeric(scale(neuro, center = TRUE, scale = TRUE)),
           # Demographic covariates
           edu_y_z = as.numeric(scale(edu_y, center = TRUE, scale = TRUE)),
           age_bio_z = as.numeric(scale(age_bio, center = TRUE, scale =
                                          TRUE)),
           # Biomarker data covariates
           drinks_bio_z = as.numeric(scale(drinks_bio, center = TRUE, scale =
                                             TRUE)),
           bmi_bio_z = as.numeric(scale(bmi_bio, center = TRUE, scale =
                                          TRUE)),
           # Dummy code smoking status
           smoke_former = ifelse(smoke_bio == 1, 1, 0),
           smoke_current = ifelse(smoke_bio == 2, 1, 0),
           # Standardize cumulative stressor
           cum_stress_11_z = as.numeric(scale(cum_stress_11, center = TRUE,
                                              scale = TRUE))) %>%
    # Convert variables to factors
    mutate(emp = as.factor(emp),
           sex = as.factor(sex),
           child = as.factor(child),
           group = as.factor(group),
           marpartner = as.factor(marpartner),
           race = as.factor(race),
           smoke_bio = as.factor(smoke_bio))
  
  return(dataset)
}

# Apply the function to each dataset
subset_dat1 <- transform_dataset(subset_dat1)
subset_dat2 <- transform_dataset(subset_dat2)
dat <- transform_dataset(dat)
...
## Simple slopes for GrimAge2
### IV = Cumulative stressors; Moderator: Environmental mastery
sim_slopes(mod_m3, pred = ""cum_stress_11_z"", modx = ""pwb_mastery_z"", modx.values = c(-1,1), digits = 5, robust = ""HC1"", cluster = ""twin_cluster"")",match,"The code implements the described transformations: GrimAge2 EAA is computed as residuals from regressing GrimAge2 age on chronological age, psychological well-being is formed as the average of standardized subscales, and continuous predictors (including cumulative stressors and mastery) are standardized before regression and simple-slope probing at ±1 SD. The construction of the cumulative stressor index from 11 domains is not shown but is not contradicted by the code that standardizes the resulting index for analysis.",,
cha,40,"A corresponding simple slope analysis estimated the effect of cumulative stressors on GrimAge2 among those with high environmental mastery (+1 SD). For individuals high in mastery, cumulative stressors were not significantly related to GrimAge2 EAA (β = −.12, SE = .21, p = .56), consistent with a buffering effect.",Inference Specification,"Environmental mastery significantly interacted with cumulative life stressors on GrimAge2 ( β =− .31, SE = .12, p , .01, f2
p = .01) but not on other EAA measures (all ps . .23). The simple slopes showed similar patterns as the test of purpose in life, such that high environmental mastery buffered the association of cumulative stressors with GrimAge2 (β =− .12, SE = .21, p = .56), while those with low levels of environmental mastery showed higher GrimAge2 with increasing cumulative stressors (β = .49, SE = .19, p = .01).","## Show results
tab_model(mod_m3_0, mod_m3, show.se=TRUE, show.ci=FALSE, show.obs=FALSE, show.r2 = FALSE, vcov.fun = ""CL"", vcov.args = list(type = ""HC1"", cluster = subset_dat2$twin_cluster), dv.labels = c(""Without covariates"", ""With covariates""))

cohens_f_squared(mod_m3)

## Simple slopes for GrimAge2
### IV = Cumulative stressors; Moderator: Environmental mastery
sim_slopes(mod_m3, pred = ""cum_stress_11_z"", modx = ""pwb_mastery_z"", modx.values = c(-1,1), digits = 5, robust = ""HC1"", cluster = ""twin_cluster"")

### IV = Environmental mastery; Moderator: Cumulative stressors
sim_slopes(mod_m3, pred = ""pwb_mastery_z"", modx = ""cum_stress_11_z"", modx.values = c(-1,1), digits = 5, robust = ""HC1"", cluster = ""twin_cluster"")

## Graph for GrimAge2
plot2 <-  plot_model(mod_m3, 
                    type = ""pred"",
                    terms = c(""cum_stress_11_z"", ""pwb_mastery_z[-1,1]""),
                    ci.lvl = .95,
                    show.p = TRUE, 
                    colors = ""bw"", 
                    title = ""Environmental mastery"", 
                    axis.title = c(""Cumulative Stressors"", ""GrimAge2""), 
                    auto.label = FALSE, 
                    se = TRUE,
                    vcov.fun = ""CL"", 
                    vcov.args = list(type = ""HC1"", cluster =
                                       subset_dat2$twin_cluster)) +
                    base_theme + set_theme(base = theme_classic(), legend.pos
                                           = ""bottom"") +
                    scale_linetype_manual(name = ""Environmental mastery"", 
                        values = c(""solid"", ""dashed""), 
                        labels = c(""-1SD"", ""+1SD""))+
                    scale_y_continuous(breaks = c(-2, 0, 2))+ font_settings",match,"The paper interprets results using conventional null-hypothesis significance testing (p-values with an implicit α = .05), and the code implements standard p-value-based inference with 95% confidence intervals, consistent with that criterion. There is no indication of alternative or corrected alpha levels in either the text or the code that would create a discrepancy.",,
cha,41,"A moderation regression tested whether self-acceptance interacted with cumulative stressors to predict DunedinPACE EAA. The Cumulative Stress × Self-Acceptance interaction was non-significant for DunedinPACE (ps > .16), indicating no moderation effect for this clock.",Model Specification,"Hypotheses were tested by multiple linear regressions, with all con-tinuous variables standardized before the analyses. Psychological well-being as a moderator was examined by regressing EAA on cumulative stressors, psychological well-being, and the interaction term between these two measures.","## Self-acceptance

### DunedinPACE

## Without covariates
mod_a1_0 <-lm(bra6dmagedunedinpace ~
    # interaction
      cum_stress_11_z*pwb_accept_z, data = dat)

## With covariates
mod_a1 <-lm(bra6dmagedunedinpace ~
    # demographics
      age_bio_z + sex + edu_y_z + emp + race + marpartner + child + group + 
    # health covariates
      smoke_bio + drinks_bio_z + bmi_bio_z + 
    # interaction
      cum_stress_11_z*pwb_accept_z, data = dat)

## Show results
tab_model(mod_a1_0, mod_a1, show.se=TRUE, show.ci=FALSE, show.obs=FALSE, show.r2 = FALSE, vcov.fun = ""CL"",vcov.args = list(type = ""HC1"", cluster = dat$twin_cluster), dv.labels = c(""Without covariates"", ""With covariates""))",match,"The paper describes using multiple linear regression with an interaction between cumulative stressors and psychological well-being to predict EAA, and the code implements this via lm() with the specified interaction term. This aligns with the stated model specification for testing moderation.",,
cha,41,"A moderation regression tested whether self-acceptance interacted with cumulative stressors to predict DunedinPACE EAA. The Cumulative Stress × Self-Acceptance interaction was non-significant for DunedinPACE (ps > .16), indicating no moderation effect for this clock.",Variable Specification,"Next, we explored each dimension of psychological well-being as a moderator (see Model 1 of Table 1 and Figure 1).
...
Self-acceptance also significantly moderated cumulative life stressors on GrimAge2 ( β =− .36, SE = .12, p , .01, f2
p = .01) but not DunedinPACE and PhenoAge (all ps . .16).","           pwb_accept_z = as.numeric(scale(pwb_accept, center = TRUE, scale =
                                             TRUE)),
           ...
           cum_stress_11_z = as.numeric(scale(cum_stress_11, center = TRUE,
                                              scale = TRUE))) %>%
...
## Self-acceptance

### DunedinPACE

## Without covariates
mod_a1_0 <-lm(bra6dmagedunedinpace ~
    # interaction
      cum_stress_11_z*pwb_accept_z, data = dat)

## With covariates
mod_a1 <-lm(bra6dmagedunedinpace ~
    # demographics
      age_bio_z + sex + edu_y_z + emp + race + marpartner + child + group + 
    # health covariates
      smoke_bio + drinks_bio_z + bmi_bio_z + 
    # interaction
      cum_stress_11_z*pwb_accept_z, data = dat)",match,"The code uses DunedinPACE epigenetic age acceleration as the outcome and includes cumulative stress and self-acceptance (plus their interaction) as predictors, consistent with the paper’s description of the moderation regression. Covariates are added in a second model, which aligns with the paper’s reference to Model 1 including controls.",,
cha,41,"A moderation regression tested whether self-acceptance interacted with cumulative stressors to predict DunedinPACE EAA. The Cumulative Stress × Self-Acceptance interaction was non-significant for DunedinPACE (ps > .16), indicating no moderation effect for this clock.",Transformation Specification,"Self-acceptance also significantly moderated cumulative life stressors on GrimAge2 (β = −.36, SE = .12, p < .01, f²p = .01) but not DunedinPACE and PhenoAge (all ps > .16). Those with higher levels of self-acceptance did not show a significant relationship between cumulative stressors on GrimAge2 (β = −.28, SE = .21, p = .17), but those with low self-acceptance showed higher GrimAge2 (β = .45, SE = .20, p = .02). The scales were summed to make six separate dimensions, and the scores were reverse coded so that higher scores indicate higher standing in the measure. The combined psychological well-being measure was calculated as the average of the standardized scores across the six dimensions of psychological well-being. All values for 11 domains were standardized and summed to make a single index of cumulative stressors. To calculate EAA from the other epigenetic age measures, we regressed GrimAge2 and PhenoAge on chronological age and computed residuals to index how much older one is biologically compared to one’s chronological age. Hypotheses were tested by multiple linear regressions, with all continuous variables standardized before the analyses.","# Compute EAA (Epigenetic Age Acceleration)
# PhenoAge EAA
subset_dat1 <- subset(dat, !is.na(bra6dmagephenoage) & !is.na(age_bio))
mod_test2 <- lm(bra6dmagephenoage ~ age_bio, data = subset_dat1)

subset_dat1$predict_phenoage = predict(mod_test2)
subset_dat1$eaa_pheno <- subset_dat1$bra6dmagephenoage - subset_dat1$predict_phenoage

# GrimAge2 EAA
subset_dat2 <- subset(dat, !is.na(bra6dmagegrimage2) & !is.na(age_bio))
mod_test2 <- lm(bra6dmagegrimage2 ~ age_bio, data = subset_dat2)

subset_dat2$predict_grimage2 = predict(mod_test2)
subset_dat2$eaa_grim <- subset_dat2$bra6dmagegrimage2 - subset_dat2$predict_grimage2

## Transform/standardize

transform_dataset <- function(dataset) {
  dataset <- dataset %>%
    # Change education to years
    mutate(edu = ifelse(edu %in% c(97, 98), NA, edu)) %>%
    mutate(edu_y = dplyr::recode(edu, 
    # recode education into years of education
                            ""1"" = 3,
                            ""2"" = 8,
                            ""3"" = 10.5,
                            ""4"" = 12,
                            ""5"" = 12,
                            ""6"" = 13.5,
                            ""7"" = 15,
                            ""8"" = 14,
                            ""9"" = 16,
                            ""10"" = 17,
                            ""11"" = 18,
                            ""12"" = 20,
                            .default = NA_real_)) %>%
    # Protective Factor (standardize psychological well-being)
    mutate(pwb_purpose_z = as.numeric(scale(pwb_purpose, center = TRUE, scale
                                            = TRUE)),
           pwb_mastery_z = as.numeric(scale(pwb_mastery, center = TRUE, scale                                             = TRUE)),
           pwb_accept_z = as.numeric(scale(pwb_accept, center = TRUE, scale =
                                             TRUE)),
           pwb_relation_z = as.numeric(scale(pwb_relation, center = TRUE,
                                             scale = TRUE)),
           pwb_growth_z = as.numeric(scale(pwb_growth, center = TRUE, scale =
                                             TRUE)),
           pwb_auto_z = as.numeric(scale(pwb_auto, center = TRUE, scale =
                                           TRUE)),
           pwb = (pwb_purpose_z + pwb_mastery_z + pwb_accept_z +
                    pwb_relation_z + pwb_growth_z + pwb_auto_z) / 6,
           pwb_z = as.numeric(scale(pwb, center = TRUE, scale = TRUE)),
           # Risk Factor (standardize neuroticism)
           neuro_z = as.numeric(scale(neuro, center = TRUE, scale = TRUE)),
           # Demographic covariates
           edu_y_z = as.numeric(scale(edu_y, center = TRUE, scale =
                                          TRUE)),
           age_bio_z = as.numeric(scale(age_bio, center = TRUE, scale =
                                          TRUE)),
           # Biomarker data covariates
           drinks_bio_z = as.numeric(scale(drinks_bio, center = TRUE, scale =
                                             TRUE)),
           bmi_bio_z = as.numeric(scale(bmi_bio, center = TRUE, scale =
                                          TRUE)),
           # Dummy code smoking status
           smoke_former = ifelse(smoke_bio == 1, 1, 0),
           smoke_current = ifelse(smoke_bio == 2, 1, 0),
           # Standardize cumulative stressor
           cum_stress_11_z = as.numeric(scale(cum_stress_11, center = TRUE,
                                              scale = TRUE))) %>%
    # Convert variables to factors
    mutate(emp = as.factor(emp),
           sex = as.factor(sex),
           child = as.factor(child),
           group = as.factor(group),
           marpartner = as.factor(marpartner),
           race = as.factor(race),
           smoke_bio = as.factor(smoke_bio))
  
  return(dataset)
}

# Apply the function to each dataset
subset_dat1 <- transform_dataset(subset_dat1)
subset_dat2 <- transform_dataset(subset_dat2)
dat <- transform_dataset(dat)

## Self-acceptance – DunedinPACE moderation models

## Without covariates
mod_a1_0 <-lm(bra6dmagedunedinpace ~
    # interaction
      cum_stress_11_z*pwb_accept_z, data = dat)

## With covariates
mod_a1 <-lm(bra6dmagedunedinpace ~
    # demographics
      age_bio_z + sex + edu_y_z + emp + race + marpartner + child + group + 
    # health covariates
      smoke_bio + drinks_bio_z + bmi_bio_z + 
    # interaction
      cum_stress_11_z*pwb_accept_z, data = dat)",match,"The code applies the described transformations: it computes EAA for GrimAge2 and PhenoAge via residuals from age, constructs and standardizes the cumulative stress index, standardizes the self-acceptance dimension and other PWB subscales, and uses standardized continuous predictors in the DunedinPACE moderation models, consistent with the paper’s transformation description. Any remaining details (e.g., prior reverse coding of PWB items) are not contradicted and are likely handled upstream of the provided code.",,
cha,41,"A moderation regression tested whether self-acceptance interacted with cumulative stressors to predict DunedinPACE EAA. The Cumulative Stress × Self-Acceptance interaction was non-significant for DunedinPACE (ps > .16), indicating no moderation effect for this clock.",Inference Specification,"Self-acceptance also signiﬁcantly moderated cumulative life stressors on GrimAge2 ( β =− .36, SE = .12, p , .01, f2
p = .01) but not DunedinPACE and PhenoAge (all ps . .16).","## Self-acceptance

### DunedinPACE

## Without covariates
mod_a1_0 <-lm(bra6dmagedunedinpace ~
    # interaction
      cum_stress_11_z*pwb_accept_z, data = dat)

## With covariates
mod_a1 <-lm(bra6dmagedunedinpace ~
    # demographics
      age_bio_z + sex + edu_y_z + emp + race + marpartner + child + group + 
    # health covariates
      smoke_bio + drinks_bio_z + bmi_bio_z + 
    # interaction
      cum_stress_11_z*pwb_accept_z, data = dat)

## Show results
tab_model(mod_a1_0, mod_a1, show.se=TRUE, show.ci=FALSE, show.obs=FALSE, show.r2 = FALSE, vcov.fun = ""CL"",vcov.args = list(type = ""HC1"", cluster = dat$twin_cluster), dv.labels = c(""Without covariates"", ""With covariates""))

### GrimAge2

## Show results
tab_model(mod_a3_0, mod_a3, show.se=TRUE, show.ci=FALSE, show.obs=FALSE, show.r2 = FALSE, vcov.fun = ""CL"", vcov.args = list(type = ""HC1"", cluster = subset_dat2$twin_cluster), dv.labels = c(""Without covariates"", ""With covariates""))

cohens_f_squared(mod_a3)

## Simple slopes for GrimAge2
### IV = Cumulative stressors; Moderator: Self-acceptance
sim_slopes(mod_a3, pred = ""cum_stress_11_z"", modx = ""pwb_accept_z"", modx.values = c(-1,1), digits = 5, robust = ""HC1"", cluster = ""twin_cluster"")

### IV = Self-acceptance; Moderator: Cumulative stressors
sim_slopes(mod_a3, pred = ""pwb_accept_z"", modx = ""cum_stress_11_z"", modx.values = c(-1,1), digits = 5, robust = ""HC1"", cluster = ""twin_cluster"")

## Graph for GrimAge2
plot3 <-  plot_model(mod_a3, 
                    type = ""pred"",
                    terms = c(""cum_stress_11_z"", ""pwb_accept_z[-1,1]""),
                    ci.lvl = .95,
                    show.p = TRUE, 
                    colors = ""bw"", 
                    title = ""Self-acceptance"", 
                    axis.title = c(""Cumulative Stressors"", ""GrimAge2""), 
                    auto.label = FALSE, 
                    se = TRUE,
                    vcov.fun = ""CL"", 
                    vcov.args = list(type = ""HC1"", cluster =
                                       subset_dat2$twin_cluster)) +
                    base_theme + set_theme(base = theme_classic(), legend.pos
                                           = ""bottom"") +
                    scale_linetype_manual(name = ""Self-acceptance"", 
                        values = c(""solid"", ""dashed""), 
                        labels = c(""-1SD"", ""+1SD""))+
                    scale_y_continuous(breaks = c(-2, 0, 2))+ font_settings",match,"Both paper and code use standard null-hypothesis significance testing with an implicit alpha of .05 (p-values reported; 95% CIs in plotting), and there is no indication of any alternative inference criterion in either source.",,
cha,42,"The interaction between cumulative stressors and self-acceptance was examined in a regression model predicting PhenoAge EAA. This Cumulative Stress × Self-Acceptance term was non-significant (ps > .16), suggesting that self-acceptance did not moderate the stress–PhenoAge relationship.",Model Specification,"Hypotheses were tested by multiple linear regressions, with all continuous variables standardized before the analyses. Psychological well-being as a moderator was examined by regressing EAA on cumulative stressors, psychological well-being, and the interaction term between these two measures.","### PhenoAge

```{r, message = FALSE}
# PhenoAge
## Without covariates
mod_a2_0 <-lm(eaa_pheno ~
    # interaction
      cum_stress_11_z*pwb_accept_z, data = subset_dat1)

## With covariates
mod_a2 <-lm(eaa_pheno ~
    # demographics
      age_bio_z + sex + edu_y_z + emp + race + marpartner + child + group + 
    # health covariates
      smoke_bio + drinks_bio_z + bmi_bio_z + 
    # interaction
      cum_stress_11_z*pwb_accept_z, data = subset_dat1)

## Show results
tab_model(mod_a2_0, mod_a2, show.se=TRUE, show.ci=FALSE, show.obs=FALSE, show.r2 = FALSE, vcov.fun = ""CL"",vcov.args = list(type = ""HC1"", cluster = subset_dat1$twin_cluster), dv.labels = c(""Without covariates"", ""With covariates""))
```",match,"The code uses multiple linear regression models regressing PhenoAge EAA on cumulative stress, self-acceptance, and their interaction, consistent with the paper’s description of the model specification.",,
cha,42,"The interaction between cumulative stressors and self-acceptance was examined in a regression model predicting PhenoAge EAA. This Cumulative Stress × Self-Acceptance term was non-significant (ps > .16), suggesting that self-acceptance did not moderate the stress–PhenoAge relationship.",Variable Specification,"“Next, we explored each dimension of psychological well-being as a moderator (see Model 1 of Table 1 and Figure 1). … Self-acceptance also significantly moderated cumulative life stressors on GrimAge2 (β = −.36, SE = .12, p < .01, f2p = .01) but not DunedinPACE and PhenoAge (all ps > .16).”

“Psychological well-being as a moderator was examined by regressing EAA on cumulative stressors, psychological well-being, and the interaction term between these two measures.”","# Compute EAA (Epigenetic Age Acceleration)
# PhenoAge EAA
subset_dat1 <- subset(dat, !is.na(bra6dmagephenoage) & !is.na(age_bio))
mod_test2 <- lm(bra6dmagephenoage ~ age_bio, data = subset_dat1)

subset_dat1$predict_phenoage = predict(mod_test2)
subset_dat1$eaa_pheno <- subset_dat1$bra6dmagephenoage - subset_dat1$predict_phenoage
...
### PhenoAge

```{r, message = FALSE}
# PhenoAge
## Without covariates
mod_a2_0 <-lm(eaa_pheno ~
    # interaction
      cum_stress_11_z*pwb_accept_z, data = subset_dat1)

## With covariates
mod_a2 <-lm(eaa_pheno ~
    # demographics
      age_bio_z + sex + edu_y_z + emp + race + marpartner + child + group + 
    # health covariates
      smoke_bio + drinks_bio_z + bmi_bio_z + 
    # interaction
      cum_stress_11_z*pwb_accept_z, data = subset_dat1)

## Show results
tab_model(mod_a2_0, mod_a2, show.se=TRUE, show.ci=FALSE, show.obs=FALSE, show.r2 = FALSE, vcov.fun = ""CL"",vcov.args = list(type = ""HC1"", cluster = subset_dat1$twin_cluster), dv.labels = c(""Without covariates"", ""With covariates""))",match,"The code uses PhenoAge EAA as the outcome and includes cumulative stress, self-acceptance, and their interaction as predictors, consistent with the paper’s description of testing psychological well-being (self-acceptance) as a moderator of the stress–PhenoAge EAA relationship.",,
cha,42,"The interaction between cumulative stressors and self-acceptance was examined in a regression model predicting PhenoAge EAA. This Cumulative Stress × Self-Acceptance term was non-significant (ps > .16), suggesting that self-acceptance did not moderate the stress–PhenoAge relationship.",Transformation Specification,"All values for 11 domains were standardized and summed to make a single index of cumulative stressors (for more details on the constructs, see the online supplemental materials, pp. 2–4).

Each of the six components was measured with seven items, resulting in a total of 42 items: purpose in life (e.g., “I have a sense of direction and purpose in life”; α = .72), environmental mastery (e.g., “In general, I feel I am in charge of the situation in which I live ”; α = .82), self-acceptance (e.g., “I like most parts of my personality ”; α = .85), autonomy (e.g., “I judge myself by what I think is important, not by the values of what others think is important”; α = .69), positive relations with others (e.g., “Most people see me as loving and affectionate ”; α = .79), and personal growth (e.g., “I have the sense that I have developed a lot as a person over time ”; α = .75). Participants rated the extent to which they agreed to the items on a 7-point Likert scale (1 = strongly agree to 7 = strongly disagree). The scales were summed to make six separate dimensions, and the scores were reverse coded so that higher scores indicate higher standing in the measure. The combined psychological well-being measure was calculated as the average of the standardized scores across the six dimensions of psychological well-being.

To calculate EAA from the other epigenetic age measures, we regressed GrimAge2 and PhenoAge on chronological age and computed residuals to index how much older one is biologically compared to one ’s chronological age. Thus, a positive value indicated EAA.

Hypotheses were tested by multiple linear regressions, with all continuous variables standardized before the analyses.","# Compute EAA (Epigenetic Age Acceleration)
# PhenoAge EAA
subset_dat1 <- subset(dat, !is.na(bra6dmagephenoage) & !is.na(age_bio))
mod_test2 <- lm(bra6dmagephenoage ~ age_bio, data = subset_dat1)

subset_dat1$predict_phenoage = predict(mod_test2)
subset_dat1$eaa_pheno <- subset_dat1$bra6dmagephenoage - subset_dat1$predict_phenoage

           pwb_purpose_z = as.numeric(scale(pwb_purpose, center = TRUE, scale
                                            = TRUE)),
           pwb_mastery_z = as.numeric(scale(pwb_mastery, center = TRUE, scale                                             = TRUE)),
           pwb_accept_z = as.numeric(scale(pwb_accept, center = TRUE, scale =
                                             TRUE)),
           pwb_relation_z = as.numeric(scale(pwb_relation, center = TRUE,
                                             scale = TRUE)),
           pwb_growth_z = as.numeric(scale(pwb_growth, center = TRUE, scale =
                                             TRUE)),
           pwb_auto_z = as.numeric(scale(pwb_auto, center = TRUE, scale =
                                           TRUE)),
           pwb = (pwb_purpose_z + pwb_mastery_z + pwb_accept_z +
                    pwb_relation_z + pwb_growth_z + pwb_auto_z) / 6,
           pwb_z = as.numeric(scale(pwb, center = TRUE, scale = TRUE)),
           # Standardize cumulative stressor
           cum_stress_11_z = as.numeric(scale(cum_stress_11, center = TRUE,
                                              scale = TRUE))) %>%",match,The code applies the same transformations described in the paper for computing PhenoAge EAA and psychological well-being (including self-acceptance) and standardizes continuous predictors (including the cumulative stress index) prior to analysis. No inconsistencies are evident between the documented transformations and those implemented in the provided code snippet.,,
cha,42,"The interaction between cumulative stressors and self-acceptance was examined in a regression model predicting PhenoAge EAA. This Cumulative Stress × Self-Acceptance term was non-significant (ps > .16), suggesting that self-acceptance did not moderate the stress–PhenoAge relationship.",Inference Specification,"Self-acceptance also signi ﬁcantly moderated cumulative life
stressors on GrimAge2 ( β =− .36, SE = .12, p , .01, f2
p = .01) but
not DunedinPACE and PhenoAge (all ps . .16).","## Without covariates
mod_a2_0 <-lm(eaa_pheno ~
    # interaction
      cum_stress_11_z*pwb_accept_z, data = subset_dat1)

## With covariates
mod_a2 <-lm(eaa_pheno ~
    # demographics
      age_bio_z + sex + edu_y_z + emp + race + marpartner + child + group + 
    # health covariates
      smoke_bio + drinks_bio_z + bmi_bio_z + 
    # interaction
      cum_stress_11_z*pwb_accept_z, data = subset_dat1)

## Show results
tab_model(mod_a2_0, mod_a2, show.se=TRUE, show.ci=FALSE, show.obs=FALSE, show.r2 = FALSE, vcov.fun = ""CL"",vcov.args = list(type = ""HC1"", cluster = subset_dat1$twin_cluster), dv.labels = c(""Without covariates"", ""With covariates""))",unknown,"The paper reports p-value-based significance (e.g., ps > .16) but does not explicitly state an alpha level, and the code only fits the model and prints results without specifying any inference threshold or decision rule. Thus, it is unclear whether the inference criteria used in the code matches the inferential standard implied in the paper.",,
cha,43,"A multiple linear regression including cumulative stressors, self-acceptance, and their interaction predicted GrimAge2 EAA. The interaction was significant (β = −.36, SE = .12, p < .01, f²_p = .01), showing that higher self-acceptance reduced the positive association between cumulative stress and GrimAge2 acceleration.",Model Specification,"Hypotheses were tested by multiple linear regressions, with all continuous variables standardized before the analyses.","## Without covariates
mod_a3_0 <-lm(eaa_grim ~
    # interaction
      cum_stress_11_z*pwb_accept_z, data = subset_dat2)

## With covariates
mod_a3 <-lm(eaa_grim ~
    # demographics
      age_bio_z + sex + edu_y_z + emp + race + marpartner + child + group + 
    # health covariates
      smoke_bio + drinks_bio_z + bmi_bio_z + 
    # interaction
      cum_stress_11_z*pwb_accept_z, data=subset_dat2)",match,"The paper describes using multiple linear regression, and the code implements an lm() model with multiple predictors and an interaction term, consistent with that specification.",,
cha,43,"A multiple linear regression including cumulative stressors, self-acceptance, and their interaction predicted GrimAge2 EAA. The interaction was significant (β = −.36, SE = .12, p < .01, f²_p = .01), showing that higher self-acceptance reduced the positive association between cumulative stress and GrimAge2 acceleration.",Variable Specification,"Psychological well-being as a moderator was examined by regressing EAA on cumulative stressors, psychological well-being, and the interaction term between these two measures.
...
Self-acceptance also significantly moderated cumulative life stressors on GrimAge2 (β = −.36, SE = .12, p < .01, f2_p = .01) but not DunedinPACE and PhenoAge (all ps > .16). Those with higher levels of self-acceptance did not show a significant relationship between cumulative stressors on GrimAge2 (β = −.28, SE = .21, p = .17), but those with low self-acceptance showed higher GrimAge2 (β = .45, SE = .20, p = .02).","# Compute GrimAge2 EAA
subset_dat2 <- subset(dat, !is.na(bra6dmagegrimage2) & !is.na(age_bio))
mod_test2 <- lm(bra6dmagegrimage2 ~ age_bio, data = subset_dat2)

subset_dat2$predict_grimage2 = predict(mod_test2)
subset_dat2$eaa_grim <- subset_dat2$bra6dmagegrimage2 - subset_dat2$predict_grimage2

# Transform/standardize (including self-acceptance and cumulative stressor)
transform_dataset <- function(dataset) {
  dataset <- dataset %>%
    mutate(
           # Protective Factor (standardize psychological well-being)
           pwb_purpose_z = as.numeric(scale(pwb_purpose, center = TRUE, scale = TRUE)),
           pwb_mastery_z = as.numeric(scale(pwb_mastery, center = TRUE, scale = TRUE)),
           pwb_accept_z = as.numeric(scale(pwb_accept, center = TRUE, scale = TRUE)),
           pwb_relation_z = as.numeric(scale(pwb_relation, center = TRUE, scale = TRUE)),
           pwb_growth_z = as.numeric(scale(pwb_growth, center = TRUE, scale = TRUE)),
           pwb_auto_z = as.numeric(scale(pwb_auto, center = TRUE, scale = TRUE)),
           pwb = (pwb_purpose_z + pwb_mastery_z + pwb_accept_z + pwb_relation_z + pwb_growth_z + pwb_auto_z) / 6,
           pwb_z = as.numeric(scale(pwb, center = TRUE, scale = TRUE)),
           # Risk Factor (standardize neuroticism)
           neuro_z = as.numeric(scale(neuro, center = TRUE, scale = TRUE)),
           # Demographic covariates
           edu_y_z = as.numeric(scale(edu_y, center = TRUE, scale = TRUE)),
           age_bio_z = as.numeric(scale(age_bio, center = TRUE, scale = TRUE)),
           # Biomarker data covariates
           drinks_bio_z = as.numeric(scale(drinks_bio, center = TRUE, scale = TRUE)),
           bmi_bio_z = as.numeric(scale(bmi_bio, center = TRUE, scale = TRUE)),
           # Dummy code smoking status
           smoke_former = ifelse(smoke_bio == 1, 1, 0),
           smoke_current = ifelse(smoke_bio == 2, 1, 0),
           # Standardize cumulative stressor
           cum_stress_11_z = as.numeric(scale(cum_stress_11, center = TRUE, scale = TRUE))
           )
  return(dataset)
}

subset_dat2 <- transform_dataset(subset_dat2)

# Self-acceptance moderation models for GrimAge2
# GrimAge2, without covariates
mod_a3_0 <- lm(eaa_grim ~
    # interaction
      cum_stress_11_z * pwb_accept_z,
    data = subset_dat2)

# GrimAge2, with covariates
mod_a3 <- lm(eaa_grim ~
    # demographics
      age_bio_z + sex + edu_y_z + emp + race + marpartner + child + group +
    # health covariates
      smoke_bio + drinks_bio_z + bmi_bio_z +
    # interaction
      cum_stress_11_z * pwb_accept_z,
    data = subset_dat2)

# Simple slopes specifying predictor and moderator
sim_slopes(mod_a3, pred = ""cum_stress_11_z"", modx = ""pwb_accept_z"", modx.values = c(-1, 1), digits = 5, robust = ""HC1"", cluster = ""twin_cluster"")

sim_slopes(mod_a3, pred = ""pwb_accept_z"", modx = ""cum_stress_11_z"", modx.values = c(-1, 1), digits = 5, robust = ""HC1"", cluster = ""twin_cluster"")
",match,"The code uses GrimAge2 EAA as the outcome and includes cumulative stressors, self-acceptance, and their interaction as predictors, matching the paper’s description of the variables and their roles in the regression. Self-acceptance is explicitly treated as the moderator of the association between cumulative stress and GrimAge2 EAA, as described in the text.",,
cha,43,"A multiple linear regression including cumulative stressors, self-acceptance, and their interaction predicted GrimAge2 EAA. The interaction was significant (β = −.36, SE = .12, p < .01, f²_p = .01), showing that higher self-acceptance reduced the positive association between cumulative stress and GrimAge2 acceleration.",Transformation Specification,"All values for 11 domains were standardized and summed to make a single index of cumulative stressors (for more details on the constructs, see the online supplemental materials, pp. 2–4).
...
Self-acceptance (e.g., “I like most parts of my personality”; α = .85), autonomy (e.g., “I judge myself by what I think is important, not by the values of what others think is important”; α = .69), positive relations with others (e.g., “Most people see me as loving and affectionate”; α = .79), and personal growth (e.g., “I have the sense that I have developed a lot as a person over time”; α = .75). Participants rated the extent to which they agreed to the items on a 7-point Likert scale (1 = strongly agree to 7 = strongly disagree). The scales were summed to make six separate dimensions, and the scores were reverse coded so that higher scores indicate higher standing in the measure.
...
To calculate EAA from the other epigenetic age measures, we regressed GrimAge2 and PhenoAge on chronological age and computed residuals to index how much older one is biologically compared to one’s chronological age. Thus, a positive value indicated EAA.
...
Hypotheses were tested by multiple linear regressions, with all continuous variables standardized before the analyses.","# GrimAge2 EAA computation (residualization of GrimAge2 on chronological age)
subset_dat2 <- subset(dat, !is.na(bra6dmagegrimage2) & !is.na(age_bio))
mod_test2 <- lm(bra6dmagegrimage2 ~ age_bio, data = subset_dat2)

subset_dat2$predict_grimage2 = predict(mod_test2)
subset_dat2$eaa_grim <- subset_dat2$bra6dmagegrimage2 - subset_dat2$predict_grimage2

## Transform/standardize

transform_dataset <- function(dataset) {
  dataset <- dataset %>%
    # Change education to years
    mutate(edu = ifelse(edu %in% c(97, 98), NA, edu)) %>%
    mutate(edu_y = dplyr::recode(edu, 
    # recode education into years of education
                            ""1"" = 3,
                            ""2"" = 8,
                            ""3"" = 10.5,
                            ""4"" = 12,
                            ""5"" = 12,
                            ""6"" = 13.5,
                            ""7"" = 15,
                            ""8"" = 14,
                            ""9"" = 16,
                            ""10"" = 17,
                            ""11"" = 18,
                            ""12"" = 20,
                            .default = NA_real_)) %>%
    # Protective Factor (standardize psychological well-being)
    mutate(pwb_purpose_z = as.numeric(scale(pwb_purpose, center = TRUE, scale
                                            = TRUE)),
           pwb_mastery_z = as.numeric(scale(pwb_mastery, center = TRUE, scale                                             = TRUE)),
           pwb_accept_z = as.numeric(scale(pwb_accept, center = TRUE, scale =
                                             TRUE)),
           pwb_relation_z = as.numeric(scale(pwb_relation, center = TRUE,
                                             scale = TRUE)),
           pwb_growth_z = as.numeric(scale(pwb_growth, center = TRUE, scale =
                                             TRUE)),
           pwb_auto_z = as.numeric(scale(pwb_auto, center = TRUE, scale =
                                           TRUE)),
           pwb = (pwb_purpose_z + pwb_mastery_z + pwb_accept_z +
                    pwb_relation_z + pwb_growth_z + pwb_auto_z) / 6,
           pwb_z = as.numeric(scale(pwb, center = TRUE, scale = TRUE)),
           # Risk Factor (standardize neuroticism)
           neuro_z = as.numeric(scale(neuro, center = TRUE, scale = TRUE)),
           # Demographic covariates
           edu_y_z = as.numeric(scale(edu_y, center = TRUE, scale = TRUE)),
           age_bio_z = as.numeric(scale(age_bio, center = TRUE, scale =
                                          TRUE)),
           # Biomarker data covariates
           drinks_bio_z = as.numeric(scale(drinks_bio, center = TRUE, scale =
                                             TRUE)),
           bmi_bio_z = as.numeric(scale(bmi_bio, center = TRUE, scale =
                                          TRUE)),
           # Dummy code smoking status
           smoke_former = ifelse(smoke_bio == 1, 1, 0),
           smoke_current = ifelse(smoke_bio == 2, 1, 0),
           # Standardize cumulative stressor
           cum_stress_11_z = as.numeric(scale(cum_stress_11, center = TRUE,
                                              scale = TRUE))) %>%
    # Convert variables to factors
    mutate(emp = as.factor(emp),
           sex = as.factor(sex),
           child = as.factor(child),
           group = as.factor(group),
           marpartner = as.factor(marpartner),
           race = as.factor(race),
           smoke_bio = as.factor(smoke_bio))
  
  return(dataset)
}

# Apply the function to each dataset
subset_dat1 <- transform_dataset(subset_dat1)
subset_dat2 <- transform_dataset(subset_dat2)
dat <- transform_dataset(dat)

# Self-acceptance x cumulative stress predicting GrimAge2 EAA
mod_a3 <-lm(eaa_grim ~
    # demographics
      age_bio_z + sex + edu_y_z + emp + race + marpartner + child + group + 
    # health covariates
      smoke_bio + drinks_bio_z + bmi_bio_z + 
    # interaction
      cum_stress_11_z*pwb_accept_z, data=subset_dat2)",mismatch,"The paper states that all continuous variables were standardized prior to analysis, but in the code only predictors (e.g., cumulative stress and self-acceptance) are standardized while the GrimAge2 EAA outcome (eaa_grim) is left as an unstandardized residual. Additionally, the paper’s described construction of the cumulative stress index (standardizing 11 domains then summing) and the self-acceptance scale (sum and reverse code) are not shown in the provided code, so their alignment cannot be verified.",,
cha,43,"A multiple linear regression including cumulative stressors, self-acceptance, and their interaction predicted GrimAge2 EAA. The interaction was significant (β = −.36, SE = .12, p < .01, f²_p = .01), showing that higher self-acceptance reduced the positive association between cumulative stress and GrimAge2 acceleration.",Inference Specification,"Self-acceptance also significantly moderated cumulative life stressors on GrimAge2 ( β =− .36, SE = .12, p , .01, f2
p = .01) but not DunedinPACE and PhenoAge (all ps . .16). Those with higher levels of self-acceptance did not show a significant relationship between cumulative stressors on GrimAge2 ( β =− .28, SE = .21, p = .17), but those with low self-acceptance showed higher GrimAge2 (β = .45, SE = .20, p = .02).

All regression models used cluster-robust standard errors to adjust for the 45 sets of twins or siblings in the analytic sample, and simple slope analyses were conducted with 1 SD above and below for the identified moderators.","## With covariates
mod_a3 <-lm(eaa_grim ~
    # demographics
      age_bio_z + sex + edu_y_z + emp + race + marpartner + child + group + 
    # health covariates
      smoke_bio + drinks_bio_z + bmi_bio_z + 
    # interaction
      cum_stress_11_z*pwb_accept_z, data=subset_dat2)

## Show results
tab_model(mod_a3_0, mod_a3, show.se=TRUE, show.ci=FALSE, show.obs=FALSE, show.r2 = FALSE, vcov.fun = ""CL"", vcov.args = list(type = ""HC1"", cluster = subset_dat2$twin_cluster), dv.labels = c(""Without covariates"", ""With covariates""))

## Simple slopes for GrimAge2
### IV = Cumulative stressors; Moderator: Self-acceptance
sim_slopes(mod_a3, pred = ""cum_stress_11_z"", modx = ""pwb_accept_z"", modx.values = c(-1,1), digits = 5, robust = ""HC1"", cluster = ""twin_cluster"")

### IV = Self-acceptance; Moderator: Cumulative stressors
sim_slopes(mod_a3, pred = ""pwb_accept_z"", modx = ""cum_stress_11_z"", modx.values = c(-1,1), digits = 5, robust = ""HC1"", cluster = ""twin_cluster"")

## Graph for GrimAge2
plot3 <-  plot_model(mod_a3, 
                    type = ""pred"",
                    terms = c(""cum_stress_11_z"", ""pwb_accept_z[-1,1]""),
                    ci.lvl = .95,
                    show.p = TRUE, 
                    colors = ""bw"", 
                    title = ""Self-acceptance"", 
                    axis.title = c(""Cumulative Stressors"", ""GrimAge2""), 
                    auto.label = FALSE, 
                    se = TRUE,
                    vcov.fun = ""CL"", 
                    vcov.args = list(type = ""HC1"", cluster =
                                       subset_dat2$twin_cluster))",match,"The code applies cluster-robust standard errors and conducts simple slopes at ±1 SD of the moderator, matching the paper’s described inference procedures for this analysis. Both also rely on standard p-value-based inference (e.g., reporting p < .01, p = .02) consistent with the default settings used in the code.",,
cha,44,"Simple slope analysis for the Cumulative Stress × Self-Acceptance interaction estimated the effect of cumulative stressors on GrimAge2 at low self-acceptance (−1 SD). Among those low in self-acceptance, higher cumulative stressors significantly predicted higher GrimAge2 EAA (β = .45, SE = .20, p = .02).",Model Specification,"Hypotheses were tested by multiple linear regressions, with all continuous variables standardized before the analyses. Psychological well-being as a moderator was examined by regressing EAA on cumulative stressors, psychological well-being, and the interaction term between these two measures. ... All regression models used cluster-robust standard errors to adjust for the 45 sets of twins or siblings in the analytic sample, and simple slope analyses were conducted with 1 SD above and below for the identified moderators.","## With covariates
mod_a3 <-lm(eaa_grim ~
    # demographics
      age_bio_z + sex + edu_y_z + emp + race + marpartner + child + group + 
    # health covariates
      smoke_bio + drinks_bio_z + bmi_bio_z + 
    # interaction
      cum_stress_11_z*pwb_accept_z, data=subset_dat2)
...
## Simple slopes for GrimAge2
### IV = Cumulative stressors; Moderator: Self-acceptance
sim_slopes(mod_a3, pred = ""cum_stress_11_z"", modx = ""pwb_accept_z"", modx.values = c(-1,1), digits = 5, robust = ""HC1"", cluster = ""twin_cluster"")",match,"The code uses multiple linear regression with standardized predictors, includes the cumulative stress × self-acceptance interaction, and computes simple slopes at ±1 SD with cluster-robust standard errors, matching the model specification described in the paper.",,
cha,44,"Simple slope analysis for the Cumulative Stress × Self-Acceptance interaction estimated the effect of cumulative stressors on GrimAge2 at low self-acceptance (−1 SD). Among those low in self-acceptance, higher cumulative stressors significantly predicted higher GrimAge2 EAA (β = .45, SE = .20, p = .02).",Variable Specification,"Self-acceptance also significantly moderated cumulative life stressors on GrimAge2 ( β =− .36, SE = .12, p , .01, f²ₚ = .01) but not DunedinPACE and PhenoAge (all ps . .16). Those with higher levels of self-acceptance did not show a signiþicant relationship between cumulative stressors on GrimAge2 ( β =− .28, SE = .21, p = .17), but those with low self-acceptance showed higher GrimAge2 (β = .45, SE = .20, p = .02).","### GrimAge2

```{r, message = FALSE}
# GrimAge2
## Without covariates
mod_a3_0 <-lm(eaa_grim ~
    # interaction
      cum_stress_11_z*pwb_accept_z, data = subset_dat2)

## With covariates
mod_a3 <-lm(eaa_grim ~
    # demographics
      age_bio_z + sex + edu_y_z + emp + race + marpartner + child + group + 
    # health covariates
      smoke_bio + drinks_bio_z + bmi_bio_z + 
    # interaction
      cum_stress_11_z*pwb_accept_z, data=subset_dat2)

## Show results
tab_model(mod_a3_0, mod_a3, show.se=TRUE, show.ci=FALSE, show.obs=FALSE, show.r2 = FALSE, vcov.fun = ""CL"", vcov.args = list(type = ""HC1"", cluster = subset_dat2$twin_cluster), dv.labels = c(""Without covariates"", ""With covariates""))

cohens_f_squared(mod_a3)

## Simple slopes for GrimAge2
### IV = Cumulative stressors; Moderator: Self-acceptance
sim_slopes(mod_a3, pred = ""cum_stress_11_z"", modx = ""pwb_accept_z"", modx.values = c(-1,1), digits = 5, robust = ""HC1"", cluster = ""twin_cluster"")

### IV = Self-acceptance; Moderator: Cumulative stressors
sim_slopes(mod_a3, pred = ""pwb_accept_z"", modx = ""cum_stress_11_z"", modx.values = c(-1,1), digits = 5, robust = ""HC1"", cluster = ""twin_cluster"")
```",match,"The code specifies GrimAge2 epigenetic age acceleration as the outcome, cumulative stressors as the predictor, and self-acceptance as the moderator, consistent with the paper’s description of the simple slopes analysis. Covariates are included in the model, but they do not alter the core variable roles reported in the results section.",,
cha,44,"Simple slope analysis for the Cumulative Stress × Self-Acceptance interaction estimated the effect of cumulative stressors on GrimAge2 at low self-acceptance (−1 SD). Among those low in self-acceptance, higher cumulative stressors significantly predicted higher GrimAge2 EAA (β = .45, SE = .20, p = .02).",Transformation Specification,"Hypotheses were tested by multiple linear regressions, with all continuous variables standardized before the analyses. ... All values for 11 domains were standardized and summed to make a single index of cumulative stressors (for more details on the constructs, see the online supplemental materials, pp. 2–4). ... The scales were summed to make six separate dimensions, and the scores were reverse coded so that higher scores indicate higher standing in the measure. ... To calculate EAA from the other epigenetic age measures, we regressed GrimAge2 and PhenoAge on chronological age and computed residuals to index how much older one is biologically compared to one’s chronological age. Thus, a positive value indicated EAA. ... Simple slope analyses were conducted with 1 SD above and below for the identified moderators.","## make subset dataset

# Compute EAA (Epigenetic Age Acceleration)
# GrimAge2 EAA
subset_dat2 <- subset(dat, !is.na(bra6dmagegrimage2) & !is.na(age_bio))
mod_test2 <- lm(bra6dmagegrimage2 ~ age_bio, data = subset_dat2)

subset_dat2$predict_grimage2 = predict(mod_test2)
subset_dat2$eaa_grim <- subset_dat2$bra6dmagegrimage2 - subset_dat2$predict_grimage2

## Transform/standardize

transform_dataset <- function(dataset) {
  dataset <- dataset %>%
    # Protective Factor (standardize psychological well-being)
    mutate(pwb_purpose_z = as.numeric(scale(pwb_purpose, center = TRUE, scale
                                            = TRUE)),
           pwb_mastery_z = as.numeric(scale(pwb_mastery, center = TRUE, scale                                             = TRUE)),
           pwb_accept_z = as.numeric(scale(pwb_accept, center = TRUE, scale =
                                             TRUE)),
           pwb_relation_z = as.numeric(scale(pwb_relation, center = TRUE,
                                             scale = TRUE)),
           pwb_growth_z = as.numeric(scale(pwb_growth, center = TRUE, scale =
                                             TRUE)),
           pwb_auto_z = as.numeric(scale(pwb_auto, center = TRUE, scale =
                                           TRUE)),
           pwb = (pwb_purpose_z + pwb_mastery_z + pwb_accept_z +
                    pwb_relation_z + pwb_growth_z + pwb_auto_z) / 6,
           pwb_z = as.numeric(scale(pwb, center = TRUE, scale = TRUE)),
           # Standardize cumulative stressor
           cum_stress_11_z = as.numeric(scale(cum_stress_11, center = TRUE,
                                              scale = TRUE)))
  
  return(dataset)
}

# Apply the function to each dataset
subset_dat2 <- transform_dataset(subset_dat2)

### GrimAge2

# GrimAge2
## With covariates
mod_a3 <-lm(eaa_grim ~
    # demographics
      age_bio_z + sex + edu_y_z + emp + race + marpartner + child + group + 
    # health covariates
      smoke_bio + drinks_bio_z + bmi_bio_z + 
    # interaction
      cum_stress_11_z*pwb_accept_z, data=subset_dat2)

## Simple slopes for GrimAge2
### IV = Cumulative stressors; Moderator: Self-acceptance
sim_slopes(mod_a3, pred = ""cum_stress_11_z"", modx = ""pwb_accept_z"", modx.values = c(-1,1), digits = 5, robust = ""HC1"", cluster = ""twin_cluster"")",match,"The code applies the same transformations described in the paper: EAA is computed as residuals from regressing GrimAge2 on chronological age, continuous predictors (cumulative stress and self-acceptance) are standardized, and simple slopes are evaluated at ±1 SD of the moderator. Any additional construction of the cumulative stress and self-acceptance scales likely occurs upstream of the shown code, and nothing here contradicts the transformation description in the paper.",,
cha,44,"Simple slope analysis for the Cumulative Stress × Self-Acceptance interaction estimated the effect of cumulative stressors on GrimAge2 at low self-acceptance (−1 SD). Among those low in self-acceptance, higher cumulative stressors significantly predicted higher GrimAge2 EAA (β = .45, SE = .20, p = .02).",Inference Specification,"Self-acceptance also significantly moderated cumulative life stressors on GrimAge2 (β =− .36, SE = .12, p , .01, f2p = .01) but not DunedinPACE and PhenoAge (all ps . .16). Those with higher levels of self-acceptance did not show a significant relationship between cumulative stressors on GrimAge2 (β =− .28, SE = .21, p = .17), but those with low self-acceptance showed higher GrimAge2 (β = .45, SE = .20, p = .02).","## Show results
tab_model(mod_a3_0, mod_a3, show.se=TRUE, show.ci=FALSE, show.obs=FALSE, show.r2 = FALSE, vcov.fun = ""CL"", vcov.args = list(type = ""HC1"", cluster = subset_dat2$twin_cluster), dv.labels = c(""Without covariates"", ""With covariates""))

cohens_f_squared(mod_a3)

## Simple slopes for GrimAge2
### IV = Cumulative stressors; Moderator: Self-acceptance
sim_slopes(mod_a3, pred = ""cum_stress_11_z"", modx = ""pwb_accept_z"", modx.values = c(-1,1), digits = 5, robust = ""HC1"", cluster = ""twin_cluster"")

### IV = Self-acceptance; Moderator: Cumulative stressors
sim_slopes(mod_a3, pred = ""pwb_accept_z"", modx = ""cum_stress_11_z"", modx.values = c(-1,1), digits = 5, robust = ""HC1"", cluster = ""twin_cluster"")

## Graph for GrimAge2
plot3 <-  plot_model(mod_a3, 
                    type = ""pred"",
                    terms = c(""cum_stress_11_z"", ""pwb_accept_z[-1,1]""),
                    ci.lvl = .95,
                    show.p = TRUE, 
                    colors = ""bw"", 
                    title = ""Self-acceptance"", 
                    axis.title = c(""Cumulative Stressors"", ""GrimAge2""), 
                    auto.label = FALSE, 
                    se = TRUE,
                    vcov.fun = ""CL"", 
                    vcov.args = list(type = ""HC1"", cluster =
                                       subset_dat2$twin_cluster)) +
                    base_theme + set_theme(base = theme_classic(), legend.pos
                                           = ""bottom"") +
                    scale_linetype_manual(name = ""Self-acceptance"", 
                        values = c(""solid"", ""dashed""), 
                        labels = c(""-1SD"", ""+1SD""))+
                    scale_y_continuous(breaks = c(-2, 0, 2))+ font_settings",match,"The code uses standard 0.05-based inference (95% CIs, p-values) and cluster-robust standard errors, consistent with the paper’s reporting of p-values and significance for the simple slopes. No conflicting or alternative inference criteria are specified in either source.",,
cha,45,"A corresponding simple slope analysis estimated the slope of cumulative stress on GrimAge2 at high self-acceptance (+1 SD). For individuals with high self-acceptance, the association between cumulative stressors and GrimAge2 was non-significant (β = −.28, SE = .21, p = .17), consistent with resilience.",Model Specification,"Hypotheses were tested by multiple linear regressions, with all continuous variables standardized before the analyses. ... All regression models used cluster-robust standard errors to adjust for the 45 sets of twins or siblings in the analytic sample, and simple slope analyses were conducted with 1 SD above and below for the identified moderators.","## With covariates
mod_a3 <-lm(eaa_grim ~
    # demographics
      age_bio_z + sex + edu_y_z + emp + race + marpartner + child + group + 
    # health covariates
      smoke_bio + drinks_bio_z + bmi_bio_z + 
    # interaction
      cum_stress_11_z*pwb_accept_z, data=subset_dat2)
...
## Simple slopes for GrimAge2
### IV = Cumulative stressors; Moderator: Self-acceptance
sim_slopes(mod_a3, pred = ""cum_stress_11_z"", modx = ""pwb_accept_z"", modx.values = c(-1,1), digits = 5, robust = ""HC1"", cluster = ""twin_cluster"")",match,"The code uses multiple linear regression with the specified interaction term and computes simple slopes at ±1 SD with cluster-robust standard errors, consistent with the paper’s model description.",,
cha,45,"A corresponding simple slope analysis estimated the slope of cumulative stress on GrimAge2 at high self-acceptance (+1 SD). For individuals with high self-acceptance, the association between cumulative stressors and GrimAge2 was non-significant (β = −.28, SE = .21, p = .17), consistent with resilience.",Variable Specification,"Self-acceptance also significantly moderated cumulative life stressors on GrimAge2 ( β =− .36, SE = .12, p , .01, f2
p = .01) but not DunedinPACE and PhenoAge (all ps . .16). Those with higher
levels of self-acceptance did not show a signi ﬁcant relationship
between cumulative stressors on GrimAge2 ( β =− .28, SE = .21,
p = .17), but those with low self-acceptance showed higher
GrimAge2 (β = .45, SE = .20, p = .02).","# Compute EAA (Epigenetic Age Acceleration)
# GrimAge2 EAA
subset_dat2 <- subset(dat, !is.na(bra6dmagegrimage2) & !is.na(age_bio))
mod_test2 <- lm(bra6dmagegrimage2 ~ age_bio, data = subset_dat2)

subset_dat2$predict_grimage2 = predict(mod_test2)
subset_dat2$eaa_grim <- subset_dat2$bra6dmagegrimage2 - subset_dat2$predict_grimage2
...
transform_dataset <- function(dataset) {
  dataset <- dataset %>%
    ...
           pwb_accept_z = as.numeric(scale(pwb_accept, center = TRUE, scale =
                                             TRUE)),
           ...
           # Standardize cumulative stressor
           cum_stress_11_z = as.numeric(scale(cum_stress_11, center = TRUE,
                                              scale = TRUE))) %>%
    ...
  
  return(dataset)
}
...
### GrimAge2

```{r, message = FALSE}
# GrimAge2
## Without covariates
mod_a3_0 <-lm(eaa_grim ~
    # interaction
      cum_stress_11_z*pwb_accept_z, data = subset_dat2)

## With covariates
mod_a3 <-lm(eaa_grim ~
    # demographics
      age_bio_z + sex + edu_y_z + emp + race + marpartner + child + group + 
    # health covariates
      smoke_bio + drinks_bio_z + bmi_bio_z + 
    # interaction
      cum_stress_11_z*pwb_accept_z, data=subset_dat2)

## Show results
tab_model(mod_a3_0, mod_a3, show.se=TRUE, show.ci=FALSE, show.obs=FALSE, show.r2 = FALSE, vcov.fun = ""CL"", vcov.args = list(type = ""HC1"", cluster = subset_dat2$twin_cluster), dv.labels = c(""Without covariates"", ""With covariates""))

cohens_f_squared(mod_a3)

## Simple slopes for GrimAge2
### IV = Cumulative stressors; Moderator: Self-acceptance
sim_slopes(mod_a3, pred = ""cum_stress_11_z"", modx = ""pwb_accept_z"", modx.values = c(-1,1), digits = 5, robust = ""HC1"", cluster = ""twin_cluster"")

### IV = Self-acceptance; Moderator: Cumulative stressors
sim_slopes(mod_a3, pred = ""pwb_accept_z"", modx = ""cum_stress_11_z"", modx.values = c(-1,1), digits = 5, robust = ""HC1"", cluster = ""twin_cluster"")",match,"The code uses GrimAge2 epigenetic age acceleration as the outcome, cumulative stress as the predictor, and self-acceptance as the moderator, aligning with the paper’s described simple slopes analysis for GrimAge2 and self-acceptance. The simple slopes are explicitly computed with cumulative stressors as IV and self-acceptance as moderator at ±1 SD, consistent with the narrative results.",,
cha,45,"A corresponding simple slope analysis estimated the slope of cumulative stress on GrimAge2 at high self-acceptance (+1 SD). For individuals with high self-acceptance, the association between cumulative stressors and GrimAge2 was non-significant (β = −.28, SE = .21, p = .17), consistent with resilience.",Transformation Specification,"Participants rated the extent to which they agreed to the items on a 7-point Likert scale (1 = strongly agree to 7 = strongly disagree). The scales were summed to make six separate dimensions, and the scores were reverse coded so that higher scores indicate higher standing in the measure. The combined psychological well-being measure was calculated as the average of the standardized scores across the six dimensions of psychological well-being.

If a life stress measure was irrelevant to a participant due to their demographic characteristics, missing data were substituted with the lowest possible value, and cumulative stressor value was not computed if participants did not respond to one or more of the 11 stressor domains. All values for 11 domains were standardized and summed to make a single index of cumulative stressors (for more details on the constructs, see the online supplemental materials, pp. 2–4).

To calculate EAA from the other epigenetic age measures, we regressed GrimAge2 and PhenoAge on chronological age and computed residuals to index how much older one is biologically compared to one’s chronological age. Thus, a positive value indicated EAA.

Hypotheses were tested by multiple linear regressions, with all continuous variables standardized before the analyses. … and simple slope analyses were conducted with 1 SD above and below for the identified moderators.","## make subset dataset

# GrimAge2 EAA
subset_dat2 <- subset(dat, !is.na(bra6dmagegrimage2) & !is.na(age_bio))
mod_test2 <- lm(bra6dmagegrimage2 ~ age_bio, data = subset_dat2)

subset_dat2$predict_grimage2 = predict(mod_test2)
subset_dat2$eaa_grim <- subset_dat2$bra6dmagegrimage2 - subset_dat2$predict_grimage2

## Transform/standardize

transform_dataset <- function(dataset) {
  dataset <- dataset %>%
    # Change education to years
    mutate(edu = ifelse(edu %in% c(97, 98), NA, edu)) %>%
    mutate(edu_y = dplyr::recode(edu, 
    # recode education into years of education
                            ""1"" = 3,
                            ""2"" = 8,
                            ""3"" = 10.5,
                            ""4"" = 12,
                            ""5"" = 12,
                            ""6"" = 13.5,
                            ""7"" = 15,
                            ""8"" = 14,
                            ""9"" = 16,
                            ""10"" = 17,
                            ""11"" = 18,
                            ""12"" = 20,
                            .default = NA_real_)) %>%
    # Protective Factor (standardize psychological well-being)
    mutate(pwb_purpose_z = as.numeric(scale(pwb_purpose, center = TRUE, scale
                                            = TRUE)),
           pwb_mastery_z = as.numeric(scale(pwb_mastery, center = TRUE, scale                                             = TRUE)),
           pwb_accept_z = as.numeric(scale(pwb_accept, center = TRUE, scale =
                                             TRUE)),
           pwb_relation_z = as.numeric(scale(pwb_relation, center = TRUE,
                                             scale = TRUE)),
           pwb_growth_z = as.numeric(scale(pwb_growth, center = TRUE, scale =
                                             TRUE)),
           pwb_auto_z = as.numeric(scale(pwb_auto, center = TRUE, scale =
                                           TRUE)),
           pwb = (pwb_purpose_z + pwb_mastery_z + pwb_accept_z +
                    pwb_relation_z + pwb_growth_z + pwb_auto_z) / 6,
           pwb_z = as.numeric(scale(pwb, center = TRUE, scale = TRUE)),
           # Risk Factor (standardize neuroticism)
           neuro_z = as.numeric(scale(neuro, center = TRUE, scale = TRUE)),
           # Demographic covariates
           edu_y_z = as.numeric(scale(edu_y, center = TRUE, scale = TRUE)),
           age_bio_z = as.numeric(scale(age_bio, center = TRUE, scale =
                                          TRUE)),
           # Biomarker data covariates
           drinks_bio_z = as.numeric(scale(drinks_bio, center = TRUE, scale =
                                             TRUE)),
           bmi_bio_z = as.numeric(scale(bmi_bio, center = TRUE, scale =
                                          TRUE)),
           # Dummy code smoking status
           smoke_former = ifelse(smoke_bio == 1, 1, 0),
           smoke_current = ifelse(smoke_bio == 2, 1, 0),
           # Standardize cumulative stressor
           cum_stress_11_z = as.numeric(scale(cum_stress_11, center = TRUE,
                                              scale = TRUE))) %>%
    # Convert variables to factors
    mutate(emp = as.factor(emp),
           sex = as.factor(sex),
           child = as.factor(child),
           group = as.factor(group),
           marpartner = as.factor(marpartner),
           race = as.factor(race),
           smoke_bio = as.factor(smoke_bio))
  
  return(dataset)
}

# Apply the function to each dataset
subset_dat2 <- transform_dataset(subset_dat2)
",match,"The code implements the described transformations for GrimAge2 EAA, psychological well-being, and cumulative stress (as standardized variables) in a way that is consistent with the paper’s specifications, with no explicit contradictions. Some earlier steps (e.g., reverse-coding items, constructing cum_stress_11 from 11 domains) are not shown here but are not contradicted by the provided code.",,
cha,45,"A corresponding simple slope analysis estimated the slope of cumulative stress on GrimAge2 at high self-acceptance (+1 SD). For individuals with high self-acceptance, the association between cumulative stressors and GrimAge2 was non-significant (β = −.28, SE = .21, p = .17), consistent with resilience.",Inference Specification,"Self-acceptance also signi ﬁcantly moderated cumulative life stressors on GrimAge2 ( β =− .36, SE = .12, p , .01, f2
p = .01) but not DunedinPACE and PhenoAge (all ps . .16). Those with higher levels of self-acceptance did not show a signi ﬁcant relationship
between cumulative stressors on GrimAge2 ( β =− .28, SE = .21,
p = .17), but those with low self-acceptance showed higher
GrimAge2 (β = .45, SE = .20, p = .02).","## Show results
tab_model(mod_a3_0, mod_a3, show.se=TRUE, show.ci=FALSE, show.obs=FALSE, show.r2 = FALSE, vcov.fun = ""CL"", vcov.args = list(type = ""HC1"", cluster = subset_dat2$twin_cluster), dv.labels = c(""Without covariates"", ""With covariates""))

cohens_f_squared(mod_a3)

## Simple slopes for GrimAge2
### IV = Cumulative stressors; Moderator: Self-acceptance
sim_slopes(mod_a3, pred = ""cum_stress_11_z"", modx = ""pwb_accept_z"", modx.values = c(-1,1), digits = 5, robust = ""HC1"", cluster = ""twin_cluster"")

### IV = Self-acceptance; Moderator: Cumulative stressors
sim_slopes(mod_a3, pred = ""pwb_accept_z"", modx = ""cum_stress_11_z"", modx.values = c(-1,1), digits = 5, robust = ""HC1"", cluster = ""twin_cluster"")

## Graph for GrimAge2
plot3 <-  plot_model(mod_a3, 
                    type = ""pred"",
                    terms = c(""cum_stress_11_z"", ""pwb_accept_z[-1,1]""),
                    ci.lvl = .95,
                    show.p = TRUE, 
                    colors = ""bw"", 
                    title = ""Self-acceptance"", 
                    axis.title = c(""Cumulative Stressors"", ""GrimAge2""), 
                    auto.label = FALSE, 
                    se = TRUE,
                    vcov.fun = ""CL"", 
                    vcov.args = list(type = ""HC1"", cluster =
                                       subset_dat2$twin_cluster)) +
                    base_theme + set_theme(base = theme_classic(), legend.pos
                                           = ""bottom"") +
                    scale_linetype_manual(name = ""Self-acceptance"", 
                        values = c(""solid"", ""dashed""), 
                        labels = c(""-1SD"", ""+1SD""))+
                    scale_y_continuous(breaks = c(-2, 0, 2))+ font_settings",match,"The code computes robust p-values and 95% confidence intervals for the simple slopes, which is consistent with the paper’s reporting of significance based on p-values and standard thresholds (e.g., p < .01, p = .17). No conflicting or alternative inference criteria are indicated in either the paper excerpt or the code.",,
cha,46,"A moderation regression model tested the interaction between cumulative stressors and autonomy in predicting DunedinPACE EAA. The Cumulative Stress × Autonomy term was non-significant for DunedinPACE (ps > .77), indicating no moderation for this epigenetic clock.",Model Specification,"Hypotheses were tested by multiple linear regressions, with all continuous variables standardized before the analyses. Psychological well-being as a moderator was examined by regressing EAA on cumulative stressors, psychological well-being, and the interaction term between these two measures. ... Autonomy significantly interacted with cumulative stressors in relation to GrimAge2 (β = −.23, SE = .12, p = .04, f²p = .004) but not DunedinPACE and PhenoAge (all ps > .77).","## Without covariates
mod_au1_0 <-lm(bra6dmagedunedinpace ~
                 cum_stress_11_z*pwb_auto_z, data = dat)

## With covariates
mod_au1 <-lm(bra6dmagedunedinpace ~
    # demographics
      age_bio_z + sex + edu_y_z + emp + race + marpartner + child +  group + 
    # health covariates
      smoke_bio + drinks_bio_z + bmi_bio_z +
    # interaction
      cum_stress_11_z*pwb_auto_z, data = dat)

## Show results
tab_model(mod_au1_0, mod_au1, show.se=TRUE, show.ci=FALSE, show.obs=FALSE, show.r2 = FALSE, vcov.fun = ""CL"", vcov.args = list(type = ""HC1"", cluster = dat$twin_cluster), dv.labels = c(""Without covariates"", ""With covariates""))",match,"The code uses linear regression models with an interaction term between cumulative stress and autonomy to predict DunedinPACE EAA, consistent with the paper’s description of multiple linear regression with a moderator. The addition of covariates in one model does not alter the fundamental model type or moderation structure described in the paper.",,
cha,46,"A moderation regression model tested the interaction between cumulative stressors and autonomy in predicting DunedinPACE EAA. The Cumulative Stress × Autonomy term was non-significant for DunedinPACE (ps > .77), indicating no moderation for this epigenetic clock.",Variable Specification,"Autonomy significantly interacted with cumulative stressors in relation to GrimAge2 ( β =− .23, SE = .12, p = .04, f2
p = .004) but not DunedinPACE and PhenoAge (allps . .77).","transform_dataset <- function(dataset) {
  dataset <- dataset %>%
    # Change education to years
    mutate(edu = ifelse(edu %in% c(97, 98), NA, edu)) %>%
    mutate(edu_y = dplyr::recode(edu, 
    # recode education into years of education
                            ""1"" = 3,
                            ""2"" = 8,
                            ""3"" = 10.5,
                            ""4"" = 12,
                            ""5"" = 12,
                            ""6"" = 13.5,
                            ""7"" = 15,
                            ""8"" = 14,
                            ""9"" = 16,
                            ""10"" = 17,
                            ""11"" = 18,
                            ""12"" = 20,
                            .default = NA_real_)) %>%
    # Protective Factor (standardize psychological well-being)
    mutate(pwb_purpose_z = as.numeric(scale(pwb_purpose, center = TRUE, scale
                                            = TRUE)),
           pwb_mastery_z = as.numeric(scale(pwb_mastery, center = TRUE, scale                                             = TRUE)),
           pwb_accept_z = as.numeric(scale(pwb_accept, center = TRUE, scale =
                                             TRUE)),
           pwb_relation_z = as.numeric(scale(pwb_relation, center = TRUE,
                                             scale = TRUE)),
           pwb_growth_z = as.numeric(scale(pwb_growth, center = TRUE, scale =
                                             TRUE)),
           pwb_auto_z = as.numeric(scale(pwb_auto, center = TRUE, scale =
                                           TRUE)),
           pwb = (pwb_purpose_z + pwb_mastery_z + pwb_accept_z +
                    pwb_relation_z + pwb_growth_z + pwb_auto_z) / 6,
           pwb_z = as.numeric(scale(pwb, center = TRUE, scale = TRUE)),
           # Risk Factor (standardize neuroticism)
           neuro_z = as.numeric(scale(neuro, center = TRUE, scale = TRUE)),
           # Demographic covariates
           edu_y_z = as.numeric(scale(edu_y, center = TRUE, scale = TRUE)),
           age_bio_z = as.numeric(scale(age_bio, center = TRUE, scale =
                                          TRUE)),
           # Biomarker data covariates
           drinks_bio_z = as.numeric(scale(drinks_bio, center = TRUE, scale =
                                             TRUE)),
           bmi_bio_z = as.numeric(scale(bmi_bio, center = TRUE, scale =
                                          TRUE)),
           # Dummy code smoking status
           smoke_former = ifelse(smoke_bio == 1, 1, 0),
           smoke_current = ifelse(smoke_bio == 2, 1, 0),
           # Standardize cumulative stressor
           cum_stress_11_z = as.numeric(scale(cum_stress_11, center = TRUE,
                                              scale = TRUE))) %>%
    # Convert variables to factors
    mutate(emp = as.factor(emp),
           sex = as.factor(sex),
           child = as.factor(child),
           group = as.factor(group),
           marpartner = as.factor(marpartner),
           race = as.factor(race),
           smoke_bio = as.factor(smoke_bio))
  
  return(dataset)
}
...
## Autonomy

### DunedinPACE

```{r, message = FALSE}
## Without covariates
mod_au1_0 <-lm(bra6dmagedunedinpace ~
                 cum_stress_11_z*pwb_auto_z, data = dat)

## With covariates
mod_au1 <-lm(bra6dmagedunedinpace ~
    # demographics
      age_bio_z + sex + edu_y_z + emp + race + marpartner + child +  group + 
    # health covariates
      smoke_bio + drinks_bio_z + bmi_bio_z +
    # interaction
      cum_stress_11_z*pwb_auto_z, data = dat)

## Show results
tab_model(mod_au1_0, mod_au1, show.se=TRUE, show.ci=FALSE, show.obs=FALSE, show.r2 = FALSE, vcov.fun = ""CL"", vcov.args = list(type = ""HC1"", cluster = dat$twin_cluster), dv.labels = c(""Without covariates"", ""With covariates""))
```",match,"The code uses DunedinPACE as the outcome and includes cumulative stressors, autonomy, and their interaction as predictors, matching the paper’s description of the moderation model. Additional demographic and health covariates do not alter the core variable roles described in the paper.",,
cha,46,"A moderation regression model tested the interaction between cumulative stressors and autonomy in predicting DunedinPACE EAA. The Cumulative Stress × Autonomy term was non-significant for DunedinPACE (ps > .77), indicating no moderation for this epigenetic clock.",Transformation Specification,"Hypotheses were tested by multiple linear regressions, with all continuous variables standardized before the analyses.

All values for 11 domains were standardized and summed to make a single index of cumulative stressors (for more details on the constructs, see the online supplemental materials, pp. 2–4).

The scales were summed to make six separate dimensions, and the scores were reverse coded so that higher scores indicate higher standing in the measure.","transform_dataset <- function(dataset) {
  dataset <- dataset %>%
    mutate(pwb_purpose_z = as.numeric(scale(pwb_purpose, center = TRUE, scale = TRUE)),
           pwb_mastery_z = as.numeric(scale(pwb_mastery, center = TRUE, scale = TRUE)),
           pwb_accept_z = as.numeric(scale(pwb_accept, center = TRUE, scale = TRUE)),
           pwb_relation_z = as.numeric(scale(pwb_relation, center = TRUE, scale = TRUE)),
           pwb_growth_z = as.numeric(scale(pwb_growth, center = TRUE, scale = TRUE)),
           pwb_auto_z = as.numeric(scale(pwb_auto, center = TRUE, scale = TRUE)),
           pwb = (pwb_purpose_z + pwb_mastery_z + pwb_accept_z + pwb_relation_z + pwb_growth_z + pwb_auto_z) / 6,
           pwb_z = as.numeric(scale(pwb, center = TRUE, scale = TRUE)),
           neuro_z = as.numeric(scale(neuro, center = TRUE, scale = TRUE)),
           edu_y_z = as.numeric(scale(edu_y, center = TRUE, scale = TRUE)),
           age_bio_z = as.numeric(scale(age_bio, center = TRUE, scale = TRUE)),
           drinks_bio_z = as.numeric(scale(drinks_bio, center = TRUE, scale = TRUE)),
           bmi_bio_z = as.numeric(scale(bmi_bio, center = TRUE, scale = TRUE)),
           cum_stress_11_z = as.numeric(scale(cum_stress_11, center = TRUE, scale = TRUE)))
  return(dataset)
}

mod_au1_0 <- lm(bra6dmagedunedinpace ~
                 cum_stress_11_z*pwb_auto_z, data = dat)

mod_au1 <- lm(bra6dmagedunedinpace ~
      age_bio_z + sex + edu_y_z + emp + race + marpartner + child +  group + 
      smoke_bio + drinks_bio_z + bmi_bio_z +
      cum_stress_11_z*pwb_auto_z, data = dat)",unknown,"The code shows z-standardization of key continuous variables (including cumulative stress and autonomy), which is consistent with the paper, but it does not show how the cumulative stress index was constructed from 11 domains or how the well-being scales were summed and reverse-coded. Because those critical transformation steps are not visible in the provided code, it is unclear whether the full transformation procedure matches the paper’s description.",,
cha,46,"A moderation regression model tested the interaction between cumulative stressors and autonomy in predicting DunedinPACE EAA. The Cumulative Stress × Autonomy term was non-significant for DunedinPACE (ps > .77), indicating no moderation for this epigenetic clock.",Inference Specification,"Autonomy significantly interacted with cumulative stressors in relation to GrimAge2 (β =− .23, SE = .12, p = .04, f2
p = .004) but not DunedinPACE and PhenoAge (allps . .77).","## Without covariates
mod_au1_0 <-lm(bra6dmagedunedinpace ~
                 cum_stress_11_z*pwb_auto_z, data = dat)

## With covariates
mod_au1 <-lm(bra6dmagedunedinpace ~
    # demographics
      age_bio_z + sex + edu_y_z + emp + race + marpartner + child +  group + 
    # health covariates
      smoke_bio + drinks_bio_z + bmi_bio_z +
    # interaction
      cum_stress_11_z*pwb_auto_z, data = dat)

## Show results
tab_model(mod_au1_0, mod_au1, show.se=TRUE, show.ci=FALSE, show.obs=FALSE, show.r2 = FALSE, vcov.fun = ""CL"", vcov.args = list(type = ""HC1"", cluster = dat$twin_cluster), dv.labels = c(""Without covariates"", ""With covariates""))",match,"Both the paper and the code rely on p-values from linear models to assess the interaction term, implicitly using conventional significance criteria (e.g., treating p = .04 as significant and p > .77 as non-significant), with no conflicting inference rules evident.",,
cha,47,"The interaction of cumulative stressors and autonomy was examined in a regression model predicting PhenoAge EAA. This interaction was non-significant (ps > .77), suggesting that autonomy did not significantly alter stress–PhenoAge associations.",Model Specification,"Hypotheses were tested by multiple linear regressions, with all continuous variables standardized before the analyses. Psychological well-being as a moderator was examined by regressing EAA on cumulative stressors, psychological well-being, and the interaction term between these two measures.
...
Autonomy significantly interacted with cumulative stressors in relation to GrimAge2 (β =− .23, SE = .12, p = .04, f2
p = .004) but not DunedinPACE and PhenoAge (allps . .77).","## PhenoAge

## Without covariates
mod_au2_0 <-lm(eaa_pheno ~
    # interaction
      cum_stress_11_z*pwb_auto_z, data = subset_dat1)

## With covariates
mod_au2 <-lm(eaa_pheno ~
    # demographics
      age_bio_z + sex + edu_y_z + emp + race + marpartner + child + group + 
    # health covariates
      smoke_bio + drinks_bio_z + bmi_bio_z + 
    # interaction
      cum_stress_11_z*pwb_auto_z, data = subset_dat1)

## Show results
tab_model(mod_au2_0, mod_au2, show.se=TRUE, show.ci=FALSE, show.obs=FALSE, show.r2 = FALSE, vcov.fun = ""CL"", vcov.args = list(type = ""HC1"", cluster = subset_dat1$twin_cluster), dv.labels = c(""Without covariates"", ""With covariates""))",match,"The code uses linear regression models regressing PhenoAge EAA on cumulative stressors, autonomy, and their interaction, consistent with the paper’s description of multiple linear regressions with these predictors. The inclusion of covariates and standardized predictors in the code does not conflict with the stated model specification.",,
cha,47,"The interaction of cumulative stressors and autonomy was examined in a regression model predicting PhenoAge EAA. This interaction was non-significant (ps > .77), suggesting that autonomy did not significantly alter stress–PhenoAge associations.",Variable Specification,"Autonomy significantly interacted with cumulative stressors in relation to GrimAge2 (β = −.23, SE = .12, p = .04, f2_p = .004) but not DunedinPACE and PhenoAge (all ps > .77).","# Compute EAA (Epigenetic Age Acceleration)
# PhenoAge EAA
subset_dat1 <- subset(dat, !is.na(bra6dmagephenoage) & !is.na(age_bio))
mod_test2 <- lm(bra6dmagephenoage ~ age_bio, data = subset_dat1)

subset_dat1$predict_phenoage = predict(mod_test2)
subset_dat1$eaa_pheno <- subset_dat1$bra6dmagephenoage - subset_dat1$predict_phenoage
...
transform_dataset <- function(dataset) {
  dataset <- dataset %>%
    ...
           pwb_auto_z = as.numeric(scale(pwb_auto, center = TRUE, scale =
                                           TRUE)),
           pwb = (pwb_purpose_z + pwb_mastery_z + pwb_accept_z +
                    pwb_relation_z + pwb_growth_z + pwb_auto_z) / 6,
           pwb_z = as.numeric(scale(pwb, center = TRUE, scale = TRUE)),
           ...
           # Standardize cumulative stressor
           cum_stress_11_z = as.numeric(scale(cum_stress_11, center = TRUE,
                                              scale = TRUE))) %>%
    ...
  return(dataset)
}
...
# Apply the function to each dataset
subset_dat1 <- transform_dataset(subset_dat1)
...
### PhenoAge

## Without covariates
mod_au2_0 <-lm(eaa_pheno ~
    # interaction
      cum_stress_11_z*pwb_auto_z, data = subset_dat1)

## With covariates
mod_au2 <-lm(eaa_pheno ~
    # demographics
      age_bio_z + sex + edu_y_z + emp + race + marpartner + child + group + 
    # health covariates
      smoke_bio + drinks_bio_z + bmi_bio_z + 
    # interaction
      cum_stress_11_z*pwb_auto_z, data = subset_dat1)
",match,"The code uses PhenoAge epigenetic age acceleration (eaa_pheno) as the outcome and includes cumulative stressors (cum_stress_11_z), autonomy (pwb_auto_z), and their interaction as predictors, matching the paper’s description of testing the cumulative stressors × autonomy interaction on PhenoAge EAA. Covariates are added in a second model, which is consistent with an adjusted regression framework and does not alter the specified roles of the key variables.",,
cha,47,"The interaction of cumulative stressors and autonomy was examined in a regression model predicting PhenoAge EAA. This interaction was non-significant (ps > .77), suggesting that autonomy did not significantly alter stress–PhenoAge associations.",Transformation Specification,"All values for 11 domains were standardized and summed to make a single index of cumulative stressors. ... The scales were summed to make six separate dimensions, and the scores were reverse coded so that higher scores indicate higher standing in the measure. ... To calculate EAA from the other epigenetic age measures, we regressed GrimAge2 and PhenoAge on chronological age and computed residuals to index how much older one is biologically compared to one’s chronological age. ... Hypotheses were tested by multiple linear regressions, with all continuous variables standardized before the analyses.","## make subset dataset

# Compute EAA (Epigenetic Age Acceleration)
# PhenoAge EAA
subset_dat1 <- subset(dat, !is.na(bra6dmagephenoage) & !is.na(age_bio))
mod_test2 <- lm(bra6dmagephenoage ~ age_bio, data = subset_dat1)

subset_dat1$predict_phenoage = predict(mod_test2)
subset_dat1$eaa_pheno <- subset_dat1$bra6dmagephenoage - subset_dat1$predict_phenoage

## Transform/standardize

transform_dataset <- function(dataset) {
  dataset <- dataset %>%
    # Change education to years
    mutate(edu = ifelse(edu %in% c(97, 98), NA, edu)) %>%
    mutate(edu_y = dplyr::recode(edu, 
    # recode education into years of education
                            ""1"" = 3,
                            ""2"" = 8,
                            ""3"" = 10.5,
                            ""4"" = 12,
                            ""5"" = 12,
                            ""6"" = 13.5,
                            ""7"" = 15,
                            ""8"" = 14,
                            ""9"" = 16,
                            ""10"" = 17,
                            ""11"" = 18,
                            ""12"" = 20,
                            .default = NA_real_)) %>%
    # Protective Factor (standardize psychological well-being)
    mutate(pwb_purpose_z = as.numeric(scale(pwb_purpose, center = TRUE, scale
                                            = TRUE)),
           pwb_mastery_z = as.numeric(scale(pwb_mastery, center = TRUE, scale                                             = TRUE)),
           pwb_accept_z = as.numeric(scale(pwb_accept, center = TRUE, scale =
                                             TRUE)),
           pwb_relation_z = as.numeric(scale(pwb_relation, center = TRUE,
                                             scale = TRUE)),
           pwb_growth_z = as.numeric(scale(pwb_growth, center = TRUE, scale =
                                             TRUE)),
           pwb_auto_z = as.numeric(scale(pwb_auto, center = TRUE, scale =
                                           TRUE)),
           pwb = (pwb_purpose_z + pwb_mastery_z + pwb_accept_z +
                    pwb_relation_z + pwb_growth_z + pwb_auto_z) / 6,
           pwb_z = as.numeric(scale(pwb, center = TRUE, scale = TRUE)),
           # Risk Factor (standardize neuroticism)
           neuro_z = as.numeric(scale(neuro, center = TRUE, scale = TRUE)),
           # Demographic covariates
           edu_y_z = as.numeric(scale(edu_y, center = TRUE, scale = TRUE)),
           age_bio_z = as.numeric(scale(age_bio, center = TRUE, scale =
                                          TRUE)),
           # Biomarker data covariates
           drinks_bio_z = as.numeric(scale(drinks_bio, center = TRUE, scale =
                                             TRUE)),
           bmi_bio_z = as.numeric(scale(bmi_bio, center = TRUE, scale =
                                          TRUE)),
           # Dummy code smoking status
           smoke_former = ifelse(smoke_bio == 1, 1, 0),
           smoke_current = ifelse(smoke_bio == 2, 1, 0),
           # Standardize cumulative stressor
           cum_stress_11_z = as.numeric(scale(cum_stress_11, center = TRUE,
                                              scale = TRUE))) %>%
    # Convert variables to factors
    mutate(emp = as.factor(emp),
           sex = as.factor(sex),
           child = as.factor(child),
           group = as.factor(group),
           marpartner = as.factor(marpartner),
           race = as.factor(race),
           smoke_bio = as.factor(smoke_bio))
  
  return(dataset)
}

# Apply the function to each dataset
subset_dat1 <- transform_dataset(subset_dat1)
subset_dat2 <- transform_dataset(subset_dat2)
dat <- transform_dataset(dat)",match,"The code implements the described transformations: PhenoAge EAA is computed as residuals from regressing PhenoAge on chronological age, and the relevant continuous predictors (cumulative stressors, autonomy/psychological well-being subscales) are standardized prior to analysis. Details about construction of the cumulative stress index and reverse-coding of well-being scales are likely handled upstream of the shown function and there is no evidence of contradiction in the provided code.",,
cha,47,"The interaction of cumulative stressors and autonomy was examined in a regression model predicting PhenoAge EAA. This interaction was non-significant (ps > .77), suggesting that autonomy did not significantly alter stress–PhenoAge associations.",Inference Specification,"Autonomy significantly interacted with cumulative stressors in relation to GrimAge2 (β = −.23, SE = .12, p = .04, f2
p = .004) but not DunedinPACE and PhenoAge (all ps > .77).","## Without covariates
mod_au2_0 <-lm(eaa_pheno ~
    # interaction
      cum_stress_11_z*pwb_auto_z, data = subset_dat1)

## With covariates
mod_au2 <-lm(eaa_pheno ~
    # demographics
      age_bio_z + sex + edu_y_z + emp + race + marpartner + child + group + 
    # health covariates
      smoke_bio + drinks_bio_z + bmi_bio_z + 
    # interaction
      cum_stress_11_z*pwb_auto_z, data = subset_dat1)

## Show results
tab_model(mod_au2_0, mod_au2, show.se=TRUE, show.ci=FALSE, show.obs=FALSE, show.r2 = FALSE, vcov.fun = ""CL"", vcov.args = list(type = ""HC1"", cluster = subset_dat1$twin_cluster), dv.labels = c(""Without covariates"", ""With covariates""))",unknown,"The paper excerpt reports p-values and significance but does not describe specific inference criteria (e.g., alpha level or use of clustered robust SEs), while the code uses clustered HC1 robust standard errors without explicitly stating an alpha. Because the paper’s inference specification is not provided, it is unclear whether the code’s inference approach matches it.",,
cha,48,"A multiple regression including cumulative stressors, autonomy, and their interaction predicted GrimAge2 EAA. The Cumulative Stress × Autonomy term was significant (β = −.23, SE = .12, p = .04, f²_p = .004), indicating that higher autonomy buffered the positive effect of cumulative stress on GrimAge2 acceleration.",Model Specification,"Hypotheses were tested by multiple linear regressions, with all continuous variables standardized before the analyses. Psychological well-being as a moderator was examined by regressing EAA on cumulative stressors, psychological well-being, and the interaction term between these two measures.","### GrimAge2

```{r, message = FALSE}
# GrimAge2
## Without covariates
mod_au3_0 <-lm(eaa_grim ~
    # Interaction
      cum_stress_11_z*pwb_auto_z, data = subset_dat2)

## With covariates
mod_au3 <-lm(eaa_grim ~
    # demographics
      age_bio_z + sex + edu_y_z + emp + race + marpartner + child + group + 
    # health covariates
      smoke_bio + drinks_bio_z + bmi_bio_z + 
    # Interaction
      cum_stress_11_z*pwb_auto_z, data = subset_dat2)

## Show results
tab_model(mod_au3_0, mod_au3, show.se=TRUE, show.ci=FALSE, show.obs=FALSE, show.r2 = FALSE, vcov.fun = ""CL"",vcov.args = list(type = ""HC1"", cluster = subset_dat2$twin_cluster), dv.labels = c(""Without covariates"", ""With covariates""))

cohens_f_squared(mod_au3)

## Simple slopes for GrimAge2
### IV = Cumulative stressors; Moderator: Autonomy
sim_slopes(mod_au3, pred = ""cum_stress_11_z"", modx = ""pwb_auto_z"", modx.values = c(-1,1), digits = 5, robust = ""HC1"", cluster = ""twin_cluster"")

### IV = Autonomy; Moderator: Cumulative stressors
sim_slopes(mod_au3, pred = ""pwb_auto_z"", modx = ""cum_stress_11_z"", modx.values = c(-1,1), digits = 5, robust = ""HC1"", cluster = ""twin_cluster"")
```
",match,"The code uses multiple linear regression with GrimAge2 EAA as the outcome and includes cumulative stress, autonomy, and their interaction, consistent with the paper’s description of the model specification.",,
cha,48,"A multiple regression including cumulative stressors, autonomy, and their interaction predicted GrimAge2 EAA. The Cumulative Stress × Autonomy term was significant (β = −.23, SE = .12, p = .04, f²_p = .004), indicating that higher autonomy buffered the positive effect of cumulative stress on GrimAge2 acceleration.",Variable Specification,"Autonomy significantly interacted with cumulative stressors in relation to GrimAge2 (β = − .23, SE = .12, p = .04, f2
p = .004) but
not DunedinPACE and PhenoAge (allps . .77). Having high autonomy buffered the relationship of cumulative stressors with
GrimAge2 (β =− .06, SE = .20, p = .75), while those with low
autonomy showed that cumulative stressor accelerated GrimAge2
(β = .41, SE = .18, p = .02).","## With covariates
mod_au3 <-lm(eaa_grim ~
    # demographics
      age_bio_z + sex + edu_y_z + emp + race + marpartner + child + group + 
    # health covariates
      smoke_bio + drinks_bio_z + bmi_bio_z + 
    # Interaction
      cum_stress_11_z*pwb_auto_z, data = subset_dat2)

## Simple slopes for GrimAge2
### IV = Cumulative stressors; Moderator: Autonomy
sim_slopes(mod_au3, pred = ""cum_stress_11_z"", modx = ""pwb_auto_z"", modx.values = c(-1,1), digits = 5, robust = ""HC1"", cluster = ""twin_cluster"")

### IV = Autonomy; Moderator: Cumulative stressors
sim_slopes(mod_au3, pred = ""pwb_auto_z"", modx = ""cum_stress_11_z"", modx.values = c(-1,1), digits = 5, robust = ""HC1"", cluster = ""twin_cluster"")",match,"The code models GrimAge2 EAA (eaa_grim) as the outcome with cumulative stress (cum_stress_11_z), autonomy (pwb_auto_z), and their interaction as predictors, consistent with the paper’s description. Additional demographic and health covariates in the code are compatible with a multiple regression framework and do not contradict the reported variable roles.",,
cha,48,"A multiple regression including cumulative stressors, autonomy, and their interaction predicted GrimAge2 EAA. The Cumulative Stress × Autonomy term was significant (β = −.23, SE = .12, p = .04, f²_p = .004), indicating that higher autonomy buffered the positive effect of cumulative stress on GrimAge2 acceleration.",Transformation Specification,"All values for 11 domains were standardized and summed to make a single index of cumulative stressors (for more details on the constructs, see the online supplemental materials, pp. 2–4).
...
To calculate EAA from the other epigenetic age measures, we regressed GrimAge2 and PhenoAge on chronological age and computed residuals to index how much older one is biologically compared to one’s chronological age.
...
The scales were summed to make six separate dimensions, and the scores were reverse coded so that higher scores indicate higher standing in the measure.
...
Hypotheses were tested by multiple linear regressions, with all continuous variables standardized before the analyses.","## Compute EAA (Epigenetic Age Acceleration)
# GrimAge2 EAA
subset_dat2 <- subset(dat, !is.na(bra6dmagegrimage2) & !is.na(age_bio))
mod_test2 <- lm(bra6dmagegrimage2 ~ age_bio, data = subset_dat2)

subset_dat2$predict_grimage2 = predict(mod_test2)
subset_dat2$eaa_grim <- subset_dat2$bra6dmagegrimage2 - subset_dat2$predict_grimage2
...
## Transform/standardize

transform_dataset <- function(dataset) {
  dataset <- dataset %>%
    # Change education to years
    mutate(edu = ifelse(edu %in% c(97, 98), NA, edu)) %>%
    mutate(edu_y = dplyr::recode(edu, 
    # recode education into years of education
                            ""1"" = 3,
                            ""2"" = 8,
                            ""3"" = 10.5,
                            ""4"" = 12,
                            ""5"" = 12,
                            ""6"" = 13.5,
                            ""7"" = 15,
                            ""8"" = 14,
                            ""9"" = 16,
                            ""10"" = 17,
                            ""11"" = 18,
                            ""12"" = 20,
                            .default = NA_real_)) %>%
    # Protective Factor (standardize psychological well-being)
    mutate(pwb_purpose_z = as.numeric(scale(pwb_purpose, center = TRUE, scale
                                            = TRUE)),
           pwb_mastery_z = as.numeric(scale(pwb_mastery, center = TRUE, scale                                             = TRUE)),
           pwb_accept_z = as.numeric(scale(pwb_accept, center = TRUE, scale =
                                             TRUE)),
           pwb_relation_z = as.numeric(scale(pwb_relation, center = TRUE,
                                             scale = TRUE)),
           pwb_growth_z = as.numeric(scale(pwb_growth, center = TRUE, scale =
                                             TRUE)),
           pwb_auto_z = as.numeric(scale(pwb_auto, center = TRUE, scale =
                                           TRUE)),
           pwb = (pwb_purpose_z + pwb_mastery_z + pwb_accept_z +
                    pwb_relation_z + pwb_growth_z + pwb_auto_z) / 6,
           pwb_z = as.numeric(scale(pwb, center = TRUE, scale = TRUE)),
           # Risk Factor (standardize neuroticism)
           neuro_z = as.numeric(scale(neuro, center = TRUE, scale = TRUE)),
           # Demographic covariates
           edu_y_z = as.numeric(scale(edu_y, center = TRUE, scale = TRUE)),
           age_bio_z = as.numeric(scale(age_bio, center = TRUE, scale =
                                          TRUE)),
           # Biomarker data covariates
           drinks_bio_z = as.numeric(scale(drinks_bio, center = TRUE, scale =
                                             TRUE)),
           bmi_bio_z = as.numeric(scale(bmi_bio, center = TRUE, scale =
                                          TRUE)),
           # Dummy code smoking status
           smoke_former = ifelse(smoke_bio == 1, 1, 0),
           smoke_current = ifelse(smoke_bio == 2, 1, 0),
           # Standardize cumulative stressor
           cum_stress_11_z = as.numeric(scale(cum_stress_11, center = TRUE,
                                              scale = TRUE))) %>%
    # Convert variables to factors
    mutate(emp = as.factor(emp),
           sex = as.factor(sex),
           child = as.factor(child),
           group = as.factor(group),
           marpartner = as.factor(marpartner),
           race = as.factor(race),
           smoke_bio = as.factor(smoke_bio))
  
  return(dataset)
}

# Apply the function to each dataset
subset_dat1 <- transform_dataset(subset_dat1)
subset_dat2 <- transform_dataset(subset_dat2)
dat <- transform_dataset(dat)
...
### GrimAge2

# GrimAge2
## Without covariates
mod_au3_0 <-lm(eaa_grim ~
    # Interaction
      cum_stress_11_z*pwb_auto_z, data = subset_dat2)

## With covariates
mod_au3 <-lm(eaa_grim ~
    # demographics
      age_bio_z + sex + edu_y_z + emp + race + marpartner + child + group + 
    # health covariates
      smoke_bio + drinks_bio_z + bmi_bio_z + 
    # Interaction
      cum_stress_11_z*pwb_auto_z, data = subset_dat2)",unknown,"The code matches some described transformations (e.g., computing GrimAge2 EAA via regression residuals and standardizing key predictors), but there is not enough information to verify all described preprocessing steps (e.g., construction of the cumulative stress index from 11 standardized domains, reverse-coding and summing items into autonomy, or whether all continuous variables—including outcomes—were standardized).",,
cha,48,"A multiple regression including cumulative stressors, autonomy, and their interaction predicted GrimAge2 EAA. The Cumulative Stress × Autonomy term was significant (β = −.23, SE = .12, p = .04, f²_p = .004), indicating that higher autonomy buffered the positive effect of cumulative stress on GrimAge2 acceleration.",Inference Specification,"Autonomy significantly interacted with cumulative stressors in relation to GrimAge2 ( β =− .23, SE = .12, p = .04, f2_p = .004) but not DunedinPACE and PhenoAge (allps . .77).","### GrimAge2

```{r, message = FALSE}
# GrimAge2
## Without covariates
mod_au3_0 <-lm(eaa_grim ~
    # Interaction
      cum_stress_11_z*pwb_auto_z, data = subset_dat2)

## With covariates
mod_au3 <-lm(eaa_grim ~
    # demographics
      age_bio_z + sex + edu_y_z + emp + race + marpartner + child + group + 
    # health covariates
      smoke_bio + drinks_bio_z + bmi_bio_z + 
    # Interaction
      cum_stress_11_z*pwb_auto_z, data = subset_dat2)

## Show results
tab_model(mod_au3_0, mod_au3, show.se=TRUE, show.ci=FALSE, show.obs=FALSE, show.r2 = FALSE, vcov.fun = ""CL"",vcov.args = list(type = ""HC1"", cluster = subset_dat2$twin_cluster), dv.labels = c(""Without covariates"", ""With covariates""))

cohens_f_squared(mod_au3)

## Simple slopes for GrimAge2
### IV = Cumulative stressors; Moderator: Autonomy
sim_slopes(mod_au3, pred = ""cum_stress_11_z"", modx = ""pwb_auto_z"", modx.values = c(-1,1), digits = 5, robust = ""HC1"", cluster = ""twin_cluster"")

### IV = Autonomy; Moderator: Cumulative stressors
sim_slopes(mod_au3, pred = ""pwb_auto_z"", modx = ""cum_stress_11_z"", modx.values = c(-1,1), digits = 5, robust = ""HC1"", cluster = ""twin_cluster"")

## Graph for GrimAge2
plot4 <-  plot_model(mod_au3, 
                    type = ""pred"",
                    terms = c(""cum_stress_11_z"", ""pwb_auto_z[-1,1]""),
                    ci.lvl = .95,
                    show.p = TRUE, 
                    colors = ""bw"", 
                    title = ""Autonomy"", 
                    axis.title = c(""Cumulative Stressors"", ""GrimAge2""), 
                    auto.label = FALSE, 
                    se = TRUE,
                    vcov.fun = ""CL"", 
                    vcov.args = list(type = ""HC1"", cluster =
                                       subset_dat2$twin_cluster)) +
                    base_theme + set_theme(base = theme_classic(), legend.pos
                                           = ""bottom"") +
                    scale_linetype_manual(name = ""Autonomy"", 
                        values = c(""solid"", ""dashed""), 
                        labels = c(""-1SD"", ""+1SD""))+
                    scale_y_continuous(breaks = c(-2, 0, 2))+ font_settings
```",unknown,"The paper reports a p-value for the interaction but does not explicitly state an alpha level or other inference criteria, and the code computes p-values with cluster-robust standard errors without stating an explicit decision threshold, so it is unclear whether the formal inference specification matches. We cannot verify that the same criteria (e.g., alpha = 0.05) were pre-specified and used in both sources.",,
cha,49,"Simple slope analysis estimated the effect of cumulative stressors on GrimAge2 at low autonomy (−1 SD) from the significant interaction model. Among low-autonomy individuals, cumulative stressors significantly predicted higher GrimAge2 EAA (β = .41, SE = .18, p = .02).",Model Specification,"Hypotheses were tested by multiple linear regressions, with all continuous variables standardized before the analyses. Psychological well-being as a moderator was examined by regressing EAA on cumulative stressors, psychological well-being, and the interaction term between these two measures. To examine whether neuroticism aggravated the relationship between cumulative stressors and EAA, cumulative stressors, neuroticism, and their interaction were included as predictors. All regression models used cluster-robust standard errors to adjust for the 45 sets of twins or siblings in the analytic sample, and simple slope analyses were conducted with 1 SD above and below for the identified moderators.
...
Autonomy significantly interacted with cumulative stressors in relation to GrimAge2 (β = −.23, SE = .12, p = .04, f2_p = .004) but not DunedinPACE and PhenoAge (allps > .77). Having high autonomy buffered the relationship of cumulative stressors with GrimAge2 (β = −.06, SE = .20, p = .75), while those with low autonomy showed that cumulative stressor accelerated GrimAge2 (β = .41, SE = .18, p = .02).","## With covariates
mod_au3 <-lm(eaa_grim ~
    # demographics
      age_bio_z + sex + edu_y_z + emp + race + marpartner + child + group + 
    # health covariates
      smoke_bio + drinks_bio_z + bmi_bio_z + 
    # Interaction
      cum_stress_11_z*pwb_auto_z, data = subset_dat2)
...
## Simple slopes for GrimAge2
### IV = Cumulative stressors; Moderator: Autonomy
sim_slopes(mod_au3, pred = ""cum_stress_11_z"", modx = ""pwb_auto_z"", modx.values = c(-1,1), digits = 5, robust = ""HC1"", cluster = ""twin_cluster"")",match,"The code uses a multiple linear regression with an interaction term and then conducts simple slope analysis at ±1 SD with cluster-robust standard errors, which matches the model specification described in the paper.",,
cha,49,"Simple slope analysis estimated the effect of cumulative stressors on GrimAge2 at low autonomy (−1 SD) from the significant interaction model. Among low-autonomy individuals, cumulative stressors significantly predicted higher GrimAge2 EAA (β = .41, SE = .18, p = .02).",Variable Specification,"Autonomy significantly interacted with cumulative stressors in relation to GrimAge2 (β =− .23, SE = .12, p = .04, f2
p = .004) but not DunedinPACE and PhenoAge (allps . .77). Having high autonomy buffered the relationship of cumulative stressors with
GrimAge2 ( β =− .06, SE = .20, p = .75), while those with low autonomy showed that cumulative stressor accelerated GrimAge2
(β = .41, SE = .18, p = .02).","## With covariates
mod_au3 <-lm(eaa_grim ~
    # demographics
      age_bio_z + sex + edu_y_z + emp + race + marpartner + child + group + 
    # health covariates
      smoke_bio + drinks_bio_z + bmi_bio_z + 
    # Interaction
      cum_stress_11_z*pwb_auto_z, data = subset_dat2)
...
## Simple slopes for GrimAge2
### IV = Cumulative stressors; Moderator: Autonomy
sim_slopes(mod_au3, pred = ""cum_stress_11_z"", modx = ""pwb_auto_z"", modx.values = c(-1,1), digits = 5, robust = ""HC1"", cluster = ""twin_cluster"")",match,"The code uses GrimAge2 EAA as the outcome, cumulative stressors as the focal predictor, autonomy as the moderator, and runs simple slopes at low autonomy (−1 SD), which matches the variables and roles described in the paper.",,
cha,49,"Simple slope analysis estimated the effect of cumulative stressors on GrimAge2 at low autonomy (−1 SD) from the significant interaction model. Among low-autonomy individuals, cumulative stressors significantly predicted higher GrimAge2 EAA (β = .41, SE = .18, p = .02).",Transformation Specification,"All values for 11 domains were standardized and summed to make a single index of cumulative stressors (for more details on the constructs, see the online supplemental materials, pp. 2–4).

Participants rated the extent to which they agreed to the items on a 7-point Likert scale (1 = strongly agree to 7 = strongly disagree). The scales were summed to make six separate dimensions, and the scores were reverse coded so that higher scores indicate higher standing in the measure. The combined psychological well-being measure was calculated as the average of the standardized scores across the six dimensions of psychological well-being.

To calculate EAA from the other epigenetic age measures, we regressed GrimAge2 and PhenoAge on chronological age and computed residuals to index how much older one is biologically compared to one’s chronological age.

Hypotheses were tested by multiple linear regressions, with all continuous variables standardized before the analyses. … and simple slope analyses were conducted with 1 SD above and below for the identified moderators.","subset_dat2 <- subset(dat, !is.na(bra6dmagegrimage2) & !is.na(age_bio))
mod_test2 <- lm(bra6dmagegrimage2 ~ age_bio, data = subset_dat2)

subset_dat2$predict_grimage2 = predict(mod_test2)
subset_dat2$eaa_grim <- subset_dat2$bra6dmagegrimage2 - subset_dat2$predict_grimage2

transform_dataset <- function(dataset) {
  dataset <- dataset %>%
    # Protective Factor (standardize psychological well-being)
    mutate(pwb_purpose_z = as.numeric(scale(pwb_purpose, center = TRUE, scale
                                            = TRUE)),
           pwb_mastery_z = as.numeric(scale(pwb_mastery, center = TRUE, scale                                             = TRUE)),
           pwb_accept_z = as.numeric(scale(pwb_accept, center = TRUE, scale =
                                             TRUE)),
           pwb_relation_z = as.numeric(scale(pwb_relation, center = TRUE,
                                             scale = TRUE)),
           pwb_growth_z = as.numeric(scale(pwb_growth, center = TRUE, scale =
                                             TRUE)),
           pwb_auto_z = as.numeric(scale(pwb_auto, center = TRUE, scale =
                                           TRUE)),
           pwb = (pwb_purpose_z + pwb_mastery_z + pwb_accept_z +
                    pwb_relation_z + pwb_growth_z + pwb_auto_z) / 6,
           pwb_z = as.numeric(scale(pwb, center = TRUE, scale = TRUE)),
           # Risk Factor (standardize neuroticism)
           neuro_z = as.numeric(scale(neuro, center = TRUE, scale = TRUE)),
           # Demographic covariates
           edu_y_z = as.numeric(scale(edu_y, center = TRUE, scale =
                                          TRUE)),
           age_bio_z = as.numeric(scale(age_bio, center = TRUE, scale =
                                          TRUE)),
           # Biomarker data covariates
           drinks_bio_z = as.numeric(scale(drinks_bio, center = TRUE, scale =
                                             TRUE)),
           bmi_bio_z = as.numeric(scale(bmi_bio, center = TRUE, scale =
                                          TRUE)),
           # Dummy code smoking status
           smoke_former = ifelse(smoke_bio == 1, 1, 0),
           smoke_current = ifelse(smoke_bio == 2, 1, 0),
           # Standardize cumulative stressor
           cum_stress_11_z = as.numeric(scale(cum_stress_11, center = TRUE,
                                              scale = TRUE))) %>%
    # Convert variables to factors
    mutate(emp = as.factor(emp),
           sex = as.factor(sex),
           child = as.factor(child),
           group = as.factor(group),
           marpartner = as.factor(marpartner),
           race = as.factor(race),
           smoke_bio = as.factor(smoke_bio))
  
  return(dataset)
}

# Apply the function to each dataset
subset_dat2 <- transform_dataset(subset_dat2)

## Simple slopes for GrimAge2
### IV = Cumulative stressors; Moderator: Autonomy
sim_slopes(mod_au3, pred = ""cum_stress_11_z"", modx = ""pwb_auto_z"", modx.values = c(-1,1), digits = 5, robust = ""HC1"", cluster = ""twin_cluster"")
",match,"The code implements the described transformations: GrimAge2 EAA is computed as residuals from regressing GrimAge2 on chronological age, psychological well-being dimensions are standardized and combined into an overall index, continuous predictors (including autonomy and cumulative stressors) are standardized, and simple slopes are evaluated at ±1 SD of the moderator. Although the construction of the cumulative stressor index from 11 domains is not shown, the subsequent standardization and use in the simple slopes analysis align with the paper’s description.",,
cha,49,"Simple slope analysis estimated the effect of cumulative stressors on GrimAge2 at low autonomy (−1 SD) from the significant interaction model. Among low-autonomy individuals, cumulative stressors significantly predicted higher GrimAge2 EAA (β = .41, SE = .18, p = .02).",Inference Specification,"Autonomy significantly interacted with cumulative stressors in relation to GrimAge2 (β =− .23, SE = .12, p = .04, f2
p = .004) but not DunedinPACE and PhenoAge (allps . .77). Having high autonomy buffered the relationship of cumulative stressors with GrimAge2 (β =− .06, SE = .20, p = .75), while those with low autonomy showed that cumulative stressor accelerated GrimAge2 (β = .41, SE = .18, p = .02).","## Show results
tab_model(mod_au3_0, mod_au3, show.se=TRUE, show.ci=FALSE, show.obs=FALSE, show.r2 = FALSE, vcov.fun = ""CL"",vcov.args = list(type = ""HC1"", cluster = subset_dat2$twin_cluster), dv.labels = c(""Without covariates"", ""With covariates""))

cohens_f_squared(mod_au3)

## Simple slopes for GrimAge2
### IV = Cumulative stressors; Moderator: Autonomy
sim_slopes(mod_au3, pred = ""cum_stress_11_z"", modx = ""pwb_auto_z"", modx.values = c(-1,1), digits = 5, robust = ""HC1"", cluster = ""twin_cluster"")

### IV = Autonomy; Moderator: Cumulative stressors
sim_slopes(mod_au3, pred = ""pwb_auto_z"", modx = ""cum_stress_11_z"", modx.values = c(-1,1), digits = 5, robust = ""HC1"", cluster = ""twin_cluster"")

## Graph for GrimAge2
plot4 <-  plot_model(mod_au3, 
                    type = ""pred"",
                    terms = c(""cum_stress_11_z"", ""pwb_auto_z[-1,1]""),
                    ci.lvl = .95,
                    show.p = TRUE, 
                    colors = ""bw"", 
                    title = ""Autonomy"", 
                    axis.title = c(""Cumulative Stressors"", ""GrimAge2""), 
                    auto.label = FALSE, 
                    se = TRUE,
                    vcov.fun = ""CL"", 
                    vcov.args = list(type = ""HC1"", cluster =
                                       subset_dat2$twin_cluster)) +
                    base_theme + set_theme(base = theme_classic(), legend.pos
                                           = ""bottom"") +
                    scale_linetype_manual(name = ""Autonomy"", 
                        values = c(""solid"", ""dashed""), 
                        labels = c(""-1SD"", ""+1SD""))+
                    scale_y_continuous(breaks = c(-2, 0, 2))+ font_settings
",match,Both paper and code use conventional NHST criteria (p-values with an implicit α = 0.05 and 95% confidence intervals) for inference in the simple slopes analysis. The code’s use of robust clustered standard errors does not change the inference threshold and is consistent with reporting p-values such as p = .02 and p = .04 in the paper.,,
cha,50,"A corresponding simple slope analysis examined the slope of cumulative stressors on GrimAge2 at high autonomy (+1 SD). For those high in autonomy, the relationship between cumulative stressors and GrimAge2 was non-significant (β = −.06, SE = .20, p = .75), further supporting a buffering role of autonomy.",Model Specification,"{""paper_value"": ""Hypotheses were tested by multiple linear regressions, with all con\-tinuous variables standardized before the analyses. ... All regression models used cluster-robust standard errors to adjust for the 45 sets of twins or siblings in the analytic sam\-ple, and simple slope analyses were conducted with 1 SD above and below for the identiﬁed moderators."", ""evidence"": {""paper_span"": ""Autonomy signiﬁcantly interacted with cumulative stressors in\nrelation to GrimAge2 ( β =− .23, SE = .12, p = .04, f2\np = .004) but\nnot DunedinPACE and PhenoAge (allps . .77). Having high auton-\nomy buffered the relationship of cumulative stressors with\nGrimAge2 ( β =− .06, SE = .20, p = .75), while those with low\nautonomy showed that cumulative stressor accelerated GrimAge2\n(β = .41, SE = .18, p = .02).\n\nHypotheses were tested by multiple linear regressions, with all con-\n tinuous variables standardized before the analyses. Psychological\n well-being as a moderator was examined by regressing EAA on\n cumulative stressors, psychological well-being, and the interaction\n term between these two measures. ... All regression models used cluster-robust standard\n errors to adjust for the 45 sets of twins or siblings in the analytic sam-\n ple, and simple slope analyses were conducted with 1 SD above and\n below for the identiﬁed moderators."", ""location"": ""Method – Data Analytic Strategy, p. 1153–1154; Results – Protective Factor: Psychological Well-Being (autonomy simple slopes), p. 1154–1155""}}","### GrimAge2

```{r, message = FALSE}
# GrimAge2
## Without covariates
mod_au3_0 <-lm(eaa_grim ~
    # Interaction
      cum_stress_11_z*pwb_auto_z, data = subset_dat2)

## With covariates
mod_au3 <-lm(eaa_grim ~
    # demographics
      age_bio_z + sex + edu_y_z + emp + race + marpartner + child + group + 
    # health covariates
      smoke_bio + drinks_bio_z + bmi_bio_z + 
    # Interaction
      cum_stress_11_z*pwb_auto_z, data = subset_dat2)

## Show results
tab_model(mod_au3_0, mod_au3, show.se=TRUE, show.ci=FALSE, show.obs=FALSE, show.r2 = FALSE, vcov.fun = ""CL"",vcov.args = list(type = ""HC1"", cluster = subset_dat2$twin_cluster), dv.labels = c(""Without covariates"", ""With covariates""))

cohens_f_squared(mod_au3)

## Simple slopes for GrimAge2
### IV = Cumulative stressors; Moderator: Autonomy
sim_slopes(mod_au3, pred = ""cum_stress_11_z"", modx = ""pwb_auto_z"", modx.values = c(-1,1), digits = 5, robust = ""HC1"", cluster = ""twin_cluster"")

### IV = Autonomy; Moderator: Cumulative stressors
sim_slopes(mod_au3, pred = ""pwb_auto_z"", modx = ""cum_stress_11_z"", modx.values = c(-1,1), digits = 5, robust = ""HC1"", cluster = ""twin_cluster"")
```",match,"The code uses multiple linear regression with an interaction term and cluster-robust standard errors, and conducts simple slopes at ±1 SD of the moderator, matching the model specification described in the paper.",,
cha,50,"A corresponding simple slope analysis examined the slope of cumulative stressors on GrimAge2 at high autonomy (+1 SD). For those high in autonomy, the relationship between cumulative stressors and GrimAge2 was non-significant (β = −.06, SE = .20, p = .75), further supporting a buffering role of autonomy.",Variable Specification,"Autonomy significantly interacted with cumulative stressors in relation to GrimAge2 ( β =− .23, SE = .12, p = .04, f2
p = .004) but not DunedinPACE and PhenoAge (allps . .77). Having high autonomy buffered the relationship of cumulative stressors with GrimAge2 ( β =− .06, SE = .20, p = .75), while those with low autonomy showed that cumulative stressor accelerated GrimAge2 (β = .41, SE = .18, p = .02).","# Compute EAA (Epigenetic Age Acceleration)
# GrimAge2 EAA
subset_dat2 <- subset(dat, !is.na(bra6dmagegrimage2) & !is.na(age_bio))
mod_test2 <- lm(bra6dmagegrimage2 ~ age_bio, data = subset_dat2)

subset_dat2$predict_grimage2 = predict(mod_test2)
subset_dat2$eaa_grim <- subset_dat2$bra6dmagegrimage2 - subset_dat2$predict_grimage2
...
transform_dataset <- function(dataset) {
  dataset <- dataset %>%
    ...
           pwb_auto_z = as.numeric(scale(pwb_auto, center = TRUE, scale =
                                           TRUE)),
           ...
           # Standardize cumulative stressor
           cum_stress_11_z = as.numeric(scale(cum_stress_11, center = TRUE,
                                              scale = TRUE))) %>%
    ...
  
  return(dataset)
}
...
# Apply the function to each dataset
subset_dat1 <- transform_dataset(subset_dat1)
subset_dat2 <- transform_dataset(subset_dat2)
...
### GrimAge2

```{r, message = FALSE}
# GrimAge2
## Without covariates
mod_au3_0 <-lm(eaa_grim ~
    # Interaction
      cum_stress_11_z*pwb_auto_z, data = subset_dat2)

## With covariates
mod_au3 <-lm(eaa_grim ~
    # demographics
      age_bio_z + sex + edu_y_z + emp + race + marpartner + child + group + 
    # health covariates
      smoke_bio + drinks_bio_z + bmi_bio_z + 
    # Interaction
      cum_stress_11_z*pwb_auto_z, data = subset_dat2)

## Show results
tab_model(mod_au3_0, mod_au3, show.se=TRUE, show.ci=FALSE, show.obs=FALSE, show.r2 = FALSE, vcov.fun = ""CL"",vcov.args = list(type = ""HC1"", cluster = subset_dat2$twin_cluster), dv.labels = c(""Without covariates"", ""With covariates""))

cohens_f_squared(mod_au3)

## Simple slopes for GrimAge2
### IV = Cumulative stressors; Moderator: Autonomy
sim_slopes(mod_au3, pred = ""cum_stress_11_z"", modx = ""pwb_auto_z"", modx.values = c(-1,1), digits = 5, robust = ""HC1"", cluster = ""twin_cluster"")

### IV = Autonomy; Moderator: Cumulative stressors
sim_slopes(mod_au3, pred = ""pwb_auto_z"", modx = ""cum_stress_11_z"", modx.values = c(-1,1), digits = 5, robust = ""HC1"", cluster = ""twin_cluster"")",match,"The code uses cumulative stressors as the predictor, autonomy as the moderator, and GrimAge2-derived epigenetic age acceleration as the outcome, matching the paper’s description of the simple slope analysis for autonomy and cumulative stressors on GrimAge2. The simple slopes are explicitly computed for cumulative stressors at ±1 SD of autonomy, consistent with the reported analysis.",,
cha,50,"A corresponding simple slope analysis examined the slope of cumulative stressors on GrimAge2 at high autonomy (+1 SD). For those high in autonomy, the relationship between cumulative stressors and GrimAge2 was non-significant (β = −.06, SE = .20, p = .75), further supporting a buffering role of autonomy.",Transformation Specification,"All values for 11 domains were standardized and summed to make a single index of cumulative stressors (for more details on the constructs, see the online supplemental materials, pp. 2–4). … The scales were summed to make six separate dimensions, and the scores were reverse coded so that higher scores indicate higher standing in the measure. … To calculate EAA from the other epigenetic age measures, we regressed GrimAge2 and PhenoAge on chronological age and computed residuals to index how much older one is biologically compared to one’s chronological age. Thus, a positive value indicated EAA. … Hypotheses were tested by multiple linear regressions, with all continuous variables standardized before the analyses.","## make subset dataset

```{r}
# Compute EAA (Epigenetic Age Acceleration)
# PhenoAge EAA
subset_dat1 <- subset(dat, !is.na(bra6dmagephenoage) & !is.na(age_bio))
mod_test2 <- lm(bra6dmagephenoage ~ age_bio, data = subset_dat1)

subset_dat1$predict_phenoage = predict(mod_test2)
subset_dat1$eaa_pheno <- subset_dat1$bra6dmagephenoage - subset_dat1$predict_phenoage

# GrimAge2 EAA
subset_dat2 <- subset(dat, !is.na(bra6dmagegrimage2) & !is.na(age_bio))
mod_test2 <- lm(bra6dmagegrimage2 ~ age_bio, data = subset_dat2)

subset_dat2$predict_grimage2 = predict(mod_test2)
subset_dat2$eaa_grim <- subset_dat2$bra6dmagegrimage2 - subset_dat2$predict_grimage2
```

## Transform/standardize

```{r}
transform_dataset <- function(dataset) {
  dataset <- dataset %>%
    # Change education to years
    mutate(edu = ifelse(edu %in% c(97, 98), NA, edu)) %>%
    mutate(edu_y = dplyr::recode(edu, 
    # recode education into years of education
                            ""1"" = 3,
                            ""2"" = 8,
                            ""3"" = 10.5,
                            ""4"" = 12,
                            ""5"" = 12,
                            ""6"" = 13.5,
                            ""7"" = 15,
                            ""8"" = 14,
                            ""9"" = 16,
                            ""10"" = 17,
                            ""11"" = 18,
                            ""12"" = 20,
                            .default = NA_real_)) %>%
    # Protective Factor (standardize psychological well-being)
    mutate(pwb_purpose_z = as.numeric(scale(pwb_purpose, center = TRUE, scale
                                            = TRUE)),
           pwb_mastery_z = as.numeric(scale(pwb_mastery, center = TRUE, scale                                             = TRUE)),
           pwb_accept_z = as.numeric(scale(pwb_accept, center = TRUE, scale =
                                             TRUE)),
           pwb_relation_z = as.numeric(scale(pwb_relation, center = TRUE,
                                             scale = TRUE)),
           pwb_growth_z = as.numeric(scale(pwb_growth, center = TRUE, scale =
                                             TRUE)),
           pwb_auto_z = as.numeric(scale(pwb_auto, center = TRUE, scale =
                                           TRUE)),
           pwb = (pwb_purpose_z + pwb_mastery_z + pwb_accept_z +
                    pwb_relation_z + pwb_growth_z + pwb_auto_z) / 6,
           pwb_z = as.numeric(scale(pwb, center = TRUE, scale = TRUE)),
           # Risk Factor (standardize neuroticism)
           neuro_z = as.numeric(scale(neuro, center = TRUE, scale = TRUE)),
           # Demographic covariates
           edu_y_z = as.numeric(scale(edu_y, center = TRUE, scale = TRUE)),
           age_bio_z = as.numeric(scale(age_bio, center = TRUE, scale =
                                          TRUE)),
           # Biomarker data covariates
           drinks_bio_z = as.numeric(scale(drinks_bio, center = TRUE, scale =
                                             TRUE)),
           bmi_bio_z = as.numeric(scale(bmi_bio, center = TRUE, scale =
                                          TRUE)),
           # Dummy code smoking status
           smoke_former = ifelse(smoke_bio == 1, 1, 0),
           smoke_current = ifelse(smoke_bio == 2, 1, 0),
           # Standardize cumulative stressor
           cum_stress_11_z = as.numeric(scale(cum_stress_11, center = TRUE,
                                              scale = TRUE))) %>%
    # Convert variables to factors
    mutate(emp = as.factor(emp),
           sex = as.factor(sex),
           child = as.factor(child),
           group = as.factor(group),
           marpartner = as.factor(marpartner),
           race = as.factor(race),
           smoke_bio = as.factor(smoke_bio))
  
  return(dataset)
}

# Apply the function to each dataset
subset_dat1 <- transform_dataset(subset_dat1)
subset_dat2 <- transform_dataset(subset_dat2)
dat <- transform_dataset(dat)
```

### GrimAge2 – Autonomy moderation & simple slopes

```{r, message = FALSE}
# GrimAge2
## Without covariates
mod_au3_0 <-lm(eaa_grim ~
    # Interaction
      cum_stress_11_z*pwb_auto_z, data = subset_dat2)

## With covariates
mod_au3 <-lm(eaa_grim ~
    # demographics
      age_bio_z + sex + edu_y_z + emp + race + marpartner + child + group + 
    # health covariates
      smoke_bio + drinks_bio_z + bmi_bio_z + 
    # Interaction
      cum_stress_11_z*pwb_auto_z, data = subset_dat2)

...

## Simple slopes for GrimAge2
### IV = Cumulative stressors; Moderator: Autonomy
sim_slopes(mod_au3, pred = ""cum_stress_11_z"", modx = ""pwb_auto_z"", modx.values = c(-1,1), digits = 5, robust = ""HC1"", cluster = ""twin_cluster"")
```",match,"The code implements the described transformations: epigenetic age acceleration is computed as residuals from regressing GrimAge2 on chronological age, and continuous predictors (including cumulative stressors and autonomy) are standardized prior to regression. Details like reverse coding and construction of the cumulative stress index are not shown but are not contradicted by the code provided.",,
cha,50,"A corresponding simple slope analysis examined the slope of cumulative stressors on GrimAge2 at high autonomy (+1 SD). For those high in autonomy, the relationship between cumulative stressors and GrimAge2 was non-significant (β = −.06, SE = .20, p = .75), further supporting a buffering role of autonomy.",Inference Specification,"Autonomy significantly interacted with cumulative stressors in relation to GrimAge2 ( β =− .23, SE = .12, p = .04, f2
p = .004) but
not DunedinPACE and PhenoAge (allps . .77). Having high autonomy buffered the relationship of cumulative stressors with
GrimAge2 ( β =− .06, SE = .20, p = .75), while those with low autonomy showed that cumulative stressor accelerated GrimAge2
(β = .41, SE = .18, p = .02).","## Show results
tab_model(mod_au3_0, mod_au3, show.se=TRUE, show.ci=FALSE, show.obs=FALSE, show.r2 = FALSE, vcov.fun = ""CL"",vcov.args = list(type = ""HC1"", cluster = subset_dat2$twin_cluster), dv.labels = c(""Without covariates"", ""With covariates""))

cohens_f_squared(mod_au3)

## Simple slopes for GrimAge2
### IV = Cumulative stressors; Moderator: Autonomy
sim_slopes(mod_au3, pred = ""cum_stress_11_z"", modx = ""pwb_auto_z"", modx.values = c(-1,1), digits = 5, robust = ""HC1"", cluster = ""twin_cluster"")

### IV = Autonomy; Moderator: Cumulative stressors
sim_slopes(mod_au3, pred = ""pwb_auto_z"", modx = ""cum_stress_11_z"", modx.values = c(-1,1), digits = 5, robust = ""HC1"", cluster = ""twin_cluster"")

## Graph for GrimAge2
plot4 <-  plot_model(mod_au3, 
                    type = ""pred"",
                    terms = c(""cum_stress_11_z"", ""pwb_auto_z[-1,1]""),
                    ci.lvl = .95,
                    show.p = TRUE, 
                    colors = ""bw"", 
                    title = ""Autonomy"", 
                    axis.title = c(""Cumulative Stressors"", ""GrimAge2""), 
                    auto.label = FALSE, 
                    se = TRUE,
                    vcov.fun = ""CL"", 
                    vcov.args = list(type = ""HC1"", cluster =
                                       subset_dat2$twin_cluster)) +
                    base_theme + set_theme(base = theme_classic(), legend.pos
                                           = ""bottom"") +
                    scale_linetype_manual(name = ""Autonomy"", 
                        values = c(""solid"", ""dashed""), 
                        labels = c(""-1SD"", ""+1SD""))+
                    scale_y_continuous(breaks = c(-2, 0, 2))+ font_settings",match,"The paper’s inference relies on p-values (implicitly at α = .05) and reports robust standard errors and effect sizes, which is consistent with the code using clustered HC1 robust SEs and 95% confidence levels for simple slopes and plots. No conflicting or alternative inference criterion is specified in either the paper or the code.",,
cha,51,"A moderation regression tested the interaction between cumulative stressors and positive relations with others in predicting DunedinPACE EAA. The Cumulative Stress × Positive Relations term was non-significant for DunedinPACE (ps > .37), indicating no moderation effect for this clock.",Model Specification,"Hypotheses were tested by multiple linear regressions, with all continuous variables standardized before the analyses. Psychological well-being as a moderator was examined by regressing EAA on cumulative stressors, psychological well-being, and the interaction term between these two measures.","### DunedinPACE

```{r, message = FALSE}
## Without covariates
mod_rel1_0 <-lm(bra6dmagedunedinpace ~
                 cum_stress_11_z*pwb_relation_z, data = dat)

mod_rel1 <-lm(bra6dmagedunedinpace ~
    # demographics
      age_bio_z + sex + edu_y_z + emp + race + marpartner + child + group + 
    # health covariates
      smoke_bio + drinks_bio_z + bmi_bio_z + 
    # interaction
      cum_stress_11_z*pwb_relation_z, data = dat)
```",match,"The code implements multiple linear regression models with an interaction term between cumulative stress and positive relations predicting DunedinPACE EAA, which aligns with the paper’s description of testing moderation via multiple linear regressions. The interaction is specified via cum_stress_11_z*pwb_relation_z, consistent with regressing EAA on cumulative stressors, psychological well-being, and their interaction.",,
cha,51,"A moderation regression tested the interaction between cumulative stressors and positive relations with others in predicting DunedinPACE EAA. The Cumulative Stress × Positive Relations term was non-significant for DunedinPACE (ps > .37), indicating no moderation effect for this clock.",Variable Specification,"Hypotheses were tested by multiple linear regressions, with all continuous variables standardized before the analyses. Psychological well-being as a moderator was examined by regressing EAA on cumulative stressors, psychological well-being, and the interaction term between these two measures.

Positive relations with others significantly moderated the association of cumulative stressors with GrimAge2 (β =− .34, SE = .13, p , .01, f2
p = .01) but not DunedinPACE and PhenoAge (all ps . .37).","## Without covariates
mod_rel1_0 <-lm(bra6dmagedunedinpace ~
                 cum_stress_11_z*pwb_relation_z, data = dat)

mod_rel1 <-lm(bra6dmagedunedinpace ~
    # demographics
      age_bio_z + sex + edu_y_z + emp + race + marpartner + child + group + 
    # health covariates
      smoke_bio + drinks_bio_z + bmi_bio_z + 
    # interaction
      cum_stress_11_z*pwb_relation_z, data = dat)",match,"The code specifies DunedinPACE EAA as the outcome and includes cumulative stressors, positive relations (psychological well-being subscale), and their interaction as predictors, consistent with the paper’s description of the moderation regression. Additional covariates in one model do not contradict the described variable roles and the standardized variable naming matches the paper’s note that continuous variables were standardized.",,
cha,51,"A moderation regression tested the interaction between cumulative stressors and positive relations with others in predicting DunedinPACE EAA. The Cumulative Stress × Positive Relations term was non-significant for DunedinPACE (ps > .37), indicating no moderation effect for this clock.",Transformation Specification,"All values for 11 domains were standardized and summed to make a single index of cumulative stressors (for more details on the constructs, see the online supplemental materials, pp. 2–4).

Participants rated the extent to which they agreed to the items on a 7-point Likert scale (1 = strongly agree to 7 = strongly disagree). The scales were summed to make six separate dimensions, and the scores were reverse coded so that higher scores indicate higher standing in the measure.

Hypotheses were tested by multiple linear regressions, with all continuous variables standardized before the analyses.","transform_dataset <- function(dataset) {
  dataset <- dataset %>%
    # Change education to years
    mutate(edu = ifelse(edu %in% c(97, 98), NA, edu)) %>%
    mutate(edu_y = dplyr::recode(edu, 
    # recode education into years of education
                            ""1"" = 3,
                            ""2"" = 8,
                            ""3"" = 10.5,
                            ""4"" = 12,
                            ""5"" = 12,
                            ""6"" = 13.5,
                            ""7"" = 15,
                            ""8"" = 14,
                            ""9"" = 16,
                            ""10"" = 17,
                            ""11"" = 18,
                            ""12"" = 20,
                            .default = NA_real_)) %>%
    # Protective Factor (standardize psychological well-being)
    mutate(pwb_purpose_z = as.numeric(scale(pwb_purpose, center = TRUE, scale
                                            = TRUE)),
           pwb_mastery_z = as.numeric(scale(pwb_mastery, center = TRUE, scale                                             = TRUE)),
           pwb_accept_z = as.numeric(scale(pwb_accept, center = TRUE, scale =
                                             TRUE)),
           pwb_relation_z = as.numeric(scale(pwb_relation, center = TRUE,
                                             scale = TRUE)),
           pwb_growth_z = as.numeric(scale(pwb_growth, center = TRUE, scale =
                                             TRUE)),
           pwb_auto_z = as.numeric(scale(pwb_auto, center = TRUE, scale =
                                           TRUE)),
           pwb = (pwb_purpose_z + pwb_mastery_z + pwb_accept_z +
                    pwb_relation_z + pwb_growth_z + pwb_auto_z) / 6,
           pwb_z = as.numeric(scale(pwb, center = TRUE, scale = TRUE)),
           # Risk Factor (standardize neuroticism)
           neuro_z = as.numeric(scale(neuro, center = TRUE, scale = TRUE)),
           # Demographic covariates
           edu_y_z = as.numeric(scale(edu_y, center = TRUE, scale = TRUE)),
           age_bio_z = as.numeric(scale(age_bio, center = TRUE, scale =
                                          TRUE)),
           # Biomarker data covariates
           drinks_bio_z = as.numeric(scale(drinks_bio, center = TRUE, scale =
                                             TRUE)),
           bmi_bio_z = as.numeric(scale(bmi_bio, center = TRUE, scale =
                                          TRUE)),
           # Dummy code smoking status
           smoke_former = ifelse(smoke_bio == 1, 1, 0),
           smoke_current = ifelse(smoke_bio == 2, 1, 0),
           # Standardize cumulative stressor
           cum_stress_11_z = as.numeric(scale(cum_stress_11, center = TRUE,
                                              scale = TRUE))) %>%
    # Convert variables to factors
    mutate(emp = as.factor(emp),
           sex = as.factor(sex),
           child = as.factor(child),
           group = as.factor(group),
           marpartner = as.factor(marpartner),
           race = as.factor(race),
           smoke_bio = as.factor(smoke_bio))
  
  return(dataset)
}

# Apply the function to each dataset
subset_dat1 <- transform_dataset(subset_dat1)
subset_dat2 <- transform_dataset(subset_dat2)
dat <- transform_dataset(dat)

## Without covariates
mod_rel1_0 <-lm(bra6dmagedunedinpace ~
                 cum_stress_11_z*pwb_relation_z, data = dat)

mod_rel1 <-lm(bra6dmagedunedinpace ~
    # demographics
      age_bio_z + sex + edu_y_z + emp + race + marpartner + child + group + 
    # health covariates
      smoke_bio + drinks_bio_z + bmi_bio_z + 
    # interaction
      cum_stress_11_z*pwb_relation_z, data = dat)",unknown,"The code clearly standardizes the continuous variables used in the moderation regression, as described in the paper, but it does not show how the cumulative stress index or the positive relations scale were originally constructed or reverse coded, so full alignment of all described transformations cannot be verified.",,
cha,51,"A moderation regression tested the interaction between cumulative stressors and positive relations with others in predicting DunedinPACE EAA. The Cumulative Stress × Positive Relations term was non-significant for DunedinPACE (ps > .37), indicating no moderation effect for this clock.",Inference Specification,"Positive relations with others signiﬁcantly moderated the associa- tion of cumulative stressors with GrimAge2 ( β =− .34, SE = .13, p , .01, f2 p = .01) but not DunedinPACE and PhenoAge (all ps . .37). However, those who had lower levels of positive relations had accelerated GrimAge2 in the presence of higher cumulative stressors despite its marginal signiﬁcance (β = .36, SE = .19, p = .055).","## Positive relationship with others

### DunedinPACE

## Without covariates
mod_rel1_0 <-lm(bra6dmagedunedinpace ~
                 cum_stress_11_z*pwb_relation_z, data = dat)

mod_rel1 <-lm(bra6dmagedunedinpace ~
    # demographics
      age_bio_z + sex + edu_y_z + emp + race + marpartner + child + group + 
    # health covariates
      smoke_bio + drinks_bio_z + bmi_bio_z + 
    # interaction
      cum_stress_11_z*pwb_relation_z, data = dat)

## Show results
tab_model(mod_rel1_0, mod_rel1, show.se=TRUE, show.ci=FALSE, show.obs=FALSE, show.r2 = FALSE, vcov.fun = ""CL"", vcov.args = list(type = ""HC1"", cluster = dat$twin_cluster), dv.labels = c(""Without covariates"", ""With covariates""))

### GrimAge2

## Simple slopes for GrimAge2
### IV = Cumulative stressors; Moderator: Positive relations with others
sim_slopes(mod_rel3, pred = ""cum_stress_11_z"", modx = ""pwb_relation_z"", modx.values = c(-1,1), digits = 5, robust = ""HC1"", cluster = ""twin_cluster"")

### IV = Positive relations with others; Moderator: Cumulative stressors
sim_slopes(mod_rel3, pred = ""pwb_relation_z"", modx = ""cum_stress_11_z"", modx.values = c(-1,1), digits = 5, robust = ""HC1"", cluster = ""twin_cluster"")

## Graph for GrimAge2
plot5 <-  plot_model(mod_rel3, 
                    type = ""pred"",
                    terms = c(""cum_stress_11_z"", ""pwb_relation_z[-1,1]""),
                    ci.lvl = .95,
                    show.p = TRUE, 
                    colors = ""bw"", 
                    title = ""Positive relations with others"", 
                    axis.title = c(""Cumulative Stressors"", ""GrimAge2""), 
                    auto.label = FALSE, 
                    se = TRUE,
                    vcov.fun = ""CL"", 
                    vcov.args = list(type = ""HC1"", cluster =
                                       subset_dat2$twin_cluster))",match,"Both the paper and code use standard null-hypothesis testing with p-values and 95% confidence intervals (i.e., alpha ≈ .05) to assess significance of the interaction term and related simple slopes, so the inference framework is aligned.",,
cha,52,"The interaction of cumulative stressors and positive relations with others was also examined in a regression model predicting PhenoAge EAA. This interaction was non-significant (ps > .37), suggesting no detectable moderation of stress–PhenoAge associations by positive relationships.",Model Specification,"Hypotheses were tested by multiple linear regressions, with all continuous variables standardized before the analyses. Psychological well-being as a moderator was examined by regressing EAA on cumulative stressors, psychological well-being, and the interaction term between these two measures.","## Without covariates
mod_rel2_0 <-lm(eaa_pheno ~
    # Interaction
      cum_stress_11_z*pwb_relation_z, data = subset_dat1)

## With covariates
mod_rel2 <-lm(eaa_pheno ~
    # demographics
      age_bio_z + sex + edu_y_z + emp + race + marpartner + child + group + 
    # health covariates
      smoke_bio + drinks_bio_z + bmi_bio_z + 
    # Interaction
      cum_stress_11_z*pwb_relation_z, data = subset_dat1)
",match,"The paper describes using multiple linear regression with EAA regressed on cumulative stressors, psychological well-being, and their interaction, which aligns with the linear models implemented in the code (with and without covariates).",,
cha,52,"The interaction of cumulative stressors and positive relations with others was also examined in a regression model predicting PhenoAge EAA. This interaction was non-significant (ps > .37), suggesting no detectable moderation of stress–PhenoAge associations by positive relationships.",Variable Specification,"Positive relations with others significantly moderated the association of cumulative stressors with GrimAge2 (β = − .34, SE = .13, p < .01, f
2
p = .01) but not DunedinPACE and PhenoAge (all ps > .37).","## PhenoAge

## Without covariates
mod_rel2_0 <-lm(eaa_pheno ~
    # Interaction
      cum_stress_11_z*pwb_relation_z, data = subset_dat1)

## With covariates
mod_rel2 <-lm(eaa_pheno ~
    # demographics
      age_bio_z + sex + edu_y_z + emp + race + marpartner + child + group + 
    # health covariates
      smoke_bio + drinks_bio_z + bmi_bio_z + 
    # Interaction
      cum_stress_11_z*pwb_relation_z, data = subset_dat1)",match,"The code uses PhenoAge EAA as the outcome and includes cumulative stressors, positive relations with others, and their interaction as predictors, consistent with the paper’s description of the regression model. Covariates are added in one model specification but do not change the core variable roles relevant to this analysis-dimension pairing.",,
cha,52,"The interaction of cumulative stressors and positive relations with others was also examined in a regression model predicting PhenoAge EAA. This interaction was non-significant (ps > .37), suggesting no detectable moderation of stress–PhenoAge associations by positive relationships.",Transformation Specification,"All values for 11 domains were standardized and summed to make a single index of cumulative stressors (for more details on the constructs, see the online supplemental materials, pp. 2–4).

Participants rated the extent to which they agreed to the items on a 7-point Likert scale (1 = strongly agree to 7 = strongly disagree). The scales were summed to make six separate dimensions, and the scores were reverse coded so that higher scores indicate higher standing in the measure.

To calculate EAA from the other epigenetic age measures, we regressed GrimAge2 and PhenoAge on chronological age and computed residuals to index how much older one is biologically compared to one’s chronological age. Thus, a positive value indicated EAA.

Hypotheses were tested by multiple linear regressions, with all continuous variables standardized before the analyses.","# Compute EAA (Epigenetic Age Acceleration)
# PhenoAge EAA
subset_dat1 <- subset(dat, !is.na(bra6dmagephenoage) & !is.na(age_bio))
mod_test2 <- lm(bra6dmagephenoage ~ age_bio, data = subset_dat1)

subset_dat1$predict_phenoage = predict(mod_test2)
subset_dat1$eaa_pheno <- subset_dat1$bra6dmagephenoage - subset_dat1$predict_phenoage
...
## Transform/standardize

transform_dataset <- function(dataset) {
  dataset <- dataset %>%
    # Change education to years
    mutate(edu = ifelse(edu %in% c(97, 98), NA, edu)) %>%
    mutate(edu_y = dplyr::recode(edu, 
    # recode education into years of education
                            ""1"" = 3,
                            ""2"" = 8,
                            ""3"" = 10.5,
                            ""4"" = 12,
                            ""5"" = 12,
                            ""6"" = 13.5,
                            ""7"" = 15,
                            ""8"" = 14,
                            ""9"" = 16,
                            ""10"" = 17,
                            ""11"" = 18,
                            ""12"" = 20,
                            .default = NA_real_)) %>%
    # Protective Factor (standardize psychological well-being)
    mutate(pwb_purpose_z = as.numeric(scale(pwb_purpose, center = TRUE, scale
                                            = TRUE)),
           pwb_mastery_z = as.numeric(scale(pwb_mastery, center = TRUE, scale                                             = TRUE)),
           pwb_accept_z = as.numeric(scale(pwb_accept, center = TRUE, scale =
                                             TRUE)),
           pwb_relation_z = as.numeric(scale(pwb_relation, center = TRUE,
                                             scale = TRUE)),
           pwb_growth_z = as.numeric(scale(pwb_growth, center = TRUE, scale =
                                             TRUE)),
           pwb_auto_z = as.numeric(scale(pwb_auto, center = TRUE, scale =
                                           TRUE)),
           pwb = (pwb_purpose_z + pwb_mastery_z + pwb_accept_z +
                    pwb_relation_z + pwb_growth_z + pwb_auto_z) / 6,
           pwb_z = as.numeric(scale(pwb, center = TRUE, scale = TRUE)),
           # Risk Factor (standardize neuroticism)
           neuro_z = as.numeric(scale(neuro, center = TRUE, scale = TRUE)),
           # Demographic covariates
           edu_y_z = as.numeric(scale(edu_y, center = TRUE, scale = TRUE)),
           age_bio_z = as.numeric(scale(age_bio, center = TRUE, scale =
                                          TRUE)),
           # Biomarker data covariates
           drinks_bio_z = as.numeric(scale(drinks_bio, center = TRUE, scale =
                                             TRUE)),
           bmi_bio_z = as.numeric(scale(bmi_bio, center = TRUE, scale =
                                          TRUE)),
           # Dummy code smoking status
           smoke_former = ifelse(smoke_bio == 1, 1, 0),
           smoke_current = ifelse(smoke_bio == 2, 1, 0),
           # Standardize cumulative stressor
           cum_stress_11_z = as.numeric(scale(cum_stress_11, center = TRUE,
                                              scale = TRUE))) %>%
    # Convert variables to factors
    mutate(emp = as.factor(emp),
           sex = as.factor(sex),
           child = as.factor(child),
           group = as.factor(group),
           marpartner = as.factor(marpartner),
           race = as.factor(race),
           smoke_bio = as.factor(smoke_bio))
  
  return(dataset)
}

# Apply the function to each dataset
subset_dat1 <- transform_dataset(subset_dat1)
...",unknown,"The code clearly standardizes key continuous variables and computes PhenoAge EAA via residuals, consistent with the paper’s descriptions, but the transformations used to construct the cumulative stress index and the positive relations subscale from item-level data are not shown. Because the creation of cum_stress_11 and pwb_relation (e.g., item reverse-coding, standardizing 11 domains before summation) is not visible, it is unclear whether those transformations fully match the paper.",,
cha,52,"The interaction of cumulative stressors and positive relations with others was also examined in a regression model predicting PhenoAge EAA. This interaction was non-significant (ps > .37), suggesting no detectable moderation of stress–PhenoAge associations by positive relationships.",Inference Specification,"Positive relations with others significantly moderated the association of cumulative stressors with GrimAge2 ( β =− .34, SE = .13, p , .01, f2
p = .01) but not DunedinPACE and PhenoAge (all ps . .37). Those who maintained positive relations with others showed that cumulative stressors were not related to GrimAge2 (β =− .32, SE = .22, p = .15). However, those who had lower levels of positive relations had accelerated GrimAge2 in the presence of higher cumulative stressors despite its marginal significance (β = .36, SE = .19, p = .055).","### PhenoAge

```{r, message = FALSE}
## Without covariates
mod_rel2_0 <-lm(eaa_pheno ~
    # Interaction
      cum_stress_11_z*pwb_relation_z, data = subset_dat1)

## With covariates
mod_rel2 <-lm(eaa_pheno ~
    # demographics
      age_bio_z + sex + edu_y_z + emp + race + marpartner + child + group + 
    # health covariates
      smoke_bio + drinks_bio_z + bmi_bio_z + 
    # Interaction
      cum_stress_11_z*pwb_relation_z, data = subset_dat1)

## Show results
tab_model(mod_rel2_0, mod_rel2, show.se=TRUE, show.ci=FALSE, show.obs=FALSE, show.r2 = FALSE, vcov.fun = ""CL"", vcov.args = list(type = ""HC1"", cluster = subset_dat1$twin_cluster), dv.labels = c(""Without covariates"", ""With covariates""))
```",match,"The paper reports inference in terms of p-values (e.g., p < .01, ps > .37), and the code computes p-values from linear models with cluster-robust standard errors, which is consistent with this inference approach. No alternative or conflicting inference criteria (e.g., different alpha levels or CI-based decisions) are described in the paper that would contradict the code.",,
cha,53,"A multiple regression including cumulative stressors, positive relations with others, and their interaction predicted GrimAge2 EAA. The Cumulative Stress × Positive Relations interaction was significant (β = −.34, SE = .13, p < .01, f²_p = .01), indicating that better social relationships weakened the positive association between stress and GrimAge2 acceleration.",Model Specification,"Hypotheses were tested by multiple linear regressions, with all continuous variables standardized before the analyses. Psychological well-being as a moderator was examined by regressing EAA on cumulative stressors, psychological well-being, and the interaction term between these two measures.","## GrimAge2

```{r, message = FALSE}
## Without covariates
mod_rel3_0 <-lm(eaa_grim ~
    # interaction
     cum_stress_11_z*pwb_relation_z, data = subset_dat2)

## With covariates
mod_rel3 <-lm(eaa_grim ~
    # demographics
      age_bio_z + sex + edu_y_z + emp + race + marpartner + child + group + 
    # health covariates
      smoke_bio + drinks_bio_z + bmi_bio_z + 
    # interaction
     cum_stress_11_z*pwb_relation_z, data = subset_dat2)
```",match,"The code fits multiple linear regression models predicting GrimAge2 EAA from cumulative stress, positive relations, and their interaction, consistent with the paper’s description of the model specification.",,
cha,53,"A multiple regression including cumulative stressors, positive relations with others, and their interaction predicted GrimAge2 EAA. The Cumulative Stress × Positive Relations interaction was significant (β = −.34, SE = .13, p < .01, f²_p = .01), indicating that better social relationships weakened the positive association between stress and GrimAge2 acceleration.",Variable Specification,"Positive relations with others significantly moderated the association of cumulative stressors with GrimAge2 (β = −.34, SE = .13, p < .01, f2_p = .01) but not DunedinPACE and PhenoAge (all ps > .37). Those who maintained positive relations with others showed that cumulative stressors were not related to GrimAge2 (β = −.32, SE = .22, p = .15). However, those who had lower levels of positive relations had accelerated GrimAge2 in the presence of higher cumulative stressors despite its marginal significance (β = .36, SE = .19, p = .055).","### GrimAge2

```{r, message = FALSE}
## Without covariates
mod_rel3_0 <-lm(eaa_grim ~
    # interaction
     cum_stress_11_z*pwb_relation_z, data = subset_dat2)

## With covariates
mod_rel3 <-lm(eaa_grim ~
    # demographics
      age_bio_z + sex + edu_y_z + emp + race + marpartner + child + group + 
    # health covariates
      smoke_bio + drinks_bio_z + bmi_bio_z + 
    # interaction
     cum_stress_11_z*pwb_relation_z, data = subset_dat2)

## Show results
tab_model(mod_rel3_0, mod_rel3, show.se=TRUE, show.ci=FALSE, show.obs=FALSE, show.r2 = FALSE, vcov.fun = ""CL"", vcov.args = list(type = ""HC1"", cluster = subset_dat2$twin_cluster), dv.labels = c(""Without covariates"", ""With covariates""))

cohens_f_squared(mod_rel3)

## Simple slopes for GrimAge2
### IV = Cumulative stressors; Moderator: Positive relations with others
sim_slopes(mod_rel3, pred = ""cum_stress_11_z"", modx = ""pwb_relation_z"", modx.values = c(-1,1), digits = 5, robust = ""HC1"", cluster = ""twin_cluster"")

### IV = Positive relations with others; Moderator: Cumulative stressors
sim_slopes(mod_rel3, pred = ""pwb_relation_z"", modx = ""cum_stress_11_z"", modx.values = c(-1,1), digits = 5, robust = ""HC1"", cluster = ""twin_cluster"")
```",match,"The code specifies GrimAge2 EAA as the outcome and includes cumulative stressors, positive relations with others, and their interaction as predictors, matching the described moderation analysis; additional covariates in the full model do not conflict with the paper description.",,
cha,53,"A multiple regression including cumulative stressors, positive relations with others, and their interaction predicted GrimAge2 EAA. The Cumulative Stress × Positive Relations interaction was significant (β = −.34, SE = .13, p < .01, f²_p = .01), indicating that better social relationships weakened the positive association between stress and GrimAge2 acceleration.",Transformation Specification,"Hypotheses were tested by multiple linear regressions, with all continuous variables standardized before the analyses.

""All values for 11 domains were standardized and summed to make a single index of cumulative stressors (for more details on the constructs, see the online supplemental materials, pp. 2–4).""

""The scales were summed to make six separate dimensions, and the scores were reverse coded so that higher scores indicate higher standing in the measure.""","# GrimAge2 EAA
subset_dat2 <- subset(dat, !is.na(bra6dmagegrimage2) & !is.na(age_bio))
mod_test2 <- lm(bra6dmagegrimage2 ~ age_bio, data = subset_dat2)

subset_dat2$predict_grimage2 = predict(mod_test2)
subset_dat2$eaa_grim <- subset_dat2$bra6dmagegrimage2 - subset_dat2$predict_grimage2

## Transform/standardize
transform_dataset <- function(dataset) {
  dataset <- dataset %>%
    # Protective Factor (standardize psychological well-being)
    mutate(pwb_purpose_z = as.numeric(scale(pwb_purpose, center = TRUE, scale = TRUE)),
           pwb_mastery_z = as.numeric(scale(pwb_mastery, center = TRUE, scale = TRUE)),
           pwb_accept_z = as.numeric(scale(pwb_accept, center = TRUE, scale = TRUE)),
           pwb_relation_z = as.numeric(scale(pwb_relation, center = TRUE, scale = TRUE)),
           pwb_growth_z = as.numeric(scale(pwb_growth, center = TRUE, scale = TRUE)),
           pwb_auto_z = as.numeric(scale(pwb_auto, center = TRUE, scale = TRUE)),
           pwb = (pwb_purpose_z + pwb_mastery_z + pwb_accept_z + pwb_relation_z + pwb_growth_z + pwb_auto_z) / 6,
           pwb_z = as.numeric(scale(pwb, center = TRUE, scale = TRUE)),
           # Demographic covariates
           edu_y_z = as.numeric(scale(edu_y, center = TRUE, scale = TRUE)),
           age_bio_z = as.numeric(scale(age_bio, center = TRUE, scale = TRUE)),
           # Biomarker data covariates
           drinks_bio_z = as.numeric(scale(drinks_bio, center = TRUE, scale = TRUE)),
           bmi_bio_z = as.numeric(scale(bmi_bio, center = TRUE, scale = TRUE)),
           # Standardize cumulative stressor
           cum_stress_11_z = as.numeric(scale(cum_stress_11, center = TRUE, scale = TRUE)))
  
  return(dataset)
}

# Apply the function to each dataset
subset_dat2 <- transform_dataset(subset_dat2)",match,"The code standardizes the continuous variables used in the regression and uses a precomputed cumulative stress index, which is consistent with the paper’s description that all continuous variables were standardized and that cumulative stress was formed from standardized domains. Any additional scoring steps for the PWB scales and the 11 stressor domains could plausibly have occurred upstream and are not contradicted by the shown code.",,
cha,53,"A multiple regression including cumulative stressors, positive relations with others, and their interaction predicted GrimAge2 EAA. The Cumulative Stress × Positive Relations interaction was significant (β = −.34, SE = .13, p < .01, f²_p = .01), indicating that better social relationships weakened the positive association between stress and GrimAge2 acceleration.",Inference Specification,"Positive relations with others significantly moderated the association of cumulative stressors with GrimAge2 ( β =− .34, SE = .13, p , .01, f2
p = .01) but not DunedinPACE and PhenoAge (all
ps . .37). ... However, those who had lower levels
of positive relations had accelerated GrimAge2 in the presence of
higher cumulative stressors despite its marginal significance
(β = .36, SE = .19, p = .055).","### GrimAge2

```{r, message = FALSE}
## Without covariates
mod_rel3_0 <-lm(eaa_grim ~
    # interaction
     cum_stress_11_z*pwb_relation_z, data = subset_dat2)

## With covariates
mod_rel3 <-lm(eaa_grim ~
    # demographics
      age_bio_z + sex + edu_y_z + emp + race + marpartner + child + group + 
    # health covariates
      smoke_bio + drinks_bio_z + bmi_bio_z + 
    # interaction
     cum_stress_11_z*pwb_relation_z, data = subset_dat2)

## Show results
tab_model(mod_rel3_0, mod_rel3, show.se=TRUE, show.ci=FALSE, show.obs=FALSE, show.r2 = FALSE, vcov.fun = ""CL"", vcov.args = list(type = ""HC1"", cluster = subset_dat2$twin_cluster), dv.labels = c(""Without covariates"", ""With covariates""))

cohens_f_squared(mod_rel3)

## Simple slopes for GrimAge2
### IV = Cumulative stressors; Moderator: Positive relations with others
sim_slopes(mod_rel3, pred = ""cum_stress_11_z"", modx = ""pwb_relation_z"", modx.values = c(-1,1), digits = 5, robust = ""HC1"", cluster = ""twin_cluster"")

### IV = Positive relations with others; Moderator: Cumulative stressors
sim_slopes(mod_rel3, pred = ""pwb_relation_z"", modx = ""cum_stress_11_z"", modx.values = c(-1,1), digits = 5, robust = ""HC1"", cluster = ""twin_cluster"")

## Graph for GrimAge2
plot5 <-  plot_model(mod_rel3, 
                    type = ""pred"",
                    terms = c(""cum_stress_11_z"", ""pwb_relation_z[-1,1]""),
                    ci.lvl = .95,
                    show.p = TRUE, 
                    colors = ""bw"", 
                    title = ""Positive relations with others"", 
                    axis.title = c(""Cumulative Stressors"", ""GrimAge2""), 
                    auto.label = FALSE, 
                    se = TRUE,
                    vcov.fun = ""CL"", 
                    vcov.args = list(type = ""HC1"", cluster =
                                       subset_dat2$twin_cluster)) +
                    base_theme + set_theme(base = theme_classic(), legend.pos
                                           = ""bottom"") +
                    scale_linetype_manual(name = ""Positive relations with
                                          others"", 
                        values = c(""solid"", ""dashed""), 
                        labels = c(""-1SD"", ""+1SD""))+
                    scale_y_continuous(breaks = c(-2, 0, 2))+ font_settings
```",unknown,"The paper reports p-values and notes a marginal effect at p = .055, but does not explicitly specify an alpha level or formal inference criteria, while the code uses default 95% intervals and p-values with robust clustered SEs; there is insufficient information to determine a precise match of inference criteria.",,
cha,54,"Simple slope analysis estimated the effect of cumulative stressors on GrimAge2 at low positive relations with others (−1 SD). Individuals with lower-quality relations showed a marginally significant positive association between cumulative stress and GrimAge2 EAA (β = .36, SE = .19, p = .055).",Model Specification,"Hypotheses were tested by multiple linear regressions, with all continuous variables standardized before the analyses. Psychological well-being as a moderator was examined by regressing EAA on cumulative stressors, psychological well-being, and the interaction term between these two measures. ... All regression models used cluster-robust standard errors to adjust for the 45 sets of twins or siblings in the analytic sample, and simple slope analyses were conducted with 1 SD above and below for the identified moderators.","### GrimAge2

```r
## Without covariates
mod_rel3_0 <-lm(eaa_grim ~
    # interaction
     cum_stress_11_z*pwb_relation_z, data = subset_dat2)

## With covariates
mod_rel3 <-lm(eaa_grim ~
    # demographics
      age_bio_z + sex + edu_y_z + emp + race + marpartner + child + group + 
    # health covariates
      smoke_bio + drinks_bio_z + bmi_bio_z + 
    # interaction
     cum_stress_11_z*pwb_relation_z, data = subset_dat2)

## Show results
tab_model(mod_rel3_0, mod_rel3, show.se=TRUE, show.ci=FALSE, show.obs=FALSE, show.r2 = FALSE, vcov.fun = ""CL"", vcov.args = list(type = ""HC1"", cluster = subset_dat2$twin_cluster), dv.labels = c(""Without covariates"", ""With covariates""))

cohens_f_squared(mod_rel3)

## Simple slopes for GrimAge2
### IV = Cumulative stressors; Moderator: Positive relations with others
sim_slopes(mod_rel3, pred = ""cum_stress_11_z"", modx = ""pwb_relation_z"", modx.values = c(-1,1), digits = 5, robust = ""HC1"", cluster = ""twin_cluster"")
```
",match,"The code implements multiple linear regression with an interaction term and uses cluster-robust standard errors and simple slopes, matching the model specification described in the paper.",,
cha,54,"Simple slope analysis estimated the effect of cumulative stressors on GrimAge2 at low positive relations with others (−1 SD). Individuals with lower-quality relations showed a marginally significant positive association between cumulative stress and GrimAge2 EAA (β = .36, SE = .19, p = .055).",Variable Specification,"Positive relations with others significantly moderated the association of cumulative stressors with GrimAge2 (β =− .34, SE = .13, p , .01, f2p = .01) but not DunedinPACE and PhenoAge (all ps . .37). Those who maintained positive relations with others showed that cumulative stressors were not related to GrimAge2 (β =− .32, SE = .22, p = .15). However, those who had lower levels of positive relations had accelerated GrimAge2 in the presence of higher cumulative stressors despite its marginal significance (β = .36, SE = .19, p = .055).","### GrimAge2

```{r, message = FALSE}
## Without covariates
mod_rel3_0 <-lm(eaa_grim ~
    # interaction
     cum_stress_11_z*pwb_relation_z, data = subset_dat2)

## With covariates
mod_rel3 <-lm(eaa_grim ~
    # demographics
      age_bio_z + sex + edu_y_z + emp + race + marpartner + child + group + 
    # health covariates
      smoke_bio + drinks_bio_z + bmi_bio_z + 
    # interaction
     cum_stress_11_z*pwb_relation_z, data = subset_dat2)

## Show results
tab_model(mod_rel3_0, mod_rel3, show.se=TRUE, show.ci=FALSE, show.obs=FALSE, show.r2 = FALSE, vcov.fun = ""CL"", vcov.args = list(type = ""HC1"", cluster = subset_dat2$twin_cluster), dv.labels = c(""Without covariates"", ""With covariates""))

cohens_f_squared(mod_rel3)

## Simple slopes for GrimAge2
### IV = Cumulative stressors; Moderator: Positive relations with others
sim_slopes(mod_rel3, pred = ""cum_stress_11_z"", modx = ""pwb_relation_z"", modx.values = c(-1,1), digits = 5, robust = ""HC1"", cluster = ""twin_cluster"")

### IV = Positive relations with others; Moderator: Cumulative stressors
sim_slopes(mod_rel3, pred = ""pwb_relation_z"", modx = ""cum_stress_11_z"", modx.values = c(-1,1), digits = 5, robust = ""HC1"", cluster = ""twin_cluster"")
```",match,"The code uses GrimAge2 EAA as the outcome, cumulative stressors as the focal predictor, and positive relations with others as the moderator with simple slopes estimated at −1 SD, matching the paper’s description.",,
cha,54,"Simple slope analysis estimated the effect of cumulative stressors on GrimAge2 at low positive relations with others (−1 SD). Individuals with lower-quality relations showed a marginally significant positive association between cumulative stress and GrimAge2 EAA (β = .36, SE = .19, p = .055).",Transformation Specification,"All regression models used cluster-robust standard errors to adjust for the 45 sets of twins or siblings in the analytic sample, and simple slope analyses were conducted with 1 SD above and below for the identified moderators. Hypotheses were tested by multiple linear regressions, with all continuous variables standardized before the analyses. All values for 11 domains were standardized and summed to make a single index of cumulative stressors. The scales were summed to make six separate dimensions, and the scores were reverse coded so that higher scores indicate higher standing in the measure.","## make subset dataset

```r
# Compute EAA (Epigenetic Age Acceleration)
# PhenoAge EAA
subset_dat1 <- subset(dat, !is.na(bra6dmagephenoage) & !is.na(age_bio))
mod_test2 <- lm(bra6dmagephenoage ~ age_bio, data = subset_dat1)

subset_dat1$predict_phenoage = predict(mod_test2)
subset_dat1$eaa_pheno <- subset_dat1$bra6dmagephenoage - subset_dat1$predict_phenoage

# GrimAge2 EAA
subset_dat2 <- subset(dat, !is.na(bra6dmagegrimage2) & !is.na(age_bio))
mod_test2 <- lm(bra6dmagegrimage2 ~ age_bio, data = subset_dat2)

subset_dat2$predict_grimage2 = predict(mod_test2)
subset_dat2$eaa_grim <- subset_dat2$bra6dmagegrimage2 - subset_dat2$predict_grimage2
```

## Transform/standardize

```r
transform_dataset <- function(dataset) {
  dataset <- dataset %>%
    # Change education to years
    mutate(edu = ifelse(edu %in% c(97, 98), NA, edu)) %>%
    mutate(edu_y = dplyr::recode(edu, 
    # recode education into years of education
                            ""1"" = 3,
                            ""2"" = 8,
                            ""3"" = 10.5,
                            ""4"" = 12,
                            ""5"" = 12,
                            ""6"" = 13.5,
                            ""7"" = 15,
                            ""8"" = 14,
                            ""9"" = 16,
                            ""10"" = 17,
                            ""11"" = 18,
                            ""12"" = 20,
                            .default = NA_real_)) %>%
    # Protective Factor (standardize psychological well-being)
    mutate(pwb_purpose_z = as.numeric(scale(pwb_purpose, center = TRUE, scale
                                            = TRUE)),
           pwb_mastery_z = as.numeric(scale(pwb_mastery, center = TRUE, scale                                             = TRUE)),
           pwb_accept_z = as.numeric(scale(pwb_accept, center = TRUE, scale =
                                             TRUE)),
           pwb_relation_z = as.numeric(scale(pwb_relation, center = TRUE,
                                             scale = TRUE)),
           pwb_growth_z = as.numeric(scale(pwb_growth, center = TRUE, scale =
                                             TRUE)),
           pwb_auto_z = as.numeric(scale(pwb_auto, center = TRUE, scale =
                                           TRUE)),
           pwb = (pwb_purpose_z + pwb_mastery_z + pwb_accept_z +
                    pwb_relation_z + pwb_growth_z + pwb_auto_z) / 6,
           pwb_z = as.numeric(scale(pwb, center = TRUE, scale = TRUE)),
           # Risk Factor (standardize neuroticism)
           neuro_z = as.numeric(scale(neuro, center = TRUE, scale = TRUE)),
           # Demographic covariates
           edu_y_z = as.numeric(scale(edu_y, center = TRUE, scale = TRUE)),
           age_bio_z = as.numeric(scale(age_bio, center = TRUE, scale =
                                          TRUE)),
           # Biomarker data covariates
           drinks_bio_z = as.numeric(scale(drinks_bio, center = TRUE, scale =
                                             TRUE)),
           bmi_bio_z = as.numeric(scale(bmi_bio, center = TRUE, scale =
                                          TRUE)),
           # Dummy code smoking status
           smoke_former = ifelse(smoke_bio == 1, 1, 0),
           smoke_current = ifelse(smoke_bio == 2, 1, 0),
           # Standardize cumulative stressor
           cum_stress_11_z = as.numeric(scale(cum_stress_11, center = TRUE,
                                              scale = TRUE))) %>%
    # Convert variables to factors
    mutate(emp = as.factor(emp),
           sex = as.factor(sex),
           child = as.factor(child),
           group = as.factor(group),
           marpartner = as.factor(marpartner),
           race = as.factor(race),
           smoke_bio = as.factor(smoke_bio))
  
  return(dataset)
}

# Apply the function to each dataset
subset_dat1 <- transform_dataset(subset_dat1)
subset_dat2 <- transform_dataset(subset_dat2)
dat <- transform_dataset(dat)
```

### GrimAge2 (Positive relations with others moderation)

```r
## Without covariates
mod_rel3_0 <-lm(eaa_grim ~
    # interaction
     cum_stress_11_z*pwb_relation_z, data = subset_dat2)

## With covariates
mod_rel3 <-lm(eaa_grim ~
    # demographics
      age_bio_z + sex + edu_y_z + emp + race + marpartner + child + group + 
    # health covariates
      smoke_bio + drinks_bio_z + bmi_bio_z + 
    # interaction
     cum_stress_11_z*pwb_relation_z, data = subset_dat2)
...
## Simple slopes for GrimAge2
### IV = Cumulative stressors; Moderator: Positive relations with others
sim_slopes(mod_rel3, pred = ""cum_stress_11_z"", modx = ""pwb_relation_z"", modx.values = c(-1,1), digits = 5, robust = ""HC1"", cluster = ""twin_cluster"")
```",unknown,"The code clearly standardizes variables and conducts simple slopes at ±1 SD, consistent with parts of the paper description, but the snippet does not show how the 11-domain cumulative stress index or the positive relations scale were originally constructed or reverse coded. Without seeing those construction steps, it is unclear whether all described transformations (standardizing 11 domains then summing, summing items to form six dimensions, reverse-coding scales) match the implementation.",,
cha,54,"Simple slope analysis estimated the effect of cumulative stressors on GrimAge2 at low positive relations with others (−1 SD). Individuals with lower-quality relations showed a marginally significant positive association between cumulative stress and GrimAge2 EAA (β = .36, SE = .19, p = .055).",Inference Specification,"Positive relations with others significantly moderated the association of cumulative stressors with GrimAge2 (β = − .34, SE = .13, p , .01, f2p = .01) but not DunedinPACE and PhenoAge (all ps . .37). Those who maintained positive relations with others showed that cumulative stressors were not related to GrimAge2 (β = − .32, SE = .22, p = .15). However, those who had lower levels of positive relations had accelerated GrimAge2 in the presence of higher cumulative stressors despite its marginal significance (β = .36, SE = .19, p = .055).","## Simple slopes for GrimAge2
### IV = Cumulative stressors; Moderator: Positive relations with others
sim_slopes(mod_rel3, pred = ""cum_stress_11_z"", modx = ""pwb_relation_z"", modx.values = c(-1,1), digits = 5, robust = ""HC1"", cluster = ""twin_cluster"")

## Graph for GrimAge2
plot5 <-  plot_model(mod_rel3, 
                    type = ""pred"",
                    terms = c(""cum_stress_11_z"", ""pwb_relation_z[-1,1]""),
                    ci.lvl = .95,
                    show.p = TRUE, 
                    colors = ""bw"", 
                    title = ""Positive relations with others"", 
                    axis.title = c(""Cumulative Stressors"", ""GrimAge2""), 
                    auto.label = FALSE, 
                    se = TRUE,
                    vcov.fun = ""CL"", 
                    vcov.args = list(type = ""HC1"", cluster =
                                       subset_dat2$twin_cluster)) +
                    base_theme + set_theme(base = theme_classic(), legend.pos
                                           = ""bottom"") +
                    scale_linetype_manual(name = ""Positive relations with
                                          others"", 
                        values = c(""solid"", ""dashed""), 
                        labels = c(""-1SD"", ""+1SD""))+
                    scale_y_continuous(breaks = c(-2, 0, 2))+ font_settings",match,"The code uses standard 0.05-based inference (95% CIs and p-values) with clustered robust SEs, which is consistent with the paper’s reporting of a marginal effect at p = .055 and no alternative alpha or decision rule is specified in the text for this simple slope. There is no indication of a different inferential criterion in the paper that would conflict with the code’s implementation.",,
cha,55,"A complementary simple slope analysis examined the slope of cumulative stressors on GrimAge2 at high positive relations with others (+1 SD). For those with high-quality relationships, cumulative stressors were not significantly associated with GrimAge2 (β = −.32, SE = .22, p = .15), consistent with a buffering social resource.",Model Specification,"Hypotheses were tested by multiple linear regressions, with all continuous variables standardized before the analyses. Psychological well-being as a moderator was examined by regressing EAA on cumulative stressors, psychological well-being, and the interaction term between these two measures. To examine whether neuroticism aggravated the relationship between cumulative stressors and EAA, cumulative stressors, neuroticism, and their interaction were included as predictors. All regression models used cluster-robust standard errors to adjust for the 45 sets of twins or siblings in the analytic sample, and simple slope analyses were conducted with 1 SD above and below for the identiþed moderators.","### GrimAge2

```{r, message = FALSE}
## Without covariates
mod_rel3_0 <-lm(eaa_grim ~
    # interaction
     cum_stress_11_z*pwb_relation_z, data = subset_dat2)

## With covariates
mod_rel3 <-lm(eaa_grim ~
    # demographics
      age_bio_z + sex + edu_y_z + emp + race + marpartner + child + group + 
    # health covariates
      smoke_bio + drinks_bio_z + bmi_bio_z + 
    # interaction
     cum_stress_11_z*pwb_relation_z, data = subset_dat2)

## Show results
tab_model(mod_rel3_0, mod_rel3, show.se=TRUE, show.ci=FALSE, show.obs=FALSE, show.r2 = FALSE, vcov.fun = ""CL"", vcov.args = list(type = ""HC1"", cluster = subset_dat2$twin_cluster), dv.labels = c(""Without covariates"", ""With covariates""))

cohens_f_squared(mod_rel3)

## Simple slopes for GrimAge2
### IV = Cumulative stressors; Moderator: Positive relations with others
sim_slopes(mod_rel3, pred = ""cum_stress_11_z"", modx = ""pwb_relation_z"", modx.values = c(-1,1), digits = 5, robust = ""HC1"", cluster = ""twin_cluster"")
```",match,"The code implements a multiple linear regression with the specified interaction term, cluster-robust standard errors, and simple slope analysis at ±1 SD of the moderator, consistent with the paper’s description.",,
cha,55,"A complementary simple slope analysis examined the slope of cumulative stressors on GrimAge2 at high positive relations with others (+1 SD). For those with high-quality relationships, cumulative stressors were not significantly associated with GrimAge2 (β = −.32, SE = .22, p = .15), consistent with a buffering social resource.",Variable Specification,"Positive relations with others significantly moderated the associa-
tion of cumulative stressors with GrimAge2 ( β =− .34, SE = .13,
p , .01, f
2
p = .01) but not DunedinPACE and PhenoAge (all
ps . .37). Those who maintained positive relations with others
showed that cumulative stressors were not related to GrimAge2
(β =− .32, SE = .22, p = .15). However, those who had lower levels
of positive relations had accelerated GrimAge2 in the presence of
higher cumulative stressors despite its marginal signi ﬁcance
(β = .36, SE = .19, p = .055).","           pwb_relation_z = as.numeric(scale(pwb_relation, center = TRUE,
                                             scale = TRUE)),
           ...
           # Standardize cumulative stressor
           cum_stress_11_z = as.numeric(scale(cum_stress_11, center = TRUE,
                                              scale = TRUE))) %>%
...
mod_rel3 <-lm(eaa_grim ~
    # demographics
      age_bio_z + sex + edu_y_z + emp + race + marpartner + child + group + 
    # health covariates
      smoke_bio + drinks_bio_z + bmi_bio_z + 
    # interaction
     cum_stress_11_z*pwb_relation_z, data = subset_dat2)
...
## Simple slopes for GrimAge2
### IV = Cumulative stressors; Moderator: Positive relations with others
sim_slopes(mod_rel3, pred = ""cum_stress_11_z"", modx = ""pwb_relation_z"", modx.values = c(-1,1), digits = 5, robust = ""HC1"", cluster = ""twin_cluster"")",match,"The code uses GrimAge2 (eaa_grim) as the outcome, cumulative stressors as the focal predictor, and positive relations with others as the moderator, with simple slopes estimated at ±1 SD, consistent with the paper’s description.",,
cha,55,"A complementary simple slope analysis examined the slope of cumulative stressors on GrimAge2 at high positive relations with others (+1 SD). For those with high-quality relationships, cumulative stressors were not significantly associated with GrimAge2 (β = −.32, SE = .22, p = .15), consistent with a buffering social resource.",Transformation Specification,"All values for 11 domains were standardized and summed to make a single index of cumulative stressors (for more details on the constructs, see the online supplemental materials, pp. 2–4).

Participants rated the extent to which they agreed to the items on a 7-point Likert scale (1 = strongly agree to 7 = strongly disagree). The scales were summed to make six separate dimensions, and the scores were reverse coded so that higher scores indicate higher standing in the measure.

To calculate EAA from the other epigenetic age measures, we regressed GrimAge2 and PhenoAge on chronological age and computed residuals to index how much older one is biologically compared to one’s chronological age. Thus, a positive value indicated EAA.

Hypotheses were tested by multiple linear regressions, with all continuous variables standardized before the analyses.","## Compute GrimAge2 epigenetic age acceleration (EAA)
subset_dat2 <- subset(dat, !is.na(bra6dmagegrimage2) & !is.na(age_bio))
mod_test2 <- lm(bra6dmagegrimage2 ~ age_bio, data = subset_dat2)

subset_dat2$predict_grimage2 = predict(mod_test2)
subset_dat2$eaa_grim <- subset_dat2$bra6dmagegrimage2 - subset_dat2$predict_grimage2

## Standardize psychological well-being dimensions and cumulative stressors
           pwb_relation_z = as.numeric(scale(pwb_relation, center = TRUE,
                                             scale = TRUE)),
           pwb_growth_z = as.numeric(scale(pwb_growth, center = TRUE, scale =
                                             TRUE)),
           pwb_auto_z = as.numeric(scale(pwb_auto, center = TRUE, scale =
                                           TRUE)),
           pwb = (pwb_purpose_z + pwb_mastery_z + pwb_accept_z +
                    pwb_relation_z + pwb_growth_z + pwb_auto_z) / 6,
           pwb_z = as.numeric(scale(pwb, center = TRUE, scale = TRUE)),
           # Risk Factor (standardize neuroticism)
           neuro_z = as.numeric(scale(neuro, center = TRUE, scale = TRUE)),
           # Demographic covariates
           edu_y_z = as.numeric(scale(edu_y, center = TRUE, scale = TRUE)),
           age_bio_z = as.numeric(scale(age_bio, center = TRUE, scale =
                                          TRUE)),
           # Biomarker data covariates
           drinks_bio_z = as.numeric(scale(drinks_bio, center = TRUE, scale =
                                             TRUE)),
           bmi_bio_z = as.numeric(scale(bmi_bio, center = TRUE, scale =
                                          TRUE)),
           # Standardize cumulative stressor
           cum_stress_11_z = as.numeric(scale(cum_stress_11, center = TRUE,
                                              scale = TRUE))) %>%

## Moderation model for GrimAge2 with positive relations and cumulative stressors
mod_rel3 <-lm(eaa_grim ~
    # demographics
      age_bio_z + sex + edu_y_z + emp + race + marpartner + child + group + 
    # health covariates
      smoke_bio + drinks_bio_z + bmi_bio_z + 
    # interaction
     cum_stress_11_z*pwb_relation_z, data = subset_dat2)

## Simple slopes at +/-1 SD of positive relations with others
sim_slopes(mod_rel3, pred = ""cum_stress_11_z"", modx = ""pwb_relation_z"", modx.values = c(-1,1), digits = 5, robust = ""HC1"", cluster = ""twin_cluster"")",unknown,,,
cha,55,"A complementary simple slope analysis examined the slope of cumulative stressors on GrimAge2 at high positive relations with others (+1 SD). For those with high-quality relationships, cumulative stressors were not significantly associated with GrimAge2 (β = −.32, SE = .22, p = .15), consistent with a buffering social resource.",Inference Specification,"Positive relations with others significantly moderated the association of cumulative stressors with GrimAge2 (β =− .34, SE = .13, p < .01, f2
p = .01) but not DunedinPACE and PhenoAge (all
ps > .37). Those who maintained positive relations with others
showed that cumulative stressors were not related to GrimAge2
(β =− .32, SE = .22, p = .15). However, those who had lower levels
of positive relations had accelerated GrimAge2 in the presence of
higher cumulative stressors despite its marginal significance
(β = .36, SE = .19, p = .055).","### GrimAge2

```{r, message = FALSE}
## Without covariates
mod_rel3_0 <-lm(eaa_grim ~
    # interaction
     cum_stress_11_z*pwb_relation_z, data = subset_dat2)

## With covariates
mod_rel3 <-lm(eaa_grim ~
    # demographics
      age_bio_z + sex + edu_y_z + emp + race + marpartner + child + group + 
    # health covariates
      smoke_bio + drinks_bio_z + bmi_bio_z + 
    # interaction
     cum_stress_11_z*pwb_relation_z, data = subset_dat2)

## Show results
tab_model(mod_rel3_0, mod_rel3, show.se=TRUE, show.ci=FALSE, show.obs=FALSE, show.r2 = FALSE, vcov.fun = ""CL"", vcov.args = list(type = ""HC1"", cluster = subset_dat2$twin_cluster), dv.labels = c(""Without covariates"", ""With covariates""))

cohens_f_squared(mod_rel3)

## Simple slopes for GrimAge2
### IV = Cumulative stressors; Moderator: Positive relations with others
sim_slopes(mod_rel3, pred = ""cum_stress_11_z"", modx = ""pwb_relation_z"", modx.values = c(-1,1), digits = 5, robust = ""HC1"", cluster = ""twin_cluster"")

### IV = Positive relations with others; Moderator: Cumulative stressors
sim_slopes(mod_rel3, pred = ""pwb_relation_z"", modx = ""cum_stress_11_z"", modx.values = c(-1,1), digits = 5, robust = ""HC1"", cluster = ""twin_cluster"")

## Graph for GrimAge2
plot5 <-  plot_model(mod_rel3, 
                    type = ""pred"",
                    terms = c(""cum_stress_11_z"", ""pwb_relation_z[-1,1]""),
                    ci.lvl = .95,
                    show.p = TRUE, 
                    colors = ""bw"", 
                    title = ""Positive relations with others"", 
                    axis.title = c(""Cumulative Stressors"", ""GrimAge2""), 
                    auto.label = FALSE, 
                    se = TRUE,
                    vcov.fun = ""CL"", 
                    vcov.args = list(type = ""HC1"", cluster =
                                       subset_dat2$twin_cluster)) +
                    base_theme + set_theme(base = theme_classic(), legend.pos
                                           = ""bottom"") +
                    scale_linetype_manual(name = ""Positive relations with
                                          others"", 
                        values = c(""solid"", ""dashed""), 
                        labels = c(""-1SD"", ""+1SD""))+
                    scale_y_continuous(breaks = c(-2, 0, 2))+ font_settings
```",match,"Both the paper and code rely on conventional null-hypothesis significance testing with an implicit alpha of 0.05, using p-values and (in the code) 95% confidence intervals to determine significance and non-significance. The paper’s interpretation of p-values (significant at p < .01, non-significant at p = .15, marginal at p = .055) aligns with the code’s use of 95% CIs and robust p-values from clustered standard errors.",,
cha,56,"A moderation regression examined whether personal growth interacted with cumulative stressors to predict DunedinPACE EAA. The Cumulative Stress × Personal Growth interaction was non-significant for DunedinPACE (ps > .26), indicating no moderation for this clock.",Model Specification,"Hypotheses were tested by multiple linear regressions, with all continuous variables standardized before the analyses. Psychological well-being as a moderator was examined by regressing EAA on cumulative stressors, psychological well-being, and the interaction term between these two measures. Next, we explored each dimension of psychological well-being as a moderator (see Model 1 of Table 1 and Figure 1).","## Without covariates
mod_growth1_0 <-lm(bra6dmagedunedinpace ~
    # interaction
      cum_stress_11_z*pwb_growth_z, data = dat)

## With covariates
mod_growth1 <-lm(bra6dmagedunedinpace ~
    # demographics
      age_bio_z + sex + edu_y_z + emp + race + marpartner + child + group + 
    # health covariates
      smoke_bio + drinks_bio_z + bmi_bio_z + 
    # interaction
      cum_stress_11_z*pwb_growth_z, data = dat)",match,"The paper describes testing moderation using multiple linear regressions predicting EAA from cumulative stressors, psychological well-being, and their interaction, which is exactly how the code specifies the models. Both models use linear regression with the DunedinPACE outcome and include the cumulative stress × personal growth interaction term, matching the stated model specification.",,
cha,56,"A moderation regression examined whether personal growth interacted with cumulative stressors to predict DunedinPACE EAA. The Cumulative Stress × Personal Growth interaction was non-significant for DunedinPACE (ps > .26), indicating no moderation for this clock.",Variable Specification,"Personal growth significantly moderated the association of cumulative stressors with GrimAge2 (β = −.26, SE = .12, p = .04, f^2_p = .005) but not DunedinPACE and PhenoAge (all ps > .26). Those with low personal growth showed accelerated GrimAge2 (β = .36, SE = .18, p = .05) but those with high personal growth showed that cumulative stressors were unrelated to GrimAge2 (β = −.15, SE = .20, p = .46).

Psychological well-being as a moderator was examined by regressing EAA on cumulative stressors, psychological well-being, and the interaction term between these two measures.","    # Protective Factor (standardize psychological well-being)
    mutate(pwb_purpose_z = as.numeric(scale(pwb_purpose, center = TRUE, scale
                                            = TRUE)),
           pwb_mastery_z = as.numeric(scale(pwb_mastery, center = TRUE, scale                                             = TRUE)),
           pwb_accept_z = as.numeric(scale(pwb_accept, center = TRUE, scale =
                                             TRUE)),
           pwb_relation_z = as.numeric(scale(pwb_relation, center = TRUE,
                                             scale = TRUE)),
           pwb_growth_z = as.numeric(scale(pwb_growth, center = TRUE, scale =
                                             TRUE)),
           pwb_auto_z = as.numeric(scale(pwb_auto, center = TRUE, scale =
                                           TRUE)),
           pwb = (pwb_purpose_z + pwb_mastery_z + pwb_accept_z +
                    pwb_relation_z + pwb_growth_z + pwb_auto_z) / 6,
           pwb_z = as.numeric(scale(pwb, center = TRUE, scale = TRUE)),
           ...
           # Standardize cumulative stressor
           cum_stress_11_z = as.numeric(scale(cum_stress_11, center = TRUE,
                                              scale = TRUE))) %>%

## Personal growth

### DunedinPACE

## Without covariates
mod_growth1_0 <-lm(bra6dmagedunedinpace ~
    # interaction
      cum_stress_11_z*pwb_growth_z, data = dat)

## With covariates
mod_growth1 <-lm(bra6dmagedunedinpace ~
    # demographics
      age_bio_z + sex + edu_y_z + emp + race + marpartner + child + group + 
    # health covariates
      smoke_bio + drinks_bio_z + bmi_bio_z + 
    # interaction
      cum_stress_11_z*pwb_growth_z, data = dat)
",match,"The code uses DunedinPACE EAA as the outcome, cumulative stressors as the predictor, personal growth as the moderator, and includes their interaction, consistent with the paper’s description of the moderation model. Additional covariates in the code do not contradict the paper’s stated variable roles in the core moderation analysis.",,
cha,56,"A moderation regression examined whether personal growth interacted with cumulative stressors to predict DunedinPACE EAA. The Cumulative Stress × Personal Growth interaction was non-significant for DunedinPACE (ps > .26), indicating no moderation for this clock.",Transformation Specification,"Hypotheses were tested by multiple linear regressions, with all con- tinuous variables standardized before the analyses. ... All values for 11 domains were standardized and summed to make a single index of cumulative stressors (for more details on the constructs, see the online supplemental materials, pp. 2–4). ... The scales were summed to make six sepa- rate dimensions, and the scores were reverse coded so that higher scores indicate higher standing in the measure. The combined psy- chological well-being measure was calculated as the average of the standardized scores across the six dimensions of psychological well-being. ... DunedinPACE is distinct from GrimAge2 and PhenoAge in that it re ﬂects the relative pace of aging as a multi- plicative factor, which indicates the ratio of biological age per calendar year of chronologic age and serves as a direct measure of EAA (Belsky et al., 2022 ).","transform_dataset <- function(dataset) {
  dataset <- dataset %>%
    # Change education to years
    mutate(edu = ifelse(edu %in% c(97, 98), NA, edu)) %>%
    mutate(edu_y = dplyr::recode(edu, 
    # recode education into years of education
                            ""1"" = 3,
                            ""2"" = 8,
                            ""3"" = 10.5,
                            ""4"" = 12,
                            ""5"" = 12,
                            ""6"" = 13.5,
                            ""7"" = 15,
                            ""8"" = 14,
                            ""9"" = 16,
                            ""10"" = 17,
                            ""11"" = 18,
                            ""12"" = 20,
                            .default = NA_real_)) %>%
    # Protective Factor (standardize psychological well-being)
    mutate(pwb_purpose_z = as.numeric(scale(pwb_purpose, center = TRUE, scale
                                            = TRUE)),
           pwb_mastery_z = as.numeric(scale(pwb_mastery, center = TRUE, scale                                             = TRUE)),
           pwb_accept_z = as.numeric(scale(pwb_accept, center = TRUE, scale =
                                             TRUE)),
           pwb_relation_z = as.numeric(scale(pwb_relation, center = TRUE,
                                             scale = TRUE)),
           pwb_growth_z = as.numeric(scale(pwb_growth, center = TRUE, scale =
                                             TRUE)),
           pwb_auto_z = as.numeric(scale(pwb_auto, center = TRUE, scale =
                                           TRUE)),
           pwb = (pwb_purpose_z + pwb_mastery_z + pwb_accept_z +
                    pwb_relation_z + pwb_growth_z + pwb_auto_z) / 6,
           pwb_z = as.numeric(scale(pwb, center = TRUE, scale = TRUE)),
           # Risk Factor (standardize neuroticism)
           neuro_z = as.numeric(scale(neuro, center = TRUE, scale = TRUE)),
           # Demographic covariates
           edu_y_z = as.numeric(scale(edu_y, center = TRUE, scale = TRUE)),
           age_bio_z = as.numeric(scale(age_bio, center = TRUE, scale =
                                          TRUE)),
           # Biomarker data covariates
           drinks_bio_z = as.numeric(scale(drinks_bio, center = TRUE, scale =
                                             TRUE)),
           bmi_bio_z = as.numeric(scale(bmi_bio, center = TRUE, scale =
                                          TRUE)),
           # Dummy code smoking status
           smoke_former = ifelse(smoke_bio == 1, 1, 0),
           smoke_current = ifelse(smoke_bio == 2, 1, 0),
           # Standardize cumulative stressor
           cum_stress_11_z = as.numeric(scale(cum_stress_11, center = TRUE,
                                              scale = TRUE))) %>%
    # Convert variables to factors
    mutate(emp = as.factor(emp),
           sex = as.factor(sex),
           child = as.factor(child),
           group = as.factor(group),
           marpartner = as.factor(marpartner),
           race = as.factor(race),
           smoke_bio = as.factor(smoke_bio))
  
  return(dataset)
}

# Apply the function to each dataset
subset_dat1 <- transform_dataset(subset_dat1)
subset_dat2 <- transform_dataset(subset_dat2)
dat <- transform_dataset(dat)

## Personal growth

### DunedinPACE

## Without covariates
mod_growth1_0 <-lm(bra6dmagedunedinpace ~
    # interaction
      cum_stress_11_z*pwb_growth_z, data = dat)

## With covariates
mod_growth1 <-lm(bra6dmagedunedinpace ~
    # demographics
      age_bio_z + sex + edu_y_z + emp + race + marpartner + child + group + 
    # health covariates
      smoke_bio + drinks_bio_z + bmi_bio_z + 
    # interaction
      cum_stress_11_z*pwb_growth_z, data = dat)",mismatch,"The code standardizes predictors (personal growth and cumulative stressors) but does not standardize the continuous outcome DunedinPACE, whereas the paper states that all continuous variables were standardized before analysis.",,
cha,56,"A moderation regression examined whether personal growth interacted with cumulative stressors to predict DunedinPACE EAA. The Cumulative Stress × Personal Growth interaction was non-significant for DunedinPACE (ps > .26), indicating no moderation for this clock.",Inference Specification,"Personal growth significantly moderated the association of cumulative stressors with GrimAge2 ( β = −.26, SE = .12, p = .04, f2
p = .005) but not DunedinPACE and PhenoAge (all ps > .26). Those with low personal growth showed accelerated GrimAge2 (β = .36, SE = .18, p = .05) but those with high personal growth showed that cumulative stressors were unrelated to GrimAge2 (β = −.15, SE = .20, p = .46).","## Without covariates
mod_growth1_0 <-lm(bra6dmagedunedinpace ~
    # interaction
      cum_stress_11_z*pwb_growth_z, data = dat)

## With covariates
mod_growth1 <-lm(bra6dmagedunedinpace ~
    # demographics
      age_bio_z + sex + edu_y_z + emp + race + marpartner + child + group + 
    # health covariates
      smoke_bio + drinks_bio_z + bmi_bio_z + 
    # interaction
      cum_stress_11_z*pwb_growth_z, data = dat)

## Show results
tab_model(mod_growth1_0, mod_growth1, show.se=TRUE, show.ci=FALSE, show.obs=FALSE, show.r2 = FALSE, vcov.fun = ""CL"", vcov.args = list(type = ""HC1"", cluster = dat$twin_cluster), dv.labels = c(""Without covariates"", ""With covariates""))",match,"The paper reports inference based on p-values (e.g., treating p = .04 as significant and ps > .26 as non-significant), and the code fits linear models and uses tab_model to produce standard p-values for hypothesis testing without specifying alternative criteria. There is no indication of any additional or different inferential procedure (e.g., special alpha levels or corrections) in either source, so the implemented inference aligns with the described use of p-values for significance decisions.",,
cha,57,"The interaction between cumulative stressors and personal growth was also evaluated in a regression model predicting PhenoAge EAA. This interaction did not reach significance (ps > .26), suggesting personal growth did not significantly alter stress–PhenoAge relations.",Model Specification,"Hypotheses were tested by multiple linear regressions, with all continuous variables standardized before the analyses. Psychological well-being as a moderator was examined by regressing EAA on cumulative stressors, psychological well-being, and the interaction term between these two measures.","## Without covariates
mod_growth2_0 <-lm(eaa_pheno ~
    # interaction
      cum_stress_11_z*pwb_growth_z, data = subset_dat1)

## With covariates
mod_growth2 <-lm(eaa_pheno ~
    # demographics
      age_bio_z + sex + edu_y_z + emp + race + marpartner + child + group + 
    # health covariates
      smoke_bio + drinks_bio_z + bmi_bio_z + 
    # interaction
      cum_stress_11_z*pwb_growth_z, data = subset_dat1)

## Show results
tab_model(mod_growth2_0, mod_growth2, show.se=TRUE, show.ci=FALSE, show.obs=FALSE, show.r2 = FALSE, vcov.fun = ""CL"", vcov.args = list(type = ""HC1"", cluster = subset_dat1$twin_cluster), dv.labels = c(""Without covariates"", ""With covariates""))",match,"The paper describes testing psychological well-being as a moderator using multiple linear regression with an interaction term predicting EAA, which matches the lm models with an interaction term implemented in the code.",,
cha,57,"The interaction between cumulative stressors and personal growth was also evaluated in a regression model predicting PhenoAge EAA. This interaction did not reach significance (ps > .26), suggesting personal growth did not significantly alter stress–PhenoAge relations.",Variable Specification,"Personal growth significantly moderated the association of cumulative stressors with GrimAge2 ( β =− .26, SE = .12, p = .04,
f2
p = .005) but not DunedinPACE and PhenoAge (all ps . .26).","## make subset dataset

# Compute EAA (Epigenetic Age Acceleration)
# PhenoAge EAA
subset_dat1 <- subset(dat, !is.na(bra6dmagephenoage) & !is.na(age_bio))
mod_test2 <- lm(bra6dmagephenoage ~ age_bio, data = subset_dat1)

subset_dat1$predict_phenoage = predict(mod_test2)
subset_dat1$eaa_pheno <- subset_dat1$bra6dmagephenoage - subset_dat1$predict_phenoage
...
transform_dataset <- function(dataset) {
  dataset <- dataset %>%
    ...
           pwb_growth_z = as.numeric(scale(pwb_growth, center = TRUE, scale =
                                             TRUE)),
    ...
           # Standardize cumulative stressor
           cum_stress_11_z = as.numeric(scale(cum_stress_11, center = TRUE,
                                              scale = TRUE))) %>%
    ...
  return(dataset)
}

# Apply the function to each dataset
subset_dat1 <- transform_dataset(subset_dat1)
...
### PhenoAge

## Without covariates
mod_growth2_0 <-lm(eaa_pheno ~
    # interaction
      cum_stress_11_z*pwb_growth_z, data = subset_dat1)

## With covariates
mod_growth2 <-lm(eaa_pheno ~
    # demographics
      age_bio_z + sex + edu_y_z + emp + race + marpartner + child + group + 
    # health covariates
      smoke_bio + drinks_bio_z + bmi_bio_z + 
    # interaction
      cum_stress_11_z*pwb_growth_z, data = subset_dat1)",match,"The code uses PhenoAge EAA as the outcome and models the interaction between cumulative stressors and personal growth (with and without covariates), matching the variable roles described in the paper. Demographic and health covariates are also included in the full model, consistent with the reported regression framework.",,
cha,57,"The interaction between cumulative stressors and personal growth was also evaluated in a regression model predicting PhenoAge EAA. This interaction did not reach significance (ps > .26), suggesting personal growth did not significantly alter stress–PhenoAge relations.",Transformation Specification,"To calculate EAA from the other epigenetic age measures, we regressed GrimAge2 and PhenoAge on chronological age and computed residuals to index how much older one is biologically compared to one’s chronological age. Thus, a positive value indicated EAA.
...
Hypotheses were tested by multiple linear regressions, with all continuous variables standardized before the analyses.","{""code_value"":""# Compute EAA (Epigenetic Age Acceleration)\n# PhenoAge EAA\nsubset_dat1 <- subset(dat, !is.na(bra6dmagephenoage) & !is.na(age_bio))\nmod_test2 <- lm(bra6dmagephenoage ~ age_bio, data = subset_dat1)\n\nsubset_dat1$predict_phenoage = predict(mod_test2)\nsubset_dat1$eaa_pheno <- subset_dat1$bra6dmagephenoage - subset_dat1$predict_phenoage\n...\n## Transform/standardize\n\ntransform_dataset <- function(dataset) {\n  dataset <- dataset %>%\n    # Change education to years\n    mutate(edu = ifelse(edu %in% c(97, 98), NA, edu)) %>%\n    mutate(edu_y = dplyr::recode(edu, \n    # recode education into years of education\n                            \""1\"" = 3,\n                            \""2\"" = 8,\n                            \""3\"" = 10.5,\n                            \""4\"" = 12,\n                            \""5\"" = 12,\n                            \""6\"" = 13.5,\n                            \""7\"" = 15,\n                            \""8\"" = 14,\n                            \""9\"" = 16,\n                            \""10\"" = 17,\n                            \""11\"" = 18,\n                            \""12\"" = 20,\n                            .default = NA_real_)) %>%\n    # Protective Factor (standardize psychological well-being)\n    mutate(pwb_purpose_z = as.numeric(scale(pwb_purpose, center = TRUE, scale\n                                            = TRUE)),\n           pwb_mastery_z = as.numeric(scale(pwb_mastery, center = TRUE, scale                                             = TRUE)),\n           pwb_accept_z = as.numeric(scale(pwb_accept, center = TRUE, scale =\n                                             TRUE)),\n           pwb_relation_z = as.numeric(scale(pwb_relation, center = TRUE,\n                                             scale = TRUE)),\n           pwb_growth_z = as.numeric(scale(pwb_growth, center = TRUE, scale =\n                                             TRUE)),\n           pwb_auto_z = as.numeric(scale(pwb_auto, center = TRUE, scale =\n                                           TRUE)),\n           pwb = (pwb_purpose_z + pwb_mastery_z + pwb_accept_z +\n                    pwb_relation_z + pwb_growth_z + pwb_auto_z) / 6,\n           pwb_z = as.numeric(scale(pwb, center = TRUE, scale = TRUE)),\n           # Risk Factor (standardize neuroticism)\n           neuro_z = as.numeric(scale(neuro, center = TRUE, scale = TRUE)),\n           # Demographic covariates\n           edu_y_z = as.numeric(scale(edu_y, center = TRUE, scale = TRUE)),\n           age_bio_z = as.numeric(scale(age_bio, center = TRUE, scale =\n                                          TRUE)),\n           # Biomarker data covariates\n           drinks_bio_z = as.numeric(scale(drinks_bio, center = TRUE, scale =\n                                             TRUE)),\n           bmi_bio_z = as.numeric(scale(bmi_bio, center = TRUE, scale =\n                                          TRUE)),\n           # Dummy code smoking status\n           smoke_former = ifelse(smoke_bio == 1, 1, 0),\n           smoke_current = ifelse(smoke_bio == 2, 1, 0),\n           # Standardize cumulative stressor\n           cum_stress_11_z = as.numeric(scale(cum_stress_11, center = TRUE,\n                                              scale = TRUE))) %>%\n    # Convert variables to factors\n    mutate(emp = as.factor(emp),\n           sex = as.factor(sex),\n           child = as.factor(child),\n           group = as.factor(group),\n           marpartner = as.factor(marpartner),\n           race = as.factor(race),\n           smoke_bio = as.factor(smoke_bio))\n  \n  return(dataset)\n}\n\n# Apply the function to each dataset\nsubset_dat1 <- transform_dataset(subset_dat1)\n...\n### PhenoAge\n\n## Without covariates\nmod_growth2_0 <-lm(eaa_pheno ~\n    # interaction\n      cum_stress_11_z*pwb_growth_z, data = subset_dat1)\n\n## With covariates\nmod_growth2 <-lm(eaa_pheno ~\n    # demographics\n      age_bio_z + sex + edu_y_z + emp + race + marpartner + child + group + \n    # health covariates\n      smoke_bio + drinks_bio_z + bmi_bio_z + \n    # interaction\n      cum_stress_11_z*pwb_growth_z, data = subset_dat1)"",""evidence"":{""code_path"":""/Users/jamie/git/codebot-for-psychology/data/raw/main/codebot/materials/codebot_pairs/cha/stress_eaa_M2MR1.Rmd"",""code_lines"":""# Compute EAA (Epigenetic Age Acceleration)\n# PhenoAge EAA\nsubset_dat1 <- subset(dat, !is.na(bra6dmagephenoage) & !is.na(age_bio))\nmod_test2 <- lm(bra6dmagephenoage ~ age_bio, data = subset_dat1)\n\nsubset_dat1$predict_phenoage = predict(mod_test2)\nsubset_dat1$eaa_pheno <- subset_dat1$bra6dmagephenoage - subset_dat1$predict_phenoage\n\n## Transform/standardize\n\ntransform_dataset <- function(dataset) {\n  dataset <- dataset %>%\n    # Change education to years\n    mutate(edu = ifelse(edu %in% c(97, 98), NA, edu)) %>%\n    mutate(edu_y = dplyr::recode(edu, \n    # recode education into years of education\n                            \""1\"" = 3,\n                            \""2\"" = 8,\n                            \""3\"" = 10.5,\n                            \""4\"" = 12,\n                            \""5\"" = 12,\n                            \""6\"" = 13.5,\n                            \""7\"" = 15,\n                            \""8\"" = 14,\n                            \""9\"" = 16,\n                            \""10\"" = 17,\n                            \""11\"" = 18,\n                            \""12\"" = 20,\n                            .default = NA_real_)) %>%\n    # Protective Factor (standardize psychological well-being)\n    mutate(pwb_purpose_z = as.numeric(scale(pwb_purpose, center = TRUE, scale\n                                            = TRUE)),\n           pwb_mastery_z = as.numeric(scale(pwb_mastery, center = TRUE, scale                                             = TRUE)),\n           pwb_accept_z = as.numeric(scale(pwb_accept, center = TRUE, scale =\n                                             TRUE)),\n           pwb_relation_z = as.numeric(scale(pwb_relation, center = TRUE,\n                                             scale = TRUE)),\n           pwb_growth_z = as.numeric(scale(pwb_growth, center = TRUE, scale =\n                                             TRUE)),\n           pwb_auto_z = as.numeric(scale(pwb_auto, center = TRUE, scale =\n                                           TRUE)),\n           pwb = (pwb_purpose_z + pwb_mastery_z + pwb_accept_z +\n                    pwb_relation_z + pwb_growth_z + pwb_auto_z) / 6,\n           pwb_z = as.numeric(scale(pwb, center = TRUE, scale = TRUE)),\n           # Risk Factor (standardize neuroticism)\n           neuro_z = as.numeric(scale(neuro, center = TRUE, scale = TRUE)),\n           # Demographic covariates\n           edu_y_z = as.numeric(scale(edu_y, center = TRUE, scale = TRUE)),\n           age_bio_z = as.numeric(scale(age_bio, center = TRUE, scale =\n                                          TRUE)),\n           # Biomarker data covariates\n           drinks_bio_z = as.numeric(scale(drinks_bio, center = TRUE, scale =\n                                             TRUE)),\n           bmi_bio_z = as.numeric(scale(bmi_bio, center = TRUE, scale =\n                                          TRUE)),\n           # Dummy code smoking status\n           smoke_former = ifelse(smoke_bio == 1, 1, 0),\n           smoke_current = ifelse(smoke_bio == 2, 1, 0),\n           # Standardize cumulative stressor\n           cum_stress_11_z = as.numeric(scale(cum_stress_11, center = TRUE,\n                                              scale = TRUE))) %>%\n    # Convert variables to factors\n    mutate(emp = as.factor(emp),\n           sex = as.factor(sex),\n           child = as.factor(child),\n           group = as.factor(group),\n           marpartner = as.factor(marpartner),\n           race = as.factor(race),\n           smoke_bio = as.factor(smoke_bio))\n  \n  return(dataset)\n}\n\n# Apply the function to each dataset\nsubset_dat1 <- transform_dataset(subset_dat1)\n\n### PhenoAge\n\n## Without covariates\nmod_growth2_0 <-lm(eaa_pheno ~\n    # interaction\n      cum_stress_11_z*pwb_growth_z, data = subset_dat1)\n\n## With covariates\nmod_growth2 <-lm(eaa_pheno ~\n    # demographics\n      age_bio_z + sex + edu_y_z + emp + race + marpartner + child + group + \n    # health covariates\n      smoke_bio + drinks_bio_z + bmi_bio_z + \n    # interaction\n      cum_stress_11_z*pwb_growth_z, data = subset_dat1)\""}}",match,"The code computes PhenoAge EAA as residuals from regressing PhenoAge on chronological age and standardizes the continuous predictors, consistent with the paper’s described transformations.",,
cha,57,"The interaction between cumulative stressors and personal growth was also evaluated in a regression model predicting PhenoAge EAA. This interaction did not reach significance (ps > .26), suggesting personal growth did not significantly alter stress–PhenoAge relations.",Inference Specification,"Personal growth significantly moderated the association of cumulative stressors with GrimAge2 (β = −.26, SE = .12, p = .04, f2p = .005) but not DunedinPACE and PhenoAge (all ps > .26).","### PhenoAge

## Without covariates
mod_growth2_0 <-lm(eaa_pheno ~
    # interaction
      cum_stress_11_z*pwb_growth_z, data = subset_dat1)

## With covariates
mod_growth2 <-lm(eaa_pheno ~
    # demographics
      age_bio_z + sex + edu_y_z + emp + race + marpartner + child + group + 
    # health covariates
      smoke_bio + drinks_bio_z + bmi_bio_z + 
    # interaction
      cum_stress_11_z*pwb_growth_z, data = subset_dat1)

## Show results
tab_model(mod_growth2_0, mod_growth2, show.se=TRUE, show.ci=FALSE, show.obs=FALSE, show.r2 = FALSE, vcov.fun = ""CL"", vcov.args = list(type = ""HC1"", cluster = subset_dat1$twin_cluster), dv.labels = c(""Without covariates"", ""With covariates""))",match,"Both the paper and code rely on standard null-hypothesis significance testing using p-values (implicitly with alpha = .05), treating p-values > .26 for the interaction as nonsignificant. The code computes p-values via linear models and reports them with tab_model, consistent with the paper’s interpretation of statistical significance for the PhenoAge interaction term.",,
cha,58,"A multiple linear regression including cumulative stressors, personal growth, and their interaction predicted GrimAge2 EAA. The Cumulative Stress × Personal Growth interaction was significant (β = −.26, SE = .12, p = .04, f²_p = .005), indicating that higher personal growth attenuated the stress–GrimAge2 association.",Model Specification,"Hypotheses were tested by multiple linear regressions, with all continuous variables standardized before the analyses. Psychological well-being as a moderator was examined by regressing EAA on cumulative stressors, psychological well-being, and the interaction term between these two measures.","## Without covariates
mod_growth3_0 <-lm(eaa_grim ~
    # interaction
     cum_stress_11_z*pwb_growth_z, data = subset_dat2)

## With covariates
mod_growth3 <-lm(eaa_grim ~
    # demographics
      age_bio_z + sex + edu_y_z + emp + race + marpartner + child + group + 
    # health covariates
      smoke_bio + drinks_bio_z + bmi_bio_z +
    # interaction
     cum_stress_11_z*pwb_growth_z, data = subset_dat2)",match,"The code implements a multiple linear regression of GrimAge2 EAA on cumulative stress, personal growth, and their interaction, consistent with the paper’s described model specification. It also uses standardized predictors (z-suffixed variables), aligning with the paper’s note that continuous variables were standardized.",,
cha,58,"A multiple linear regression including cumulative stressors, personal growth, and their interaction predicted GrimAge2 EAA. The Cumulative Stress × Personal Growth interaction was significant (β = −.26, SE = .12, p = .04, f²_p = .005), indicating that higher personal growth attenuated the stress–GrimAge2 association.",Variable Specification,"Personal growth signiﬁcantly moderated the association of cumulative stressors with GrimAge2 ( β =− .26, SE = .12, p = .04, f2
p = .005) but not DunedinPACE and PhenoAge (all ps . .26).","### GrimAge2

## Without covariates
mod_growth3_0 <-lm(eaa_grim ~
    # interaction
     cum_stress_11_z*pwb_growth_z, data = subset_dat2)

## With covariates
mod_growth3 <-lm(eaa_grim ~
    # demographics
      age_bio_z + sex + edu_y_z + emp + race + marpartner + child + group + 
    # health covariates
      smoke_bio + drinks_bio_z + bmi_bio_z +
    # interaction
     cum_stress_11_z*pwb_growth_z, data = subset_dat2)",match,"The code specifies GrimAge2 epigenetic age acceleration as the outcome and includes cumulative stressors, personal growth, and their interaction as predictors, matching the paper’s description of the analysis; additional covariates do not contradict the described model.",,
cha,58,"A multiple linear regression including cumulative stressors, personal growth, and their interaction predicted GrimAge2 EAA. The Cumulative Stress × Personal Growth interaction was significant (β = −.26, SE = .12, p = .04, f²_p = .005), indicating that higher personal growth attenuated the stress–GrimAge2 association.",Transformation Specification,"All values for 11 domains were standardized and summed to make a single index of cumulative stressors (for more details on the constructs, see the online supplemental materials, pp. 2–4). Participants rated the extent to which they agreed to the items on a 7-point Likert scale (1 = strongly agree to 7 = strongly disagree). The scales were summed to make six separate dimensions, and the scores were reverse coded so that higher scores indicate higher standing in the measure. The combined psychological well-being measure was calculated as the average of the standardized scores across the six dimensions of psychological well-being. To calculate EAA from the other epigenetic age measures, we regressed GrimAge2 and PhenoAge on chronological age and computed residuals to index how much older one is biologically compared to one’s chronological age. Thus, a positive value indicated EAA. Hypotheses were tested by multiple linear regressions, with all continuous variables standardized before the analyses.","# Compute EAA (Epigenetic Age Acceleration)
# GrimAge2 EAA
subset_dat2 <- subset(dat, !is.na(bra6dmagegrimage2) & !is.na(age_bio))
mod_test2 <- lm(bra6dmagegrimage2 ~ age_bio, data = subset_dat2)

subset_dat2$predict_grimage2 = predict(mod_test2)
subset_dat2$eaa_grim <- subset_dat2$bra6dmagegrimage2 - subset_dat2$predict_grimage2
...
transform_dataset <- function(dataset) {
  dataset <- dataset %>%
    # Protective Factor (standardize psychological well-being)
    mutate(pwb_purpose_z = as.numeric(scale(pwb_purpose, center = TRUE, scale
                                            = TRUE)),
           pwb_mastery_z = as.numeric(scale(pwb_mastery, center = TRUE, scale                                             = TRUE)),
           pwb_accept_z = as.numeric(scale(pwb_accept, center = TRUE, scale =
                                             TRUE)),
           pwb_relation_z = as.numeric(scale(pwb_relation, center = TRUE,
                                             scale = TRUE)),
           pwb_growth_z = as.numeric(scale(pwb_growth, center = TRUE, scale =
                                             TRUE)),
           pwb_auto_z = as.numeric(scale(pwb_auto, center = TRUE, scale =
                                           TRUE)),
           pwb = (pwb_purpose_z + pwb_mastery_z + pwb_accept_z +
                    pwb_relation_z + pwb_growth_z + pwb_auto_z) / 6,
           pwb_z = as.numeric(scale(pwb, center = TRUE, scale = TRUE)),
           ...
           # Standardize cumulative stressor
           cum_stress_11_z = as.numeric(scale(cum_stress_11, center = TRUE,
                                              scale = TRUE))) %>%
    ...
  
  return(dataset)
}

# Apply the function to each dataset
subset_dat2 <- transform_dataset(subset_dat2)",match,"The code computes GrimAge2 EAA as residuals from regressing GrimAge2 on chronological age and standardizes the continuous predictors (cumulative stress index and personal growth), consistent with the paper’s described transformations. Although the creation of the cumulative stress index from 11 domains is not shown, the available code is fully consistent with the described procedures and shows no conflict.",,
cha,58,"A multiple linear regression including cumulative stressors, personal growth, and their interaction predicted GrimAge2 EAA. The Cumulative Stress × Personal Growth interaction was significant (β = −.26, SE = .12, p = .04, f²_p = .005), indicating that higher personal growth attenuated the stress–GrimAge2 association.",Inference Specification,"Personal growth significantly moderated the association of cumulative stressors with GrimAge2 ( β =− .26, SE = .12, p = .04, f²_p = .005) but not DunedinPACE and PhenoAge (all ps . .26). Those with low personal growth showed accelerated GrimAge2 (β = .36, SE = .18, p = .05) but those with high personal growth showed that cumulative stressors were unrelated to GrimAge2 (β =− .15, SE = .20, p = .46).","## With covariates
mod_growth3 <-lm(eaa_grim ~
    # demographics
      age_bio_z + sex + edu_y_z + emp + race + marpartner + child + group + 
    # health covariates
      smoke_bio + drinks_bio_z + bmi_bio_z +
    # interaction
     cum_stress_11_z*pwb_growth_z, data = subset_dat2)

## Show results
tab_model(mod_growth3_0, mod_growth3, show.se=TRUE, show.ci=FALSE, show.obs=FALSE, show.r2 = FALSE, vcov.fun = ""CL"", vcov.args = list(type = ""HC1"", cluster = subset_dat2$twin_cluster), dv.labels = c(""Without covariates"", ""With covariates""))

cohens_f_squared(mod_growth3)

## Simple slopes
### IV = Cumulative stressors; Moderator: Personal growth
sim_slopes(mod_growth3, pred = ""cum_stress_11_z"", modx = ""pwb_growth_z"", modx.values = c(-1,1), digits = 5, robust = ""HC1"", cluster = ""twin_cluster"")

### IV = Personal growth; Moderator: Cumulative stressors
sim_slopes(mod_growth3, pred = ""pwb_growth_z"", modx = ""cum_stress_11_z"", modx.values = c(-1,1), digits = 5, robust = ""HC1"", cluster = ""twin_cluster"")

## Graph for GrimAge2
plot6 <-  plot_model(mod_growth3, 
                    type = ""pred"",
                    terms = c(""cum_stress_11_z"", ""pwb_growth_z[-1,1]""),
                    ci.lvl = .95,
                    show.p = TRUE, 
                    colors = ""bw"", 
                    title = ""Personal growth"", 
                    axis.title = c(""Cumulative Stressors"", ""GrimAge2""), 
                    auto.label = FALSE, 
                    se = TRUE,
                    vcov.fun = ""CL"", 
                    vcov.args = list(type = ""HC1"", cluster =
                                       subset_dat2$twin_cluster)) +
                    base_theme + set_theme(base = theme_classic(), legend.pos
                                           = ""bottom"") +
                    scale_linetype_manual(name = ""Personal growth"", 
                        values = c(""solid"", ""dashed""), 
                        labels = c(""-1SD"", ""+1SD""))+
                    scale_y_continuous(breaks = c(-2, 0, 2))+ font_settings",match,"The code uses two-sided p-values and 95% confidence intervals (implying α = 0.05) and computes the interaction effect and its effect size, which aligns with the paper’s reporting of p-values and an f²_p effect size for determining significance. There is no indication of any alternative inference criterion (e.g., different alpha or correction) that would conflict between the code and the paper.",,
cha,59,"Simple slope analysis estimated the effect of cumulative stressors on GrimAge2 at low personal growth (−1 SD). Among individuals with low personal growth, higher cumulative stressors significantly predicted greater GrimAge2 EAA (β = .36, SE = .18, p = .05).",Model Specification,"Hypotheses were tested by multiple linear regressions, with all continuous variables standardized before the analyses. ... All regression models used cluster-robust standard errors to adjust for the 45 sets of twins or siblings in the analytic sample, and simple slope analyses were conducted with 1 SD above and below for the identified moderators.","### GrimAge2

```{r, message = FALSE}
## Without covariates
mod_growth3_0 <-lm(eaa_grim ~
    # interaction
     cum_stress_11_z*pwb_growth_z, data = subset_dat2)

## With covariates
mod_growth3 <-lm(eaa_grim ~
    # demographics
      age_bio_z + sex + edu_y_z + emp + race + marpartner + child + group + 
    # health covariates
      smoke_bio + drinks_bio_z + bmi_bio_z +
    # interaction
     cum_stress_11_z*pwb_growth_z, data = subset_dat2)

## Show results
tab_model(mod_growth3_0, mod_growth3, show.se=TRUE, show.ci=FALSE, show.obs=FALSE, show.r2 = FALSE, vcov.fun = ""CL"", vcov.args = list(type = ""HC1"", cluster = subset_dat2$twin_cluster), dv.labels = c(""Without covariates"", ""With covariates""))

cohens_f_squared(mod_growth3)

## Simple slopes
### IV = Cumulative stressors; Moderator: Personal growth
sim_slopes(mod_growth3, pred = ""cum_stress_11_z"", modx = ""pwb_growth_z"", modx.values = c(-1,1), digits = 5, robust = ""HC1"", cluster = ""twin_cluster"")

### IV = Personal growth; Moderator: Cumulative stressors
sim_slopes(mod_growth3, pred = ""pwb_growth_z"", modx = ""cum_stress_11_z"", modx.values = c(-1,1), digits = 5, robust = ""HC1"", cluster = ""twin_cluster"")
```",match,"The code implements multiple linear regression with cluster-robust standard errors and simple slope analyses at ±1 SD, consistent with the paper’s model specification description.",,
cha,59,"Simple slope analysis estimated the effect of cumulative stressors on GrimAge2 at low personal growth (−1 SD). Among individuals with low personal growth, higher cumulative stressors significantly predicted greater GrimAge2 EAA (β = .36, SE = .18, p = .05).",Variable Specification,"Psychological well-being as a moderator was examined by regressing EAA on cumulative stressors, psychological well-being, and the interaction term between these two measures. ... Personal growth significantly moderated the association of cumulative stressors with GrimAge2 (β =− .26, SE = .12, p = .04,
f2
p = .005) but not DunedinPACE and PhenoAge (all ps > .26). Those with low personal growth showed accelerated GrimAge2 (β = .36, SE = .18, p = .05) but those with high personal growth showed that cumulative stressors were unrelated to GrimAge2 (β =− .15, SE = .20, p = .46).","# GrimAge2 EAA computation
subset_dat2 <- subset(dat, !is.na(bra6dmagegrimage2) & !is.na(age_bio))
mod_test2 <- lm(bra6dmagegrimage2 ~ age_bio, data = subset_dat2)

subset_dat2$predict_grimage2 = predict(mod_test2)
subset_dat2$eaa_grim <- subset_dat2$bra6dmagegrimage2 - subset_dat2$predict_grimage2
...
# Transform/standardize
transform_dataset <- function(dataset) {
  dataset <- dataset %>%
    ...
           pwb_growth_z = as.numeric(scale(pwb_growth, center = TRUE, scale =
                                             TRUE)),
    ...
           # Standardize cumulative stressor
           cum_stress_11_z = as.numeric(scale(cum_stress_11, center = TRUE,
                                              scale = TRUE))) %>%
    ...
  
  return(dataset)
}
...
### GrimAge2

```{r, message = FALSE}
## Without covariates
mod_growth3_0 <-lm(eaa_grim ~
    # interaction
     cum_stress_11_z*pwb_growth_z, data = subset_dat2)

## With covariates
mod_growth3 <-lm(eaa_grim ~
    # demographics
      age_bio_z + sex + edu_y_z + emp + race + marpartner + child + group + 
    # health covariates
      smoke_bio + drinks_bio_z + bmi_bio_z +
    # interaction
     cum_stress_11_z*pwb_growth_z, data = subset_dat2)
...
## Simple slopes
### IV = Cumulative stressors; Moderator: Personal growth
sim_slopes(mod_growth3, pred = ""cum_stress_11_z"", modx = ""pwb_growth_z"", modx.values = c(-1,1), digits = 5, robust = ""HC1"", cluster = ""twin_cluster"")",match,"The code uses GrimAge2 epigenetic age acceleration as the outcome and models cumulative stressors as the predictor with personal growth as the moderator, matching the paper’s description of this simple slopes analysis. The simple slopes are explicitly computed for cumulative stressors at ±1 SD of personal growth, consistent with the reported low personal growth (−1 SD) effect on GrimAge2 EAA.",,
cha,59,"Simple slope analysis estimated the effect of cumulative stressors on GrimAge2 at low personal growth (−1 SD). Among individuals with low personal growth, higher cumulative stressors significantly predicted greater GrimAge2 EAA (β = .36, SE = .18, p = .05).",Transformation Specification,"All values for 11 domains were standardized and summed to make a single index of cumulative stressors. The scales were summed to make six separate dimensions, and the scores were reverse coded so that higher scores indicate higher standing in the measure. The combined psychological well-being measure was calculated as the average of the standardized scores across the six dimensions of psychological well-being. Hypotheses were tested by multiple linear regressions, with all continuous variables standardized before the analyses. To calculate EAA from the other epigenetic age measures, we regressed GrimAge2 and PhenoAge on chronological age and computed residuals to index how much older one is biologically compared to one’s chronological age.","# Compute EAA (Epigenetic Age Acceleration)
# GrimAge2 EAA
subset_dat2 <- subset(dat, !is.na(bra6dmagegrimage2) & !is.na(age_bio))
mod_test2 <- lm(bra6dmagegrimage2 ~ age_bio, data = subset_dat2)

subset_dat2$predict_grimage2 = predict(mod_test2)
subset_dat2$eaa_grim <- subset_dat2$bra6dmagegrimage2 - subset_dat2$predict_grimage2

## Transform/standardize

transform_dataset <- function(dataset) {
  dataset <- dataset %>%
    # Change education to years
    mutate(edu = ifelse(edu %in% c(97, 98), NA, edu)) %>%
    mutate(edu_y = dplyr::recode(edu, 
    # recode education into years of education
                            ""1"" = 3,
                            ""2"" = 8,
                            ""3"" = 10.5,
                            ""4"" = 12,
                            ""5"" = 12,
                            ""6"" = 13.5,
                            ""7"" = 15,
                            ""8"" = 14,
                            ""9"" = 16,
                            ""10"" = 17,
                            ""11"" = 18,
                            ""12"" = 20,
                            .default = NA_real_)) %>%
    # Protective Factor (standardize psychological well-being)
    mutate(pwb_purpose_z = as.numeric(scale(pwb_purpose, center = TRUE, scale
                                            = TRUE)),
           pwb_mastery_z = as.numeric(scale(pwb_mastery, center = TRUE, scale                                             = TRUE)),
           pwb_accept_z = as.numeric(scale(pwb_accept, center = TRUE, scale =
                                             TRUE)),
           pwb_relation_z = as.numeric(scale(pwb_relation, center = TRUE,
                                             scale = TRUE)),
           pwb_growth_z = as.numeric(scale(pwb_growth, center = TRUE, scale =
                                             TRUE)),
           pwb_auto_z = as.numeric(scale(pwb_auto, center = TRUE, scale =
                                           TRUE)),
           pwb = (pwb_purpose_z + pwb_mastery_z + pwb_accept_z +
                    pwb_relation_z + pwb_growth_z + pwb_auto_z) / 6,
           pwb_z = as.numeric(scale(pwb, center = TRUE, scale = TRUE)),
           # Risk Factor (standardize neuroticism)
           neuro_z = as.numeric(scale(neuro, center = TRUE, scale = TRUE)),
           # Demographic covariates
           edu_y_z = as.numeric(scale(edu_y, center = TRUE, scale = TRUE)),
           age_bio_z = as.numeric(scale(age_bio, center = TRUE, scale =
                                          TRUE)),
           # Biomarker data covariates
           drinks_bio_z = as.numeric(scale(drinks_bio, center = TRUE, scale =
                                             TRUE)),
           bmi_bio_z = as.numeric(scale(bmi_bio, center = TRUE, scale =
                                          TRUE)),
           # Dummy code smoking status
           smoke_former = ifelse(smoke_bio == 1, 1, 0),
           smoke_current = ifelse(smoke_bio == 2, 1, 0),
           # Standardize cumulative stressor
           cum_stress_11_z = as.numeric(scale(cum_stress_11, center = TRUE,
                                              scale = TRUE))) %>%
    # Convert variables to factors
    mutate(emp = as.factor(emp),
           sex = as.factor(sex),
           child = as.factor(child),
           group = as.factor(group),
           marpartner = as.factor(marpartner),
           race = as.factor(race),
           smoke_bio = as.factor(smoke_bio))
  
  return(dataset)
}

# Apply the function to each dataset
subset_dat1 <- transform_dataset(subset_dat1)
subset_dat2 <- transform_dataset(subset_dat2)
dat <- transform_dataset(dat)

### GrimAge2 (Personal growth moderator)

## With covariates
mod_growth3 <-lm(eaa_grim ~
    # demographics
      age_bio_z + sex + edu_y_z + emp + race + marpartner + child + group + 
    # health covariates
      smoke_bio + drinks_bio_z + bmi_bio_z +
    # interaction
     cum_stress_11_z*pwb_growth_z, data = subset_dat2)

## Simple slopes
### IV = Cumulative stressors; Moderator: Personal growth
sim_slopes(mod_growth3, pred = ""cum_stress_11_z"", modx = ""pwb_growth_z"", modx.values = c(-1,1), digits = 5, robust = ""HC1"", cluster = ""twin_cluster"")",match,"The code implements the described transformations for EAA, psychological well-being, and standardization of continuous predictors in line with the paper’s description. Any additional earlier construction of the cumulative stressor index is not shown, but the visible transformations are consistent with what is reported.",,
cha,59,"Simple slope analysis estimated the effect of cumulative stressors on GrimAge2 at low personal growth (−1 SD). Among individuals with low personal growth, higher cumulative stressors significantly predicted greater GrimAge2 EAA (β = .36, SE = .18, p = .05).",Inference Specification,"Personal growth significantly moderated the association of cumulative stressors with GrimAge2 (β = −.26, SE = .12, p = .04, f
2
p = .005) but not DunedinPACE and PhenoAge (all ps . .26). Those with low personal growth showed accelerated GrimAge2 (β = .36, SE = .18, p = .05) but those with high personal growth showed that cumulative stressors were unrelated to GrimAge2 (β = −.15, SE = .20, p = .46).","### GrimAge2

```r
## Without covariates
mod_growth3_0 <-lm(eaa_grim ~
    # interaction
     cum_stress_11_z*pwb_growth_z, data = subset_dat2)

## With covariates
mod_growth3 <-lm(eaa_grim ~
    # demographics
      age_bio_z + sex + edu_y_z + emp + race + marpartner + child + group + 
    # health covariates
      smoke_bio + drinks_bio_z + bmi_bio_z +
    # interaction
     cum_stress_11_z*pwb_growth_z, data = subset_dat2)

## Show results
tab_model(mod_growth3_0, mod_growth3, show.se=TRUE, show.ci=FALSE, show.obs=FALSE, show.r2 = FALSE, vcov.fun = ""CL"", vcov.args = list(type = ""HC1"", cluster = subset_dat2$twin_cluster), dv.labels = c(""Without covariates"", ""With covariates""))

cohens_f_squared(mod_growth3)

## Simple slopes
### IV = Cumulative stressors; Moderator: Personal growth
sim_slopes(mod_growth3, pred = ""cum_stress_11_z"", modx = ""pwb_growth_z"", modx.values = c(-1,1), digits = 5, robust = ""HC1"", cluster = ""twin_cluster"")

### IV = Personal growth; Moderator: Cumulative stressors
sim_slopes(mod_growth3, pred = ""pwb_growth_z"", modx = ""cum_stress_11_z"", modx.values = c(-1,1), digits = 5, robust = ""HC1"", cluster = ""twin_cluster"")

## Graph for GrimAge2
plot6 <-  plot_model(mod_growth3, 
                    type = ""pred"",
                    terms = c(""cum_stress_11_z"", ""pwb_growth_z[-1,1]""),
                    ci.lvl = .95,
                    show.p = TRUE, 
                    colors = ""bw"", 
                    title = ""Personal growth"", 
                    axis.title = c(""Cumulative Stressors"", ""GrimAge2""), 
                    auto.label = FALSE, 
                    se = TRUE,
                    vcov.fun = ""CL"", 
                    vcov.args = list(type = ""HC1"", cluster =
                                       subset_dat2$twin_cluster)) +
                    base_theme + set_theme(base = theme_classic(), legend.pos
                                           = ""bottom"") +
                    scale_linetype_manual(name = ""Personal growth"", 
                        values = c(""solid"", ""dashed""), 
                        labels = c(""-1SD"", ""+1SD""))+
                    scale_y_continuous(breaks = c(-2, 0, 2))+ font_settings
```",match,"The code uses standard 0.05-level two-sided tests (p-values) with robust clustered standard errors and reports effect sizes, which matches the inferential approach implied by the paper’s reporting of β, SE, p, and f² for the simple slopes. No conflicting or alternative inference criteria are specified in either the paper text or the code.",,
cha,60,"A complementary simple slope analysis examined the slope of cumulative stressors on GrimAge2 at high personal growth (+1 SD). For participants high in personal growth, cumulative stressors were not significantly related to GrimAge2 acceleration (β = −.15, SE = .20, p = .46), supporting a protective role of perceived growth.",Model Specification,"Hypotheses were tested by multiple linear regressions, with all continuous variables standardized before the analyses. ... All regression models used cluster-robust standard errors to adjust for the 45 sets of twins or siblings in the analytic sample, and simple slope analyses were conducted with 1 SD above and below for the identified moderators. ... Personal growth significantly moderated the association of cumulative stressors with GrimAge2 (β = −.26, SE = .12, p = .04, f2p = .005) ... Those with low personal growth showed accelerated GrimAge2 (β = .36, SE = .18, p = .05) but those with high personal growth showed that cumulative stressors were unrelated to GrimAge2 (β = −.15, SE = .20, p = .46).","### GrimAge2

```{r, message = FALSE}
## Without covariates
mod_growth3_0 <-lm(eaa_grim ~
    # interaction
     cum_stress_11_z*pwb_growth_z, data = subset_dat2)

## With covariates
mod_growth3 <-lm(eaa_grim ~
    # demographics
      age_bio_z + sex + edu_y_z + emp + race + marpartner + child + group + 
    # health covariates
      smoke_bio + drinks_bio_z + bmi_bio_z +
    # interaction
     cum_stress_11_z*pwb_growth_z, data = subset_dat2)

## Show results
tab_model(mod_growth3_0, mod_growth3, show.se=TRUE, show.ci=FALSE, show.obs=FALSE, show.r2 = FALSE, vcov.fun = ""CL"", vcov.args = list(type = ""HC1"", cluster = subset_dat2$twin_cluster), dv.labels = c(""Without covariates"", ""With covariates""))

cohens_f_squared(mod_growth3)

## Simple slopes
### IV = Cumulative stressors; Moderator: Personal growth
sim_slopes(mod_growth3, pred = ""cum_stress_11_z"", modx = ""pwb_growth_z"", modx.values = c(-1,1), digits = 5, robust = ""HC1"", cluster = ""twin_cluster"")

### IV = Personal growth; Moderator: Cumulative stressors
sim_slopes(mod_growth3, pred = ""pwb_growth_z"", modx = ""cum_stress_11_z"", modx.values = c(-1,1), digits = 5, robust = ""HC1"", cluster = ""twin_cluster"")
```",match,"The code implements multiple linear regression with an interaction term and cluster-robust standard errors, and conducts simple slope analyses at ±1 SD of the moderator, matching the model specification described in the paper.",,
cha,60,"A complementary simple slope analysis examined the slope of cumulative stressors on GrimAge2 at high personal growth (+1 SD). For participants high in personal growth, cumulative stressors were not significantly related to GrimAge2 acceleration (β = −.15, SE = .20, p = .46), supporting a protective role of perceived growth.",Variable Specification,"Personal growth significantly moderated the association of cumulative stressors with GrimAge2 ( β = −.26, SE = .12, p = .04,
f2
p = .005) but not DunedinPACE and PhenoAge (all ps . .26). Those with low personal growth showed accelerated GrimAge2
(β = .36, SE = .18, p = .05) but those with high personal growth showed that cumulative stressors were unrelated to GrimAge2
(β = −.15, SE = .20, p = .46).","### GrimAge2

## Without covariates
mod_growth3_0 <-lm(eaa_grim ~
    # interaction
     cum_stress_11_z*pwb_growth_z, data = subset_dat2)

## With covariates
mod_growth3 <-lm(eaa_grim ~
    # demographics
      age_bio_z + sex + edu_y_z + emp + race + marpartner + child + group + 
    # health covariates
      smoke_bio + drinks_bio_z + bmi_bio_z +
    # interaction
     cum_stress_11_z*pwb_growth_z, data = subset_dat2)

## Show results
tab_model(mod_growth3_0, mod_growth3, show.se=TRUE, show.ci=FALSE, show.obs=FALSE, show.r2 = FALSE, vcov.fun = ""CL"", vcov.args = list(type = ""HC1"", cluster = subset_dat2$twin_cluster), dv.labels = c(""Without covariates"", ""With covariates""))

cohens_f_squared(mod_growth3)

## Simple slopes
### IV = Cumulative stressors; Moderator: Personal growth
sim_slopes(mod_growth3, pred = ""cum_stress_11_z"", modx = ""pwb_growth_z"", modx.values = c(-1,1), digits = 5, robust = ""HC1"", cluster = ""twin_cluster"")",match,"The code specifies GrimAge2 acceleration as the outcome, cumulative stressors as the predictor, and personal growth as the moderator exactly as described in the paper’s simple slopes analysis. It also conducts simple slopes of cumulative stressors at high and low personal growth, aligning with the reported results.",,
cha,60,"A complementary simple slope analysis examined the slope of cumulative stressors on GrimAge2 at high personal growth (+1 SD). For participants high in personal growth, cumulative stressors were not significantly related to GrimAge2 acceleration (β = −.15, SE = .20, p = .46), supporting a protective role of perceived growth.",Transformation Specification,"All values for 11 domains were standardized and summed to make a single index of cumulative stressors (for more details on the constructs, see the online supplemental materials, pp. 2–4).

The scales were summed to make six separate dimensions, and the scores were reverse coded so that higher scores indicate higher standing in the measure. The combined psychological well-being measure was calculated as the average of the standardized scores across the six dimensions of psychological well-being.

To calculate EAA from the other epigenetic age measures, we regressed GrimAge2 and PhenoAge on chronological age and computed residuals to index how much older one is biologically compared to one’s chronological age.

Hypotheses were tested by multiple linear regressions, with all continuous variables standardized before the analyses.","## make subset dataset

# Compute EAA (Epigenetic Age Acceleration)
# GrimAge2 EAA
subset_dat2 <- subset(dat, !is.na(bra6dmagegrimage2) & !is.na(age_bio))
mod_test2 <- lm(bra6dmagegrimage2 ~ age_bio, data = subset_dat2)

subset_dat2$predict_grimage2 = predict(mod_test2)
subset_dat2$eaa_grim <- subset_dat2$bra6dmagegrimage2 - subset_dat2$predict_grimage2

## Transform/standardize

transform_dataset <- function(dataset) {
  dataset <- dataset %>%
    # Change education to years
    mutate(edu = ifelse(edu %in% c(97, 98), NA, edu)) %>%
    mutate(edu_y = dplyr::recode(edu, 
    # recode education into years of education
                            ""1"" = 3,
                            ""2"" = 8,
                            ""3"" = 10.5,
                            ""4"" = 12,
                            ""5"" = 12,
                            ""6"" = 13.5,
                            ""7"" = 15,
                            ""8"" = 14,
                            ""9"" = 16,
                            ""10"" = 17,
                            ""11"" = 18,
                            ""12"" = 20,
                            .default = NA_real_)) %>%
    # Protective Factor (standardize psychological well-being)
    mutate(pwb_purpose_z = as.numeric(scale(pwb_purpose, center = TRUE, scale
                                            = TRUE)),
           pwb_mastery_z = as.numeric(scale(pwb_mastery, center = TRUE, scale                                             = TRUE)),
           pwb_accept_z = as.numeric(scale(pwb_accept, center = TRUE, scale =
                                             TRUE)),
           pwb_relation_z = as.numeric(scale(pwb_relation, center = TRUE,
                                             scale = TRUE)),
           pwb_growth_z = as.numeric(scale(pwb_growth, center = TRUE, scale =
                                             TRUE)),
           pwb_auto_z = as.numeric(scale(pwb_auto, center = TRUE, scale =
                                           TRUE)),
           pwb = (pwb_purpose_z + pwb_mastery_z + pwb_accept_z +
                    pwb_relation_z + pwb_growth_z + pwb_auto_z) / 6,
           pwb_z = as.numeric(scale(pwb, center = TRUE, scale = TRUE)),
           # Risk Factor (standardize neuroticism)
           neuro_z = as.numeric(scale(neuro, center = TRUE, scale = TRUE)),
           # Demographic covariates
           edu_y_z = as.numeric(scale(edu_y, center = TRUE, scale = TRUE)),
           age_bio_z = as.numeric(scale(age_bio, center = TRUE, scale =
                                          TRUE)),
           # Biomarker data covariates
           drinks_bio_z = as.numeric(scale(drinks_bio, center = TRUE, scale =
                                             TRUE)),
           bmi_bio_z = as.numeric(scale(bmi_bio, center = TRUE, scale =
                                          TRUE)),
           # Dummy code smoking status
           smoke_former = ifelse(smoke_bio == 1, 1, 0),
           smoke_current = ifelse(smoke_bio == 2, 1, 0),
           # Standardize cumulative stressor
           cum_stress_11_z = as.numeric(scale(cum_stress_11, center = TRUE,
                                              scale = TRUE))) %>%
    # Convert variables to factors
    mutate(emp = as.factor(emp),
           sex = as.factor(sex),
           child = as.factor(child),
           group = as.factor(group),
           marpartner = as.factor(marpartner),
           race = as.factor(race),
           smoke_bio = as.factor(smoke_bio))
  
  return(dataset)
}

# Apply the function to each dataset
subset_dat2 <- transform_dataset(subset_dat2)

### GrimAge2

## With covariates
mod_growth3 <-lm(eaa_grim ~
    # demographics
      age_bio_z + sex + edu_y_z + emp + race + marpartner + child + group + 
    # health covariates
      smoke_bio + drinks_bio_z + bmi_bio_z +
    # interaction
     cum_stress_11_z*pwb_growth_z, data = subset_dat2)

## Simple slopes
### IV = Cumulative stressors; Moderator: Personal growth
sim_slopes(mod_growth3, pred = ""cum_stress_11_z"", modx = ""pwb_growth_z"", modx.values = c(-1,1), digits = 5, robust = ""HC1"", cluster = ""twin_cluster"")",unknown,"The code clearly matches the paper’s description for creating EAA and standardizing continuous variables, but it does not show how the cumulative stressor index or the psychological well-being scales were originally constructed or reverse-coded, so full correspondence of transformations cannot be verified.",,
cha,60,"A complementary simple slope analysis examined the slope of cumulative stressors on GrimAge2 at high personal growth (+1 SD). For participants high in personal growth, cumulative stressors were not significantly related to GrimAge2 acceleration (β = −.15, SE = .20, p = .46), supporting a protective role of perceived growth.",Inference Specification,"All regression models used cluster-robust standard errors to adjust for the 45 sets of twins or siblings in the analytic sample, and simple slope analyses were conducted with 1 SD above and below for the identified moderators.
...
Personal growth significantly moderated the association of cumulative stressors with GrimAge2 ( β =− .26, SE = .12, p = .04, f2
p = .005) but not DunedinPACE and PhenoAge (all ps . .26). Those with low personal growth showed accelerated GrimAge2
(β = .36, SE = .18, p = .05) but those with high personal growth showed that cumulative stressors were unrelated to GrimAge2
(β =− .15, SE = .20, p = .46).","## With covariates
mod_growth3 <-lm(eaa_grim ~
    # demographics
      age_bio_z + sex + edu_y_z + emp + race + marpartner + child + group + 
    # health covariates
      smoke_bio + drinks_bio_z + bmi_bio_z +
    # interaction
     cum_stress_11_z*pwb_growth_z, data = subset_dat2)

## Show results
tab_model(mod_growth3_0, mod_growth3, show.se=TRUE, show.ci=FALSE, show.obs=FALSE, show.r2 = FALSE, vcov.fun = ""CL"", vcov.args = list(type = ""HC1"", cluster = subset_dat2$twin_cluster), dv.labels = c(""Without covariates"", ""With covariates""))

cohens_f_squared(mod_growth3)

## Simple slopes
### IV = Cumulative stressors; Moderator: Personal growth
sim_slopes(mod_growth3, pred = ""cum_stress_11_z"", modx = ""pwb_growth_z"", modx.values = c(-1,1), digits = 5, robust = ""HC1"", cluster = ""twin_cluster"")

### IV = Personal growth; Moderator: Cumulative stressors
sim_slopes(mod_growth3, pred = ""pwb_growth_z"", modx = ""cum_stress_11_z"", modx.values = c(-1,1), digits = 5, robust = ""HC1"", cluster = ""twin_cluster"")

## Graph for GrimAge2
plot6 <-  plot_model(mod_growth3, 
                    type = ""pred"",
                    terms = c(""cum_stress_11_z"", ""pwb_growth_z[-1,1]""),
                    ci.lvl = .95,
                    show.p = TRUE, 
                    colors = ""bw"", 
                    title = ""Personal growth"", 
                    axis.title = c(""Cumulative Stressors"", ""GrimAge2""), 
                    auto.label = FALSE, 
                    se = TRUE,
                    vcov.fun = ""CL"", 
                    vcov.args = list(type = ""HC1"", cluster =
                                       subset_dat2$twin_cluster))",match,"The code uses cluster-robust (HC1) standard errors with twin clustering and computes simple slopes at ±1 SD of the moderator, consistent with the paper’s described inference approach. No conflicting or additional inference criteria are apparent in the code beyond what is reported in the paper.",,
cha,61,"A moderation regression model evaluated whether neuroticism interacted with cumulative stressors to predict DunedinPACE EAA, using standardized predictors and cluster-robust SEs. The Cumulative Stress × Neuroticism interaction was non-significant for DunedinPACE (ps > .09), indicating no detectable moderation effect on this epigenetic clock.",Model Specification,"Hypotheses were tested by multiple linear regressions, with all continuous variables standardized before the analyses. Psychological well-being as a moderator was examined by regressing EAA on cumulative stressors, psychological well-being, and the interaction term between these two measures. To examine whether neuroticism aggravated the relationship between cumulative stressors and EAA, cumulative stressors, neuroticism, and their interaction were included as predictors. All regression models used cluster-robust standard errors to adjust for the 45 sets of twins or siblings in the analytic sample, and simple slope analyses were conducted with 1 SD above and below for the identified moderators.","### DunedinPACE

mod_n1_0 <-lm(bra6dmagedunedinpace ~
      # interaction
      cum_stress_11_z*neuro_z, data = dat)

## With covariates
mod_n1 <-lm(bra6dmagedunedinpace ~
    # demographics
      age_bio_z + sex + edu_y_z + emp + race + marpartner + child +  group + 
    # health covariates
      smoke_bio + drinks_bio_z + bmi_bio_z + 
    # interaction
      cum_stress_11_z*neuro_z, data = dat)

## Show results
tab_model(mod_n1_0, mod_n1, show.se=TRUE, show.ci=FALSE, show.obs=FALSE, show.r2 = TRUE, vcov.fun = ""CL"",vcov.args = list(type = ""HC1"", cluster = dat$twin_cluster), dv.labels = c(""Without covariates"", ""With covariates""))",match,"The code implements multiple linear regression models with an interaction term between cumulative stressors and neuroticism and uses cluster-robust standard errors, consistent with the paper’s model description.",,
cha,61,"A moderation regression model evaluated whether neuroticism interacted with cumulative stressors to predict DunedinPACE EAA, using standardized predictors and cluster-robust SEs. The Cumulative Stress × Neuroticism interaction was non-significant for DunedinPACE (ps > .09), indicating no detectable moderation effect on this epigenetic clock.",Variable Specification,"To examine whether neuroticism is a vulnerability factor, neuroticism and its interaction term with cumulative stressors were entered into the models predicting EAA. Neuroticism was a significant moderator in the association between cumulative stressors and GrimAge2 ( β = .26, SE = .12, p = .03, f2p = .01) but not DunedinPACE or PhenoAge (all ps . .09; see Model 2 of Table 1 and Figure 2 ). To examine whether neuroticism aggravated the relationship between cumulative stressors and EAA, cumulative stressors, neuroticism, and their interaction were included as predictors.","transform_dataset <- function(dataset) {
  dataset <- dataset %>%
    # Change education to years
    mutate(edu = ifelse(edu %in% c(97, 98), NA, edu)) %>%
    mutate(edu_y = dplyr::recode(edu, 
    # recode education into years of education
                            ""1"" = 3,
                            ""2"" = 8,
                            ""3"" = 10.5,
                            ""4"" = 12,
                            ""5"" = 12,
                            ""6"" = 13.5,
                            ""7"" = 15,
                            ""8"" = 14,
                            ""9"" = 16,
                            ""10"" = 17,
                            ""11"" = 18,
                            ""12"" = 20,
                            .default = NA_real_)) %>%
    # Protective Factor (standardize psychological well-being)
    mutate(...,
           # Risk Factor (standardize neuroticism)
           neuro_z = as.numeric(scale(neuro, center = TRUE, scale = TRUE)),
           ...,
           # Standardize cumulative stressor
           cum_stress_11_z = as.numeric(scale(cum_stress_11, center = TRUE,
                                              scale = TRUE))) %>%
    # Convert variables to factors
    mutate(emp = as.factor(emp),
           sex = as.factor(sex),
           child = as.factor(child),
           group = as.factor(group),
           marpartner = as.factor(marpartner),
           race = as.factor(race),
           smoke_bio = as.factor(smoke_bio))
  
  return(dataset)
}
...
# Hypothesis 3: Moderation analysis for vulnerability factor

### DunedinPACE

```{r, message = FALSE}
## Without covariates
mod_n1_0 <-lm(bra6dmagedunedinpace ~
      # interaction
      cum_stress_11_z*neuro_z, data = dat)

## With covariates
mod_n1 <-lm(bra6dmagedunedinpace ~
    # demographics
      age_bio_z + sex + edu_y_z + emp + race + marpartner + child +  group + 
    # health covariates
      smoke_bio + drinks_bio_z + bmi_bio_z + 
    # interaction
      cum_stress_11_z*neuro_z, data = dat)

## Show results
tab_model(mod_n1_0, mod_n1, show.se=TRUE, show.ci=FALSE, show.obs=FALSE, show.r2 = TRUE, vcov.fun = ""CL"",vcov.args = list(type = ""HC1"", cluster = dat$twin_cluster), dv.labels = c(""Without covariates"", ""With covariates""))",match,"The code uses DunedinPACE EAA as the outcome and includes cumulative stressors, neuroticism, and their interaction as predictors, consistent with the paper’s description of the moderation model; additional covariates in the adjusted model do not contradict the stated variable roles.",,
cha,61,"A moderation regression model evaluated whether neuroticism interacted with cumulative stressors to predict DunedinPACE EAA, using standardized predictors and cluster-robust SEs. The Cumulative Stress × Neuroticism interaction was non-significant for DunedinPACE (ps > .09), indicating no detectable moderation effect on this epigenetic clock.",Transformation Specification,"All values for 11 domains were standardized and summed to make a single index of cumulative stressors (for more details on the constructs, see the online supplemental materials, pp. 2–4). ... The combined psychological well-being measure was calculated as the average of the standardized scores across the six dimensions of psychological well-being. ... The four scores were aggregated to make a single index of neuroticism, and values were computed so that higher scores indicate higher neuroticism (α = .73). ... To calculate EAA from the other epigenetic age measures, we regressed GrimAge2 and PhenoAge on chronological age and computed residuals to index how much older one is biologically compared to one’s chronological age. Thus, a positive value indicated EAA. ... Hypotheses were tested by multiple linear regressions, with all continuous variables standardized before the analyses.","# Compute EAA (Epigenetic Age Acceleration)
# PhenoAge EAA
subset_dat1 <- subset(dat, !is.na(bra6dmagephenoage) & !is.na(age_bio))
mod_test2 <- lm(bra6dmagephenoage ~ age_bio, data = subset_dat1)

subset_dat1$predict_phenoage = predict(mod_test2)
subset_dat1$eaa_pheno <- subset_dat1$bra6dmagephenoage - subset_dat1$predict_phenoage

# GrimAge2 EAA
subset_dat2 <- subset(dat, !is.na(bra6dmagegrimage2) & !is.na(age_bio))
mod_test2 <- lm(bra6dmagegrimage2 ~ age_bio, data = subset_dat2)

subset_dat2$predict_grimage2 = predict(mod_test2)
subset_dat2$eaa_grim <- subset_dat2$bra6dmagegrimage2 - subset_dat2$predict_grimage2

## Transform/standardize

transform_dataset <- function(dataset) {
  dataset <- dataset %>%
    # Change education to years
    mutate(edu = ifelse(edu %in% c(97, 98), NA, edu)) %>%
    mutate(edu_y = dplyr::recode(edu, 
    # recode education into years of education
                            ""1"" = 3,
                            ""2"" = 8,
                            ""3"" = 10.5,
                            ""4"" = 12,
                            ""5"" = 12,
                            ""6"" = 13.5,
                            ""7"" = 15,
                            ""8"" = 14,
                            ""9"" = 16,
                            ""10"" = 17,
                            ""11"" = 18,
                            ""12"" = 20,
                            .default = NA_real_)) %>%
    # Protective Factor (standardize psychological well-being)
    mutate(pwb_purpose_z = as.numeric(scale(pwb_purpose, center = TRUE, scale
                                            = TRUE)),
           pwb_mastery_z = as.numeric(scale(pwb_mastery, center = TRUE, scale                                             = TRUE)),
           pwb_accept_z = as.numeric(scale(pwb_accept, center = TRUE, scale =
                                             TRUE)),
           pwb_relation_z = as.numeric(scale(pwb_relation, center = TRUE,
                                             scale = TRUE)),
           pwb_growth_z = as.numeric(scale(pwb_growth, center = TRUE, scale =
                                             TRUE)),
           pwb_auto_z = as.numeric(scale(pwb_auto, center = TRUE, scale =
                                           TRUE)),
           pwb = (pwb_purpose_z + pwb_mastery_z + pwb_accept_z +
                    pwb_relation_z + pwb_growth_z + pwb_auto_z) / 6,
           pwb_z = as.numeric(scale(pwb, center = TRUE, scale = TRUE)),
           # Risk Factor (standardize neuroticism)
           neuro_z = as.numeric(scale(neuro, center = TRUE, scale = TRUE)),
           # Demographic covariates
           edu_y_z = as.numeric(scale(edu_y, center = TRUE, scale = TRUE)),
           age_bio_z = as.numeric(scale(age_bio, center = TRUE, scale =
                                          TRUE)),
           # Biomarker data covariates
           drinks_bio_z = as.numeric(scale(drinks_bio, center = TRUE, scale =
                                             TRUE)),
           bmi_bio_z = as.numeric(scale(bmi_bio, center = TRUE, scale =
                                          TRUE)),
           # Dummy code smoking status
           smoke_former = ifelse(smoke_bio == 1, 1, 0),
           smoke_current = ifelse(smoke_bio == 2, 1, 0),
           # Standardize cumulative stressor
           cum_stress_11_z = as.numeric(scale(cum_stress_11, center = TRUE,
                                              scale = TRUE))) %>%
    # Convert variables to factors
    mutate(emp = as.factor(emp),
           sex = as.factor(sex),
           child = as.factor(child),
           group = as.factor(group),
           marpartner = as.factor(marpartner),
           race = as.factor(race),
           smoke_bio = as.factor(smoke_bio))
  
  return(dataset)
}

# Apply the function to each dataset
subset_dat1 <- transform_dataset(subset_dat1)
subset_dat2 <- transform_dataset(subset_dat2)
dat <- transform_dataset(dat)

# Hypothesis 3: Moderation analysis for vulnerability factor

### DunedinPACE

## Without covariates
mod_n1_0 <-lm(bra6dmagedunedinpace ~
      # interaction
      cum_stress_11_z*neuro_z, data = dat)

## With covariates
mod_n1 <-lm(bra6dmagedunedinpace ~
    # demographics
      age_bio_z + sex + edu_y_z + emp + race + marpartner + child +  group + 
    # health covariates
      smoke_bio + drinks_bio_z + bmi_bio_z + 
    # interaction
      cum_stress_11_z*neuro_z, data = dat)",match,"The code applies the same described transformations: EAA is computed as residuals from regressing epigenetic age on chronological age, composite well-being is formed from standardized subscales then re-standardized, cumulative stress and neuroticism are standardized before moderation analyses. Although construction of the cumulative stress and neuroticism composites is not shown, nothing in the provided code contradicts the paper’s transformation description for this analysis.",,
cha,61,"A moderation regression model evaluated whether neuroticism interacted with cumulative stressors to predict DunedinPACE EAA, using standardized predictors and cluster-robust SEs. The Cumulative Stress × Neuroticism interaction was non-significant for DunedinPACE (ps > .09), indicating no detectable moderation effect on this epigenetic clock.",Inference Specification,"Neuroticism was a significant moderator in the association between cumulative stressors and GrimAge2 ( β = .26, SE = .12, p = .03, f2_p_ = .01) but not DunedinPACE or PhenoAge (all ps . .09; see Model 2 of Table 1 and Figure 2 ).","## Without covariates
mod_n1_0 <-lm(bra6dmagedunedinpace ~
      # interaction
      cum_stress_11_z*neuro_z, data = dat)

## With covariates
mod_n1 <-lm(bra6dmagedunedinpace ~
    # demographics
      age_bio_z + sex + edu_y_z + emp + race + marpartner + child +  group + 
    # health covariates
      smoke_bio + drinks_bio_z + bmi_bio_z + 
    # interaction
      cum_stress_11_z*neuro_z, data = dat)

## Show results
tab_model(mod_n1_0, mod_n1, show.se=TRUE, show.ci=FALSE, show.obs=FALSE, show.r2 = TRUE, vcov.fun = ""CL"",vcov.args = list(type = ""HC1"", cluster = dat$twin_cluster), dv.labels = c(""Without covariates"", ""With covariates""))",match,"The paper’s inferences are based on p-values (treating p = .03 as significant and p > .09 as non-significant), and the code computes those p-values using cluster-robust standard errors, which is consistent with this inference approach. No conflicting or alternative inference criterion (e.g., different alpha level) is specified in the code.",,
cha,62,"The interaction between cumulative stressors and neuroticism was examined in a regression model predicting PhenoAge EAA. The interaction term was non-significant (ps > .09), suggesting that neuroticism did not reliably modify the association between cumulative stress and PhenoAge.",Model Specification,"Hypotheses were tested by multiple linear regressions, with all continuous variables standardized before the analyses. ... To examine whether neuroticism is a vulnerability factor, neuroticism and its interaction term with cumulative stressors were entered into the models predicting EAA.","## Without covariates
mod_n2_0 <-lm(eaa_pheno ~
    # interaction
      cum_stress_11_z*neuro_z, data = subset_dat1)

## With covariates
mod_n2 <-lm(eaa_pheno ~
    # demographics
      age_bio_z + sex + edu_y_z + emp + race + marpartner + child +  group + 
    # health covariates
      smoke_bio + drinks_bio_z + bmi_bio_z + 
    # interaction
      cum_stress_11_z*neuro_z, data=subset_dat1)
",match,"The code implements linear regression models with an interaction between cumulative stress and neuroticism predicting PhenoAge EAA, consistent with the paper's description of multiple linear regressions including the interaction term.",,
cha,62,"The interaction between cumulative stressors and neuroticism was examined in a regression model predicting PhenoAge EAA. The interaction term was non-significant (ps > .09), suggesting that neuroticism did not reliably modify the association between cumulative stress and PhenoAge.",Variable Specification,"To examine whether neuroticism aggravated the relationship between cumulative stressors and EAA, cumulative stressors, neuroticism, and their interaction were included as predictors.","### Compute EAA (Epigenetic Age Acceleration)
# PhenoAge EAA
subset_dat1 <- subset(dat, !is.na(bra6dmagephenoage) & !is.na(age_bio))
mod_test2 <- lm(bra6dmagephenoage ~ age_bio, data = subset_dat1)

subset_dat1$predict_phenoage = predict(mod_test2)
subset_dat1$eaa_pheno <- subset_dat1$bra6dmagephenoage - subset_dat1$predict_phenoage
...
           # Risk Factor (standardize neuroticism)
           neuro_z = as.numeric(scale(neuro, center = TRUE, scale = TRUE)),
           ...
           # Standardize cumulative stressor
           cum_stress_11_z = as.numeric(scale(cum_stress_11, center = TRUE,
                                              scale = TRUE))) %>%
...
### PhenoAge

```{r, message = FALSE}
# PhenoAge
## Without covariates
mod_n2_0 <-lm(eaa_pheno ~
    # interaction
      cum_stress_11_z*neuro_z, data = subset_dat1)

## With covariates
mod_n2 <-lm(eaa_pheno ~
    # demographics
      age_bio_z + sex + edu_y_z + emp + race + marpartner + child +  group + 
    # health covariates
      smoke_bio + drinks_bio_z + bmi_bio_z + 
    # interaction
      cum_stress_11_z*neuro_z, data=subset_dat1)

## Show results
tab_model(mod_n2_0, mod_n2, show.se=TRUE, show.ci=FALSE, show.obs=FALSE, show.r2 = FALSE, vcov.fun = ""CL"", vcov.args = list(type = ""HC1"", cluster = subset_dat1$twin_cluster), dv.labels = c(""Without covariates"", ""With covariates""))",match,"The code uses PhenoAge EAA as the outcome and includes cumulative stressors, neuroticism, and their interaction as predictors, matching the paper’s description of the variable roles in the regression model. Additional covariates in the adjusted model do not conflict with the stated variable specification for the interaction analysis.",,
cha,62,"The interaction between cumulative stressors and neuroticism was examined in a regression model predicting PhenoAge EAA. The interaction term was non-significant (ps > .09), suggesting that neuroticism did not reliably modify the association between cumulative stress and PhenoAge.",Transformation Specification,"All values for 11 domains were standardized and summed to make a single index of cumulative stressors (for more details on the constructs, see the online supplemental materials, pp. 2–4). ... The four scores were aggregated to make a single index of neuroticism, and values were computed so that higher scores indicate higher neuroticism (α = .73). ... The resulting beta values representing the approximate percentage of methylation at each assayed cytosine–phosphate–guanine site were noob normalized to control for technical variability. ... To calculate EAA from the other epigenetic age measures, we regressed GrimAge2 and PhenoAge on chronological age and computed residuals to index how much older one is biologically compared to one’s chronological age. Thus, a positive value indicated EAA. ... Hypotheses were tested by multiple linear regressions, with all continuous variables standardized before the analyses.","# Compute EAA (Epigenetic Age Acceleration)
# PhenoAge EAA
subset_dat1 <- subset(dat, !is.na(bra6dmagephenoage) & !is.na(age_bio))
mod_test2 <- lm(bra6dmagephenoage ~ age_bio, data = subset_dat1)

subset_dat1$predict_phenoage = predict(mod_test2)
subset_dat1$eaa_pheno <- subset_dat1$bra6dmagephenoage - subset_dat1$predict_phenoage

...

transform_dataset <- function(dataset) {
  dataset <- dataset %>%
    # Protective Factor (standardize psychological well-being)
    mutate(pwb_purpose_z = as.numeric(scale(pwb_purpose, center = TRUE, scale
                                            = TRUE)),
           pwb_mastery_z = as.numeric(scale(pwb_mastery, center = TRUE, scale                                             = TRUE)),
           pwb_accept_z = as.numeric(scale(pwb_accept, center = TRUE, scale =
                                             TRUE)),
           pwb_relation_z = as.numeric(scale(pwb_relation, center = TRUE,
                                             scale = TRUE)),
           pwb_growth_z = as.numeric(scale(pwb_growth, center = TRUE, scale =
                                             TRUE)),
           pwb_auto_z = as.numeric(scale(pwb_auto, center = TRUE, scale =
                                           TRUE)),
           pwb = (pwb_purpose_z + pwb_mastery_z + pwb_accept_z +
                    pwb_relation_z + pwb_growth_z + pwb_auto_z) / 6,
           pwb_z = as.numeric(scale(pwb, center = TRUE, scale = TRUE)),
           # Risk Factor (standardize neuroticism)
           neuro_z = as.numeric(scale(neuro, center = TRUE, scale = TRUE)),
           # Demographic covariates
           edu_y_z = as.numeric(scale(edu_y, center = TRUE, scale = TRUE)),
           age_bio_z = as.numeric(scale(age_bio, center = TRUE, scale =
                                          TRUE)),
           # Biomarker data covariates
           drinks_bio_z = as.numeric(scale(drinks_bio, center = TRUE, scale =
                                             TRUE)),
           bmi_bio_z = as.numeric(scale(bmi_bio, center = TRUE, scale =
                                          TRUE)),
           # Dummy code smoking status
           smoke_former = ifelse(smoke_bio == 1, 1, 0),
           smoke_current = ifelse(smoke_bio == 2, 1, 0),
           # Standardize cumulative stressor
           cum_stress_11_z = as.numeric(scale(cum_stress_11, center = TRUE,
                                              scale = TRUE))) %>%
    # Convert variables to factors
    mutate(emp = as.factor(emp),
           sex = as.factor(sex),
           child = as.factor(child),
           group = as.factor(group),
           marpartner = as.factor(marpartner),
           race = as.factor(race),
           smoke_bio = as.factor(smoke_bio))
  
  return(dataset)
}

# Apply the function to each dataset
subset_dat1 <- transform_dataset(subset_dat1)
subset_dat2 <- transform_dataset(subset_dat2)
dat <- transform_dataset(dat)
",match,"The code computes PhenoAge EAA via regression residuals and standardizes the continuous predictors (including cumulative stressors and neuroticism), matching the described transformations in the paper. Construction details for the cumulative stressor and neuroticism indices are not shown in the snippet but nothing in the code conflicts with the paper’s stated procedures.",,
cha,62,"The interaction between cumulative stressors and neuroticism was examined in a regression model predicting PhenoAge EAA. The interaction term was non-significant (ps > .09), suggesting that neuroticism did not reliably modify the association between cumulative stress and PhenoAge.",Inference Specification,"Neuroticism was a significant moderator in the association between cumulative stressors and GrimAge2 (β = .26, SE = .12, p = .03, f2_p = .01) but not DunedinPACE or PhenoAge (all ps . .09; see Model 2 of Table 1 and Figure 2 ).","### PhenoAge

```{r, message = FALSE}
# PhenoAge
## Without covariates
mod_n2_0 <-lm(eaa_pheno ~
    # interaction
      cum_stress_11_z*neuro_z, data = subset_dat1)

## With covariates
mod_n2 <-lm(eaa_pheno ~
    # demographics
      age_bio_z + sex + edu_y_z + emp + race + marpartner + child +  group + 
    # health covariates
      smoke_bio + drinks_bio_z + bmi_bio_z + 
    # interaction
      cum_stress_11_z*neuro_z, data=subset_dat1)

## Show results
tab_model(mod_n2_0, mod_n2, show.se=TRUE, show.ci=FALSE, show.obs=FALSE, show.r2 = FALSE, vcov.fun = ""CL"", vcov.args = list(type = ""HC1"", cluster = subset_dat1$twin_cluster), dv.labels = c(""Without covariates"", ""With covariates""))
```",match,"Both paper and code use standard p-value based inference (implicitly alpha = .05) to judge significance of the interaction, with no alternative or special inference criteria specified in either source. The code computes standard regression p-values (with cluster-robust SEs) and the paper reports p-values and labels effects as significant/non-significant based on those values.",,
cha,63,"A multiple linear regression including cumulative stressors, neuroticism, and their interaction predicted GrimAge2 EAA with covariate control. The Cumulative Stress × Neuroticism interaction was significant (β = .26, SE = .12, p = .03, f²_p = .01), indicating that higher neuroticism exacerbated the positive link between stress and GrimAge2 acceleration.",Model Specification,"Hypotheses were tested by multiple linear regressions, with all continuous variables standardized before the analyses. To examine whether neuroticism is a vulnerability factor, neuroticism and its interaction term with cumulative stressors were entered into the models predicting EAA.","## Without covariates
mod_n3_0 <-lm(eaa_grim ~
    # interaction
      cum_stress_11_z*neuro_z, data=subset_dat2)

## With covariates
mod_n3 <-lm(eaa_grim ~
    # demographics
      age_bio_z + sex + edu_y_z + emp + race + marpartner + child + group + 
    # health covariates
      smoke_bio + drinks_bio_z + bmi_bio_z + 
    # interaction
      cum_stress_11_z*neuro_z, data=subset_dat2)

## Show results
tab_model(mod_n3_0, mod_n3, show.se=TRUE, show.ci=FALSE, show.obs=FALSE, show.r2 = FALSE, vcov.fun = ""CL"", vcov.args = list(type = ""HC1"", cluster = subset_dat2$twin_cluster), dv.labels = c(""Without covariates"", ""With covariates""))",match,"The code implements multiple linear regressions predicting GrimAge EAA from cumulative stressors, neuroticism, and their interaction, with and without covariates, consistent with the paper’s description. This aligns with the stated use of multiple linear regression models including the Cumulative Stress × Neuroticism interaction and covariate control.",,
cha,63,"A multiple linear regression including cumulative stressors, neuroticism, and their interaction predicted GrimAge2 EAA with covariate control. The Cumulative Stress × Neuroticism interaction was significant (β = .26, SE = .12, p = .03, f²_p = .01), indicating that higher neuroticism exacerbated the positive link between stress and GrimAge2 acceleration.",Variable Specification,"To examine whether neuroticism aggravated the relationship between cumulative stressors and EAA, cumulative stressors, neuroticism, and their interaction were included as predictors.

To examine whether neuroticism is a vulnerability factor, neuroticism and its interaction term with cumulative stressors were entered into the models predicting EAA. Neuroticism was a significant moderator in the association between cumulative stressors and GrimAge2 (β = .26, SE = .12, p = .03, f2
p = .01) but not DunedinPACE or PhenoAge (all ps > .09; see Model 2 of Table 1 and Figure 2).","transform_dataset <- function(dataset) {
  dataset <- dataset %>%
    # Change education to years
    mutate(edu = ifelse(edu %in% c(97, 98), NA, edu)) %>%
    mutate(edu_y = dplyr::recode(edu, 
    # recode education into years of education
                            ""1"" = 3,
                            ""2"" = 8,
                            ""3"" = 10.5,
                            ""4"" = 12,
                            ""5"" = 12,
                            ""6"" = 13.5,
                            ""7"" = 15,
                            ""8"" = 14,
                            ""9"" = 16,
                            ""10"" = 17,
                            ""11"" = 18,
                            ""12"" = 20,
                            .default = NA_real_)) %>%
    # Protective Factor (standardize psychological well-being)
    mutate(pwb_purpose_z = as.numeric(scale(pwb_purpose, center = TRUE, scale
                                            = TRUE)),
           pwb_mastery_z = as.numeric(scale(pwb_mastery, center = TRUE, scale                                             = TRUE)),
           pwb_accept_z = as.numeric(scale(pwb_accept, center = TRUE, scale =
                                             TRUE)),
           pwb_relation_z = as.numeric(scale(pwb_relation, center = TRUE,
                                             scale = TRUE)),
           pwb_growth_z = as.numeric(scale(pwb_growth, center = TRUE, scale =
                                             TRUE)),
           pwb_auto_z = as.numeric(scale(pwb_auto, center = TRUE, scale =
                                           TRUE)),
           pwb = (pwb_purpose_z + pwb_mastery_z + pwb_accept_z +
                    pwb_relation_z + pwb_growth_z + pwb_auto_z) / 6,
           pwb_z = as.numeric(scale(pwb, center = TRUE, scale = TRUE)),
           # Risk Factor (standardize neuroticism)
           neuro_z = as.numeric(scale(neuro, center = TRUE, scale = TRUE)),
           # Demographic covariates
           edu_y_z = as.numeric(scale(edu_y, center = TRUE, scale = TRUE)),
           age_bio_z = as.numeric(scale(age_bio, center = TRUE, scale =
                                          TRUE)),
           # Biomarker data covariates
           drinks_bio_z = as.numeric(scale(drinks_bio, center = TRUE, scale =
                                             TRUE)),
           bmi_bio_z = as.numeric(scale(bmi_bio, center = TRUE, scale =
                                          TRUE)),
           # Dummy code smoking status
           smoke_former = ifelse(smoke_bio == 1, 1, 0),
           smoke_current = ifelse(smoke_bio == 2, 1, 0),
           # Standardize cumulative stressor
           cum_stress_11_z = as.numeric(scale(cum_stress_11, center = TRUE,
                                              scale = TRUE))) %>%
    # Convert variables to factors
    mutate(emp = as.factor(emp),
           sex = as.factor(sex),
           child = as.factor(child),
           group = as.factor(group),
           marpartner = as.factor(marpartner),
           race = as.factor(race),
           smoke_bio = as.factor(smoke_bio))
  
  return(dataset)
}
...
### GrimAge2

```{r, message = FALSE}
## Without covariates
mod_n3_0 <-lm(eaa_grim ~
    # interaction
      cum_stress_11_z*neuro_z, data=subset_dat2)

## With covariates
mod_n3 <-lm(eaa_grim ~
    # demographics
      age_bio_z + sex + edu_y_z + emp + race + marpartner + child + group + 
    # health covariates
      smoke_bio + drinks_bio_z + bmi_bio_z + 
    # interaction
      cum_stress_11_z*neuro_z, data=subset_dat2)

## Show results
tab_model(mod_n3_0, mod_n3, show.se=TRUE, show.ci=FALSE, show.obs=FALSE, show.r2 = FALSE, vcov.fun = ""CL"", vcov.args = list(type = ""HC1"", cluster = subset_dat2$twin_cluster), dv.labels = c(""Without covariates"", ""With covariates""))

## Simple slopes
### IV = Cumulative stressors; Moderator: Neuroticism
sim_slopes(mod_n3, pred = ""cum_stress_11_z"", modx = ""neuro_z"", modx.values = c(-1,1), digits = 5, robust = ""HC1"", cluster = ""twin_cluster"")

### IV = Neuroticism; Moderator: Cumulative stressors
sim_slopes(mod_n3, pred = ""neuro_z"", modx = ""cum_stress_11_z"", modx.values = c(-1,1), digits = 5, robust = ""HC1"", cluster = ""twin_cluster"")",match,"The model uses GrimAge2 EAA as the outcome and includes cumulative stressors, neuroticism, and their interaction as predictors along with covariates, as described in the paper.",,
cha,63,"A multiple linear regression including cumulative stressors, neuroticism, and their interaction predicted GrimAge2 EAA with covariate control. The Cumulative Stress × Neuroticism interaction was significant (β = .26, SE = .12, p = .03, f²_p = .01), indicating that higher neuroticism exacerbated the positive link between stress and GrimAge2 acceleration.",Transformation Specification,"Hypotheses were tested by multiple linear regressions, with all continuous variables standardized before the analyses.

To calculate EAA from the other epigenetic age measures, we regressed GrimAge2 and PhenoAge on chronological age and computed residuals to index how much older one is biologically compared to one’s chronological age.","# Compute EAA (Epigenetic Age Acceleration)
# PhenoAge EAA
subset_dat1 <- subset(dat, !is.na(bra6dmagephenoage) & !is.na(age_bio))
mod_test2 <- lm(bra6dmagephenoage ~ age_bio, data = subset_dat1)

subset_dat1$predict_phenoage = predict(mod_test2)
subset_dat1$eaa_pheno <- subset_dat1$bra6dmagephenoage - subset_dat1$predict_phenoage

# GrimAge2 EAA
subset_dat2 <- subset(dat, !is.na(bra6dmagegrimage2) & !is.na(age_bio))
mod_test2 <- lm(bra6dmagegrimage2 ~ age_bio, data = subset_dat2)

subset_dat2$predict_grimage2 = predict(mod_test2)
subset_dat2$eaa_grim <- subset_dat2$bra6dmagegrimage2 - subset_dat2$predict_grimage2

## Transform/standardize

transform_dataset <- function(dataset) {
  dataset <- dataset %>%
    # Change education to years
    mutate(edu = ifelse(edu %in% c(97, 98), NA, edu)) %>%
    mutate(edu_y = dplyr::recode(edu, 
    # recode education into years of education
                            ""1"" = 3,
                            ""2"" = 8,
                            ""3"" = 10.5,
                            ""4"" = 12,
                            ""5"" = 12,
                            ""6"" = 13.5,
                            ""7"" = 15,
                            ""8"" = 14,
                            ""9"" = 16,
                            ""10"" = 17,
                            ""11"" = 18,
                            ""12"" = 20,
                            .default = NA_real_)) %>%
    # Protective Factor (standardize psychological well-being)
    mutate(pwb_purpose_z = as.numeric(scale(pwb_purpose, center = TRUE, scale
                                            = TRUE)),
           pwb_mastery_z = as.numeric(scale(pwb_mastery, center = TRUE, scale                                             = TRUE)),
           pwb_accept_z = as.numeric(scale(pwb_accept, center = TRUE, scale =
                                             TRUE)),
           pwb_relation_z = as.numeric(scale(pwb_relation, center = TRUE,
                                             scale = TRUE)),
           pwb_growth_z = as.numeric(scale(pwb_growth, center = TRUE, scale =
                                             TRUE)),
           pwb_auto_z = as.numeric(scale(pwb_auto, center = TRUE, scale =
                                           TRUE)),
           pwb = (pwb_purpose_z + pwb_mastery_z + pwb_accept_z +
                    pwb_relation_z + pwb_growth_z + pwb_auto_z) / 6,
           pwb_z = as.numeric(scale(pwb, center = TRUE, scale = TRUE)),
           # Risk Factor (standardize neuroticism)
           neuro_z = as.numeric(scale(neuro, center = TRUE, scale = TRUE)),
           # Demographic covariates
           edu_y_z = as.numeric(scale(edu_y, center = TRUE, scale = TRUE)),
           age_bio_z = as.numeric(scale(age_bio, center = TRUE, scale =
                                          TRUE)),
           # Biomarker data covariates
           drinks_bio_z = as.numeric(scale(drinks_bio, center = TRUE, scale =
                                             TRUE)),
           bmi_bio_z = as.numeric(scale(bmi_bio, center = TRUE, scale =
                                          TRUE)),
           # Dummy code smoking status
           smoke_former = ifelse(smoke_bio == 1, 1, 0),
           smoke_current = ifelse(smoke_bio == 2, 1, 0),
           # Standardize cumulative stressor
           cum_stress_11_z = as.numeric(scale(cum_stress_11, center = TRUE,
                                              scale = TRUE))) %>%
    # Convert variables to factors
    mutate(emp = as.factor(emp),
           sex = as.factor(sex),
           child = as.factor(child),
           group = as.factor(group),
           marpartner = as.factor(marpartner),
           race = as.factor(race),
           smoke_bio = as.factor(smoke_bio))
  
  return(dataset)
}

# Apply the function to each dataset
subset_dat1 <- transform_dataset(subset_dat1)
subset_dat2 <- transform_dataset(subset_dat2)
dat <- transform_dataset(dat)",match,"The code computes EAA as residuals from regressing GrimAge2 (and PhenoAge) on chronological age and standardizes all relevant continuous predictors, as described in the paper. There is no clear discrepancy between the described transformations and those implemented in the provided code for this analysis.",,
cha,63,"A multiple linear regression including cumulative stressors, neuroticism, and their interaction predicted GrimAge2 EAA with covariate control. The Cumulative Stress × Neuroticism interaction was significant (β = .26, SE = .12, p = .03, f²_p = .01), indicating that higher neuroticism exacerbated the positive link between stress and GrimAge2 acceleration.",Inference Specification,"Neuroticism was a significant moderator in the association between cumulative stressors and GrimAge2 ( β = .26, SE = .12, p = .03, f2p = .01) but not DunedinPACE or PhenoAge (all ps . .09; see Model 2 of Table 1 and Figure 2 ). Simple slope analysis revealed that those with high neuroticism experienced accelerated GrimAge2 with greater cumulative stress ( β = .42, SE = .18, p = .02) but those with low neuroticism showed no significant relationship between cumulative stressors and GrimAge2 ( β =− .09, SE = .20, p = .65).","## With covariates
mod_n3 <-lm(eaa_grim ~
    # demographics
      age_bio_z + sex + edu_y_z + emp + race + marpartner + child + group + 
    # health covariates
      smoke_bio + drinks_bio_z + bmi_bio_z + 
    # interaction
      cum_stress_11_z*neuro_z, data=subset_dat2)

## Show results
tab_model(mod_n3_0, mod_n3, show.se=TRUE, show.ci=FALSE, show.obs=FALSE, show.r2 = FALSE, vcov.fun = ""CL"", vcov.args = list(type = ""HC1"", cluster = subset_dat2$twin_cluster), dv.labels = c(""Without covariates"", ""With covariates""))

## Simple slopes
### IV = Cumulative stressors; Moderator: Neuroticism
sim_slopes(mod_n3, pred = ""cum_stress_11_z"", modx = ""neuro_z"", modx.values = c(-1,1), digits = 5, robust = ""HC1"", cluster = ""twin_cluster"")

### IV = Neuroticism; Moderator: Cumulative stressors
sim_slopes(mod_n3, pred = ""neuro_z"", modx = ""cum_stress_11_z"", modx.values = c(-1,1), digits = 5, robust = ""HC1"", cluster = ""twin_cluster"")

# Effect size
cohens_f_squared(mod_n3)

## Graph for GrimAge2
plot7 <-  plot_model(mod_n3, 
                    type = ""pred"",
                    terms = c(""cum_stress_11_z"", ""neuro_z[-1,1]""),
                    ci.lvl = .95,
                    show.p = TRUE, 
                    colors = ""bw"", 
                    title = ""Neuroticism"", 
                    axis.title = c(""Cumulative Stressors"", ""GrimAge2""), 
                    auto.label = FALSE, 
                    se = TRUE,
                    vcov.fun = ""CL"", 
                    vcov.args = list(type = ""HC1"", cluster =
                                       subset_dat2$twin_cluster)) +
                    base_theme + set_theme(base = theme_classic(), legend.pos
                                           = ""bottom"") +
                    scale_linetype_manual(name = ""Neuroticism"", 
                        values = c(""dashed"", ""solid""), 
                        labels = c(""-1SD"", ""+1SD""))+
                    scale_y_continuous(breaks = c(-2, 0, 2))+ font_settings",match,"The paper’s interpretation of results (calling p = .03 and .02 significant, and p = .09 and .65 non-significant) is consistent with a conventional α = .05 threshold, and the code uses standard p-value–based inference and 95% confidence intervals, which aligns with this criterion. No conflicting inference threshold or CI level is specified in either source.",,
cha,64,"Simple slope analysis estimated the effect of cumulative stressors on GrimAge2 at high neuroticism (+1 SD) from the significant interaction model. For individuals with high neuroticism, cumulative stressors significantly predicted higher GrimAge2 EAA (β = .42, SE = .18, p = .02).",Model Specification,"Hypotheses were tested by multiple linear regressions, with all continuous variables standardized before the analyses. ... To examine whether neuroticism aggravated the relationship between cumulative stressors and EAA, cumulative stressors, neuroticism, and their interaction were included as predictors. ... Neuroticism was a significant moderator in the association between cumulative stressors and GrimAge2 ( β = .26, SE = .12, p = .03, f2p = .01) ... Simple slope analysis revealed that those with high neuroticism experienced accelerated GrimAge2 with greater cumulative stress ( β = .42, SE = .18, p = .02) but those with low neuroticism showed no significant relationship between cumulative stressors and GrimAge2 ( β = − .09, SE = .20, p = .65).","### GrimAge2

```{r, message = FALSE}
## Without covariates
mod_n3_0 <-lm(eaa_grim ~
    # interaction
      cum_stress_11_z*neuro_z, data=subset_dat2)

## With covariates
mod_n3 <-lm(eaa_grim ~
    # demographics
      age_bio_z + sex + edu_y_z + emp + race + marpartner + child + group + 
    # health covariates
      smoke_bio + drinks_bio_z + bmi_bio_z + 
    # interaction
      cum_stress_11_z*neuro_z, data=subset_dat2)

## Show results
tab_model(mod_n3_0, mod_n3, show.se=TRUE, show.ci=FALSE, show.obs=FALSE, show.r2 = FALSE, vcov.fun = ""CL"", vcov.args = list(type = ""HC1"", cluster = subset_dat2$twin_cluster), dv.labels = c(""Without covariates"", ""With covariates""))

## Simple slopes
### IV = Cumulative stressors; Moderator: Neuroticism
sim_slopes(mod_n3, pred = ""cum_stress_11_z"", modx = ""neuro_z"", modx.values = c(-1,1), digits = 5, robust = ""HC1"", cluster = ""twin_cluster"")

### IV = Neuroticism; Moderator: Cumulative stressors
sim_slopes(mod_n3, pred = ""neuro_z"", modx = ""cum_stress_11_z"", modx.values = c(-1,1), digits = 5, robust = ""HC1"", cluster = ""twin_cluster"")
```",match,"The paper describes using multiple linear regression with an interaction between cumulative stressors and neuroticism predicting GrimAge2 and then conducting simple slope analyses, which matches the implemented lm model with an interaction term and subsequent sim_slopes calls. Thus, the model specification in the code aligns with the described analysis in the paper.",,
cha,64,"Simple slope analysis estimated the effect of cumulative stressors on GrimAge2 at high neuroticism (+1 SD) from the significant interaction model. For individuals with high neuroticism, cumulative stressors significantly predicted higher GrimAge2 EAA (β = .42, SE = .18, p = .02).",Variable Specification,"To examine whether neuroticism is a vulnerability factor, neuroticism and its interaction term with cumulative stressors were entered into the models predicting EAA. Neuroticism was a significant moderator in the association between cumulative stressors and GrimAge2 ( β = .26, SE = .12, p = .03, f2
p = .01) but not DunedinPACE or PhenoAge (all ps . .09; see Model 2
of Table 1 and Figure 2 ). Simple slope analysis revealed that
those with high neuroticism experienced accelerated GrimAge2
with greater cumulative stress ( β = .42, SE = .18, p = .02)
but those with low neuroticism showed no significant relationship
between cumulative stressors and GrimAge2 ( β = − .09, SE = .20,
p = .65).","# GrimAge2 EAA
subset_dat2 <- subset(dat, !is.na(bra6dmagegrimage2) & !is.na(age_bio))
mod_test2 <- lm(bra6dmagegrimage2 ~ age_bio, data = subset_dat2)

subset_dat2$predict_grimage2 = predict(mod_test2)
subset_dat2$eaa_grim <- subset_dat2$bra6dmagegrimage2 - subset_dat2$predict_grimage2
...
transform_dataset <- function(dataset) {
  dataset <- dataset %>%
    ...
           # Risk Factor (standardize neuroticism)
           neuro_z = as.numeric(scale(neuro, center = TRUE, scale = TRUE)),
           ...
           # Standardize cumulative stressor
           cum_stress_11_z = as.numeric(scale(cum_stress_11, center = TRUE,
                                              scale = TRUE))) %>%
    ...
  return(dataset)
}
...
### GrimAge2

```{r, message = FALSE}
## Without covariates
mod_n3_0 <-lm(eaa_grim ~
    # interaction
      cum_stress_11_z*neuro_z, data=subset_dat2)

## With covariates
mod_n3 <-lm(eaa_grim ~
    # demographics
      age_bio_z + sex + edu_y_z + emp + race + marpartner + child + group + 
    # health covariates
      smoke_bio + drinks_bio_z + bmi_bio_z + 
    # interaction
      cum_stress_11_z*neuro_z, data=subset_dat2)

## Show results
tab_model(mod_n3_0, mod_n3, show.se=TRUE, show.ci=FALSE, show.obs=FALSE, show.r2 = FALSE, vcov.fun = ""CL"", vcov.args = list(type = ""HC1"", cluster = subset_dat2$twin_cluster), dv.labels = c(""Without covariates"", ""With covariates""))

## Simple slopes
### IV = Cumulative stressors; Moderator: Neuroticism
sim_slopes(mod_n3, pred = ""cum_stress_11_z"", modx = ""neuro_z"", modx.values = c(-1,1), digits = 5, robust = ""HC1"", cluster = ""twin_cluster"")

### IV = Neuroticism; Moderator: Cumulative stressors
sim_slopes(mod_n3, pred = ""neuro_z"", modx = ""cum_stress_11_z"", modx.values = c(-1,1), digits = 5, robust = ""HC1"", cluster = ""twin_cluster"")",match,"The code uses GrimAge2 epigenetic age acceleration as the outcome and models cumulative stressors, neuroticism, and their interaction (with appropriate standardization), then computes simple slopes of cumulative stressors at ±1 SD of neuroticism, matching the paper’s description.",,
cha,64,"Simple slope analysis estimated the effect of cumulative stressors on GrimAge2 at high neuroticism (+1 SD) from the significant interaction model. For individuals with high neuroticism, cumulative stressors significantly predicted higher GrimAge2 EAA (β = .42, SE = .18, p = .02).",Transformation Specification,"Hypotheses were tested by multiple linear regressions, with all continuous variables standardized before the analyses. ... All values for 11 domains were standardized and summed to make a single index of cumulative stressors (for more details on the constructs, see the online supplemental materials, pp. 2–4). ... The four scores were aggregated to make a single index of neuroticism, and values were computed so that higher scores indicate higher neuroticism (α = .73). ... To calculate EAA from the other epigenetic age measures, we regressed GrimAge2 and PhenoAge on chronological age and computed residuals to index how much older one is biologically compared to one’s chronological age. Thus, a positive value indicated EAA. ... Simple slope analyses were conducted with 1 SD above and below for the identified moderators.","## make subset dataset

# GrimAge2 EAA
subset_dat2 <- subset(dat, !is.na(bra6dmagegrimage2) & !is.na(age_bio))
mod_test2 <- lm(bra6dmagegrimage2 ~ age_bio, data = subset_dat2)

subset_dat2$predict_grimage2 = predict(mod_test2)
subset_dat2$eaa_grim <- subset_dat2$bra6dmagegrimage2 - subset_dat2$predict_grimage2

## Transform/standardize

transform_dataset <- function(dataset) {
  dataset <- dataset %>%
    # Change education to years
    mutate(edu = ifelse(edu %in% c(97, 98), NA, edu)) %>%
    mutate(edu_y = dplyr::recode(edu, 
    # recode education into years of education
                            ""1"" = 3,
                            ""2"" = 8,
                            ""3"" = 10.5,
                            ""4"" = 12,
                            ""5"" = 12,
                            ""6"" = 13.5,
                            ""7"" = 15,
                            ""8"" = 14,
                            ""9"" = 16,
                            ""10"" = 17,
                            ""11"" = 18,
                            ""12"" = 20,
                            .default = NA_real_)) %>%
    # Protective Factor (standardize psychological well-being)
    mutate(pwb_purpose_z = as.numeric(scale(pwb_purpose, center = TRUE, scale
                                            = TRUE)),
           pwb_mastery_z = as.numeric(scale(pwb_mastery, center = TRUE, scale                                             = TRUE)),
           pwb_accept_z = as.numeric(scale(pwb_accept, center = TRUE, scale =
                                             TRUE)),
           pwb_relation_z = as.numeric(scale(pwb_relation, center = TRUE,
                                             scale = TRUE)),
           pwb_growth_z = as.numeric(scale(pwb_growth, center = TRUE, scale =
                                             TRUE)),
           pwb_auto_z = as.numeric(scale(pwb_auto, center = TRUE, scale =
                                           TRUE)),
           pwb = (pwb_purpose_z + pwb_mastery_z + pwb_accept_z +
                    pwb_relation_z + pwb_growth_z + pwb_auto_z) / 6,
           pwb_z = as.numeric(scale(pwb, center = TRUE, scale = TRUE)),
           # Risk Factor (standardize neuroticism)
           neuro_z = as.numeric(scale(neuro, center = TRUE, scale = TRUE)),
           # Demographic covariates
           edu_y_z = as.numeric(scale(edu_y, center = TRUE, scale = TRUE)),
           age_bio_z = as.numeric(scale(age_bio, center = TRUE, scale =
                                          TRUE)),
           # Biomarker data covariates
           drinks_bio_z = as.numeric(scale(drinks_bio, center = TRUE, scale =
                                             TRUE)),
           bmi_bio_z = as.numeric(scale(bmi_bio, center = TRUE, scale =
                                          TRUE)),
           # Dummy code smoking status
           smoke_former = ifelse(smoke_bio == 1, 1, 0),
           smoke_current = ifelse(smoke_bio == 2, 1, 0),
           # Standardize cumulative stressor
           cum_stress_11_z = as.numeric(scale(cum_stress_11, center = TRUE,
                                              scale = TRUE))) %>%
    # Convert variables to factors
    mutate(emp = as.factor(emp),
           sex = as.factor(sex),
           child = as.factor(child),
           group = as.factor(group),
           marpartner = as.factor(marpartner),
           race = as.factor(race),
           smoke_bio = as.factor(smoke_bio))
  
  return(dataset)
}

# Apply the function to each dataset
subset_dat1 <- transform_dataset(subset_dat1)
subset_dat2 <- transform_dataset(subset_dat2)
dat <- transform_dataset(dat)

### GrimAge2 (Neuroticism moderation; simple slopes)

## Without covariates
mod_n3_0 <-lm(eaa_grim ~
    # interaction
      cum_stress_11_z*neuro_z, data=subset_dat2)

## With covariates
mod_n3 <-lm(eaa_grim ~
    # demographics
      age_bio_z + sex + edu_y_z + emp + race + marpartner + child + group + 
    # health covariates
      smoke_bio + drinks_bio_z + bmi_bio_z + 
    # interaction
      cum_stress_11_z*neuro_z, data=subset_dat2)

## Simple slopes
### IV = Cumulative stressors; Moderator: Neuroticism
sim_slopes(mod_n3, pred = ""cum_stress_11_z"", modx = ""neuro_z"", modx.values = c(-1,1), digits = 5, robust = ""HC1"", cluster = ""twin_cluster"")",match,"The code applies the described standardizations, constructs EAA as residuals from age, and conducts simple slopes at ±1 SD of the moderator, consistent with the paper’s transformation description for this analysis. No discrepancies are apparent between the textual description and the implemented transformations for GrimAge2 EAA, neuroticism, and cumulative stressors.",,
cha,64,"Simple slope analysis estimated the effect of cumulative stressors on GrimAge2 at high neuroticism (+1 SD) from the significant interaction model. For individuals with high neuroticism, cumulative stressors significantly predicted higher GrimAge2 EAA (β = .42, SE = .18, p = .02).",Inference Specification,"Neuroticism was a significant moderator in the association between cumulative stressors and GrimAge2 (β = .26, SE = .12, p = .03, f2p = .01) but not DunedinPACE or PhenoAge (all ps > .09; see Model 2 of Table 1 and Figure 2). Simple slope analysis revealed that those with high neuroticism experienced accelerated GrimAge2 with greater cumulative stress (β = .42, SE = .18, p = .02) but those with low neuroticism showed no significant relationship between cumulative stressors and GrimAge2 (β = − .09, SE = .20, p = .65).","## Show results
tab_model(mod_n3_0, mod_n3, show.se=TRUE, show.ci=FALSE, show.obs=FALSE, show.r2 = FALSE, vcov.fun = ""CL"", vcov.args = list(type = ""HC1"", cluster = subset_dat2$twin_cluster), dv.labels = c(""Without covariates"", ""With covariates""))

## Simple slopes
### IV = Cumulative stressors; Moderator: Neuroticism
sim_slopes(mod_n3, pred = ""cum_stress_11_z"", modx = ""neuro_z"", modx.values = c(-1,1), digits = 5, robust = ""HC1"", cluster = ""twin_cluster"")

### IV = Neuroticism; Moderator: Cumulative stressors
sim_slopes(mod_n3, pred = ""neuro_z"", modx = ""cum_stress_11_z"", modx.values = c(-1,1), digits = 5, robust = ""HC1"", cluster = ""twin_cluster"")

# Effect size
cohens_f_squared(mod_n3)

## Graph for GrimAge2
plot7 <-  plot_model(mod_n3, 
                    type = ""pred"",
                    terms = c(""cum_stress_11_z"", ""neuro_z[-1,1]""),
                    ci.lvl = .95,
                    show.p = TRUE, 
                    colors = ""bw"", 
                    title = ""Neuroticism"", 
                    axis.title = c(""Cumulative Stressors"", ""GrimAge2""), 
                    auto.label = FALSE, 
                    se = TRUE,
                    vcov.fun = ""CL"", 
                    vcov.args = list(type = ""HC1"", cluster =
                                       subset_dat2$twin_cluster)) +
                    base_theme + set_theme(base = theme_classic(), legend.pos
                                           = ""bottom"") +
                    scale_linetype_manual(name = ""Neuroticism"", 
                        values = c(""dashed"", ""solid""), 
                        labels = c(""-1SD"", ""+1SD""))+
                    scale_y_continuous(breaks = c(-2, 0, 2))+ font_settings",match,"The paper interprets effects based on p-values (e.g., p = .02, p = .03) consistent with a conventional α = .05 threshold, and the code computes p-values and 95% confidence intervals using robust clustered standard errors in the simple slopes and plotting functions. This aligns the implemented inference procedure (HC1 robust SEs, 95% CIs) with the inferential framework implied in the Results section.",,
cha,65,"A complementary simple slope analysis examined the slope of cumulative stressors on GrimAge2 at low neuroticism (−1 SD). Among those low in neuroticism, the association between cumulative stress and GrimAge2 was non-significant (β = −.09, SE = .20, p = .65), consistent with neuroticism as a vulnerability factor.",Model Specification,"Hypotheses were tested by multiple linear regressions, with all continuous variables standardized before the analyses. ... To examine whether neuroticism is a vulnerability factor, neuroticism and its interaction term with cumulative stressors were entered into the models predicting EAA. ... Simple slope analysis revealed that those with high neuroticism experienced accelerated GrimAge2 with greater cumulative stress (β = .42, SE = .18, p = .02) but those with low neuroticism showed no significant relationship between cumulative stressors and GrimAge2 (β = −.09, SE = .20, p = .65).","### GrimAge2

```{r, message = FALSE}
## Without covariates
mod_n3_0 <-lm(eaa_grim ~
    # interaction
      cum_stress_11_z*neuro_z, data=subset_dat2)

## With covariates
mod_n3 <-lm(eaa_grim ~
    # demographics
      age_bio_z + sex + edu_y_z + emp + race + marpartner + child + group + 
    # health covariates
      smoke_bio + drinks_bio_z + bmi_bio_z + 
    # interaction
      cum_stress_11_z*neuro_z, data=subset_dat2)

## Show results
tab_model(mod_n3_0, mod_n3, show.se=TRUE, show.ci=FALSE, show.obs=FALSE, show.r2 = FALSE, vcov.fun = ""CL"", vcov.args = list(type = ""HC1"", cluster = subset_dat2$twin_cluster), dv.labels = c(""Without covariates"", ""With covariates""))

## Simple slopes
### IV = Cumulative stressors; Moderator: Neuroticism
sim_slopes(mod_n3, pred = ""cum_stress_11_z"", modx = ""neuro_z"", modx.values = c(-1,1), digits = 5, robust = ""HC1"", cluster = ""twin_cluster"")
```",match,"The paper describes testing hypotheses with multiple linear regressions including an interaction between cumulative stressors and neuroticism and conducting simple slopes, and the code implements a linear model with that interaction and computes simple slopes accordingly. Thus, the model specification in the code aligns with the description in the paper for this analysis-dimension pairing.",,
cha,65,"A complementary simple slope analysis examined the slope of cumulative stressors on GrimAge2 at low neuroticism (−1 SD). Among those low in neuroticism, the association between cumulative stress and GrimAge2 was non-significant (β = −.09, SE = .20, p = .65), consistent with neuroticism as a vulnerability factor.",Variable Specification,"To examine whether neuroticism is a vulnerability factor, neuroticism and its interaction term with cumulative stressors were entered into the models predicting EAA. Neuroticism was a significant moderator in the association between cumulative stressors and GrimAge2 (β = .26, SE = .12, p = .03, f2p = .01) but not DunedinPACE or PhenoAge (all ps > .09; see Model 2 of Table 1 and Figure 2 ). Simple slope analysis revealed that those with high neuroticism experienced accelerated GrimAge2 with greater cumulative stress (β = .42, SE = .18, p = .02) but those with low neuroticism showed no significant relationship between cumulative stressors and GrimAge2 (β = − .09, SE = .20, p = .65).","transform_dataset <- function(dataset) {
  dataset <- dataset %>%
    ...
           # Risk Factor (standardize neuroticism)
           neuro_z = as.numeric(scale(neuro, center = TRUE, scale = TRUE)),
           ...
           # Standardize cumulative stressor
           cum_stress_11_z = as.numeric(scale(cum_stress_11, center = TRUE,
                                              scale = TRUE))) %>%
    ...
  
  return(dataset)
}
...
### GrimAge2

```{r, message = FALSE}
## Without covariates
mod_n3_0 <-lm(eaa_grim ~
    # interaction
      cum_stress_11_z*neuro_z, data=subset_dat2)

## With covariates
mod_n3 <-lm(eaa_grim ~
    # demographics
      age_bio_z + sex + edu_y_z + emp + race + marpartner + child + group + 
    # health covariates
      smoke_bio + drinks_bio_z + bmi_bio_z + 
    # interaction
      cum_stress_11_z*neuro_z, data=subset_dat2)

## Show results
tab_model(mod_n3_0, mod_n3, show.se=TRUE, show.ci=FALSE, show.obs=FALSE, show.r2 = FALSE, vcov.fun = ""CL"", vcov.args = list(type = ""HC1"", cluster = subset_dat2$twin_cluster), dv.labels = c(""Without covariates"", ""With covariates""))

## Simple slopes
### IV = Cumulative stressors; Moderator: Neuroticism
sim_slopes(mod_n3, pred = ""cum_stress_11_z"", modx = ""neuro_z"", modx.values = c(-1,1), digits = 5, robust = ""HC1"", cluster = ""twin_cluster"")

### IV = Neuroticism; Moderator: Cumulative stressors
sim_slopes(mod_n3, pred = ""neuro_z"", modx = ""cum_stress_11_z"", modx.values = c(-1,1), digits = 5, robust = ""HC1"", cluster = ""twin_cluster"")",match,"The code uses GrimAge2 epigenetic age acceleration as the outcome and models standardized cumulative stressors as the focal predictor with standardized neuroticism as the moderator, then computes simple slopes of cumulative stressors at ±1 SD of neuroticism, matching the paper’s description. The additional reverse simple slopes do not conflict with the reported analysis.",,
cha,65,"A complementary simple slope analysis examined the slope of cumulative stressors on GrimAge2 at low neuroticism (−1 SD). Among those low in neuroticism, the association between cumulative stress and GrimAge2 was non-significant (β = −.09, SE = .20, p = .65), consistent with neuroticism as a vulnerability factor.",Transformation Specification,"All values for 11 domains were standardized and summed to make a single index of cumulative stressors (for more details on the constructs, see the online supplemental materials, pp. 2–4). ... To calculate EAA from the other epigenetic age measures, we regressed GrimAge2 and PhenoAge on chronological age and computed residuals to index how much older one is biologically compared to one’s chronological age. Thus, a positive value indicated EAA. ... Hypotheses were tested by multiple linear regressions, with all continuous variables standardized before the analyses. ... Simple slope analyses were conducted with 1 SD above and below for the identified moderators.","## Compute EAA (Epigenetic Age Acceleration)
# GrimAge2 EAA
subset_dat2 <- subset(dat, !is.na(bra6dmagegrimage2) & !is.na(age_bio))
mod_test2 <- lm(bra6dmagegrimage2 ~ age_bio, data = subset_dat2)

subset_dat2$predict_grimage2 = predict(mod_test2)
subset_dat2$eaa_grim <- subset_dat2$bra6dmagegrimage2 - subset_dat2$predict_grimage2
...
transform_dataset <- function(dataset) {
  dataset <- dataset %>%
    # Protective Factor (standardize psychological well-being)
    mutate(pwb_purpose_z = as.numeric(scale(pwb_purpose, center = TRUE, scale
                                            = TRUE)),
           pwb_mastery_z = as.numeric(scale(pwb_mastery, center = TRUE, scale                                             = TRUE)),
           pwb_accept_z = as.numeric(scale(pwb_accept, center = TRUE, scale =
                                             TRUE)),
           pwb_relation_z = as.numeric(scale(pwb_relation, center = TRUE,
                                             scale = TRUE)),
           pwb_growth_z = as.numeric(scale(pwb_growth, center = TRUE, scale =
                                             TRUE)),
           pwb_auto_z = as.numeric(scale(pwb_auto, center = TRUE, scale =
                                           TRUE)),
           pwb = (pwb_purpose_z + pwb_mastery_z + pwb_accept_z +
                    pwb_relation_z + pwb_growth_z + pwb_auto_z) / 6,
           pwb_z = as.numeric(scale(pwb, center = TRUE, scale = TRUE)),
           # Risk Factor (standardize neuroticism)
           neuro_z = as.numeric(scale(neuro, center = TRUE, scale = TRUE)),
           # Demographic covariates
           edu_y_z = as.numeric(scale(edu_y, center = TRUE, scale = TRUE)),
           age_bio_z = as.numeric(scale(age_bio, center = TRUE, scale =
                                          TRUE)),
           # Biomarker data covariates
           drinks_bio_z = as.numeric(scale(drinks_bio, center = TRUE, scale =
                                             TRUE)),
           bmi_bio_z = as.numeric(scale(bmi_bio, center = TRUE, scale =
                                          TRUE)),
           # Dummy code smoking status
           smoke_former = ifelse(smoke_bio == 1, 1, 0),
           smoke_current = ifelse(smoke_bio == 2, 1, 0),
           # Standardize cumulative stressor
           cum_stress_11_z = as.numeric(scale(cum_stress_11, center = TRUE,
                                              scale = TRUE))) %>%
    # Convert variables to factors
    mutate(emp = as.factor(emp),
           sex = as.factor(sex),
           child = as.factor(child),
           group = as.factor(group),
           marpartner = as.factor(marpartner),
           race = as.factor(race),
           smoke_bio = as.factor(smoke_bio))
  
  return(dataset)
}

# Apply the function to each dataset
subset_dat2 <- transform_dataset(subset_dat2)
...
### GrimAge2 (Neuroticism moderation)
mod_n3 <-lm(eaa_grim ~
    # demographics
      age_bio_z + sex + edu_y_z + emp + race + marpartner + child + group + 
    # health covariates
      smoke_bio + drinks_bio_z + bmi_bio_z + 
    # interaction
      cum_stress_11_z*neuro_z, data=subset_dat2)

## Simple slopes
### IV = Cumulative stressors; Moderator: Neuroticism
sim_slopes(mod_n3, pred = ""cum_stress_11_z"", modx = ""neuro_z"", modx.values = c(-1,1), digits = 5, robust = ""HC1"", cluster = ""twin_cluster"")",unknown,,,
cha,65,"A complementary simple slope analysis examined the slope of cumulative stressors on GrimAge2 at low neuroticism (−1 SD). Among those low in neuroticism, the association between cumulative stress and GrimAge2 was non-significant (β = −.09, SE = .20, p = .65), consistent with neuroticism as a vulnerability factor.",Inference Specification,"Simple slope analysis revealed that those with high neuroticism experienced accelerated GrimAge2 with greater cumulative stress ( β = .42, SE = .18, p = .02) but those with low neuroticism showed no significant relationship between cumulative stressors and GrimAge2 ( β =− .09, SE = .20, p = .65).","## Simple slopes
### IV = Cumulative stressors; Moderator: Neuroticism
sim_slopes(mod_n3, pred = ""cum_stress_11_z"", modx = ""neuro_z"", modx.values = c(-1,1), digits = 5, robust = ""HC1"", cluster = ""twin_cluster"")

### IV = Neuroticism; Moderator: Cumulative stressors
sim_slopes(mod_n3, pred = ""neuro_z"", modx = ""cum_stress_11_z"", modx.values = c(-1,1), digits = 5, robust = ""HC1"", cluster = ""twin_cluster"")
...
plot7 <-  plot_model(mod_n3, 
                    type = ""pred"",
                    terms = c(""cum_stress_11_z"", ""neuro_z[-1,1]""),
                    ci.lvl = .95,
                    show.p = TRUE, 
                    colors = ""bw"", 
                    title = ""Neuroticism"", 
                    axis.title = c(""Cumulative Stressors"", ""GrimAge2""), 
                    auto.label = FALSE, 
                    se = TRUE,
                    vcov.fun = ""CL"", 
                    vcov.args = list(type = ""HC1"", cluster =
                                       subset_dat2$twin_cluster)) +",match,"The paper’s inference relies on p-values and significance judgments consistent with a conventional α = .05 level, and the code uses 95% confidence intervals and reports p-values accordingly. There is no indication of any alternative inference criterion in either source, so the implementation matches the described inference approach.",,
cha,66,"A post hoc multiple regression model simultaneously included two interaction terms—Cumulative Stress × Overall Psychological Well-Being and Cumulative Stress × Neuroticism—to predict GrimAge2 EAA. In this combined model, the Cumulative Stress × Psychological Well-Being interaction remained significant (β = −.35, SE = .15, p = .02, f²_p = .01), indicating that well-being continued to buffer the stress–GrimAge2 association when accounting for neuroticism.",Model Specification,"Hypotheses were tested by multiple linear regressions, with all continuous variables standardized before the analyses. ... An additional model including both interaction terms of Cumulative Stress × Psychological Well-Being and Cumulative Stress × Neuroticism were examined to investigate how competing factors influence EAA.",,unknown,"The paper describes using a multiple linear regression including both interaction terms, but no corresponding code is provided to verify that this model specification was implemented as described.",,
cha,66,"A post hoc multiple regression model simultaneously included two interaction terms—Cumulative Stress × Overall Psychological Well-Being and Cumulative Stress × Neuroticism—to predict GrimAge2 EAA. In this combined model, the Cumulative Stress × Psychological Well-Being interaction remained significant (β = −.35, SE = .15, p = .02, f²_p = .01), indicating that well-being continued to buffer the stress–GrimAge2 association when accounting for neuroticism.",Variable Specification,"An additional model including both interaction terms of Cumulative Stress × Psychological Well-Being and Cumulative Stress × Neuroticism were examined to investigate how competing factors influence EAA. The results showed that although the protective benefits of psychological well-being remained for GrimAge2 (β =− .35, SE = .15, p = .02, f2p = .01), the moderation of neuroticism was no longer significant (β = .05, SE = .14, p = .72).",,unknown,There is not enough information about the code implementation to determine whether the variables and their roles in the post hoc multiple regression model match the paper description.,,
cha,66,"A post hoc multiple regression model simultaneously included two interaction terms—Cumulative Stress × Overall Psychological Well-Being and Cumulative Stress × Neuroticism—to predict GrimAge2 EAA. In this combined model, the Cumulative Stress × Psychological Well-Being interaction remained significant (β = −.35, SE = .15, p = .02, f²_p = .01), indicating that well-being continued to buffer the stress–GrimAge2 association when accounting for neuroticism.",Transformation Specification,"Hypotheses were tested by multiple linear regressions, with all continuous variables standardized before the analyses. The combined psychological well-being measure was calculated as the average of the standardized scores across the six dimensions of psychological well-being.","# GrimAge2 EAA transformation
subset_dat2 <- subset(dat, !is.na(bra6dmagegrimage2) & !is.na(age_bio))
mod_test2 <- lm(bra6dmagegrimage2 ~ age_bio, data = subset_dat2)

subset_dat2$predict_grimage2 = predict(mod_test2)
subset_dat2$eaa_grim <- subset_dat2$bra6dmagegrimage2 - subset_dat2$predict_grimage2

# Standardization and construction of composite psychological well-being, neuroticism, and cumulative stress
transform_dataset <- function(dataset) {
  dataset <- dataset %>%
    # Change education to years
    mutate(edu = ifelse(edu %in% c(97, 98), NA, edu)) %>%
    mutate(edu_y = dplyr::recode(edu, 
    # recode education into years of education
                            ""1"" = 3,
                            ""2"" = 8,
                            ""3"" = 10.5,
                            ""4"" = 12,
                            ""5"" = 12,
                            ""6"" = 13.5,
                            ""7"" = 15,
                            ""8"" = 14,
                            ""9"" = 16,
                            ""10"" = 17,
                            ""11"" = 18,
                            ""12"" = 20,
                            .default = NA_real_)) %>%
    # Protective Factor (standardize psychological well-being)
    mutate(pwb_purpose_z = as.numeric(scale(pwb_purpose, center = TRUE, scale
                                            = TRUE)),
           pwb_mastery_z = as.numeric(scale(pwb_mastery, center = TRUE, scale                                             = TRUE)),
           pwb_accept_z = as.numeric(scale(pwb_accept, center = TRUE, scale =
                                             TRUE)),
           pwb_relation_z = as.numeric(scale(pwb_relation, center = TRUE,
                                             scale = TRUE)),
           pwb_growth_z = as.numeric(scale(pwb_growth, center = TRUE, scale =
                                             TRUE)),
           pwb_auto_z = as.numeric(scale(pwb_auto, center = TRUE, scale =
                                           TRUE)),
           pwb = (pwb_purpose_z + pwb_mastery_z + pwb_accept_z +
                    pwb_relation_z + pwb_growth_z + pwb_auto_z) / 6,
           pwb_z = as.numeric(scale(pwb, center = TRUE, scale = TRUE)),
           # Risk Factor (standardize neuroticism)
           neuro_z = as.numeric(scale(neuro, center = TRUE, scale = TRUE)),
           # Demographic covariates
           edu_y_z = as.numeric(scale(edu_y, center = TRUE, scale = TRUE)),
           age_bio_z = as.numeric(scale(age_bio, center = TRUE, scale =
                                          TRUE)),
           # Biomarker data covariates
           drinks_bio_z = as.numeric(scale(drinks_bio, center = TRUE, scale =
                                             TRUE)),
           bmi_bio_z = as.numeric(scale(bmi_bio, center = TRUE, scale =
                                          TRUE)),
           # Dummy code smoking status
           smoke_former = ifelse(smoke_bio == 1, 1, 0),
           smoke_current = ifelse(smoke_bio == 2, 1, 0),
           # Standardize cumulative stressor
           cum_stress_11_z = as.numeric(scale(cum_stress_11, center = TRUE,
                                              scale = TRUE))) %>%
    # Convert variables to factors
    mutate(emp = as.factor(emp),
           sex = as.factor(sex),
           child = as.factor(child),
           group = as.factor(group),
           marpartner = as.factor(marpartner),
           race = as.factor(race),
           smoke_bio = as.factor(smoke_bio))
  
  return(dataset)
}

# Apply the function to each dataset
subset_dat1 <- transform_dataset(subset_dat1)
subset_dat2 <- transform_dataset(subset_dat2)
dat <- transform_dataset(dat)",match,The code standardizes continuous variables and constructs the psychological well-being composite exactly as described in the paper. No clear discrepancy is evident between the described transformations and those implemented in the provided code segment.,,
cha,66,"A post hoc multiple regression model simultaneously included two interaction terms—Cumulative Stress × Overall Psychological Well-Being and Cumulative Stress × Neuroticism—to predict GrimAge2 EAA. In this combined model, the Cumulative Stress × Psychological Well-Being interaction remained significant (β = −.35, SE = .15, p = .02, f²_p = .01), indicating that well-being continued to buffer the stress–GrimAge2 association when accounting for neuroticism.",Inference Specification,"The results showed that although the protective benefits of psychological well-being remained for GrimAge2 (β = − .35, SE = .15, p = .02, f2_p = .01), the moderation of neuroticism was no longer significant (β = .05, SE = .14, p = .72).",,unknown,"There is no relevant code provided to assess whether the inference criteria used in the implementation (e.g., alpha thresholds, treatment of p-values) match those described in the paper.",,
cha,67,"Within the same post hoc regression including both interaction terms, the Cumulative Stress × Neuroticism interaction predicting GrimAge2 EAA became non-significant. The estimated coefficient was small (β = .05, SE = .14, p = .72), suggesting that neuroticism's moderating effect was attenuated when psychological well-being moderation was simultaneously modeled.",Model Specification,"Post Hoc Analyses
""An additional model including both interaction terms of Cumulative Stress × Psychological Well-Being and Cumulative Stress × Neuroticism were examined to investigate how competing factors influence EAA.""

Data Analytic Strategy
""Hypotheses were tested by multiple linear regressions, with all continuous variables standardized before the analyses.""",,unknown,"No relevant code was provided to assess whether the implemented model specification (e.g., multiple linear regression with both interaction terms) matches the paper’s description.",,
cha,67,"Within the same post hoc regression including both interaction terms, the Cumulative Stress × Neuroticism interaction predicting GrimAge2 EAA became non-significant. The estimated coefficient was small (β = .05, SE = .14, p = .72), suggesting that neuroticism's moderating effect was attenuated when psychological well-being moderation was simultaneously modeled.",Variable Specification,"An additional model including both interaction terms of Cumulative Stress × Psychological Well-Being and Cumulative Stress × Neuroticism were examined to investigate how competing factors influence EAA. The results showed that although the protective benefits of psychological well-being remained for GrimAge2 (β = −.35, SE = .15, p = .02, f2_p = .01), the moderation of neuroticism was no longer significant (β = .05, SE = .14, p = .72).",,unknown,"No relevant code snippets were provided, so it is impossible to determine whether the variables and their roles in the post hoc regression are implemented as described in the paper.",,
cha,67,"Within the same post hoc regression including both interaction terms, the Cumulative Stress × Neuroticism interaction predicting GrimAge2 EAA became non-significant. The estimated coefficient was small (β = .05, SE = .14, p = .72), suggesting that neuroticism's moderating effect was attenuated when psychological well-being moderation was simultaneously modeled.",Transformation Specification,"Hypotheses were tested by multiple linear regressions, with all continuous variables standardized before the analyses. ... All values for 11 domains were standardized and summed to make a single index of cumulative stressors. ... To calculate EAA from the other epigenetic age measures, we regressed GrimAge2 and PhenoAge on chronological age and computed residuals to index how much older one is biologically compared to one’s chronological age. Thus, a positive value indicated EAA.","# Compute EAA (Epigenetic Age Acceleration)
# PhenoAge EAA
subset_dat1 <- subset(dat, !is.na(bra6dmagephenoage) & !is.na(age_bio))
mod_test2 <- lm(bra6dmagephenoage ~ age_bio, data = subset_dat1)

subset_dat1$predict_phenoage = predict(mod_test2)
subset_dat1$eaa_pheno <- subset_dat1$bra6dmagephenoage - subset_dat1$predict_phenoage

# GrimAge2 EAA
subset_dat2 <- subset(dat, !is.na(bra6dmagegrimage2) & !is.na(age_bio))
mod_test2 <- lm(bra6dmagegrimage2 ~ age_bio, data = subset_dat2)

subset_dat2$predict_grimage2 = predict(mod_test2)
subset_dat2$eaa_grim <- subset_dat2$bra6dmagegrimage2 - subset_dat2$predict_grimage2
...
## Transform/standardize

transform_dataset <- function(dataset) {
  dataset <- dataset %>%
    # Change education to years
    mutate(edu = ifelse(edu %in% c(97, 98), NA, edu)) %>%
    mutate(edu_y = dplyr::recode(edu, 
    # recode education into years of education
                            ""1"" = 3,
                            ""2"" = 8,
                            ""3"" = 10.5,
                            ""4"" = 12,
                            ""5"" = 12,
                            ""6"" = 13.5,
                            ""7"" = 15,
                            ""8"" = 14,
                            ""9"" = 16,
                            ""10"" = 17,
                            ""11"" = 18,
                            ""12"" = 20,
                            .default = NA_real_)) %>%
    # Protective Factor (standardize psychological well-being)
    mutate(pwb_purpose_z = as.numeric(scale(pwb_purpose, center = TRUE, scale
                                            = TRUE)),
           pwb_mastery_z = as.numeric(scale(pwb_mastery, center = TRUE, scale                                             = TRUE)),
           pwb_accept_z = as.numeric(scale(pwb_accept, center = TRUE, scale =
                                             TRUE)),
           pwb_relation_z = as.numeric(scale(pwb_relation, center = TRUE,
                                             scale = TRUE)),
           pwb_growth_z = as.numeric(scale(pwb_growth, center = TRUE, scale =
                                             TRUE)),
           pwb_auto_z = as.numeric(scale(pwb_auto, center = TRUE, scale =
                                           TRUE)),
           pwb = (pwb_purpose_z + pwb_mastery_z + pwb_accept_z +
                    pwb_relation_z + pwb_growth_z + pwb_auto_z) / 6,
           pwb_z = as.numeric(scale(pwb, center = TRUE, scale = TRUE)),
           # Risk Factor (standardize neuroticism)
           neuro_z = as.numeric(scale(neuro, center = TRUE, scale = TRUE)),
           # Demographic covariates
           edu_y_z = as.numeric(scale(edu_y, center = TRUE, scale = TRUE)),
           age_bio_z = as.numeric(scale(age_bio, center = TRUE, scale =
                                          TRUE)),
           # Biomarker data covariates
           drinks_bio_z = as.numeric(scale(drinks_bio, center = TRUE, scale =
                                             TRUE)),
           bmi_bio_z = as.numeric(scale(bmi_bio, center = TRUE, scale =
                                          TRUE)),
           # Dummy code smoking status
           smoke_former = ifelse(smoke_bio == 1, 1, 0),
           smoke_current = ifelse(smoke_bio == 2, 1, 0),
           # Standardize cumulative stressor
           cum_stress_11_z = as.numeric(scale(cum_stress_11, center = TRUE,
                                              scale = TRUE))) %>%
    # Convert variables to factors
    mutate(emp = as.factor(emp),
           sex = as.factor(sex),
           child = as.factor(child),
           group = as.factor(group),
           marpartner = as.factor(marpartner),
           race = as.factor(race),
           smoke_bio = as.factor(smoke_bio))
  
  return(dataset)
}

# Apply the function to each dataset
subset_dat1 <- transform_dataset(subset_dat1)
subset_dat2 <- transform_dataset(subset_dat2)
dat <- transform_dataset(dat)",match,"The code implements EAA as residuals from regressing epigenetic age on chronological age and standardizes continuous predictors, consistent with the paper’s described transformations. Although the construction of the cumulative stress index itself is not shown, the available code for standardizing it and other continuous variables aligns with the paper’s description.",,
cha,67,"Within the same post hoc regression including both interaction terms, the Cumulative Stress × Neuroticism interaction predicting GrimAge2 EAA became non-significant. The estimated coefficient was small (β = .05, SE = .14, p = .72), suggesting that neuroticism's moderating effect was attenuated when psychological well-being moderation was simultaneously modeled.",Inference Specification,"An additional model including both interaction terms of Cumulative Stress × Psychological Well-Being and Cumulative Stress × Neuroticism were examined to investigate how competing factors in‐fluence EAA. The results showed that although the protec‐tive bene‐fits of psychological well-being remained for GrimAge2 (β =− .35, SE = .15, p = .02, f2ₚ = .01), the moderation of neuroti‐cism was no longer signi‐ficant (β = .05, SE = .14, p = .72).",,unknown,"The paper reports regression coefficients, standard errors, p-values, and an effect size, but does not explicitly state the inference criteria (e.g., alpha level), and no relevant code was provided to compare how inference was implemented.",,
cha,68,"Post hoc, a regression model for GrimAge2 EAA was run including both Cumulative Stress × Purpose in Life and Cumulative Stress × Neuroticism interaction terms plus covariates. The buffering interaction with purpose in life remained significant in this combined model, while the interaction involving neuroticism was non-significant, indicating that purpose uniquely moderated stress–GrimAge2 links beyond neuroticism.",Model Specification,"An additional model including both interaction terms of Cumulative Stress × Psychological Well-Being and Cumulative Stress × Neuroticism were examined to investigate how competing factors influence EAA. ... Hypotheses were tested by multiple linear regressions, with all continuous variables standardized before the analyses.",,unknown,"The statistical model is described in the paper as multiple linear regression with both interaction terms included, but no corresponding code is provided to verify that this model specification is actually implemented that way.",,
cha,68,"Post hoc, a regression model for GrimAge2 EAA was run including both Cumulative Stress × Purpose in Life and Cumulative Stress × Neuroticism interaction terms plus covariates. The buffering interaction with purpose in life remained significant in this combined model, while the interaction involving neuroticism was non-significant, indicating that purpose uniquely moderated stress–GrimAge2 links beyond neuroticism.",Variable Specification,"An additional model including both interaction terms of Cumulative Stress × Psychological Well-Being and Cumulative Stress × Neuroticism were examined to investigate how competing factors influence EAA. The results showed that although the protective benefits of psychological well-being remained for GrimAge2 (β = −.35, SE = .15, p = .02, f2p = .01), the moderation of neuroticism was no longer significant (β = .05, SE = .14, p = .72). For the six dimensions of psychological well-being, the buffering effect remained significant for purpose in life, self-acceptance, and positive relations with others. This effect persisted even when the interaction with neuroticism was included in the model, with neuroticism itself remaining nonsignificant throughout.",,unknown,"There is no code provided for this specific analysis-dimension pairing, so it is not possible to determine whether the variables in the implementation match those described in the paper.",,
cha,68,"Post hoc, a regression model for GrimAge2 EAA was run including both Cumulative Stress × Purpose in Life and Cumulative Stress × Neuroticism interaction terms plus covariates. The buffering interaction with purpose in life remained significant in this combined model, while the interaction involving neuroticism was non-significant, indicating that purpose uniquely moderated stress–GrimAge2 links beyond neuroticism.",Transformation Specification,"To calculate EAA from the other epigenetic age measures, we regressed GrimAge2 and PhenoAge on chronological age and computed residuals to index how much older one is biologically compared to one’s chronological age. Thus, a positive value indicated EAA.

Hypotheses were tested by multiple linear regressions, with all continuous variables standardized before the analyses.","# Compute EAA (Epigenetic Age Acceleration)
# PhenoAge EAA
subset_dat1 <- subset(dat, !is.na(bra6dmagephenoage) & !is.na(age_bio))
mod_test2 <- lm(bra6dmagephenoage ~ age_bio, data = subset_dat1)

subset_dat1$predict_phenoage = predict(mod_test2)
subset_dat1$eaa_pheno <- subset_dat1$bra6dmagephenoage - subset_dat1$predict_phenoage

# GrimAge2 EAA
subset_dat2 <- subset(dat, !is.na(bra6dmagegrimage2) & !is.na(age_bio))
mod_test2 <- lm(bra6dmagegrimage2 ~ age_bio, data = subset_dat2)

subset_dat2$predict_grimage2 = predict(mod_test2)
subset_dat2$eaa_grim <- subset_dat2$bra6dmagegrimage2 - subset_dat2$predict_grimage2
...
transform_dataset <- function(dataset) {
  dataset <- dataset %>%
    # Change education to years
    mutate(edu = ifelse(edu %in% c(97, 98), NA, edu)) %>%
    mutate(edu_y = dplyr::recode(edu, 
    # recode education into years of education
                            ""1"" = 3,
                            ""2"" = 8,
                            ""3"" = 10.5,
                            ""4"" = 12,
                            ""5"" = 12,
                            ""6"" = 13.5,
                            ""7"" = 15,
                            ""8"" = 14,
                            ""9"" = 16,
                            ""10"" = 17,
                            ""11"" = 18,
                            ""12"" = 20,
                            .default = NA_real_)) %>%
    # Protective Factor (standardize psychological well-being)
    mutate(pwb_purpose_z = as.numeric(scale(pwb_purpose, center = TRUE, scale
                                            = TRUE)),
           pwb_mastery_z = as.numeric(scale(pwb_mastery, center = TRUE, scale                                             = TRUE)),
           pwb_accept_z = as.numeric(scale(pwb_accept, center = TRUE, scale =
                                             TRUE)),
           pwb_relation_z = as.numeric(scale(pwb_relation, center = TRUE,
                                             scale = TRUE)),
           pwb_growth_z = as.numeric(scale(pwb_growth, center = TRUE, scale =
                                             TRUE)),
           pwb_auto_z = as.numeric(scale(pwb_auto, center = TRUE, scale =
                                           TRUE)),
           pwb = (pwb_purpose_z + pwb_mastery_z + pwb_accept_z +
                    pwb_relation_z + pwb_growth_z + pwb_auto_z) / 6,
           pwb_z = as.numeric(scale(pwb, center = TRUE, scale = TRUE)),
           # Risk Factor (standardize neuroticism)
           neuro_z = as.numeric(scale(neuro, center = TRUE, scale = TRUE)),
           # Demographic covariates
           edu_y_z = as.numeric(scale(edu_y, center = TRUE, scale = TRUE)),
           age_bio_z = as.numeric(scale(age_bio, center = TRUE, scale =
                                          TRUE)),
           # Biomarker data covariates
           drinks_bio_z = as.numeric(scale(drinks_bio, center = TRUE, scale =
                                             TRUE)),
           bmi_bio_z = as.numeric(scale(bmi_bio, center = TRUE, scale =
                                          TRUE)),
           # Dummy code smoking status
           smoke_former = ifelse(smoke_bio == 1, 1, 0),
           smoke_current = ifelse(smoke_bio == 2, 1, 0),
           # Standardize cumulative stressor
           cum_stress_11_z = as.numeric(scale(cum_stress_11, center = TRUE,
                                              scale = TRUE))) %>%
    # Convert variables to factors
    mutate(emp = as.factor(emp),
           sex = as.factor(sex),
           child = as.factor(child),
           group = as.factor(group),
           marpartner = as.factor(marpartner),
           race = as.factor(race),
           smoke_bio = as.factor(smoke_bio))
  
  return(dataset)
}

# Apply the function to each dataset
subset_dat1 <- transform_dataset(subset_dat1)
subset_dat2 <- transform_dataset(subset_dat2)
dat <- transform_dataset(dat)",unknown,,,
cha,68,"Post hoc, a regression model for GrimAge2 EAA was run including both Cumulative Stress × Purpose in Life and Cumulative Stress × Neuroticism interaction terms plus covariates. The buffering interaction with purpose in life remained significant in this combined model, while the interaction involving neuroticism was non-significant, indicating that purpose uniquely moderated stress–GrimAge2 links beyond neuroticism.",Inference Specification,"An additional model including both interaction terms of Cumulative Stress × Psychological Well-Being and Cumulative Stress × Neuroticism were examined to investigate how competing factors influence EAA. The results showed that although the protective benefits of psychological well-being remained for GrimAge2 (β =− .35, SE = .15, p = .02, f2p = .01), the moderation of neuroticism was no longer significant (β = .05, SE = .14, p = .72). For the six dimensions of psychological well-being, the buffering effect remained significant for purpose in life, self-acceptance, and positive relations with others. This effect persisted even when the interaction with neuroticism was included in the model, with neuroticism itself remaining nonsignificant throughout.",,unknown,"There is no available code excerpt for this specific post hoc regression and its inference criteria, so it is not possible to determine whether the implementation matches the paper’s description.",,
cha,69,"Another post hoc regression examined GrimAge2 EAA with both Cumulative Stress × Environmental Mastery and Cumulative Stress × Neuroticism interactions entered together. The text implies that the mastery interaction weakened and may not have remained robustly significant when controlling for neuroticism, while the neuroticism interaction was non-significant; this suggests partial but not uniquely strong moderation by environmental mastery in the combined model.",Model Specification,"Hypotheses were tested by multiple linear regressions, with all continuous variables standardized before the analyses. ... An additional model including both interaction terms of Cumulative Stress × Psychological Well-Being and Cumulative Stress × Neuroticism were examined to investigate how competing factors influence EAA.",,unknown,"The paper specifies multiple linear regression with interaction terms, but no corresponding code was provided to verify whether the implemented model matches this description.",,
cha,69,"Another post hoc regression examined GrimAge2 EAA with both Cumulative Stress × Environmental Mastery and Cumulative Stress × Neuroticism interactions entered together. The text implies that the mastery interaction weakened and may not have remained robustly significant when controlling for neuroticism, while the neuroticism interaction was non-significant; this suggests partial but not uniquely strong moderation by environmental mastery in the combined model.",Variable Specification,"An additional model including both interaction terms of Cumulative Stress × Psychological Well-Being and Cumulative Stress × Neuroticism were examined to investigate how competing factors influence EAA. The results showed that although the protective benefits of psychological well-being remained for GrimAge2 (β = −.35, SE = .15, p = .02, f2p = .01), the moderation of neuroticism was no longer significant (β = .05, SE = .14, p = .72). For the six dimensions of psychological well-being, the buffering effect remained significant for purpose in life, self-acceptance, and positive relations with others. This effect persisted even when the interaction with neuroticism was included in the model, with neuroticism itself remaining nonsignificant throughout.",,unknown,"There is no usable code provided for this analysis-dimension pairing, so it is impossible to determine whether the implemented variables and their roles match the paper description.",,
cha,69,"Another post hoc regression examined GrimAge2 EAA with both Cumulative Stress × Environmental Mastery and Cumulative Stress × Neuroticism interactions entered together. The text implies that the mastery interaction weakened and may not have remained robustly significant when controlling for neuroticism, while the neuroticism interaction was non-significant; this suggests partial but not uniquely strong moderation by environmental mastery in the combined model.",Transformation Specification,"To calculate EAA from the other epigenetic age measures, we regressed GrimAge2 and PhenoAge on chronolog-
ical age and computed residuals to index how much older one is
biologically compared to one ’s chronological age. Thus, a positive
value indicated EAA.
...
All values for 11 domains were
standardized and summed to make a single index of cumulative
stressors (for more details on the constructs, see the online supple-
mental materials, pp. 2–4).
...
The scales were summed to make six sepa-
rate dimensions, and the scores were reverse coded so that higher
scores indicate higher standing in the measure. The combined psy-
chological well-being measure was calculated as the average of the
standardized scores across the six dimensions of psychological
well-being.
...
The four scores were aggre-
gated to make a single index of neuroticism, and values were com-
puted so that higher scores indicate higher neuroticism (α = .73).
...
Hypotheses were tested by multiple linear regressions, with all con-
tinuous variables standardized before the analyses.",,unknown,There is insufficient information about the corresponding code implementation to determine whether the described data transformations match the paper’s description for this analysis.,,
cha,69,"Another post hoc regression examined GrimAge2 EAA with both Cumulative Stress × Environmental Mastery and Cumulative Stress × Neuroticism interactions entered together. The text implies that the mastery interaction weakened and may not have remained robustly significant when controlling for neuroticism, while the neuroticism interaction was non-significant; this suggests partial but not uniquely strong moderation by environmental mastery in the combined model.",Inference Specification,"An additional model including both interaction terms of Cumulative Stress × Psychological Well-Being and Cumulative Stress × Neuroticism were examined to investigate how competing factors influence EAA. The results showed that although the protective benefits of psychological well-being remained for GrimAge2 (β = − .35, SE = .15, p = .02, f2p = .01), the moderation of neuroticism was no longer significant (β = .05, SE = .14, p = .72). For the six dimensions of psychological well-being, the buffering effect remained significant for purpose in life, self-acceptance, and positive relations with others. This effect persisted even when the interaction with neuroticism was included in the model, with neuroticism itself remaining nonsignificant throughout.",,unknown,"The paper reports inferential results (betas, SEs, p-values, and f2p) but no explicit alpha criterion, and no corresponding code or inferential thresholds are provided for this specific post hoc model. Without the relevant code, it is not possible to determine whether the inferential procedures or criteria match the description.",,
cha,70,"A post hoc model predicting GrimAge2 EAA included both Cumulative Stress × Self-Acceptance and Cumulative Stress × Neuroticism interaction terms. The buffering interaction with self-acceptance remained significant, whereas the neuroticism interaction was non-significant, indicating that self-acceptance uniquely mitigated stress-related epigenetic aging beyond effects of neuroticism.",Model Specification,"Hypotheses were tested by multiple linear regressions, with all continuous variables standardized before the analyses. ... An additional model including both interaction terms of Cumulative Stress × Psychological Well-Being and Cumulative Stress × Neuroticism were examined to investigate how competing factors influence EAA.",,unknown,"The paper describes using multiple linear regression with both interaction terms in an additional model, but no corresponding code is provided to verify that this specification was implemented as described.",,
cha,70,"A post hoc model predicting GrimAge2 EAA included both Cumulative Stress × Self-Acceptance and Cumulative Stress × Neuroticism interaction terms. The buffering interaction with self-acceptance remained significant, whereas the neuroticism interaction was non-significant, indicating that self-acceptance uniquely mitigated stress-related epigenetic aging beyond effects of neuroticism.",Variable Specification,"An additional model including both interaction terms of Cumulative Stress × Psychological Well-Being and Cumulative Stress × Neuroticism were examined to investigate how competing factors influence EAA. The results showed that although the protective benefits of psychological well-being remained for GrimAge2 (β =− .35, SE = .15, p = .02, f2p = .01), the moderation of neuroticism was no longer significant (β = .05, SE = .14, p = .72).",,unknown,"It is unclear whether the code matches the paper’s description because no corresponding code snippets were provided for this analysis-dimension pairing. Without the implementation, we cannot verify the specified variables or their roles in the model.",,
cha,70,"A post hoc model predicting GrimAge2 EAA included both Cumulative Stress × Self-Acceptance and Cumulative Stress × Neuroticism interaction terms. The buffering interaction with self-acceptance remained significant, whereas the neuroticism interaction was non-significant, indicating that self-acceptance uniquely mitigated stress-related epigenetic aging beyond effects of neuroticism.",Transformation Specification,"Hypotheses were tested by multiple linear regressions, with all continuous variables standardized before the analyses.
...
To calculate EAA from the other epigenetic age measures, we regressed GrimAge2 and PhenoAge on chronological age and computed residuals to index how much older one is biologically compared to one’s chronological age. Thus, a positive value indicated EAA.","# GrimAge2 EAA
subset_dat2 <- subset(dat, !is.na(bra6dmagegrimage2) & !is.na(age_bio))
mod_test2 <- lm(bra6dmagegrimage2 ~ age_bio, data = subset_dat2)

subset_dat2$predict_grimage2 = predict(mod_test2)
subset_dat2$eaa_grim <- subset_dat2$bra6dmagegrimage2 - subset_dat2$predict_grimage2

## Transform/standardize

transform_dataset <- function(dataset) {
  dataset <- dataset %>%
    # Change education to years
    mutate(edu = ifelse(edu %in% c(97, 98), NA, edu)) %>%
    mutate(edu_y = dplyr::recode(edu, 
    # recode education into years of education
                            ""1"" = 3,
                            ""2"" = 8,
                            ""3"" = 10.5,
                            ""4"" = 12,
                            ""5"" = 12,
                            ""6"" = 13.5,
                            ""7"" = 15,
                            ""8"" = 14,
                            ""9"" = 16,
                            ""10"" = 17,
                            ""11"" = 18,
                            ""12"" = 20,
                            .default = NA_real_)) %>%
    # Protective Factor (standardize psychological well-being)
    mutate(pwb_purpose_z = as.numeric(scale(pwb_purpose, center = TRUE, scale
                                            = TRUE)),
           pwb_mastery_z = as.numeric(scale(pwb_mastery, center = TRUE, scale                                             = TRUE)),
           pwb_accept_z = as.numeric(scale(pwb_accept, center = TRUE, scale =
                                             TRUE)),
           pwb_relation_z = as.numeric(scale(pwb_relation, center = TRUE,
                                             scale = TRUE)),
           pwb_growth_z = as.numeric(scale(pwb_growth, center = TRUE, scale =
                                             TRUE)),
           pwb_auto_z = as.numeric(scale(pwb_auto, center = TRUE, scale =
                                           TRUE)),
           pwb = (pwb_purpose_z + pwb_mastery_z + pwb_accept_z +
                    pwb_relation_z + pwb_growth_z + pwb_auto_z) / 6,
           pwb_z = as.numeric(scale(pwb, center = TRUE, scale = TRUE)),
           # Risk Factor (standardize neuroticism)
           neuro_z = as.numeric(scale(neuro, center = TRUE, scale = TRUE)),
           # Demographic covariates
           edu_y_z = as.numeric(scale(edu_y, center = TRUE, scale = TRUE)),
           age_bio_z = as.numeric(scale(age_bio, center = TRUE, scale =
                                          TRUE)),
           # Biomarker data covariates
           drinks_bio_z = as.numeric(scale(drinks_bio, center = TRUE, scale =
                                             TRUE)),
           bmi_bio_z = as.numeric(scale(bmi_bio, center = TRUE, scale =
                                          TRUE)),
           # Dummy code smoking status
           smoke_former = ifelse(smoke_bio == 1, 1, 0),
           smoke_current = ifelse(smoke_bio == 2, 1, 0),
           # Standardize cumulative stressor
           cum_stress_11_z = as.numeric(scale(cum_stress_11, center = TRUE,
                                              scale = TRUE))) %>%
    # Convert variables to factors
    mutate(emp = as.factor(emp),
           sex = as.factor(sex),
           child = as.factor(child),
           group = as.factor(group),
           marpartner = as.factor(marpartner),
           race = as.factor(race),
           smoke_bio = as.factor(smoke_bio))
  
  return(dataset)
}

# Apply the function to each dataset
subset_dat2 <- transform_dataset(subset_dat2)",unknown,,,
cha,70,"A post hoc model predicting GrimAge2 EAA included both Cumulative Stress × Self-Acceptance and Cumulative Stress × Neuroticism interaction terms. The buffering interaction with self-acceptance remained significant, whereas the neuroticism interaction was non-significant, indicating that self-acceptance uniquely mitigated stress-related epigenetic aging beyond effects of neuroticism.",Inference Specification,"An additional model including both interaction terms of Cumulative Stress × Psychological Well-Being and Cumulative Stress × Neuroticism were examined to investigate how competing factors influence EAA. The results showed that although the protective benefits of psychological well-being remained for GrimAge2 (β = −.35, SE = .15, p = .02, f2p = .01), the moderation of neuroticism was no longer significant (β = .05, SE = .14, p = .72).",,unknown,"There is no available code related to this analysis-dimension pairing, so it is not possible to determine whether the inference criteria used in the implementation match those implied in the paper.",,
cha,71,"In a similar post hoc regression for GrimAge2, both Cumulative Stress × Autonomy and Cumulative Stress × Neuroticism interactions were included. The report suggests that the autonomy interaction did not remain among the subset explicitly noted as robust (unlike purpose, self-acceptance, and positive relations), while the neuroticism interaction was non-significant, indicating limited unique moderation by autonomy in the combined model.",Model Specification,An additional model including both interaction terms of Cumulative Stress × Psychological Well-Being and Cumulative Stress × Neuroticism were examined to investigate how competing factors influence EAA.,,unknown,"The paper describes an additional model including both Cumulative Stress × Psychological Well-Being and Cumulative Stress × Neuroticism interaction terms, but no corresponding code is provided to verify the specific model used.",,
cha,71,"In a similar post hoc regression for GrimAge2, both Cumulative Stress × Autonomy and Cumulative Stress × Neuroticism interactions were included. The report suggests that the autonomy interaction did not remain among the subset explicitly noted as robust (unlike purpose, self-acceptance, and positive relations), while the neuroticism interaction was non-significant, indicating limited unique moderation by autonomy in the combined model.",Variable Specification,"An additional model including both interaction terms of Cumulative Stress × Psychological Well-Being and Cumulative Stress × Neuroticism were examined to investigate how competing factors influence EAA. The results showed that although the protective benefits of psychological well-being remained for GrimAge2 (β =− .35, SE = .15, p = .02, f2
p = .01), the moderation of neuroticism was no longer significant (β = .05, SE = .14, p = .72). For the six dimensions of psychological well-being, the buffering effect remained significant for purpose in life, self-acceptance, and positive relations with others. This effect persisted even when the interaction with neuroticism was included in the model, with neuroticism itself remaining nonsignificant throughout.",,unknown,It is impossible to determine whether the variables and their roles in the described GrimAge2 post hoc regression are implemented as in the paper because no relevant code was provided.,,
cha,71,"In a similar post hoc regression for GrimAge2, both Cumulative Stress × Autonomy and Cumulative Stress × Neuroticism interactions were included. The report suggests that the autonomy interaction did not remain among the subset explicitly noted as robust (unlike purpose, self-acceptance, and positive relations), while the neuroticism interaction was non-significant, indicating limited unique moderation by autonomy in the combined model.",Transformation Specification,"Hypotheses were tested by multiple linear regressions, with all continuous variables standardized before the analyses. All values for 11 domains were standardized and summed to make a single index of cumulative stressors. The scales were summed to make six separate dimensions, and the scores were reverse coded so that higher scores indicate higher standing in the measure. The combined psychological well-being measure was calculated as the average of the standardized scores across the six dimensions of psychological well-being. The four scores were aggregated to make a single index of neuroticism, and values were computed so that higher scores indicate higher neuroticism (α = .73). To calculate EAA from the other epigenetic age measures, we regressed GrimAge2 and PhenoAge on chronological age and computed residuals to index how much older one is biologically compared to one’s chronological age.","## make subset dataset

# Compute EAA (Epigenetic Age Acceleration)
# PhenoAge EAA
subset_dat1 <- subset(dat, !is.na(bra6dmagephenoage) & !is.na(age_bio))
mod_test2 <- lm(bra6dmagephenoage ~ age_bio, data = subset_dat1)

subset_dat1$predict_phenoage = predict(mod_test2)
subset_dat1$eaa_pheno <- subset_dat1$bra6dmagephenoage - subset_dat1$predict_phenoage

# GrimAge2 EAA
subset_dat2 <- subset(dat, !is.na(bra6dmagegrimage2) & !is.na(age_bio))
mod_test2 <- lm(bra6dmagegrimage2 ~ age_bio, data = subset_dat2)

subset_dat2$predict_grimage2 = predict(mod_test2)
subset_dat2$eaa_grim <- subset_dat2$bra6dmagegrimage2 - subset_dat2$predict_grimage2

## Transform/standardize

transform_dataset <- function(dataset) {
  dataset <- dataset %>%
    # Change education to years
    mutate(edu = ifelse(edu %in% c(97, 98), NA, edu)) %>%
    mutate(edu_y = dplyr::recode(edu, 
    # recode education into years of education
                            ""1"" = 3,
                            ""2"" = 8,
                            ""3"" = 10.5,
                            ""4"" = 12,
                            ""5"" = 12,
                            ""6"" = 13.5,
                            ""7"" = 15,
                            ""8"" = 14,
                            ""9"" = 16,
                            ""10"" = 17,
                            ""11"" = 18,
                            ""12"" = 20,
                            .default = NA_real_)) %>%
    # Protective Factor (standardize psychological well-being)
    mutate(pwb_purpose_z = as.numeric(scale(pwb_purpose, center = TRUE, scale
                                            = TRUE)),
           pwb_mastery_z = as.numeric(scale(pwb_mastery, center = TRUE, scale                                             = TRUE)),
           pwb_accept_z = as.numeric(scale(pwb_accept, center = TRUE, scale =
                                             TRUE)),
           pwb_relation_z = as.numeric(scale(pwb_relation, center = TRUE,
                                             scale = TRUE)),
           pwb_growth_z = as.numeric(scale(pwb_growth, center = TRUE, scale =
                                             TRUE)),
           pwb_auto_z = as.numeric(scale(pwb_auto, center = TRUE, scale =
                                           TRUE)),
           pwb = (pwb_purpose_z + pwb_mastery_z + pwb_accept_z +
                    pwb_relation_z + pwb_growth_z + pwb_auto_z) / 6,
           pwb_z = as.numeric(scale(pwb, center = TRUE, scale = TRUE)),
           # Risk Factor (standardize neuroticism)
           neuro_z = as.numeric(scale(neuro, center = TRUE, scale = TRUE)),
           # Demographic covariates
           edu_y_z = as.numeric(scale(edu_y, center = TRUE, scale = TRUE)),
           age_bio_z = as.numeric(scale(age_bio, center = TRUE, scale =
                                          TRUE)),
           # Biomarker data covariates
           drinks_bio_z = as.numeric(scale(drinks_bio, center = TRUE, scale =
                                             TRUE)),
           bmi_bio_z = as.numeric(scale(bmi_bio, center = TRUE, scale =
                                          TRUE)),
           # Dummy code smoking status
           smoke_former = ifelse(smoke_bio == 1, 1, 0),
           smoke_current = ifelse(smoke_bio == 2, 1, 0),
           # Standardize cumulative stressor
           cum_stress_11_z = as.numeric(scale(cum_stress_11, center = TRUE,
                                              scale = TRUE))) %>%
    # Convert variables to factors
    mutate(emp = as.factor(emp),
           sex = as.factor(sex),
           child = as.factor(child),
           group = as.factor(group),
           marpartner = as.factor(marpartner),
           race = as.factor(race),
           smoke_bio = as.factor(smoke_bio))
  
  return(dataset)
}

# Apply the function to each dataset
subset_dat1 <- transform_dataset(subset_dat1)
subset_dat2 <- transform_dataset(subset_dat2)
dat <- transform_dataset(dat)",match,"The code implements the described transformations: epigenetic age acceleration as residuals from regressing GrimAge2/PhenoAge on chronological age, standardized psychological well-being dimensions averaged into a composite, standardized neuroticism and cumulative stress, and z-scoring of continuous covariates. Any additional steps (e.g., reverse coding of scales, creation of the 11-domain cumulative stress index) appear to occur upstream of the shown code and are not contradicted here.",,
cha,71,"In a similar post hoc regression for GrimAge2, both Cumulative Stress × Autonomy and Cumulative Stress × Neuroticism interactions were included. The report suggests that the autonomy interaction did not remain among the subset explicitly noted as robust (unlike purpose, self-acceptance, and positive relations), while the neuroticism interaction was non-significant, indicating limited unique moderation by autonomy in the combined model.",Inference Specification,"An additional model including both interaction terms of Cumulative Stress × Psychological Well-Being and Cumulative Stress × Neuroticism were examined to investigate how competing factors influence EAA. The results showed that although the protective benefits of psychological well-being remained for GrimAge2 (β =− .35, SE = .15, p = .02, f2p = .01), the moderation of neuroticism was no longer significant (β = .05, SE = .14, p = .72). For the six dimensions of psychological well-being, the buffering effect remained significant for purpose in life, self-acceptance, and positive relations with others. This effect persisted even when the interaction with neuroticism was included in the model, with neuroticism itself remaining nonsignificant throughout.",,unknown,"The paper clearly reports p-values and significance for the interaction terms, but no corresponding code or inferential settings (e.g., alpha level, confidence interval criteria) are provided to assess whether the implementation matches this description.",,
cha,72,"A further post hoc model for GrimAge2 EAA involved both Cumulative Stress × Positive Relations With Others and Cumulative Stress × Neuroticism interaction terms. The positive relations interaction remained significant even when the neuroticism interaction was included, while the neuroticism interaction was consistently non-significant, highlighting the distinct protective role of positive social ties.",Model Specification,"Hypotheses were tested by multiple linear regressions, with all continuous variables standardized before the analyses. ... An additional model including both interaction terms of Cumulative Stress × Psychological Well-Being and Cumulative Stress × Neuroticism were examined to investigate how competing factors influence EAA.",,unknown,There is no relevant code provided to verify whether the implementation of the additional multiple linear regression model with both interaction terms matches the paper description.,,
cha,72,"A further post hoc model for GrimAge2 EAA involved both Cumulative Stress × Positive Relations With Others and Cumulative Stress × Neuroticism interaction terms. The positive relations interaction remained significant even when the neuroticism interaction was included, while the neuroticism interaction was consistently non-significant, highlighting the distinct protective role of positive social ties.",Variable Specification,"An additional model including both interaction terms of Cumulative Stress × Psychological Well-Being and Cumulative Stress × Neuroticism were examined to investigate how competing factors influence EAA. The results showed that although the protective benefits of psychological well-being remained for GrimAge2 (β = −.35, SE = .15, p = .02, f2p = .01), the moderation of neuroticism was no longer significant (β = .05, SE = .14, p = .72). For the six dimensions of psychological well-being, the buffering effect remained significant for purpose in life, self-acceptance, and positive relations with others. This effect persisted even when the interaction with neuroticism was included in the model, with neuroticism itself remaining nonsignificant throughout.",,unknown,It is not possible to determine whether the code matches the paper’s description because no relevant code snippets or variable specifications were provided for this analysis-dimension pairing.,,
cha,72,"A further post hoc model for GrimAge2 EAA involved both Cumulative Stress × Positive Relations With Others and Cumulative Stress × Neuroticism interaction terms. The positive relations interaction remained significant even when the neuroticism interaction was included, while the neuroticism interaction was consistently non-significant, highlighting the distinct protective role of positive social ties.",Transformation Specification,"All values for 11 domains were standardized and summed to make a single index of cumulative stressors (for more details on the constructs, see the online supplemental materials, pp. 2–4).

The scales were summed to make six separate dimensions, and the scores were reverse coded so that higher scores indicate higher standing in the measure. The combined psychological well-being measure was calculated as the average of the standardized scores across the six dimensions of psychological well-being.

Participants’ neuroticism was measured as one of the Big Five personality traits. Four adjectives, worrying, nervous, moody, and calm (reverse-coded), were presented and asked to be rated on a 4-point Likert scale (1 = al o tto 4 = n o ta ta l l). The four scores were aggre- gated to make a single index of neuroticism, and values were com- puted so that higher scores indicate higher neuroticism (α = .73).

To calculate EAA from the other epigenetic age measures, we regressed GrimAge2 and PhenoAge on chronological age and computed residuals to index how much older one is biologically compared to one’s chronological age. Thus, a positive value indicated EAA.

Hypotheses were tested by multiple linear regressions, with all con- tinuous variables standardized before the analyses.",,unknown,There is insufficient information about the corresponding code implementation to determine whether the described data transformations match the paper’s description for this analysis.,,
cha,72,"A further post hoc model for GrimAge2 EAA involved both Cumulative Stress × Positive Relations With Others and Cumulative Stress × Neuroticism interaction terms. The positive relations interaction remained significant even when the neuroticism interaction was included, while the neuroticism interaction was consistently non-significant, highlighting the distinct protective role of positive social ties.",Inference Specification,"An additional model including both interaction terms of Cumulative Stress × Psychological Well-Being and Cumulative Stress × Neuroticism were examined to investigate how competing factors influence EAA. The results showed that although the protective benefits of psychological well-being remained for GrimAge2 (β =− .35, SE = .15, p = .02, f2p = .01), the moderation of neuroticism was no longer significant (β = .05, SE = .14, p = .72). For the six dimensions of psychological well-being, the buffering effect remained significant for purpose in life, self-acceptance, and positive relations with others. This effect persisted even when the interaction with neuroticism was included in the model, with neuroticism itself remaining nonsignificant throughout.",,unknown,"There is no available code related to this analysis-dimension pairing, so it is not possible to determine how inference (e.g., p-value thresholds) was implemented relative to the paper’s description.",,
cha,73,"Finally, a post hoc regression tested GrimAge2 EAA as a function of both Cumulative Stress × Personal Growth and Cumulative Stress × Neuroticism interactions. The narrative implies that the personal growth interaction did not remain among the three dimensions with clearly sustained effects, and across all such models the neuroticism interaction was non-significant, suggesting weaker unique buffering by personal growth when neuroticism is modeled concurrently.",Model Specification,An additional model including both interaction terms of Cumulative Stress × Psychological Well-Being and Cumulative Stress × Neuroticism were examined to investigate how competing factors influence EAA.,,unknown,"The paper describes an additional model including both interaction terms, implying some form of regression, but no corresponding code is provided to verify the exact model specification or test type used.",,
cha,73,"Finally, a post hoc regression tested GrimAge2 EAA as a function of both Cumulative Stress × Personal Growth and Cumulative Stress × Neuroticism interactions. The narrative implies that the personal growth interaction did not remain among the three dimensions with clearly sustained effects, and across all such models the neuroticism interaction was non-significant, suggesting weaker unique buffering by personal growth when neuroticism is modeled concurrently.",Variable Specification,"An additional model including both interaction terms of Cumulative Stress × Psychological Well-Being and Cumulative Stress × Neuroticism were examined to investigate how competing factors influence EAA. The results showed that although the protective benefits of psychological well-being remained for GrimAge2 (β =− .35, SE = .15, p = .02, f2p = .01), the moderation of neuroticism was no longer significant ( β = .05, SE = .14, p = .72). For the six dimensions of psychological well-being, the buffering effect remained significant for purpose in life, self-acceptance, and positive relations with others. This effect persisted even when the interaction with neuroticism was included in the model, with neuroticism itself remaining nonsignificant throughout.",,unknown,"There is no usable code information provided for this analysis-dimension pairing, so it is not possible to determine whether the implemented variables and their roles match the description in the paper.",,
cha,73,"Finally, a post hoc regression tested GrimAge2 EAA as a function of both Cumulative Stress × Personal Growth and Cumulative Stress × Neuroticism interactions. The narrative implies that the personal growth interaction did not remain among the three dimensions with clearly sustained effects, and across all such models the neuroticism interaction was non-significant, suggesting weaker unique buffering by personal growth when neuroticism is modeled concurrently.",Transformation Specification,"Hypotheses were tested by multiple linear regressions, with all continuous variables standardized before the analyses. ... The scales were summed to make six separate dimensions, and the scores were reverse coded so that higher scores indicate higher standing in the measure. The combined psychological well-being measure was calculated as the average of the standardized scores across the six dimensions of psychological well-being. ... All values for 11 domains were standardized and summed to make a single index of cumulative stressors (for more details on the constructs, see the online supplemental materials, pp. 2–4).",,unknown,It is not possible to determine whether the transformations described in the paper were implemented in the code because no relevant code excerpts were provided for this analysis-dimension pairing.,,
cha,73,"Finally, a post hoc regression tested GrimAge2 EAA as a function of both Cumulative Stress × Personal Growth and Cumulative Stress × Neuroticism interactions. The narrative implies that the personal growth interaction did not remain among the three dimensions with clearly sustained effects, and across all such models the neuroticism interaction was non-significant, suggesting weaker unique buffering by personal growth when neuroticism is modeled concurrently.",Inference Specification,"An additional model including both interaction terms of Cumulative Stress × Psychological Well-Being and Cumulative Stress × Neuroticism were examined to investigate how competing factors influence EAA. The results showed that although the protective benefits of psychological well-being remained for GrimAge2 (β = − .35, SE = .15, p = .02, f2p = .01), the moderation of neuroticism was no longer significant (β = .05, SE = .14, p = .72). For the six dimensions of psychological well-being, the buffering effect remained significant for purpose in life, self-acceptance, and positive relations with others. This effect persisted even when the interaction with neuroticism was included in the model, with neuroticism itself remaining nonsignificant throughout.",,unknown,"There is no code provided for this analysis-dimension pairing, so it is impossible to determine whether the inference criteria used in the implementation match those described in the paper.",,
