analysis_id,dimension,human_manuscript_content,human_manuscript_location,human_code_content,human_code_location,human_match_judgement,codebot_brief_description,codebot_manuscript_content,codebot_manuscript_location,codebot_code_content,codebot_code_location,codebot_match_judgement,codebot_human_agreement
1,model specification,"We tested differences between the later born and earlier-born cohort in the prevalence of singles
(Hypothesis 1) using a chi-square test and computed Spearman’s rank correlations to assess the association between the prevalence of singles and satisfaction at T1 (Hypothesis 2).",0;2,"chisq.test(table(prev$relt1, prev$histcoh))",1_descriptive_analyses.R:108,1,"Chi-square test comparing the overall prevalence of singles between the earlier-born cohort (Wave 1; 2008–2009) and the later-born cohort (Wave 11; 2018–2019), using relationship status at T1. The test evaluated whether the proportion single differed between cohorts, finding a higher proportion of singles in the later-born cohort (47%) than in the earlier-born cohort (42%), χ²(1) = 52.73, p < .001.",We tested differences between the later-born and earlier-born cohort in the prevalence of singles (Hypothesis 1) using a chi-square test and computed Spearman’s rank correlations to assess the association between the prevalence of singles and satisfaction at T1 (Hypothesis 2).,,"# H1
chisq.test(table(prev$relt1, prev$histcoh))",,1,1
1,variable specification,"We tested differences between the later born and earlier-born cohort in the prevalence of singles
(Hypothesis 1) using a chi-square test and computed Spearman’s rank correlations to assess the association between the prevalence of singles and satisfaction at T1 (Hypothesis 2).",0;2,"anchor1_3$histcoh <- ""earlier-born""[...]anchor11_13$histcoh <- ""later-born"" [...]data <- rbind(anchor1_3, anchor11_13)  [...] data_prevalence <- data %>% select(id, sex, histcoh, agegroup, aget1, relt1, prevalence, sinsatt1, sinsatt2, sinsatt3, lifesatt1, lifesatt2, lifesatt3)[...]# write.table(data_prevalence, ""data_prevalences.txt"") [...]prev <- read.table(""data_prevalences.txt"") [...]chisq.test(table(prev$relt1, prev$histcoh))","0_clean_data.R ; 0_clean_data.R ; 0_clean_data.R ; 0_clean_data.R ; 0_clean_data.R ; 1_descriptive_analyses.R ; 1_descriptive_analyses.R:88,157,196,219,229,95,108",1,"Chi-square test comparing the overall prevalence of singles between the earlier-born cohort (Wave 1; 2008–2009) and the later-born cohort (Wave 11; 2018–2019), using relationship status at T1. The test evaluated whether the proportion single differed between cohorts, finding a higher proportion of singles in the later-born cohort (47%) than in the earlier-born cohort (42%), χ²(1) = 52.73, p < .001.","To test the prevalence hypotheses (Hypotheses 1 and 2), we used a sample of 17,697 individuals from Wave 1 (2008-2009) as the earlier-born cohort, and from Wave 11 (2018-2019) as the later-born cohort, who provided information on their relationship status. [...] Second, we calculated the proportion of singles at T1 (Wave 1 for earlier-born cohort and Wave 11 for later-born cohort), which was done with the prevalence sample of N = 17,697 participants. Higher values indicated a greater share of singles at T1 in the respective cohort.",,"prev <- read.table(""data_prevalences.txt"")

# across age groups
prev %>% group_by(histcoh) %>%
  summarize(n_single = sum(relt1 == 0), 
            n = n())

# separated by age group
prev %>% group_by(histcoh, agegroup) %>%
  summarize(n_single = sum(relt1 == 0), 
            n = n())

# H1
chisq.test(table(prev$relt1, prev$histcoh))

round(prop.table(table(prev[which(prev$histcoh == ""earlier-born""), ""relt1""])), 3)
round(prop.table(table(prev[which(prev$histcoh == ""later-born""), ""relt1""])), 3)",,1,1
1,transformation,,,,,,"Chi-square test comparing the overall prevalence of singles between the earlier-born cohort (Wave 1; 2008–2009) and the later-born cohort (Wave 11; 2018–2019), using relationship status at T1. The test evaluated whether the proportion single differed between cohorts, finding a higher proportion of singles in the later-born cohort (47%) than in the earlier-born cohort (42%), χ²(1) = 52.73, p < .001.","To prepare the data for the analyses, we created two additional variables: intraindividual change over time and prevalence of singles. ... Second, we calculated the proportion of singles at T1 (Wave 1 for earlier-born cohort and Wave 11 for later-born cohort), which was done with the prevalence sample of N = 17,697 participants. Higher values indicated a greater share of singles at T1 in the respective cohort.",,"{""code_value"":""### Participants from wave 1 ###\nanchor1 <- anchor1 %>% select(id, sex_gen, ethni, cohort, age, sd3, np, sat6, sat2) %>%\n  rename(sex = sex_gen,\n         aget1 = age,\n         relt1 = sd3,\n         prevrel = np,\n         lifesatt1 = sat6,\n         sinsatt1 = sat2) %>%\n  replace(((.) < 0), NA) %>%\n  mutate(sex = sex - 1,\n         relt1 = ifelse(relt1 == 2, 0, relt1))\n...\n### Participants from wave 11 ###\nanchor11 <- anchor11 %>% select(id, sex_gen, ethni, cohort, age, relstat, np, sat6, sat2, starts_with(\""per3i\"")) %>%\n  rename(sex = sex_gen,\n         aget1 = age,\n         lifesatt1 = sat6,\n         sinsatt1 = sat2,\n         prevrel = np) %>%\n  mutate(relt1 = ifelse(relstat == 1 |\n                           relstat == 6 |\n                           relstat == 9, 0, 1),\n         sex = sex - 1) %>% \n  replace(((.) < 0), NA) %>%\n  mutate_at(c(10:30), as.numeric) %>%\n  mutate_at(c(\""per3i1\"", \""per3i11\"", \""per3i9\"", \""per3i2\"", \""per3i12\"", \""per3i17\"", \""per3i8\"", \""per3i21\""),\n            ~ recode(., \""1\"" = 5, \""2\"" = 4, \""3\"" = 3, \n                     \""4\"" = 2, \""5\"" = 1)) %>%\n  rowwise() %>%\n  mutate(extra_M = round(mean(c(per3i1, per3i6, per3i11, per3i16), na.rm = TRUE), 2),\n         neuro_M = round(mean(c(per3i4, per3i9, per3i14, per3i19), na.rm = TRUE), 2),\n         agree_M = round(mean(c(per3i2, per3i7, per3i12, per3i17), na.rm = TRUE), 2),\n         consc_M = round(mean(c(per3i3, per3i8, per3i13, per3i18), na.rm = TRUE), 2),\n         open_M = round(mean(c(per3i5, per3i10, per3i15, per3i20, per3i21), na.rm = TRUE), 2)) %>%\n  select(id, sex, ethni, cohort, aget1, relt1, prevrel, lifesatt1, sinsatt1, extra_M, neuro_M, agree_M, consc_M, open_M)\n...\n### create prevalence data\n\ndata <- data %>% group_by(cohort, histcoh) %>%\n  mutate(prevalence = round(length(which(relt1 == 0)) / (length(which(relt1 == 0)) + length(which(relt1 == 1))), 3))\n\n\data_prevalence <- data %>% select(id, sex, histcoh, agegroup, aget1, relt1, prevalence, sinsatt1, sinsatt2, sinsatt3, lifesatt1, lifesatt2, lifesatt3)\n\n# only participants with information on their relationship duration\n\data_prevalence <- data_prevalence %>% filter(!is.na(relt1))\n\n# only participants who did not participate twice\n\data_prevalence <- data_prevalence %>% group_by(id) %>%\n  mutate(total = sum(n()),\n         unique = ifelse(total == 1, 1, 0)) %>%\n  select(-total) %>% arrange(id) %>% slice_head()\n# write.table(data_prevalences.txt, \""data_prevalences.txt\"")"",""evidence"":{""code_path"":""/Users/jamie/git/codebot-for-psychology/data/raw/main/codebot/materials/codebot_pairs/avilles/0_clean_data.R"",""code_lines"":""### Participants from wave 1 ###\nanchor1 <- anchor1 %>% select(id, sex_gen, ethni, cohort, age, sd3, np, sat6, sat2) %>%\n  rename(sex = sex_gen,\n         aget1 = age,\n         relt1 = sd3,\n         prevrel = np,\n         lifesatt1 = sat6,\n         sinsatt1 = sat2) %>%\n  replace(((.) < 0), NA) %>%\n  mutate(sex = sex - 1,\n         relt1 = ifelse(relt1 == 2, 0, relt1))\n\n...\n\n### Participants from wave 11 ###\nanchor11 <- anchor11 %>% select(id, sex_gen, ethni, cohort, age, relstat, np, sat6, sat2, starts_with(\""per3i\"")) %>%\n  rename(sex = sex_gen,\n         aget1 = age,\n         lifesatt1 = sat6,\n         sinsatt1 = sat2,\n         prevrel = np) %>%\n  mutate(relt1 = ifelse(relstat == 1 |\n                           relstat == 6 |\n                           relstat == 9, 0, 1),\n         sex = sex - 1) %>% \n  replace(((.) < 0), NA) %>%\n  mutate_at(c(10:30), as.numeric) %>%\n  mutate_at(c(\""per3i1\"", \""per3i11\"", \""per3i9\"", \""per3i2\"", \""per3i12\"", \""per3i17\"", \""per3i8\"", \""per3i21\""),\n            ~ recode(., \""1\"" = 5, \""2\"" = 4, \""3\"" = 3, \n                     \""4\"" = 2, \""5\"" = 1)) %>%\n  rowwise() %>%\n  mutate(extra_M = round(mean(c(per3i1, per3i6, per3i11, per3i16), na.rm = TRUE), 2),\n         neuro_M = round(mean(c(per3i4, per3i9, per3i14, per3i19), na.rm = TRUE), 2),\n         agree_M = round(mean(c(per3i2, per3i7, per3i12, per3i17), na.rm = TRUE), 2),\n         consc_M = round(mean(c(per3i3, per3i8, per3i13, per3i18), na.rm = TRUE), 2),\n         open_M = round(mean(c(per3i5, per3i10, per3i15, per3i20, per3i21), na.rm = TRUE), 2)) %>%\n  select(id, sex, ethni, cohort, aget1, relt1, prevrel, lifesatt1, sinsatt1, extra_M, neuro_M, agree_M, consc_M, open_M)\n\n...\n\n### create prevalence data\n\ndata <- data %>% group_by(cohort, histcoh) %>%\n  mutate(prevalence = round(length(which(relt1 == 0)) / (length(which(relt1 == 0)) + length(which(relt1 == 1))), 3))\n\n\data_prevalence <- data %>% select(id, sex, histcoh, agegroup, aget1, relt1, prevalence, sinsatt1, sinsatt2, sinsatt3, lifesatt1, lifesatt2, lifesatt3)\n\n# only participants with information on their relationship duration\n\data_prevalence <- data_prevalence %>% filter(!is.na(relt1))\n\n# only participants who did not participate twice\n\data_prevalence <- data_prevalence %>% group_by(id) %>%\n  mutate(total = sum(n()),\n         unique = ifelse(total == 1, 1, 0)) %>%\n  select(-total) %>% arrange(id) %>% slice_head()\n# write.table(data_prevalences.txt, \""data_prevalences.txt\"")""}}",,1,
1,variable specification,"We tested differences between the later born and earlier-born cohort in the prevalence of singles
(Hypothesis 1) using a chi-square test and computed Spearman’s rank correlations to assess the association between the prevalence of singles and satisfaction at T1 (Hypothesis 2).",0;2,"### create prevalence data

data <- data %>% group_by(cohort, histcoh) %>%
  mutate(prevalence = round(length(which(relt1 == 0)) / (length(which(relt1 == 0)) + length(which(relt1 == 1))), 3))

data_prevalence <- data %>% select(id, sex, histcoh, agegroup, aget1, relt1, prevalence, sinsatt1, sinsatt2, sinsatt3, lifesatt1, lifesatt2, lifesatt3)

# only participants with information on their relationship duration
data_prevalence <- data_prevalence %>% filter(!is.na(relt1))

# only participants who did not participate twice
data_prevalence <- data_prevalence %>% group_by(id) %>%
  mutate(total = sum(n()),
         unique = ifelse(total == 1, 1, 0)) %>%
  select(-total) %>% arrange(id) %>% slice_head()
# write.table(data_prevalence, ""data_prevalences.txt"")[...]prev <- read.table(""data_prevalences.txt"") [...] chisq.test(table(prev$relt1, prev$histcoh))","0_clean_data.R ; 1_descriptive_analyses.R ; 1_descriptive_analyses.R:214-229,95,108",1,"Chi-square test comparing the overall prevalence of singles between the earlier-born cohort (Wave 1; 2008–2009) and the later-born cohort (Wave 11; 2018–2019), using relationship status at T1. The test evaluated whether the proportion single differed between cohorts, finding a higher proportion of singles in the later-born cohort (47%) than in the earlier-born cohort (42%), χ²(1) = 52.73, p < .001.","To test the prevalence hypotheses (Hypotheses 1 and 2), we used a sample of 17,697 individuals from Wave 1 (2008-2009) as the earlier-born cohort, and from Wave 11 (2018-2019) as the later-born cohort, who provided information on their relationship status. [...] Second, we calculated the proportion of singles at T1 (Wave 1 for earlier-born cohort and Wave 11 for later-born cohort), which was done with the prevalence sample of N = 17,697 participants. Higher values indicated a greater share of singles at T1 in the respective cohort.",,"prev <- read.table(""data_prevalences.txt"")

# across age groups
prev %>% group_by(histcoh) %>%
  summarize(n_single = sum(relt1 == 0), 
            n = n())

# separated by age group
prev %>% group_by(histcoh, agegroup) %>%
  summarize(n_single = sum(relt1 == 0), 
            n = n())

# H1
chisq.test(table(prev$relt1, prev$histcoh))

round(prop.table(table(prev[which(prev$histcoh == ""earlier-born""), ""relt1""])), 3)
round(prop.table(table(prev[which(prev$histcoh == ""later-born""), ""relt1""])), 3)",,1,1
1,transformation,,,,,,"Chi-square test comparing the overall prevalence of singles between the earlier-born cohort (Wave 1; 2008–2009) and the later-born cohort (Wave 11; 2018–2019), using relationship status at T1. The test evaluated whether the proportion single differed between cohorts, finding a higher proportion of singles in the later-born cohort (47%) than in the earlier-born cohort (42%), χ²(1) = 52.73, p < .001.","To prepare the data for the analyses, we created two additional variables: intraindividual change over time and prevalence of singles. ... Second, we calculated the proportion of singles at T1 (Wave 1 for earlier-born cohort and Wave 11 for later-born cohort), which was done with the prevalence sample of N = 17,697 participants. Higher values indicated a greater share of singles at T1 in the respective cohort.",,"{""code_value"":""### Participants from wave 1 ###\nanchor1 <- anchor1 %>% select(id, sex_gen, ethni, cohort, age, sd3, np, sat6, sat2) %>%\n  rename(sex = sex_gen,\n         aget1 = age,\n         relt1 = sd3,\n         prevrel = np,\n         lifesatt1 = sat6,\n         sinsatt1 = sat2) %>%\n  replace(((.) < 0), NA) %>%\n  mutate(sex = sex - 1,\n         relt1 = ifelse(relt1 == 2, 0, relt1))\n...\n### Participants from wave 11 ###\nanchor11 <- anchor11 %>% select(id, sex_gen, ethni, cohort, age, relstat, np, sat6, sat2, starts_with(\""per3i\"")) %>%\n  rename(sex = sex_gen,\n         aget1 = age,\n         lifesatt1 = sat6,\n         sinsatt1 = sat2,\n         prevrel = np) %>%\n  mutate(relt1 = ifelse(relstat == 1 |\n                           relstat == 6 |\n                           relstat == 9, 0, 1),\n         sex = sex - 1) %>% \n  replace(((.) < 0), NA) %>%\n  mutate_at(c(10:30), as.numeric) %>%\n  mutate_at(c(\""per3i1\"", \""per3i11\"", \""per3i9\"", \""per3i2\"", \""per3i12\"", \""per3i17\"", \""per3i8\"", \""per3i21\""),\n            ~ recode(., \""1\"" = 5, \""2\"" = 4, \""3\"" = 3, \n                     \""4\"" = 2, \""5\"" = 1)) %>%\n  rowwise() %>%\n  mutate(extra_M = round(mean(c(per3i1, per3i6, per3i11, per3i16), na.rm = TRUE), 2),\n         neuro_M = round(mean(c(per3i4, per3i9, per3i14, per3i19), na.rm = TRUE), 2),\n         agree_M = round(mean(c(per3i2, per3i7, per3i12, per3i17), na.rm = TRUE), 2),\n         consc_M = round(mean(c(per3i3, per3i8, per3i13, per3i18), na.rm = TRUE), 2),\n         open_M = round(mean(c(per3i5, per3i10, per3i15, per3i20, per3i21), na.rm = TRUE), 2)) %>%\n  select(id, sex, ethni, cohort, aget1, relt1, prevrel, lifesatt1, sinsatt1, extra_M, neuro_M, agree_M, consc_M, open_M)\n...\n### create prevalence data\n\ndata <- data %>% group_by(cohort, histcoh) %>%\n  mutate(prevalence = round(length(which(relt1 == 0)) / (length(which(relt1 == 0)) + length(which(relt1 == 1))), 3))\n\n\data_prevalence <- data %>% select(id, sex, histcoh, agegroup, aget1, relt1, prevalence, sinsatt1, sinsatt2, sinsatt3, lifesatt1, lifesatt2, lifesatt3)\n\n# only participants with information on their relationship duration\n\data_prevalence <- data_prevalence %>% filter(!is.na(relt1))\n\n# only participants who did not participate twice\n\data_prevalence <- data_prevalence %>% group_by(id) %>%\n  mutate(total = sum(n()),\n         unique = ifelse(total == 1, 1, 0)) %>%\n  select(-total) %>% arrange(id) %>% slice_head()\n# write.table(data_prevalences.txt, \""data_prevalences.txt\"")"",""evidence"":{""code_path"":""/Users/jamie/git/codebot-for-psychology/data/raw/main/codebot/materials/codebot_pairs/avilles/0_clean_data.R"",""code_lines"":""### Participants from wave 1 ###\nanchor1 <- anchor1 %>% select(id, sex_gen, ethni, cohort, age, sd3, np, sat6, sat2) %>%\n  rename(sex = sex_gen,\n         aget1 = age,\n         relt1 = sd3,\n         prevrel = np,\n         lifesatt1 = sat6,\n         sinsatt1 = sat2) %>%\n  replace(((.) < 0), NA) %>%\n  mutate(sex = sex - 1,\n         relt1 = ifelse(relt1 == 2, 0, relt1))\n\n...\n\n### Participants from wave 11 ###\nanchor11 <- anchor11 %>% select(id, sex_gen, ethni, cohort, age, relstat, np, sat6, sat2, starts_with(\""per3i\"")) %>%\n  rename(sex = sex_gen,\n         aget1 = age,\n         lifesatt1 = sat6,\n         sinsatt1 = sat2,\n         prevrel = np) %>%\n  mutate(relt1 = ifelse(relstat == 1 |\n                           relstat == 6 |\n                           relstat == 9, 0, 1),\n         sex = sex - 1) %>% \n  replace(((.) < 0), NA) %>%\n  mutate_at(c(10:30), as.numeric) %>%\n  mutate_at(c(\""per3i1\"", \""per3i11\"", \""per3i9\"", \""per3i2\"", \""per3i12\"", \""per3i17\"", \""per3i8\"", \""per3i21\""),\n            ~ recode(., \""1\"" = 5, \""2\"" = 4, \""3\"" = 3, \n                     \""4\"" = 2, \""5\"" = 1)) %>%\n  rowwise() %>%\n  mutate(extra_M = round(mean(c(per3i1, per3i6, per3i11, per3i16), na.rm = TRUE), 2),\n         neuro_M = round(mean(c(per3i4, per3i9, per3i14, per3i19), na.rm = TRUE), 2),\n         agree_M = round(mean(c(per3i2, per3i7, per3i12, per3i17), na.rm = TRUE), 2),\n         consc_M = round(mean(c(per3i3, per3i8, per3i13, per3i18), na.rm = TRUE), 2),\n         open_M = round(mean(c(per3i5, per3i10, per3i15, per3i20, per3i21), na.rm = TRUE), 2)) %>%\n  select(id, sex, ethni, cohort, aget1, relt1, prevrel, lifesatt1, sinsatt1, extra_M, neuro_M, agree_M, consc_M, open_M)\n\n...\n\n### create prevalence data\n\ndata <- data %>% group_by(cohort, histcoh) %>%\n  mutate(prevalence = round(length(which(relt1 == 0)) / (length(which(relt1 == 0)) + length(which(relt1 == 1))), 3))\n\n\data_prevalence <- data %>% select(id, sex, histcoh, agegroup, aget1, relt1, prevalence, sinsatt1, sinsatt2, sinsatt3, lifesatt1, lifesatt2, lifesatt3)\n\n# only participants with information on their relationship duration\n\data_prevalence <- data_prevalence %>% filter(!is.na(relt1))\n\n# only participants who did not participate twice\n\data_prevalence <- data_prevalence %>% group_by(id) %>%\n  mutate(total = sum(n()),\n         unique = ifelse(total == 1, 1, 0)) %>%\n  select(-total) %>% arrange(id) %>% slice_head()\n# write.table(data_prevalences.txt, \""data_prevalences.txt\"")""}}",,1,
1,inference criterion,"The chi-square test indicated that the later-born (47%) and earlier-born (42%) cohorts significantly differed in their proportions of singles (χ2(1) = 52.73, p < .001).",0,"chisq.test(table(prev$relt1, prev$histcoh))",1_descriptive_analyses.R:108,,"Chi-square test comparing the overall prevalence of singles between the earlier-born cohort (Wave 1; 2008–2009) and the later-born cohort (Wave 11; 2018–2019), using relationship status at T1. The test evaluated whether the proportion single differed between cohorts, finding a higher proportion of singles in the later-born cohort (47%) than in the earlier-born cohort (42%), χ²(1) = 52.73, p < .001.","An a-priori power analysis based on Monte Carlo simulations (1,000 simulations, .80% power, intraclass correlation coefficient [ICC] = .50, α = .01, two-tailed test) using the package SIMR (Green & MacLeod, 2016) in R (R Core Team, 2020) suggested that the sample size was sufficiently large (N > 1,600) to detect small (b = .10) Level 1 (time) and Level 2 (e.g., cohort) main effects as well as medium (b = .30) cross-level interaction effects (e.g., time × age).
...
Given the number of statistical models, we evaluated significance of the multilevel growth-curve models at α level of .01 to address potentially inflated Type 1 error rates.",,"# H1
chisq.test(table(prev$relt1, prev$histcoh))",,,
2,model specification,"We expected a higher prevalence of singles in the laterborn (vs. earlier-born) cohort (Hypothesis 1) and that the higher prevalence is related to higher satisfaction (i.e., satisfaction with singlehood and life satisfaction; Hypothesis 2). [...] We tested differences between the later born and earlier-born cohort in the prevalence of singles
(Hypothesis 1) using a chi-square test and computed Spearman’s rank correlations to assess the association between the prevalence of singles and satisfaction at T1 (Hypothesis 2).",0;2,"cor.test(prev$prevalence, prev$sinsatt1, type = ""spearman"")",1_descriptive_analyses.R:156,1,"Spearman rank-order correlation between the cohort-level prevalence of singles at T1 and mean singlehood satisfaction at T1 across cohorts and age groups. The analysis tested whether cohorts with a higher share of singles also showed higher singlehood satisfaction, finding a positive association, rs(7,488) = .20, p < .001.","We tested differences between the later-
born and earlier-born cohort in the prevalence of singles (Hypothesis 1) using a chi-square test and computed Spear-
man’s rank correlations to assess the association between the
prevalence of singles and satisfaction at T1 (Hypothesis 2).",,"### Is prevalence related to well-being? ###

prev <- prev %>% filter(relt1 == 0)

cor.test(prev$prevalence, prev$sinsatt1, type = ""spearman"")
cor.test(prev$prevalence, prev$lifesatt1, type = ""spearman"")",,1,1
2,variable specification,"We expected a higher prevalence of singles in the laterborn (vs. earlier-born) cohort (Hypothesis 1) and that the higher prevalence is related to higher satisfaction (i.e., satisfaction with singlehood and life satisfaction; Hypothesis 2). [...] We tested differences between the later born and earlier-born cohort in the prevalence of singles
(Hypothesis 1) using a chi-square test and computed Spearman’s rank correlations to assess the association between the prevalence of singles and satisfaction at T1 (Hypothesis 2).",0;2,"### create prevalence data

data <- data %>% group_by(cohort, histcoh) %>%
  mutate(prevalence = round(length(which(relt1 == 0)) / (length(which(relt1 == 0)) + length(which(relt1 == 1))), 3))

data_prevalence <- data %>% select(id, sex, histcoh, agegroup, aget1, relt1, prevalence, sinsatt1, sinsatt2, sinsatt3, lifesatt1, lifesatt2, lifesatt3)

# only participants with information on their relationship duration
data_prevalence <- data_prevalence %>% filter(!is.na(relt1))

# only participants who did not participate twice
data_prevalence <- data_prevalence %>% group_by(id) %>%
  mutate(total = sum(n()),
         unique = ifelse(total == 1, 1, 0)) %>%
  select(-total) %>% arrange(id) %>% slice_head()
# write.table(data_prevalence, ""data_prevalences.txt"")[...]prev <- read.table(""data_prevalences.txt"")[...]prev <- prev %>% filter(relt1 == 0)[…]cor.test(prev$prevalence, prev$sinsatt1, type = ""spearman"")","0_clean_data.R ; 1_descriptive_analyses.R ; 1_descriptive_analyses.R ; 1_descriptive_analyses.R:214-229,95,154,156",1,"Spearman rank-order correlation between the cohort-level prevalence of singles at T1 and mean singlehood satisfaction at T1 across cohorts and age groups. The analysis tested whether cohorts with a higher share of singles also showed higher singlehood satisfaction, finding a positive association, rs(7,488) = .20, p < .001.","Second, we calculated the proportion of singles at T1 (Wave 1 for earlier-born cohort and Wave 11 for later-born cohort), which was done with the prevalence sample of N = 17,697 participants. Higher values indicated a greater share of singles at T1 in the respective cohort.

We expected a higher prevalence of singles in the later-born (vs. earlier-born) cohort (Hypothesis 1) and that the higher prevalence is related to higher satisfaction (i.e., satisfaction with singlehood and life satisfaction; Hypothesis 2).

We ... computed Spearman’s rank correlations to assess the association between the prevalence of singles and satisfaction at T1 (Hypothesis 2).

The proportion of singles was significantly associated with higher singlehood satisfaction (rs(7,488) = .20, p < .001) and higher life satisfaction (rs(7,637) = .33, p < .001). Thus, in line with Hypothesis 2, the higher the share of singles in a birth cohort, the more satisfied singles were with their singlehood and life in general.",,"### Is prevalence related to well-being? ###

prev <- prev %>% filter(relt1 == 0)

cor.test(prev$prevalence, prev$sinsatt1, type = ""spearman"")
cor.test(prev$prevalence, prev$lifesatt1, type = ""spearman"")",,1,1
2,transformation,,,,,,"Spearman rank-order correlation between the cohort-level prevalence of singles at T1 and mean singlehood satisfaction at T1 across cohorts and age groups. The analysis tested whether cohorts with a higher share of singles also showed higher singlehood satisfaction, finding a positive association, rs(7,488) = .20, p < .001.","Second, we calculated the proportion of singles at T1 (Wave 1 for earlier-born cohort and Wave 11 for later-born cohort), which was done with the prevalence sample of N = 17,697 participants. Higher values indicated a greater share of singles at T1 in the respective cohort.

We tested differences between the later-born and earlier-born cohort in the prevalence of singles (Hypothesis 1) using a chi-square test and computed Spearman’s rank correlations to assess the association between the prevalence of singles and satisfaction at T1 (Hypothesis 2).",,"### create prevalence data

data <- data %>% group_by(cohort, histcoh) %>%
  mutate(prevalence = round(length(which(relt1 == 0)) / (length(which(relt1 == 0)) + length(which(relt1 == 1))), 3))


data_prevalence <- data %>% select(id, sex, histcoh, agegroup, aget1, relt1, prevalence, sinsatt1, sinsatt2, sinsatt3, lifesatt1, lifesatt2, lifesatt3)

# only participants with information on their relationship duration

data_prevalence <- data_prevalence %>% filter(!is.na(relt1))

# only participants who did not participate twice

data_prevalence <- data_prevalence %>% group_by(id) %>%
  mutate(total = sum(n()),
         unique = ifelse(total == 1, 1, 0)) %>%
  select(-total) %>% arrange(id) %>% slice_head()",,1,
2,variable specification,"We expected a higher prevalence of singles in the laterborn (vs. earlier-born) cohort (Hypothesis 1) and that the higher prevalence is related to higher satisfaction (i.e., satisfaction with singlehood and life satisfaction; Hypothesis 2). [...] We tested differences between the later born and earlier-born cohort in the prevalence of singles
(Hypothesis 1) using a chi-square test and computed Spearman’s rank correlations to assess the association between the prevalence of singles and satisfaction at T1 (Hypothesis 2).",0;2,"prev <- read.table(""data_prevalences.txt"")[...]prev <- prev %>% filter(relt1 == 0)[…]cor.test(prev$prevalence, prev$sinsatt1, type = ""spearman"")","1_descriptive_analyses.R:95,154, 156",1,"Spearman rank-order correlation between the cohort-level prevalence of singles at T1 and mean singlehood satisfaction at T1 across cohorts and age groups. The analysis tested whether cohorts with a higher share of singles also showed higher singlehood satisfaction, finding a positive association, rs(7,488) = .20, p < .001.","Second, we calculated the proportion of singles at T1 (Wave 1 for earlier-born cohort and Wave 11 for later-born cohort), which was done with the prevalence sample of N = 17,697 participants. Higher values indicated a greater share of singles at T1 in the respective cohort.

We expected a higher prevalence of singles in the later-born (vs. earlier-born) cohort (Hypothesis 1) and that the higher prevalence is related to higher satisfaction (i.e., satisfaction with singlehood and life satisfaction; Hypothesis 2).

We ... computed Spearman’s rank correlations to assess the association between the prevalence of singles and satisfaction at T1 (Hypothesis 2).

The proportion of singles was significantly associated with higher singlehood satisfaction (rs(7,488) = .20, p < .001) and higher life satisfaction (rs(7,637) = .33, p < .001). Thus, in line with Hypothesis 2, the higher the share of singles in a birth cohort, the more satisfied singles were with their singlehood and life in general.",,"### Is prevalence related to well-being? ###

prev <- prev %>% filter(relt1 == 0)

cor.test(prev$prevalence, prev$sinsatt1, type = ""spearman"")
cor.test(prev$prevalence, prev$lifesatt1, type = ""spearman"")",,1,1
2,transformation,,,,,,"Spearman rank-order correlation between the cohort-level prevalence of singles at T1 and mean singlehood satisfaction at T1 across cohorts and age groups. The analysis tested whether cohorts with a higher share of singles also showed higher singlehood satisfaction, finding a positive association, rs(7,488) = .20, p < .001.","Second, we calculated the proportion of singles at T1 (Wave 1 for earlier-born cohort and Wave 11 for later-born cohort), which was done with the prevalence sample of N = 17,697 participants. Higher values indicated a greater share of singles at T1 in the respective cohort.

We tested differences between the later-born and earlier-born cohort in the prevalence of singles (Hypothesis 1) using a chi-square test and computed Spearman’s rank correlations to assess the association between the prevalence of singles and satisfaction at T1 (Hypothesis 2).",,"### create prevalence data

data <- data %>% group_by(cohort, histcoh) %>%
  mutate(prevalence = round(length(which(relt1 == 0)) / (length(which(relt1 == 0)) + length(which(relt1 == 1))), 3))


data_prevalence <- data %>% select(id, sex, histcoh, agegroup, aget1, relt1, prevalence, sinsatt1, sinsatt2, sinsatt3, lifesatt1, lifesatt2, lifesatt3)

# only participants with information on their relationship duration

data_prevalence <- data_prevalence %>% filter(!is.na(relt1))

# only participants who did not participate twice

data_prevalence <- data_prevalence %>% group_by(id) %>%
  mutate(total = sum(n()),
         unique = ifelse(total == 1, 1, 0)) %>%
  select(-total) %>% arrange(id) %>% slice_head()",,1,
2,inference criterion,"The proportion of singles was significantly associated with higher singlehood satisfaction (rs(7,488) = .20, p <.001) and higher life satisfaction (rs(7,637) = .33, p<.001).",0,"cor.test(prev$prevalence, prev$sinsatt1, type = ""spearman"")",1_descriptive_analyses.R:156,0,"Spearman rank-order correlation between the cohort-level prevalence of singles at T1 and mean singlehood satisfaction at T1 across cohorts and age groups. The analysis tested whether cohorts with a higher share of singles also showed higher singlehood satisfaction, finding a positive association, rs(7,488) = .20, p < .001.","The proportion of singles was significantly associated with higher singlehood satisfaction (rs(7,488) = .20, p < .001) and higher life satisfaction (rs(7,637) = .33, p < .001).",,"cor.test(prev$prevalence, prev$sinsatt1, type = ""spearman"")
cor.test(prev$prevalence, prev$lifesatt1, type = ""spearman"")",,1,0
3,model specification,"We expected a higher prevalence of singles in the laterborn (vs. earlier-born) cohort (Hypothesis 1) and that the higher prevalence is related to higher satisfaction (i.e., satisfaction with singlehood and life satisfaction; Hypothesis 2). [...] We tested differences between the later born and earlier-born cohort in the prevalence of singles
(Hypothesis 1) using a chi-square test and computed Spearman’s rank correlations to assess the association between the prevalence of singles and satisfaction at T1 (Hypothesis 2).",0;2,"cor.test(prev$prevalence, prev$sinsatt1, type = ""spearman"")",1_descriptive_analyses.R:156,1,,,,,,,
3,variable specification,"We expected a higher prevalence of singles in the laterborn (vs. earlier-born) cohort (Hypothesis 1) and that the higher prevalence is related to higher satisfaction (i.e., satisfaction with singlehood and life satisfaction; Hypothesis 2). [...] We tested differences between the later born and earlier-born cohort in the prevalence of singles
(Hypothesis 1) using a chi-square test and computed Spearman’s rank correlations to assess the association between the prevalence of singles and satisfaction at T1 (Hypothesis 2).",0;2,"### create prevalence data

data <- data %>% group_by(cohort, histcoh) %>%
  mutate(prevalence = round(length(which(relt1 == 0)) / (length(which(relt1 == 0)) + length(which(relt1 == 1))), 3))

data_prevalence <- data %>% select(id, sex, histcoh, agegroup, aget1, relt1, prevalence, sinsatt1, sinsatt2, sinsatt3, lifesatt1, lifesatt2, lifesatt3)

# only participants with information on their relationship duration
data_prevalence <- data_prevalence %>% filter(!is.na(relt1))

# only participants who did not participate twice
data_prevalence <- data_prevalence %>% group_by(id) %>%
  mutate(total = sum(n()),
         unique = ifelse(total == 1, 1, 0)) %>%
  select(-total) %>% arrange(id) %>% slice_head()
# write.table(data_prevalence, ""data_prevalences.txt"")[...]prev <- read.table(""data_prevalences.txt"")[...]prev <- prev %>% filter(relt1 == 0)[…]cor.test(prev$prevalence, prev$sinsatt1, type = ""spearman"")","0_clean_data.R ; 1_descriptive_analyses.R ; 1_descriptive_analyses.R ; 1_descriptive_analyses.R:214-229,95,154,156",1,,,,,,,
3,transformation,,,,,,,,,,,,
3,variable specification,"We expected a higher prevalence of singles in the laterborn (vs. earlier-born) cohort (Hypothesis 1) and that the higher prevalence is related to higher satisfaction (i.e., satisfaction with singlehood and life satisfaction; Hypothesis 2). [...] We tested differences between the later born and earlier-born cohort in the prevalence of singles
(Hypothesis 1) using a chi-square test and computed Spearman’s rank correlations to assess the association between the prevalence of singles and satisfaction at T1 (Hypothesis 2).",0;2,"prev <- read.table(""data_prevalences.txt"")[...]prev <- prev %>% filter(relt1 == 0)[…]cor.test(prev$prevalence, prev$sinsatt1, type = ""spearman"")","1_descriptive_analyses.R:95,154, 156",1,,,,,,,
3,transformation,,,,,,,,,,,,
3,inference criterion,"The proportion of singles was significantly associated with higher singlehood satisfaction (rs(7,488) = .20, p <.001) and higher life satisfaction (rs(7,637) = .33, p<.001).",0,"cor.test(prev$prevalence, prev$sinsatt1, type = ""spearman"")",1_descriptive_analyses.R:156,0,,,,,,,
4,model specification,"Table 2 shows the means, standard deviations, and zeroorder correlations among the study variables across birth cohorts and age groups (see Supplemental Table S2 for means and standard deviations separated by birth cohorts and age groups). [...] Descriptive Characteristics and Pearson Correlations Among the Study Variables",0;2,"cor <- rcorr(as.matrix(data[, c(""sinsatt1"", ""sinsatt2"", ""sinsatt3"", ""lifesatt1"", ""lifesatt2"", ""lifesatt3"", ""extra_M"", ""neuro_M"")]), type = ""pearson"")",1_descriptive_analyses.R:56,1,,,,,,,
4,variable specification,T1 singlehood satisfaction,2,"data <- read.table(""data_wide.txt"") […] cor <- rcorr(as.matrix(data[, c(""sinsatt1"", ""sinsatt2"", ""sinsatt3"", ""lifesatt1"", ""lifesatt2"", ""lifesatt3"", ""extra_M"", ""neuro_M"")]), type = ""pearson"")",1_descriptive_analyses.R:9;56,1,,,,,,,
4,transformation,,,,,,,,,,,,
4,variable specification,T2 singlehood satisfaction,2,"data <- read.table(""data_wide.txt"") […] cor <- rcorr(as.matrix(data[, c(""sinsatt1"", ""sinsatt2"", ""sinsatt3"", ""lifesatt1"", ""lifesatt2"", ""lifesatt3"", ""extra_M"", ""neuro_M"")]), type = ""pearson"")",1_descriptive_analyses.R:9;56,1,,,,,,,
4,transformation,,,,,,,,,,,,
4,inference criterion,p < .005.,2,"cor <- rcorr(as.matrix(data[, c(""sinsatt1"", ""sinsatt2"", ""sinsatt3"", ""lifesatt1"", ""lifesatt2"", ""lifesatt3"", ""extra_M"", ""neuro_M"")]), type = ""pearson"")",1_descriptive_analyses.R:56,,,,,,,,
5,model specification,"Table 2 shows the means, standard deviations, and zeroorder correlations among the study variables across birth cohorts and age groups (see Supplemental Table S2 for means and standard deviations separated by birth cohorts and age groups). [...] Descriptive Characteristics and Pearson Correlations Among the Study Variables",0;2,"cor <- rcorr(as.matrix(data[, c(""sinsatt1"", ""sinsatt2"", ""sinsatt3"", ""lifesatt1"", ""lifesatt2"", ""lifesatt3"", ""extra_M"", ""neuro_M"")]), type = ""pearson"")",1_descriptive_analyses.R:56,1,,,,,,,
5,variable specification,T1 singlehood satisfaction,2,"data <- read.table(""data_wide.txt"") […] cor <- rcorr(as.matrix(data[, c(""sinsatt1"", ""sinsatt2"", ""sinsatt3"", ""lifesatt1"", ""lifesatt2"", ""lifesatt3"", ""extra_M"", ""neuro_M"")]), type = ""pearson"")",1_descriptive_analyses.R:9;56,1,,,,,,,
5,transformation,,,,,,,,,,,,
5,variable specification,T3 singlehood satisfaction,2,"data <- read.table(""data_wide.txt"") […] cor <- rcorr(as.matrix(data[, c(""sinsatt1"", ""sinsatt2"", ""sinsatt3"", ""lifesatt1"", ""lifesatt2"", ""lifesatt3"", ""extra_M"", ""neuro_M"")]), type = ""pearson"")",1_descriptive_analyses.R:9;56,1,,,,,,,
5,transformation,,,,,,,,,,,,
5,inference criterion,p < .005.,2,"cor <- rcorr(as.matrix(data[, c(""sinsatt1"", ""sinsatt2"", ""sinsatt3"", ""lifesatt1"", ""lifesatt2"", ""lifesatt3"", ""extra_M"", ""neuro_M"")]), type = ""pearson"")",1_descriptive_analyses.R:56,,,,,,,,
6,model specification,"Table 2 shows the means, standard deviations, and zeroorder correlations among the study variables across birth cohorts and age groups (see Supplemental Table S2 for means and standard deviations separated by birth cohorts and age groups). [...] Descriptive Characteristics and Pearson Correlations Among the Study Variables",0;2,"cor <- rcorr(as.matrix(data[, c(""sinsatt1"", ""sinsatt2"", ""sinsatt3"", ""lifesatt1"", ""lifesatt2"", ""lifesatt3"", ""extra_M"", ""neuro_M"")]), type = ""pearson"")",1_descriptive_analyses.R:56,1,,,,,,,
6,variable specification,T1 singlehood satisfaction,2,"data <- read.table(""data_wide.txt"") […] cor <- rcorr(as.matrix(data[, c(""sinsatt1"", ""sinsatt2"", ""sinsatt3"", ""lifesatt1"", ""lifesatt2"", ""lifesatt3"", ""extra_M"", ""neuro_M"")]), type = ""pearson"")",1_descriptive_analyses.R:9;56,1,,,,,,,
6,transformation,,,,,,,,,,,,
6,variable specification,T1 life satisfaction,2,"data <- read.table(""data_wide.txt"") […] cor <- rcorr(as.matrix(data[, c(""sinsatt1"", ""sinsatt2"", ""sinsatt3"", ""lifesatt1"", ""lifesatt2"", ""lifesatt3"", ""extra_M"", ""neuro_M"")]), type = ""pearson"")",1_descriptive_analyses.R:9;56,1,,,,,,,
6,transformation,,,,,,,,,,,,
6,inference criterion,p < .005.,2,"cor <- rcorr(as.matrix(data[, c(""sinsatt1"", ""sinsatt2"", ""sinsatt3"", ""lifesatt1"", ""lifesatt2"", ""lifesatt3"", ""extra_M"", ""neuro_M"")]), type = ""pearson"")",1_descriptive_analyses.R:56,,,,,,,,
7,model specification,"Table 2 shows the means, standard deviations, and zeroorder correlations among the study variables across birth cohorts and age groups (see Supplemental Table S2 for means and standard deviations separated by birth cohorts and age groups). [...] Descriptive Characteristics and Pearson Correlations Among the Study Variables",0;2,"cor <- rcorr(as.matrix(data[, c(""sinsatt1"", ""sinsatt2"", ""sinsatt3"", ""lifesatt1"", ""lifesatt2"", ""lifesatt3"", ""extra_M"", ""neuro_M"")]), type = ""pearson"")",1_descriptive_analyses.R:56,1,,,,,,,
7,variable specification,T1 singlehood satisfaction,2,"data <- read.table(""data_wide.txt"") […] cor <- rcorr(as.matrix(data[, c(""sinsatt1"", ""sinsatt2"", ""sinsatt3"", ""lifesatt1"", ""lifesatt2"", ""lifesatt3"", ""extra_M"", ""neuro_M"")]), type = ""pearson"")",1_descriptive_analyses.R:9;56,1,,,,,,,
7,transformation,,,,,,,,,,,,
7,variable specification,T2 life satisfaction,2,"data <- read.table(""data_wide.txt"") […] cor <- rcorr(as.matrix(data[, c(""sinsatt1"", ""sinsatt2"", ""sinsatt3"", ""lifesatt1"", ""lifesatt2"", ""lifesatt3"", ""extra_M"", ""neuro_M"")]), type = ""pearson"")",1_descriptive_analyses.R:9;56,1,,,,,,,
7,transformation,,,,,,,,,,,,
7,inference criterion,p < .005.,2,"cor <- rcorr(as.matrix(data[, c(""sinsatt1"", ""sinsatt2"", ""sinsatt3"", ""lifesatt1"", ""lifesatt2"", ""lifesatt3"", ""extra_M"", ""neuro_M"")]), type = ""pearson"")",1_descriptive_analyses.R:56,,,,,,,,
8,model specification,"Table 2 shows the means, standard deviations, and zeroorder correlations among the study variables across birth cohorts and age groups (see Supplemental Table S2 for means and standard deviations separated by birth cohorts and age groups). [...] Descriptive Characteristics and Pearson Correlations Among the Study Variables",0;2,"cor <- rcorr(as.matrix(data[, c(""sinsatt1"", ""sinsatt2"", ""sinsatt3"", ""lifesatt1"", ""lifesatt2"", ""lifesatt3"", ""extra_M"", ""neuro_M"")]), type = ""pearson"")",1_descriptive_analyses.R:56,1,"Pearson correlation between T2 singlehood satisfaction and extraversion, testing if extraversion is related to later singlehood satisfaction. The correlation was small and positive, r ≈ .05, p < .005.","Table 2. Descriptive Characteristics and Pearson Correlations Among the Study Variables.
...
Table 2 shows the means, standard deviations, and zero-order correlations among the study variables across birth cohorts and age groups (see Supplemental Table S2 for means and standard deviations separated by birth cohorts and age groups).",,"#### Table 2: Descriptive characteristics and Pearson correlations among study variables ###############

# Correlations across key variables

library(Hmisc)

cor <- rcorr(as.matrix(data[, c(""sinsatt1"", ""sinsatt2"", ""sinsatt3"", ""lifesatt1"", ""lifesatt2"", ""lifesatt3"", ""extra_M"", ""neuro_M"")]), type = ""pearson"")
cor_r <- as.data.frame(round(cor$r, 2))",,1,1
8,variable specification,T1 singlehood satisfaction,2,"data <- read.table(""data_wide.txt"") […] cor <- rcorr(as.matrix(data[, c(""sinsatt1"", ""sinsatt2"", ""sinsatt3"", ""lifesatt1"", ""lifesatt2"", ""lifesatt3"", ""extra_M"", ""neuro_M"")]), type = ""pearson"")",1_descriptive_analyses.R:9;56,1,"Pearson correlation between T2 singlehood satisfaction and extraversion, testing if extraversion is related to later singlehood satisfaction. The correlation was small and positive, r ≈ .05, p < .005.","Table 2 shows the means, standard deviations, and zero-order correlations among the study variables across birth cohorts and age groups (see Supplemental Table S2 for means and standard deviations separated by birth cohorts and age groups). Satisfaction with singlehood and life satisfaction were positively correlated with each other: The more satisfied singles felt with their singlehood, the more satisfied they were with their lives. Both satisfaction measures were positively associated with extraversion and negatively associated with neuroticism.",,"#### Table 2: Descriptive characteristics and Pearson correlations among study variables ###############

# Correlations across key variables

library(Hmisc)

cor <- rcorr(as.matrix(data[, c(""sinsatt1"", ""sinsatt2"", ""sinsatt3"", ""lifesatt1"", ""lifesatt2"", ""lifesatt3"", ""extra_M"", ""neuro_M"")]), type = ""pearson"")
cor_r <- as.data.frame(round(cor$r, 2))
...
# sample sizes
row.names(cor_r)[1:8] <- c(paste0(""1. T1 Satisfaction with singlehood (n = "", cor$n[1,1], "")""),
                           paste0(""2. T2 Satisfaction with singlehood (n = "", cor$n[2,2], "")""),
                           paste0(""3. T3 Satisfaction with singlehood (n = "", cor$n[3,3], "")""),
                           paste0(""4. T1 Life satisfaction (n = "", cor$n[4,4], "")""),
                           paste0(""5. T2 Life satisfaction (n = "", cor$n[5,5], "")""),
                           paste0(""6. T3 Life satisfaction (n = "", cor$n[6,6], "")""),
                           paste0(""7. Extraversion (n = "", cor$n[7,7], "")""),
                           paste0(""8. Neuroticism (n = "", cor$n[8,8], "")""))",,1,1
8,transformation,,,,,,"Pearson correlation between T2 singlehood satisfaction and extraversion, testing if extraversion is related to later singlehood satisfaction. The correlation was small and positive, r ≈ .05, p < .005.","The dimensions extraversion (e.g., ""I get enthusiastic easily and can motivate others eas-
ily"") and neuroticism (e.g., ""I worry a lot"") were assessed 
with four items each. The response format ranged from 1 
(absolutely incorrect) to 5 (absolutely correct). For each trait, 
we used wave-specific mean scores.",,"anchor2 <- anchor2 %>% select(id, age, relstat, starts_with(""ehc2p""), sat6, sat2, starts_with(""per3i"")) %>%
  rename(aget2 = age,
         lifesatt2 = sat6,
         sinsatt2 = sat2) %>%
  replace(((.) < 0), NA) %>%
  mutate(relt2 = ifelse(relstat == 1 |
                          relstat == 6 |
                          relstat == 9, 0, 1)) %>% 
  select(-c(ehc2p1, ehc2p2, ehc2p3, ehc2p4, ehc2p5)) %>%
  mutate(months_rel_t1_t2 = rowSums(.[c(4:93)], na.rm = TRUE)) %>%
  mutate_at(c(96:116), as.numeric) %>%
  mutate_at(c(""per3i1"", ""per3i11"", ""per3i9"", ""per3i2"", ""per3i12"", ""per3i17"", ""per3i8"", ""per3i21""),
            ~ recode(., ""1"" = 5, ""2"" = 4, ""3"" = 3, 
                     ""4"" = 2, ""5"" = 1)) %>%
  rowwise() %>%
  mutate(extra_M = round(mean(c(per3i1, per3i6, per3i11, per3i16), na.rm = TRUE), 2),
         neuro_M = round(mean(c(per3i4, per3i9, per3i14, per3i19), na.rm = TRUE), 2),
         agree_M = round(mean(c(per3i2, per3i7, per3i12, per3i17), na.rm = TRUE), 2),
         consc_M = round(mean(c(per3i3, per3i8, per3i13, per3i18), na.rm = TRUE), 2),
         open_M = round(mean(c(per3i5, per3i10, per3i15, per3i20, per3i21), na.rm = TRUE), 2)) %>%
  select(id, aget2, relt2, months_rel_t1_t2, lifesatt2, sinsatt2, extra_M, neuro_M, agree_M, consc_M, open_M)

cor <- rcorr(as.matrix(data[, c(""sinsatt1"", ""sinsatt2"", ""sinsatt3"", ""lifesatt1"", ""lifesatt2"", ""lifesatt3"", ""extra_M"", ""neuro_M"")]), type = ""pearson"")",,1,
8,variable specification,T3 life satisfaction,2,"data <- read.table(""data_wide.txt"") […] cor <- rcorr(as.matrix(data[, c(""sinsatt1"", ""sinsatt2"", ""sinsatt3"", ""lifesatt1"", ""lifesatt2"", ""lifesatt3"", ""extra_M"", ""neuro_M"")]), type = ""pearson"")",1_descriptive_analyses.R:9;56,1,"Pearson correlation between T2 singlehood satisfaction and extraversion, testing if extraversion is related to later singlehood satisfaction. The correlation was small and positive, r ≈ .05, p < .005.","Table 2 shows the means, standard deviations, and zero-order correlations among the study variables across birth cohorts and age groups (see Supplemental Table S2 for means and standard deviations separated by birth cohorts and age groups). Satisfaction with singlehood and life satisfaction were positively correlated with each other: The more satisfied singles felt with their singlehood, the more satisfied they were with their lives. Both satisfaction measures were positively associated with extraversion and negatively associated with neuroticism.",,"#### Table 2: Descriptive characteristics and Pearson correlations among study variables ###############

# Correlations across key variables

library(Hmisc)

cor <- rcorr(as.matrix(data[, c(""sinsatt1"", ""sinsatt2"", ""sinsatt3"", ""lifesatt1"", ""lifesatt2"", ""lifesatt3"", ""extra_M"", ""neuro_M"")]), type = ""pearson"")
cor_r <- as.data.frame(round(cor$r, 2))
...
# sample sizes
row.names(cor_r)[1:8] <- c(paste0(""1. T1 Satisfaction with singlehood (n = "", cor$n[1,1], "")""),
                           paste0(""2. T2 Satisfaction with singlehood (n = "", cor$n[2,2], "")""),
                           paste0(""3. T3 Satisfaction with singlehood (n = "", cor$n[3,3], "")""),
                           paste0(""4. T1 Life satisfaction (n = "", cor$n[4,4], "")""),
                           paste0(""5. T2 Life satisfaction (n = "", cor$n[5,5], "")""),
                           paste0(""6. T3 Life satisfaction (n = "", cor$n[6,6], "")""),
                           paste0(""7. Extraversion (n = "", cor$n[7,7], "")""),
                           paste0(""8. Neuroticism (n = "", cor$n[8,8], "")""))",,1,1
8,transformation,,,,,,"Pearson correlation between T2 singlehood satisfaction and extraversion, testing if extraversion is related to later singlehood satisfaction. The correlation was small and positive, r ≈ .05, p < .005.","The dimensions extraversion (e.g., ""I get enthusiastic easily and can motivate others eas-
ily"") and neuroticism (e.g., ""I worry a lot"") were assessed 
with four items each. The response format ranged from 1 
(absolutely incorrect) to 5 (absolutely correct). For each trait, 
we used wave-specific mean scores.",,"anchor2 <- anchor2 %>% select(id, age, relstat, starts_with(""ehc2p""), sat6, sat2, starts_with(""per3i"")) %>%
  rename(aget2 = age,
         lifesatt2 = sat6,
         sinsatt2 = sat2) %>%
  replace(((.) < 0), NA) %>%
  mutate(relt2 = ifelse(relstat == 1 |
                          relstat == 6 |
                          relstat == 9, 0, 1)) %>% 
  select(-c(ehc2p1, ehc2p2, ehc2p3, ehc2p4, ehc2p5)) %>%
  mutate(months_rel_t1_t2 = rowSums(.[c(4:93)], na.rm = TRUE)) %>%
  mutate_at(c(96:116), as.numeric) %>%
  mutate_at(c(""per3i1"", ""per3i11"", ""per3i9"", ""per3i2"", ""per3i12"", ""per3i17"", ""per3i8"", ""per3i21""),
            ~ recode(., ""1"" = 5, ""2"" = 4, ""3"" = 3, 
                     ""4"" = 2, ""5"" = 1)) %>%
  rowwise() %>%
  mutate(extra_M = round(mean(c(per3i1, per3i6, per3i11, per3i16), na.rm = TRUE), 2),
         neuro_M = round(mean(c(per3i4, per3i9, per3i14, per3i19), na.rm = TRUE), 2),
         agree_M = round(mean(c(per3i2, per3i7, per3i12, per3i17), na.rm = TRUE), 2),
         consc_M = round(mean(c(per3i3, per3i8, per3i13, per3i18), na.rm = TRUE), 2),
         open_M = round(mean(c(per3i5, per3i10, per3i15, per3i20, per3i21), na.rm = TRUE), 2)) %>%
  select(id, aget2, relt2, months_rel_t1_t2, lifesatt2, sinsatt2, extra_M, neuro_M, agree_M, consc_M, open_M)

cor <- rcorr(as.matrix(data[, c(""sinsatt1"", ""sinsatt2"", ""sinsatt3"", ""lifesatt1"", ""lifesatt2"", ""lifesatt3"", ""extra_M"", ""neuro_M"")]), type = ""pearson"")",,1,
8,inference criterion,p < .005.,2,"cor <- rcorr(as.matrix(data[, c(""sinsatt1"", ""sinsatt2"", ""sinsatt3"", ""lifesatt1"", ""lifesatt2"", ""lifesatt3"", ""extra_M"", ""neuro_M"")]), type = ""pearson"")",1_descriptive_analyses.R:56,,"Pearson correlation between T2 singlehood satisfaction and extraversion, testing if extraversion is related to later singlehood satisfaction. The correlation was small and positive, r ≈ .05, p < .005.","An a-priori power analysis based on Monte Carlo simulations (1,000 simulations, .80% power, intraclass correlation coefficient [ICC] = .50, α = .01, two-tailed test) using the package SIMR (Green & MacLeod, 2016) in R (R Core Team, 2020) suggested that the sample size was sufficiently large (N > 1,600) to detect small (b = .10) Level 1 (time) and Level 2 (e.g., cohort) main effects as well as medium (b = .30) cross-level interaction effects (e.g., time × age).
...
Given the number of statistical models, we evaluated significance of the multilevel growth-curve models at α level of .01 to address potentially inflated Type 1 error rates.
...
Note. Satisfaction with singlehood and life satisfaction ranged from 0 to 10. Extraversion and neuroticism ranged from 1 to 5. Extraversion and neuroticism were assessed in Waves 2, 6, and 11, depending on participants’ cohort membership. All correlations were significant at p < .005.",,,,,
9,model specification,"Table 2 shows the means, standard deviations, and zeroorder correlations among the study variables across birth cohorts and age groups (see Supplemental Table S2 for means and standard deviations separated by birth cohorts and age groups). [...] Descriptive Characteristics and Pearson Correlations Among the Study Variables",0;2,"cor <- rcorr(as.matrix(data[, c(""sinsatt1"", ""sinsatt2"", ""sinsatt3"", ""lifesatt1"", ""lifesatt2"", ""lifesatt3"", ""extra_M"", ""neuro_M"")]), type = ""pearson"")",1_descriptive_analyses.R:56,1,,,,,,,
9,variable specification,T1 singlehood satisfaction,2,"data <- read.table(""data_wide.txt"") […] cor <- rcorr(as.matrix(data[, c(""sinsatt1"", ""sinsatt2"", ""sinsatt3"", ""lifesatt1"", ""lifesatt2"", ""lifesatt3"", ""extra_M"", ""neuro_M"")]), type = ""pearson"")",1_descriptive_analyses.R:9;56,1,,,,,,,
9,transformation,,,,,,,,,,,,
9,variable specification,Extraversion,2,"### Participants from wave 2 ###
anchor2 <- anchor2 %>% select(id, age, relstat, starts_with(""ehc2p""), sat6, sat2, starts_with(""per3i"")) %>%
  rename(aget2 = age,
         lifesatt2 = sat6,
         sinsatt2 = sat2) %>%
  replace(((.) < 0), NA) %>%
  mutate(relt2 = ifelse(relstat == 1 |
                          relstat == 6 |
                          relstat == 9, 0, 1)) %>% 
  select(-c(ehc2p1, ehc2p2, ehc2p3, ehc2p4, ehc2p5)) %>%
  mutate(months_rel_t1_t2 = rowSums(.[c(4:93)], na.rm = TRUE)) %>%
  mutate_at(c(96:116), as.numeric) %>%
  mutate_at(c(""per3i1"", ""per3i11"", ""per3i9"", ""per3i2"", ""per3i12"", ""per3i17"", ""per3i8"", ""per3i21""),
            ~ recode(., ""1"" = 5, ""2"" = 4, ""3"" = 3, 
                     ""4"" = 2, ""5"" = 1)) %>%
  rowwise() %>%
  mutate(extra_M = round(mean(c(per3i1, per3i6, per3i11, per3i16), na.rm = TRUE), 2),
         neuro_M = round(mean(c(per3i4, per3i9, per3i14, per3i19), na.rm = TRUE), 2),
         agree_M = round(mean(c(per3i2, per3i7, per3i12, per3i17), na.rm = TRUE), 2),
         consc_M = round(mean(c(per3i3, per3i8, per3i13, per3i18), na.rm = TRUE), 2),
         open_M = round(mean(c(per3i5, per3i10, per3i15, per3i20, per3i21), na.rm = TRUE), 2)) %>%
  select(id, aget2, relt2, months_rel_t1_t2, lifesatt2, sinsatt2, extra_M, neuro_M, agree_M, consc_M, open_M) [...] anchor1_3 <- merge(anchor1, anchor2, by = ""id"", all.x = TRUE) [...] ### Participants from wave 11 ###
anchor11 <- anchor11 %>% select(id, sex_gen, ethni, cohort, age, relstat, np, sat6, sat2, starts_with(""per3i"")) %>%
  rename(sex = sex_gen,
         aget1 = age,
         lifesatt1 = sat6,
         sinsatt1 = sat2,
         prevrel = np) %>%
  mutate(relt1 = ifelse(relstat == 1 |
                           relstat == 6 |
                           relstat == 9, 0, 1),
         sex = sex - 1) %>% 
  replace(((.) < 0), NA) %>%
  mutate_at(c(10:30), as.numeric) %>%
  mutate_at(c(""per3i1"", ""per3i11"", ""per3i9"", ""per3i2"", ""per3i12"", ""per3i17"", ""per3i8"", ""per3i21""),
            ~ recode(., ""1"" = 5, ""2"" = 4, ""3"" = 3, 
                     ""4"" = 2, ""5"" = 1)) %>%
  rowwise() %>%
  mutate(extra_M = round(mean(c(per3i1, per3i6, per3i11, per3i16), na.rm = TRUE), 2),
         neuro_M = round(mean(c(per3i4, per3i9, per3i14, per3i19), na.rm = TRUE), 2),
         agree_M = round(mean(c(per3i2, per3i7, per3i12, per3i17), na.rm = TRUE), 2),
         consc_M = round(mean(c(per3i3, per3i8, per3i13, per3i18), na.rm = TRUE), 2),
         open_M = round(mean(c(per3i5, per3i10, per3i15, per3i20, per3i21), na.rm = TRUE), 2)) %>%
  select(id, sex, ethni, cohort, aget1, relt1, prevrel, lifesatt1, sinsatt1, extra_M, neuro_M, agree_M, consc_M, open_M) [...] # wave 10
anchor10 <- anchor10 %>% select(id, starts_with(""per3i"")) %>%
  mutate_at(c(2:22), as.numeric) %>%
  mutate_at(c(""per3i1"", ""per3i11"", ""per3i9"", ""per3i2"", ""per3i12"", ""per3i17"", ""per3i8"", ""per3i21""),
            ~ recode(., ""1"" = 5, ""2"" = 4, ""3"" = 3, 
                     ""4"" = 2, ""5"" = 1)) %>% 
  replace(((.) < 0), NA) %>%
  rowwise() %>%
  mutate(extra_M = round(mean(c(per3i1, per3i6, per3i11, per3i16), na.rm = TRUE), 2),
         neuro_M = round(mean(c(per3i4, per3i9, per3i14, per3i19), na.rm = TRUE), 2),
         agree_M = round(mean(c(per3i2, per3i7, per3i12, per3i17), na.rm = TRUE), 2),
         consc_M = round(mean(c(per3i3, per3i8, per3i13, per3i18), na.rm = TRUE), 2),
         open_M  = round(mean(c(per3i5, per3i10, per3i15, per3i20, per3i21), na.rm = TRUE), 2)) %>%
  select(id, extra_M, neuro_M, agree_M, consc_M, open_M)

anchor11_13 <- anchor11_13 %>% left_join(anchor10, by = ""id"") %>%
  mutate(extra_M = ifelse(is.na(extra_M.x), extra_M.y, extra_M.x),
         neuro_M = ifelse(is.na(neuro_M.x), neuro_M.y, neuro_M.x),
         agree_M = ifelse(is.na(agree_M.x), agree_M.y, agree_M.x),
         consc_M = ifelse(is.na(consc_M.x), consc_M.y, consc_M.x),
         open_M = ifelse(is.na(open_M.x), open_M.y, open_M.x)) %>%
  select(-c(21:30)) [...] data <- rbind(anchor1_3, anchor11_13)  [...] # write.table(data, ""data_wide.txt"") [...] cor <- rcorr(as.matrix(data[, c(""sinsatt1"", ""sinsatt2"", ""sinsatt3"", ""lifesatt1"", ""lifesatt2"", ""lifesatt3"", ""extra_M"", ""neuro_M"")]), type = ""pearson"")",0_clean_data.R;0_clean_data.R;0_clean_data.R;0_clean_data.R;0_clean_data.R;0_clean_data.R;1_descriptive_analyses.R:46-67;85;100-122;170-191;196;299;56,1,,,,,,,
9,transformation,"For each trait, we used wave-specific mean scores. Specifically, for individuals in the earlier-born cohort, we used personality-trait
items from Wave 2; for individuals in the later-born cohort, we used personality-trait items from Waves 10 (birth cohorts 1991-1993 and 1981-1983) and 11 (birth cohort 2001-2003). Thus, participants varied in the timing of their personalitytrait assessments.",0,"### Participants from wave 2 ###
anchor2 <- anchor2 %>% select(id, age, relstat, starts_with(""ehc2p""), sat6, sat2, starts_with(""per3i"")) %>%
  rename(aget2 = age,
         lifesatt2 = sat6,
         sinsatt2 = sat2) %>%
  replace(((.) < 0), NA) %>%
  mutate(relt2 = ifelse(relstat == 1 |
                          relstat == 6 |
                          relstat == 9, 0, 1)) %>% 
  select(-c(ehc2p1, ehc2p2, ehc2p3, ehc2p4, ehc2p5)) %>%
  mutate(months_rel_t1_t2 = rowSums(.[c(4:93)], na.rm = TRUE)) %>%
  mutate_at(c(96:116), as.numeric) %>%
  mutate_at(c(""per3i1"", ""per3i11"", ""per3i9"", ""per3i2"", ""per3i12"", ""per3i17"", ""per3i8"", ""per3i21""),
            ~ recode(., ""1"" = 5, ""2"" = 4, ""3"" = 3, 
                     ""4"" = 2, ""5"" = 1)) %>%
  rowwise() %>%
  mutate(extra_M = round(mean(c(per3i1, per3i6, per3i11, per3i16), na.rm = TRUE), 2),
         neuro_M = round(mean(c(per3i4, per3i9, per3i14, per3i19), na.rm = TRUE), 2),
         agree_M = round(mean(c(per3i2, per3i7, per3i12, per3i17), na.rm = TRUE), 2),
         consc_M = round(mean(c(per3i3, per3i8, per3i13, per3i18), na.rm = TRUE), 2),
         open_M = round(mean(c(per3i5, per3i10, per3i15, per3i20, per3i21), na.rm = TRUE), 2)) %>%
  select(id, aget2, relt2, months_rel_t1_t2, lifesatt2, sinsatt2, extra_M, neuro_M, agree_M, consc_M, open_M) [...] anchor1_3 <- merge(anchor1, anchor2, by = ""id"", all.x = TRUE) [...] ### Participants from wave 11 ###
anchor11 <- anchor11 %>% select(id, sex_gen, ethni, cohort, age, relstat, np, sat6, sat2, starts_with(""per3i"")) %>%
  rename(sex = sex_gen,
         aget1 = age,
         lifesatt1 = sat6,
         sinsatt1 = sat2,
         prevrel = np) %>%
  mutate(relt1 = ifelse(relstat == 1 |
                           relstat == 6 |
                           relstat == 9, 0, 1),
         sex = sex - 1) %>% 
  replace(((.) < 0), NA) %>%
  mutate_at(c(10:30), as.numeric) %>%
  mutate_at(c(""per3i1"", ""per3i11"", ""per3i9"", ""per3i2"", ""per3i12"", ""per3i17"", ""per3i8"", ""per3i21""),
            ~ recode(., ""1"" = 5, ""2"" = 4, ""3"" = 3, 
                     ""4"" = 2, ""5"" = 1)) %>%
  rowwise() %>%
  mutate(extra_M = round(mean(c(per3i1, per3i6, per3i11, per3i16), na.rm = TRUE), 2),
         neuro_M = round(mean(c(per3i4, per3i9, per3i14, per3i19), na.rm = TRUE), 2),
         agree_M = round(mean(c(per3i2, per3i7, per3i12, per3i17), na.rm = TRUE), 2),
         consc_M = round(mean(c(per3i3, per3i8, per3i13, per3i18), na.rm = TRUE), 2),
         open_M = round(mean(c(per3i5, per3i10, per3i15, per3i20, per3i21), na.rm = TRUE), 2)) %>%
  select(id, sex, ethni, cohort, aget1, relt1, prevrel, lifesatt1, sinsatt1, extra_M, neuro_M, agree_M, consc_M, open_M) [...] # wave 10
anchor10 <- anchor10 %>% select(id, starts_with(""per3i"")) %>%
  mutate_at(c(2:22), as.numeric) %>%
  mutate_at(c(""per3i1"", ""per3i11"", ""per3i9"", ""per3i2"", ""per3i12"", ""per3i17"", ""per3i8"", ""per3i21""),
            ~ recode(., ""1"" = 5, ""2"" = 4, ""3"" = 3, 
                     ""4"" = 2, ""5"" = 1)) %>% 
  replace(((.) < 0), NA) %>%
  rowwise() %>%
  mutate(extra_M = round(mean(c(per3i1, per3i6, per3i11, per3i16), na.rm = TRUE), 2),
         neuro_M = round(mean(c(per3i4, per3i9, per3i14, per3i19), na.rm = TRUE), 2),
         agree_M = round(mean(c(per3i2, per3i7, per3i12, per3i17), na.rm = TRUE), 2),
         consc_M = round(mean(c(per3i3, per3i8, per3i13, per3i18), na.rm = TRUE), 2),
         open_M  = round(mean(c(per3i5, per3i10, per3i15, per3i20, per3i21), na.rm = TRUE), 2)) %>%
  select(id, extra_M, neuro_M, agree_M, consc_M, open_M)

anchor11_13 <- anchor11_13 %>% left_join(anchor10, by = ""id"") %>%
  mutate(extra_M = ifelse(is.na(extra_M.x), extra_M.y, extra_M.x),
         neuro_M = ifelse(is.na(neuro_M.x), neuro_M.y, neuro_M.x),
         agree_M = ifelse(is.na(agree_M.x), agree_M.y, agree_M.x),
         consc_M = ifelse(is.na(consc_M.x), consc_M.y, consc_M.x),
         open_M = ifelse(is.na(open_M.x), open_M.y, open_M.x)) %>%
  select(-c(21:30)) [...] data <- rbind(anchor1_3, anchor11_13)  [...] # write.table(data, ""data_wide.txt"")",0_clean_data.R:46-67;85;100-122;170-191;196;299,1,,,,,,,
9,inference criterion,p < .005.,2,"cor <- rcorr(as.matrix(data[, c(""sinsatt1"", ""sinsatt2"", ""sinsatt3"", ""lifesatt1"", ""lifesatt2"", ""lifesatt3"", ""extra_M"", ""neuro_M"")]), type = ""pearson"")",1_descriptive_analyses.R:56,,,,,,,,
10,model specification,"Table 2 shows the means, standard deviations, and zeroorder correlations among the study variables across birth cohorts and age groups (see Supplemental Table S2 for means and standard deviations separated by birth cohorts and age groups). [...] Descriptive Characteristics and Pearson Correlations Among the Study Variables",0;2,"cor <- rcorr(as.matrix(data[, c(""sinsatt1"", ""sinsatt2"", ""sinsatt3"", ""lifesatt1"", ""lifesatt2"", ""lifesatt3"", ""extra_M"", ""neuro_M"")]), type = ""pearson"")",1_descriptive_analyses.R:56,1,,,,,,,
10,variable specification,T1 singlehood satisfaction,2,"data <- read.table(""data_wide.txt"") […] cor <- rcorr(as.matrix(data[, c(""sinsatt1"", ""sinsatt2"", ""sinsatt3"", ""lifesatt1"", ""lifesatt2"", ""lifesatt3"", ""extra_M"", ""neuro_M"")]), type = ""pearson"")",1_descriptive_analyses.R:9;56,1,,,,,,,
10,transformation,,,,,,,,,,,,
10,variable specification,Neuroticism,2,"### Participants from wave 2 ###
anchor2 <- anchor2 %>% select(id, age, relstat, starts_with(""ehc2p""), sat6, sat2, starts_with(""per3i"")) %>%
  rename(aget2 = age,
         lifesatt2 = sat6,
         sinsatt2 = sat2) %>%
  replace(((.) < 0), NA) %>%
  mutate(relt2 = ifelse(relstat == 1 |
                          relstat == 6 |
                          relstat == 9, 0, 1)) %>% 
  select(-c(ehc2p1, ehc2p2, ehc2p3, ehc2p4, ehc2p5)) %>%
  mutate(months_rel_t1_t2 = rowSums(.[c(4:93)], na.rm = TRUE)) %>%
  mutate_at(c(96:116), as.numeric) %>%
  mutate_at(c(""per3i1"", ""per3i11"", ""per3i9"", ""per3i2"", ""per3i12"", ""per3i17"", ""per3i8"", ""per3i21""),
            ~ recode(., ""1"" = 5, ""2"" = 4, ""3"" = 3, 
                     ""4"" = 2, ""5"" = 1)) %>%
  rowwise() %>%
  mutate(extra_M = round(mean(c(per3i1, per3i6, per3i11, per3i16), na.rm = TRUE), 2),
         neuro_M = round(mean(c(per3i4, per3i9, per3i14, per3i19), na.rm = TRUE), 2),
         agree_M = round(mean(c(per3i2, per3i7, per3i12, per3i17), na.rm = TRUE), 2),
         consc_M = round(mean(c(per3i3, per3i8, per3i13, per3i18), na.rm = TRUE), 2),
         open_M = round(mean(c(per3i5, per3i10, per3i15, per3i20, per3i21), na.rm = TRUE), 2)) %>%
  select(id, aget2, relt2, months_rel_t1_t2, lifesatt2, sinsatt2, extra_M, neuro_M, agree_M, consc_M, open_M) [...] anchor1_3 <- merge(anchor1, anchor2, by = ""id"", all.x = TRUE) [...] ### Participants from wave 11 ###
anchor11 <- anchor11 %>% select(id, sex_gen, ethni, cohort, age, relstat, np, sat6, sat2, starts_with(""per3i"")) %>%
  rename(sex = sex_gen,
         aget1 = age,
         lifesatt1 = sat6,
         sinsatt1 = sat2,
         prevrel = np) %>%
  mutate(relt1 = ifelse(relstat == 1 |
                           relstat == 6 |
                           relstat == 9, 0, 1),
         sex = sex - 1) %>% 
  replace(((.) < 0), NA) %>%
  mutate_at(c(10:30), as.numeric) %>%
  mutate_at(c(""per3i1"", ""per3i11"", ""per3i9"", ""per3i2"", ""per3i12"", ""per3i17"", ""per3i8"", ""per3i21""),
            ~ recode(., ""1"" = 5, ""2"" = 4, ""3"" = 3, 
                     ""4"" = 2, ""5"" = 1)) %>%
  rowwise() %>%
  mutate(extra_M = round(mean(c(per3i1, per3i6, per3i11, per3i16), na.rm = TRUE), 2),
         neuro_M = round(mean(c(per3i4, per3i9, per3i14, per3i19), na.rm = TRUE), 2),
         agree_M = round(mean(c(per3i2, per3i7, per3i12, per3i17), na.rm = TRUE), 2),
         consc_M = round(mean(c(per3i3, per3i8, per3i13, per3i18), na.rm = TRUE), 2),
         open_M = round(mean(c(per3i5, per3i10, per3i15, per3i20, per3i21), na.rm = TRUE), 2)) %>%
  select(id, sex, ethni, cohort, aget1, relt1, prevrel, lifesatt1, sinsatt1, extra_M, neuro_M, agree_M, consc_M, open_M) [...] # wave 10
anchor10 <- anchor10 %>% select(id, starts_with(""per3i"")) %>%
  mutate_at(c(2:22), as.numeric) %>%
  mutate_at(c(""per3i1"", ""per3i11"", ""per3i9"", ""per3i2"", ""per3i12"", ""per3i17"", ""per3i8"", ""per3i21""),
            ~ recode(., ""1"" = 5, ""2"" = 4, ""3"" = 3, 
                     ""4"" = 2, ""5"" = 1)) %>% 
  replace(((.) < 0), NA) %>%
  rowwise() %>%
  mutate(extra_M = round(mean(c(per3i1, per3i6, per3i11, per3i16), na.rm = TRUE), 2),
         neuro_M = round(mean(c(per3i4, per3i9, per3i14, per3i19), na.rm = TRUE), 2),
         agree_M = round(mean(c(per3i2, per3i7, per3i12, per3i17), na.rm = TRUE), 2),
         consc_M = round(mean(c(per3i3, per3i8, per3i13, per3i18), na.rm = TRUE), 2),
         open_M  = round(mean(c(per3i5, per3i10, per3i15, per3i20, per3i21), na.rm = TRUE), 2)) %>%
  select(id, extra_M, neuro_M, agree_M, consc_M, open_M)

anchor11_13 <- anchor11_13 %>% left_join(anchor10, by = ""id"") %>%
  mutate(extra_M = ifelse(is.na(extra_M.x), extra_M.y, extra_M.x),
         neuro_M = ifelse(is.na(neuro_M.x), neuro_M.y, neuro_M.x),
         agree_M = ifelse(is.na(agree_M.x), agree_M.y, agree_M.x),
         consc_M = ifelse(is.na(consc_M.x), consc_M.y, consc_M.x),
         open_M = ifelse(is.na(open_M.x), open_M.y, open_M.x)) %>%
  select(-c(21:30)) [...] data <- rbind(anchor1_3, anchor11_13)  [...] # write.table(data, ""data_wide.txt"") [...] cor <- rcorr(as.matrix(data[, c(""sinsatt1"", ""sinsatt2"", ""sinsatt3"", ""lifesatt1"", ""lifesatt2"", ""lifesatt3"", ""extra_M"", ""neuro_M"")]), type = ""pearson"")",0_clean_data.R;0_clean_data.R;0_clean_data.R;0_clean_data.R;0_clean_data.R;0_clean_data.R;1_descriptive_analyses.R:46-67;85;100-122;170-191;196;299;56,1,,,,,,,
10,transformation,"For each trait, we used wave-specific mean scores. Specifically, for individuals in the earlier-born cohort, we used personality-trait
items from Wave 2; for individuals in the later-born cohort, we used personality-trait items from Waves 10 (birth cohorts 1991-1993 and 1981-1983) and 11 (birth cohort 2001-2003). Thus, participants varied in the timing of their personalitytrait assessments.",0,"### Participants from wave 2 ###
anchor2 <- anchor2 %>% select(id, age, relstat, starts_with(""ehc2p""), sat6, sat2, starts_with(""per3i"")) %>%
  rename(aget2 = age,
         lifesatt2 = sat6,
         sinsatt2 = sat2) %>%
  replace(((.) < 0), NA) %>%
  mutate(relt2 = ifelse(relstat == 1 |
                          relstat == 6 |
                          relstat == 9, 0, 1)) %>% 
  select(-c(ehc2p1, ehc2p2, ehc2p3, ehc2p4, ehc2p5)) %>%
  mutate(months_rel_t1_t2 = rowSums(.[c(4:93)], na.rm = TRUE)) %>%
  mutate_at(c(96:116), as.numeric) %>%
  mutate_at(c(""per3i1"", ""per3i11"", ""per3i9"", ""per3i2"", ""per3i12"", ""per3i17"", ""per3i8"", ""per3i21""),
            ~ recode(., ""1"" = 5, ""2"" = 4, ""3"" = 3, 
                     ""4"" = 2, ""5"" = 1)) %>%
  rowwise() %>%
  mutate(extra_M = round(mean(c(per3i1, per3i6, per3i11, per3i16), na.rm = TRUE), 2),
         neuro_M = round(mean(c(per3i4, per3i9, per3i14, per3i19), na.rm = TRUE), 2),
         agree_M = round(mean(c(per3i2, per3i7, per3i12, per3i17), na.rm = TRUE), 2),
         consc_M = round(mean(c(per3i3, per3i8, per3i13, per3i18), na.rm = TRUE), 2),
         open_M = round(mean(c(per3i5, per3i10, per3i15, per3i20, per3i21), na.rm = TRUE), 2)) %>%
  select(id, aget2, relt2, months_rel_t1_t2, lifesatt2, sinsatt2, extra_M, neuro_M, agree_M, consc_M, open_M) [...] anchor1_3 <- merge(anchor1, anchor2, by = ""id"", all.x = TRUE) [...] ### Participants from wave 11 ###
anchor11 <- anchor11 %>% select(id, sex_gen, ethni, cohort, age, relstat, np, sat6, sat2, starts_with(""per3i"")) %>%
  rename(sex = sex_gen,
         aget1 = age,
         lifesatt1 = sat6,
         sinsatt1 = sat2,
         prevrel = np) %>%
  mutate(relt1 = ifelse(relstat == 1 |
                           relstat == 6 |
                           relstat == 9, 0, 1),
         sex = sex - 1) %>% 
  replace(((.) < 0), NA) %>%
  mutate_at(c(10:30), as.numeric) %>%
  mutate_at(c(""per3i1"", ""per3i11"", ""per3i9"", ""per3i2"", ""per3i12"", ""per3i17"", ""per3i8"", ""per3i21""),
            ~ recode(., ""1"" = 5, ""2"" = 4, ""3"" = 3, 
                     ""4"" = 2, ""5"" = 1)) %>%
  rowwise() %>%
  mutate(extra_M = round(mean(c(per3i1, per3i6, per3i11, per3i16), na.rm = TRUE), 2),
         neuro_M = round(mean(c(per3i4, per3i9, per3i14, per3i19), na.rm = TRUE), 2),
         agree_M = round(mean(c(per3i2, per3i7, per3i12, per3i17), na.rm = TRUE), 2),
         consc_M = round(mean(c(per3i3, per3i8, per3i13, per3i18), na.rm = TRUE), 2),
         open_M = round(mean(c(per3i5, per3i10, per3i15, per3i20, per3i21), na.rm = TRUE), 2)) %>%
  select(id, sex, ethni, cohort, aget1, relt1, prevrel, lifesatt1, sinsatt1, extra_M, neuro_M, agree_M, consc_M, open_M) [...] # wave 10
anchor10 <- anchor10 %>% select(id, starts_with(""per3i"")) %>%
  mutate_at(c(2:22), as.numeric) %>%
  mutate_at(c(""per3i1"", ""per3i11"", ""per3i9"", ""per3i2"", ""per3i12"", ""per3i17"", ""per3i8"", ""per3i21""),
            ~ recode(., ""1"" = 5, ""2"" = 4, ""3"" = 3, 
                     ""4"" = 2, ""5"" = 1)) %>% 
  replace(((.) < 0), NA) %>%
  rowwise() %>%
  mutate(extra_M = round(mean(c(per3i1, per3i6, per3i11, per3i16), na.rm = TRUE), 2),
         neuro_M = round(mean(c(per3i4, per3i9, per3i14, per3i19), na.rm = TRUE), 2),
         agree_M = round(mean(c(per3i2, per3i7, per3i12, per3i17), na.rm = TRUE), 2),
         consc_M = round(mean(c(per3i3, per3i8, per3i13, per3i18), na.rm = TRUE), 2),
         open_M  = round(mean(c(per3i5, per3i10, per3i15, per3i20, per3i21), na.rm = TRUE), 2)) %>%
  select(id, extra_M, neuro_M, agree_M, consc_M, open_M)

anchor11_13 <- anchor11_13 %>% left_join(anchor10, by = ""id"") %>%
  mutate(extra_M = ifelse(is.na(extra_M.x), extra_M.y, extra_M.x),
         neuro_M = ifelse(is.na(neuro_M.x), neuro_M.y, neuro_M.x),
         agree_M = ifelse(is.na(agree_M.x), agree_M.y, agree_M.x),
         consc_M = ifelse(is.na(consc_M.x), consc_M.y, consc_M.x),
         open_M = ifelse(is.na(open_M.x), open_M.y, open_M.x)) %>%
  select(-c(21:30)) [...] data <- rbind(anchor1_3, anchor11_13)  [...] # write.table(data, ""data_wide.txt"")",0_clean_data.R:46-67;85;100-122;170-191;196;299,1,,,,,,,
10,inference criterion,p < .005.,2,"cor <- rcorr(as.matrix(data[, c(""sinsatt1"", ""sinsatt2"", ""sinsatt3"", ""lifesatt1"", ""lifesatt2"", ""lifesatt3"", ""extra_M"", ""neuro_M"")]), type = ""pearson"")",1_descriptive_analyses.R:56,,,,,,,,
11,model specification,"Table 2 shows the means, standard deviations, and zeroorder correlations among the study variables across birth cohorts and age groups (see Supplemental Table S2 for means and standard deviations separated by birth cohorts and age groups). [...] Descriptive Characteristics and Pearson Correlations Among the Study Variables",0;2,"cor <- rcorr(as.matrix(data[, c(""sinsatt1"", ""sinsatt2"", ""sinsatt3"", ""lifesatt1"", ""lifesatt2"", ""lifesatt3"", ""extra_M"", ""neuro_M"")]), type = ""pearson"")",1_descriptive_analyses.R:56,1,"Pearson correlation between T3 singlehood satisfaction and T2 life satisfaction, evaluating the relationship between later singlehood satisfaction and contemporaneous life satisfaction at T2. The correlation was positive, r ≈ .23, p < .005.","{""paper_value"": ""Table 2. Descriptive Characteristics and Pearson Correlations Among the Study Variables."", ""evidence"": {""paper_span"": ""Descriptive Results\n\""Table 2 shows the means, standard deviations, and zero-order correlations among the study variables across birth cohorts and age groups (see Supplemental Table S2 for means and standard deviations separated by birth cohorts and age groups). Satisfaction with singlehood and life satisfaction were positively correlated with each other: The more satisfied singles felt with their singlehood, the more satisfied they were with their lives. Both satisfaction measures were positively associated with extraversion and negatively associated with neuroticism.\""\n\nTable 2\n\""Table 2. Descriptive Characteristics and Pearson Correlations Among the Study Variables.\""\n\""Note. Satisfaction with singlehood and life satisfaction ranged from 0 to 10. Extraversion and neuroticism ranged from 1 to 5. Extraversion and neuroticism were assessed in Waves 2, 6, and 11, depending on participants’ cohort membership. All correlations were significant at p < .005.\"", ""location"": ""Results – Descriptive Results section and Table 2, pp. 2467–2468""}}",,"#### Table 2: Descriptive characteristics and Pearson correlations among study variables ###############

# Correlations across key variables

library(Hmisc)

cor <- rcorr(as.matrix(data[, c(""sinsatt1"", ""sinsatt2"", ""sinsatt3"", ""lifesatt1"", ""lifesatt2"", ""lifesatt3"", ""extra_M"", ""neuro_M"")]), type = ""pearson"")
cor_r <- as.data.frame(round(cor$r, 2))",,1,1
11,variable specification,T2 singlehood satisfaction,2,"data <- read.table(""data_wide.txt"") […] cor <- rcorr(as.matrix(data[, c(""sinsatt1"", ""sinsatt2"", ""sinsatt3"", ""lifesatt1"", ""lifesatt2"", ""lifesatt3"", ""extra_M"", ""neuro_M"")]), type = ""pearson"")",1_descriptive_analyses.R:9;56,1,"Pearson correlation between T3 singlehood satisfaction and T2 life satisfaction, evaluating the relationship between later singlehood satisfaction and contemporaneous life satisfaction at T2. The correlation was positive, r ≈ .23, p < .005.","Table 2 shows the means, standard deviations, and zero-order correlations among the study variables across birth cohorts and age groups (see Supplemental Table S2 for means and standard deviations separated by birth cohorts and age groups). Satisfaction with singlehood and life satisfaction were positively correlated with each other: The more satisfied singles felt with their singlehood, the more satisfied they were with their lives.

Satisfaction With Singlehood. Satisfaction with singlehood was measured at each assessment with a single item: ""How satisfied are you with your situation as a single?,"" ranging from 0 (very dissatisfied) to 10 (very satisfied). This item was assessed in the CAPI mode and presented exclusively to people who have been single for a minimum of 3 months (98% of the sample at T1).

Life Satisfaction. Life satisfaction was measured at each assessment with one item: ""All in all, how satisfied are you with your life at the moment?"" The item was assessed in the CAPI mode ranging from 0 (very dissatisfied) to 10 (very satisfied).",,"cor <- rcorr(as.matrix(data[, c(""sinsatt1"", ""sinsatt2"", ""sinsatt3"", ""lifesatt1"", ""lifesatt2"", ""lifesatt3"", ""extra_M"", ""neuro_M"")]), type = ""pearson"")
cor_r <- as.data.frame(round(cor$r, 2))
...
# sample sizes
row.names(cor_r)[1:8] <- c(paste0(""1. T1 Satisfaction with singlehood (n = "", cor$n[1,1], "")""),
                           paste0(""2. T2 Satisfaction with singlehood (n = "", cor$n[2,2], "")""),
                           paste0(""3. T3 Satisfaction with singlehood (n = "", cor$n[3,3], "")""),
                           paste0(""4. T1 Life satisfaction (n = "", cor$n[4,4], "")""),
                           paste0(""5. T2 Life satisfaction (n = "", cor$n[5,5], "")""),
                           paste0(""6. T3 Life satisfaction (n = "", cor$n[6,6], "")""),
                           paste0(""7. Extraversion (n = "", cor$n[7,7], "")""),
                           paste0(""8. Neuroticism (n = "", cor$n[8,8], "")""))

colnames(cor_r) <- c(1:8)",,1,1
11,transformation,,,,,,"Pearson correlation between T3 singlehood satisfaction and T2 life satisfaction, evaluating the relationship between later singlehood satisfaction and contemporaneous life satisfaction at T2. The correlation was positive, r ≈ .23, p < .005.","Personality traits were assessed in Waves 2, 10, and 11 (the latter only for the refreshment sample) in the CASI mode with a short version of the Big Five Inventory (Rammstedt & John, 2005). The dimensions extraversion (e.g., ""I get enthusiastic easily and can motivate others easily"") and neuroticism (e.g., ""I worry a lot"") were assessed with four items each. The response format ranged from 1 (absolutely incorrect) to 5 (absolutely correct). For each trait, we used wave-specific mean scores.

To prepare the data for the analyses, we created two additional variables: intraindividual change over time and prevalence of singles. First, intraindividual change describes the number of years since baseline (i.e., T1), ranging from 0 (T1) to 2 (T3). This variable was necessary to examine change in singles’ satisfaction over the time of being single. Second, we calculated the proportion of singles at T1 (Wave 1 for earlier-born cohort and Wave 11 for later-born cohort), which was done with the prevalence sample of N = 17,697 participants. Higher values indicated a greater share of singles at T1 in the respective cohort.",,"anchor2 <- anchor2 %>% select(id, age, relstat, starts_with(""ehc2p""), sat6, sat2, starts_with(""per3i"")) %>%
  rename(aget2 = age,
         lifesatt2 = sat6,
         sinsatt2 = sat2) %>%
  replace(((.) < 0), NA) %>%
  mutate(relt2 = ifelse(relstat == 1 |
                          relstat == 6 |
                          relstat == 9, 0, 1)) %>% 
  select(-c(ehc2p1, ehc2p2, ehc2p3, ehc2p4, ehc2p5)) %>%
  mutate(months_rel_t1_t2 = rowSums(.[c(4:93)], na.rm = TRUE)) %>%
  mutate_at(c(96:116), as.numeric) %>%
  mutate_at(c(""per3i1"", ""per3i11"", ""per3i9"", ""per3i2"", ""per3i12"", ""per3i17"", ""per3i8"", ""per3i21""),
            ~ recode(., ""1"" = 5, ""2"" = 4, ""3"" = 3, 
                     ""4"" = 2, ""5"" = 1)) %>%
  rowwise() %>%
  mutate(extra_M = round(mean(c(per3i1, per3i6, per3i11, per3i16), na.rm = TRUE), 2),
         neuro_M = round(mean(c(per3i4, per3i9, per3i14, per3i19), na.rm = TRUE), 2),
         agree_M = round(mean(c(per3i2, per3i7, per3i12, per3i17), na.rm = TRUE), 2),
         consc_M = round(mean(c(per3i3, per3i8, per3i13, per3i18), na.rm = TRUE), 2),
         open_M = round(mean(c(per3i5, per3i10, per3i15, per3i20, per3i21), na.rm = TRUE), 2)) %>%
  select(id, aget2, relt2, months_rel_t1_t2, lifesatt2, sinsatt2, extra_M, neuro_M, agree_M, consc_M, open_M)

anchor3 <- anchor3 %>% select(id, age, relstat, starts_with(""ehc2p""), sat6, sat2) %>%
  rename(aget3 = age,
         lifesatt3 = sat6,
         sinsatt3 = sat2) %>%
  mutate(relt3 = ifelse(relstat == 1 |
                          relstat == 6 |
                          relstat == 9, 0, 1)) %>% 
  replace(((.) < 0), NA) %>%
  select(-c(ehc2p1, ehc2p2, ehc2p3, ehc2p4, ehc2p5)) %>%
  mutate(months_rel_t2_t3 = rowSums(.[c(4:163)], na.rm = TRUE)) %>%
  select(id, aget3, relt3, months_rel_t2_t3, lifesatt3, sinsatt3)

### single at T1 ###
data <- data %>% filter(relt1 == 0) # N = 8,321

### single throughout T1-3 ###
data <- data %>% filter(months_rel_t1_t2 == 0, relt2 == 0, months_rel_t2_t3 == 0, relt3 == 0) # N = 3,161

### missings on both well-being measures ###
data <- data %>% filter(!(is.na(lifesatt1) & is.na(sinsatt1))) # N = 3,161",,,
11,variable specification,T3 singlehood satisfaction,2,"data <- read.table(""data_wide.txt"") […] cor <- rcorr(as.matrix(data[, c(""sinsatt1"", ""sinsatt2"", ""sinsatt3"", ""lifesatt1"", ""lifesatt2"", ""lifesatt3"", ""extra_M"", ""neuro_M"")]), type = ""pearson"")",1_descriptive_analyses.R:9;56,1,"Pearson correlation between T3 singlehood satisfaction and T2 life satisfaction, evaluating the relationship between later singlehood satisfaction and contemporaneous life satisfaction at T2. The correlation was positive, r ≈ .23, p < .005.","Table 2 shows the means, standard deviations, and zero-order correlations among the study variables across birth cohorts and age groups (see Supplemental Table S2 for means and standard deviations separated by birth cohorts and age groups). Satisfaction with singlehood and life satisfaction were positively correlated with each other: The more satisfied singles felt with their singlehood, the more satisfied they were with their lives.

Satisfaction With Singlehood. Satisfaction with singlehood was measured at each assessment with a single item: ""How satisfied are you with your situation as a single?,"" ranging from 0 (very dissatisfied) to 10 (very satisfied). This item was assessed in the CAPI mode and presented exclusively to people who have been single for a minimum of 3 months (98% of the sample at T1).

Life Satisfaction. Life satisfaction was measured at each assessment with one item: ""All in all, how satisfied are you with your life at the moment?"" The item was assessed in the CAPI mode ranging from 0 (very dissatisfied) to 10 (very satisfied).",,"cor <- rcorr(as.matrix(data[, c(""sinsatt1"", ""sinsatt2"", ""sinsatt3"", ""lifesatt1"", ""lifesatt2"", ""lifesatt3"", ""extra_M"", ""neuro_M"")]), type = ""pearson"")
cor_r <- as.data.frame(round(cor$r, 2))
...
# sample sizes
row.names(cor_r)[1:8] <- c(paste0(""1. T1 Satisfaction with singlehood (n = "", cor$n[1,1], "")""),
                           paste0(""2. T2 Satisfaction with singlehood (n = "", cor$n[2,2], "")""),
                           paste0(""3. T3 Satisfaction with singlehood (n = "", cor$n[3,3], "")""),
                           paste0(""4. T1 Life satisfaction (n = "", cor$n[4,4], "")""),
                           paste0(""5. T2 Life satisfaction (n = "", cor$n[5,5], "")""),
                           paste0(""6. T3 Life satisfaction (n = "", cor$n[6,6], "")""),
                           paste0(""7. Extraversion (n = "", cor$n[7,7], "")""),
                           paste0(""8. Neuroticism (n = "", cor$n[8,8], "")""))

colnames(cor_r) <- c(1:8)",,1,1
11,transformation,,,,,,"Pearson correlation between T3 singlehood satisfaction and T2 life satisfaction, evaluating the relationship between later singlehood satisfaction and contemporaneous life satisfaction at T2. The correlation was positive, r ≈ .23, p < .005.","Personality traits were assessed in Waves 2, 10, and 11 (the latter only for the refreshment sample) in the CASI mode with a short version of the Big Five Inventory (Rammstedt & John, 2005). The dimensions extraversion (e.g., ""I get enthusiastic easily and can motivate others easily"") and neuroticism (e.g., ""I worry a lot"") were assessed with four items each. The response format ranged from 1 (absolutely incorrect) to 5 (absolutely correct). For each trait, we used wave-specific mean scores.

To prepare the data for the analyses, we created two additional variables: intraindividual change over time and prevalence of singles. First, intraindividual change describes the number of years since baseline (i.e., T1), ranging from 0 (T1) to 2 (T3). This variable was necessary to examine change in singles’ satisfaction over the time of being single. Second, we calculated the proportion of singles at T1 (Wave 1 for earlier-born cohort and Wave 11 for later-born cohort), which was done with the prevalence sample of N = 17,697 participants. Higher values indicated a greater share of singles at T1 in the respective cohort.",,"anchor2 <- anchor2 %>% select(id, age, relstat, starts_with(""ehc2p""), sat6, sat2, starts_with(""per3i"")) %>%
  rename(aget2 = age,
         lifesatt2 = sat6,
         sinsatt2 = sat2) %>%
  replace(((.) < 0), NA) %>%
  mutate(relt2 = ifelse(relstat == 1 |
                          relstat == 6 |
                          relstat == 9, 0, 1)) %>% 
  select(-c(ehc2p1, ehc2p2, ehc2p3, ehc2p4, ehc2p5)) %>%
  mutate(months_rel_t1_t2 = rowSums(.[c(4:93)], na.rm = TRUE)) %>%
  mutate_at(c(96:116), as.numeric) %>%
  mutate_at(c(""per3i1"", ""per3i11"", ""per3i9"", ""per3i2"", ""per3i12"", ""per3i17"", ""per3i8"", ""per3i21""),
            ~ recode(., ""1"" = 5, ""2"" = 4, ""3"" = 3, 
                     ""4"" = 2, ""5"" = 1)) %>%
  rowwise() %>%
  mutate(extra_M = round(mean(c(per3i1, per3i6, per3i11, per3i16), na.rm = TRUE), 2),
         neuro_M = round(mean(c(per3i4, per3i9, per3i14, per3i19), na.rm = TRUE), 2),
         agree_M = round(mean(c(per3i2, per3i7, per3i12, per3i17), na.rm = TRUE), 2),
         consc_M = round(mean(c(per3i3, per3i8, per3i13, per3i18), na.rm = TRUE), 2),
         open_M = round(mean(c(per3i5, per3i10, per3i15, per3i20, per3i21), na.rm = TRUE), 2)) %>%
  select(id, aget2, relt2, months_rel_t1_t2, lifesatt2, sinsatt2, extra_M, neuro_M, agree_M, consc_M, open_M)

anchor3 <- anchor3 %>% select(id, age, relstat, starts_with(""ehc2p""), sat6, sat2) %>%
  rename(aget3 = age,
         lifesatt3 = sat6,
         sinsatt3 = sat2) %>%
  mutate(relt3 = ifelse(relstat == 1 |
                          relstat == 6 |
                          relstat == 9, 0, 1)) %>% 
  replace(((.) < 0), NA) %>%
  select(-c(ehc2p1, ehc2p2, ehc2p3, ehc2p4, ehc2p5)) %>%
  mutate(months_rel_t2_t3 = rowSums(.[c(4:163)], na.rm = TRUE)) %>%
  select(id, aget3, relt3, months_rel_t2_t3, lifesatt3, sinsatt3)

### single at T1 ###
data <- data %>% filter(relt1 == 0) # N = 8,321

### single throughout T1-3 ###
data <- data %>% filter(months_rel_t1_t2 == 0, relt2 == 0, months_rel_t2_t3 == 0, relt3 == 0) # N = 3,161

### missings on both well-being measures ###
data <- data %>% filter(!(is.na(lifesatt1) & is.na(sinsatt1))) # N = 3,161",,,
11,inference criterion,p < .005.,2,"cor <- rcorr(as.matrix(data[, c(""sinsatt1"", ""sinsatt2"", ""sinsatt3"", ""lifesatt1"", ""lifesatt2"", ""lifesatt3"", ""extra_M"", ""neuro_M"")]), type = ""pearson"")",1_descriptive_analyses.R:56,,"Pearson correlation between T3 singlehood satisfaction and T2 life satisfaction, evaluating the relationship between later singlehood satisfaction and contemporaneous life satisfaction at T2. The correlation was positive, r ≈ .23, p < .005.","Note. Satisfaction with singlehood and life satisfaction ranged from 0 to 10. Extraversion and neuroticism ranged from 1 to 5. Extraversion and neuroticism were assessed in Waves 2, 6, and 11, depending on participants’ cohort membership. All correlations were significant at p < .005.",,,,,
12,model specification,"Table 2 shows the means, standard deviations, and zeroorder correlations among the study variables across birth cohorts and age groups (see Supplemental Table S2 for means and standard deviations separated by birth cohorts and age groups). [...] Descriptive Characteristics and Pearson Correlations Among the Study Variables",0;2,"cor <- rcorr(as.matrix(data[, c(""sinsatt1"", ""sinsatt2"", ""sinsatt3"", ""lifesatt1"", ""lifesatt2"", ""lifesatt3"", ""extra_M"", ""neuro_M"")]), type = ""pearson"")",1_descriptive_analyses.R:56,1,"Pearson correlation between T2 singlehood satisfaction and T1 life satisfaction, evaluating whether later singlehood satisfaction is associated with earlier life satisfaction. The correlation was positive but smaller, r ≈ .25, p < .005.","Table 2. Descriptive Characteristics and Pearson Correlations Among the Study Variables.

""Table 2 shows the means, standard deviations, and zero-order correlations among the study variables across birth cohorts and age groups (see Supplemental Table S2 for means and standard deviations separated by birth cohorts and age groups).""",,"#### Table 2: Descriptive characteristics and Pearson correlations among study variables ###############

# Correlations across key variables

library(Hmisc)

cor <- rcorr(as.matrix(data[, c(""sinsatt1"", ""sinsatt2"", ""sinsatt3"", ""lifesatt1"", ""lifesatt2"", ""lifesatt3"", ""extra_M"", ""neuro_M"")]), type = ""pearson"")
cor_r <- as.data.frame(round(cor$r, 2))",,1,1
12,variable specification,T2 singlehood satisfaction,2,"data <- read.table(""data_wide.txt"") […] cor <- rcorr(as.matrix(data[, c(""sinsatt1"", ""sinsatt2"", ""sinsatt3"", ""lifesatt1"", ""lifesatt2"", ""lifesatt3"", ""extra_M"", ""neuro_M"")]), type = ""pearson"")",1_descriptive_analyses.R:9;56,1,"Pearson correlation between T2 singlehood satisfaction and T1 life satisfaction, evaluating whether later singlehood satisfaction is associated with earlier life satisfaction. The correlation was positive but smaller, r ≈ .25, p < .005.","Table 2. Descriptive Characteristics and Pearson Correlations Among the Study Variables. Variable 1 2 3 4 5 6 7 8 1. T1 singlehood satisfaction (n = 2,883)  2. T2 singlehood satisfaction (n = 2,894) .48  3. T3 singlehood satisfaction (n = 2,890) .43 .55  4. T1 life satisfaction (n = 2,935) .34 .25 .24  … Note. Satisfaction with singlehood and life satisfaction ranged from 0 to 10. Extraversion and neuroticism ranged from 1 to 5. Extraversion and neuroticism were assessed in Waves 2, 6, and 11, depending on participants’ cohort membership. All correlations were significant at p < .005.",,"#### Table 2: Descriptive characteristics and Pearson correlations among study variables ###############

# Correlations across key variables

library(Hmisc)

cor <- rcorr(as.matrix(data[, c(""sinsatt1"", ""sinsatt2"", ""sinsatt3"", ""lifesatt1"", ""lifesatt2"", ""lifesatt3"", ""extra_M"", ""neuro_M"")]), type = ""pearson"")
cor_r <- as.data.frame(round(cor$r, 2))

# sample sizes
row.names(cor_r)[1:8] <- c(paste0(""1. T1 Satisfaction with singlehood (n = "", cor$n[1,1], "")""),
                           paste0(""2. T2 Satisfaction with singlehood (n = "", cor$n[2,2], "")""),
                           paste0(""3. T3 Satisfaction with singlehood (n = "", cor$n[3,3], "")""),
                           paste0(""4. T1 Life satisfaction (n = "", cor$n[4,4], "")""),
                           paste0(""5. T2 Life satisfaction (n = "", cor$n[5,5], "")""),
                           paste0(""6. T3 Life satisfaction (n = "", cor$n[6,6], "")""),
                           paste0(""7. Extraversion (n = "", cor$n[7,7], "")""),
                           paste0(""8. Neuroticism (n = "", cor$n[8,8], "")""))

colnames(cor_r) <- c(1:8)

# means & SDs
M_SD <- data %>% ungroup() %>% select(sinsatt1, sinsatt2, sinsatt3, lifesatt1, lifesatt2, lifesatt3, extra_M, neuro_M) %>%
  summarise_all(funs(mean, sd), na.rm = TRUE) %>%
  mutate(across(everything(), round, 2))",,1,1
12,transformation,,,,,,"Pearson correlation between T2 singlehood satisfaction and T1 life satisfaction, evaluating whether later singlehood satisfaction is associated with earlier life satisfaction. The correlation was positive but smaller, r ≈ .25, p < .005.","Personality traits. Personality traits were assessed in Waves 2, 10, and 11 (the latter only for the refreshment sample) in the CASI mode with a short version of the Big Five Inventory (Rammstedt & John, 2005). The dimensions extraversion (e.g., “I get enthusiastic easily and can motivate others easily”) and neuroticism (e.g., “I worry a lot”) were assessed with four items each. The response format ranged from 1 (absolutely incorrect) to 5 (absolutely correct). For each trait, we used wave-specific mean scores. Specifically, for individuals in the earlier-born cohort, we used personality-trait items from Wave 2; for individuals in the later-born cohort, we used personality-trait items from Waves 10 (birth cohorts 1991-1993 and 1981-1983) and 11 (birth cohort 2001-2003). Thus, participants varied in the timing of their personality-trait assessments.",,"### Participants from wave 1 ###
anchor1 <- anchor1 %>% select(id, sex_gen, ethni, cohort, age, sd3, np, sat6, sat2) %>%
  rename(sex = sex_gen,
         aget1 = age,
         relt1 = sd3,
         prevrel = np,
         lifesatt1 = sat6,
         sinsatt1 = sat2) %>%
  replace(((.) < 0), NA) %>%
  mutate(sex = sex - 1,
         relt1 = ifelse(relt1 == 2, 0, relt1))

### Participants from wave 2 ###
anchor2 <- anchor2 %>% select(id, age, relstat, starts_with(""ehc2p""), sat6, sat2, starts_with(""per3i"")) %>%
  rename(aget2 = age,
         lifesatt2 = sat6,
         sinsatt2 = sat2) %>%
  replace(((.) < 0), NA) %>%
  mutate(relt2 = ifelse(relstat == 1 |
                          relstat == 6 |
                          relstat == 9, 0, 1)) %>% 
  select(-c(ehc2p1, ehc2p2, ehc2p3, ehc2p4, ehc2p5)) %>%
  mutate(months_rel_t1_t2 = rowSums(.[c(4:93)], na.rm = TRUE)) %>%
  mutate_at(c(96:116), as.numeric) %>%
  mutate_at(c(""per3i1"", ""per3i11"", ""per3i9"", ""per3i2"", ""per3i12"", ""per3i17"", ""per3i8"", ""per3i21""),
            ~ recode(., ""1"" = 5, ""2"" = 4, ""3"" = 3, 
                     ""4"" = 2, ""5"" = 1)) %>%
  rowwise() %>%
  mutate(extra_M = round(mean(c(per3i1, per3i6, per3i11, per3i16), na.rm = TRUE), 2),
         neuro_M = round(mean(c(per3i4, per3i9, per3i14, per3i19), na.rm = TRUE), 2),
         agree_M = round(mean(c(per3i2, per3i7, per3i12, per3i17), na.rm = TRUE), 2),
         consc_M = round(mean(c(per3i3, per3i8, per3i13, per3i18), na.rm = TRUE), 2),
         open_M = round(mean(c(per3i5, per3i10, per3i15, per3i20, per3i21), na.rm = TRUE), 2)) %>%
  select(id, aget2, relt2, months_rel_t1_t2, lifesatt2, sinsatt2, extra_M, neuro_M, agree_M, consc_M, open_M)

### single at T1 ###
data <- data %>% filter(relt1 == 0) # N = 8,321

### single throughout T1-3 ###
data <- data %>% filter(months_rel_t1_t2 == 0, relt2 == 0, months_rel_t2_t3 == 0, relt3 == 0) # N = 3,161

### missings on both well-being measures ###
data <- data %>% filter(!(is.na(lifesatt1) & is.na(sinsatt1))) # N = 3,161

# write.table(data, ""data_wide.txt"")",,,
12,variable specification,T1 life satisfaction,2,"data <- read.table(""data_wide.txt"") […] cor <- rcorr(as.matrix(data[, c(""sinsatt1"", ""sinsatt2"", ""sinsatt3"", ""lifesatt1"", ""lifesatt2"", ""lifesatt3"", ""extra_M"", ""neuro_M"")]), type = ""pearson"")",1_descriptive_analyses.R:9;56,1,"Pearson correlation between T2 singlehood satisfaction and T1 life satisfaction, evaluating whether later singlehood satisfaction is associated with earlier life satisfaction. The correlation was positive but smaller, r ≈ .25, p < .005.","Table 2. Descriptive Characteristics and Pearson Correlations Among the Study Variables. Variable 1 2 3 4 5 6 7 8 1. T1 singlehood satisfaction (n = 2,883)  2. T2 singlehood satisfaction (n = 2,894) .48  3. T3 singlehood satisfaction (n = 2,890) .43 .55  4. T1 life satisfaction (n = 2,935) .34 .25 .24  … Note. Satisfaction with singlehood and life satisfaction ranged from 0 to 10. Extraversion and neuroticism ranged from 1 to 5. Extraversion and neuroticism were assessed in Waves 2, 6, and 11, depending on participants’ cohort membership. All correlations were significant at p < .005.",,"#### Table 2: Descriptive characteristics and Pearson correlations among study variables ###############

# Correlations across key variables

library(Hmisc)

cor <- rcorr(as.matrix(data[, c(""sinsatt1"", ""sinsatt2"", ""sinsatt3"", ""lifesatt1"", ""lifesatt2"", ""lifesatt3"", ""extra_M"", ""neuro_M"")]), type = ""pearson"")
cor_r <- as.data.frame(round(cor$r, 2))

# sample sizes
row.names(cor_r)[1:8] <- c(paste0(""1. T1 Satisfaction with singlehood (n = "", cor$n[1,1], "")""),
                           paste0(""2. T2 Satisfaction with singlehood (n = "", cor$n[2,2], "")""),
                           paste0(""3. T3 Satisfaction with singlehood (n = "", cor$n[3,3], "")""),
                           paste0(""4. T1 Life satisfaction (n = "", cor$n[4,4], "")""),
                           paste0(""5. T2 Life satisfaction (n = "", cor$n[5,5], "")""),
                           paste0(""6. T3 Life satisfaction (n = "", cor$n[6,6], "")""),
                           paste0(""7. Extraversion (n = "", cor$n[7,7], "")""),
                           paste0(""8. Neuroticism (n = "", cor$n[8,8], "")""))

colnames(cor_r) <- c(1:8)

# means & SDs
M_SD <- data %>% ungroup() %>% select(sinsatt1, sinsatt2, sinsatt3, lifesatt1, lifesatt2, lifesatt3, extra_M, neuro_M) %>%
  summarise_all(funs(mean, sd), na.rm = TRUE) %>%
  mutate(across(everything(), round, 2))",,1,1
12,transformation,,,,,,"Pearson correlation between T2 singlehood satisfaction and T1 life satisfaction, evaluating whether later singlehood satisfaction is associated with earlier life satisfaction. The correlation was positive but smaller, r ≈ .25, p < .005.","Personality traits. Personality traits were assessed in Waves 2, 10, and 11 (the latter only for the refreshment sample) in the CASI mode with a short version of the Big Five Inventory (Rammstedt & John, 2005). The dimensions extraversion (e.g., “I get enthusiastic easily and can motivate others easily”) and neuroticism (e.g., “I worry a lot”) were assessed with four items each. The response format ranged from 1 (absolutely incorrect) to 5 (absolutely correct). For each trait, we used wave-specific mean scores. Specifically, for individuals in the earlier-born cohort, we used personality-trait items from Wave 2; for individuals in the later-born cohort, we used personality-trait items from Waves 10 (birth cohorts 1991-1993 and 1981-1983) and 11 (birth cohort 2001-2003). Thus, participants varied in the timing of their personality-trait assessments.",,"### Participants from wave 1 ###
anchor1 <- anchor1 %>% select(id, sex_gen, ethni, cohort, age, sd3, np, sat6, sat2) %>%
  rename(sex = sex_gen,
         aget1 = age,
         relt1 = sd3,
         prevrel = np,
         lifesatt1 = sat6,
         sinsatt1 = sat2) %>%
  replace(((.) < 0), NA) %>%
  mutate(sex = sex - 1,
         relt1 = ifelse(relt1 == 2, 0, relt1))

### Participants from wave 2 ###
anchor2 <- anchor2 %>% select(id, age, relstat, starts_with(""ehc2p""), sat6, sat2, starts_with(""per3i"")) %>%
  rename(aget2 = age,
         lifesatt2 = sat6,
         sinsatt2 = sat2) %>%
  replace(((.) < 0), NA) %>%
  mutate(relt2 = ifelse(relstat == 1 |
                          relstat == 6 |
                          relstat == 9, 0, 1)) %>% 
  select(-c(ehc2p1, ehc2p2, ehc2p3, ehc2p4, ehc2p5)) %>%
  mutate(months_rel_t1_t2 = rowSums(.[c(4:93)], na.rm = TRUE)) %>%
  mutate_at(c(96:116), as.numeric) %>%
  mutate_at(c(""per3i1"", ""per3i11"", ""per3i9"", ""per3i2"", ""per3i12"", ""per3i17"", ""per3i8"", ""per3i21""),
            ~ recode(., ""1"" = 5, ""2"" = 4, ""3"" = 3, 
                     ""4"" = 2, ""5"" = 1)) %>%
  rowwise() %>%
  mutate(extra_M = round(mean(c(per3i1, per3i6, per3i11, per3i16), na.rm = TRUE), 2),
         neuro_M = round(mean(c(per3i4, per3i9, per3i14, per3i19), na.rm = TRUE), 2),
         agree_M = round(mean(c(per3i2, per3i7, per3i12, per3i17), na.rm = TRUE), 2),
         consc_M = round(mean(c(per3i3, per3i8, per3i13, per3i18), na.rm = TRUE), 2),
         open_M = round(mean(c(per3i5, per3i10, per3i15, per3i20, per3i21), na.rm = TRUE), 2)) %>%
  select(id, aget2, relt2, months_rel_t1_t2, lifesatt2, sinsatt2, extra_M, neuro_M, agree_M, consc_M, open_M)

### single at T1 ###
data <- data %>% filter(relt1 == 0) # N = 8,321

### single throughout T1-3 ###
data <- data %>% filter(months_rel_t1_t2 == 0, relt2 == 0, months_rel_t2_t3 == 0, relt3 == 0) # N = 3,161

### missings on both well-being measures ###
data <- data %>% filter(!(is.na(lifesatt1) & is.na(sinsatt1))) # N = 3,161

# write.table(data, ""data_wide.txt"")",,,
12,inference criterion,p < .005.,2,"cor <- rcorr(as.matrix(data[, c(""sinsatt1"", ""sinsatt2"", ""sinsatt3"", ""lifesatt1"", ""lifesatt2"", ""lifesatt3"", ""extra_M"", ""neuro_M"")]), type = ""pearson"")",1_descriptive_analyses.R:56,,"Pearson correlation between T2 singlehood satisfaction and T1 life satisfaction, evaluating whether later singlehood satisfaction is associated with earlier life satisfaction. The correlation was positive but smaller, r ≈ .25, p < .005.",All correlations were significant at p < .005.,,,,,
13,model specification,"Table 2 shows the means, standard deviations, and zeroorder correlations among the study variables across birth cohorts and age groups (see Supplemental Table S2 for means and standard deviations separated by birth cohorts and age groups). [...] Descriptive Characteristics and Pearson Correlations Among the Study Variables",0;2,"cor <- rcorr(as.matrix(data[, c(""sinsatt1"", ""sinsatt2"", ""sinsatt3"", ""lifesatt1"", ""lifesatt2"", ""lifesatt3"", ""extra_M"", ""neuro_M"")]), type = ""pearson"")",1_descriptive_analyses.R:56,1,,,,,,,
13,variable specification,T2 singlehood satisfaction,2,"data <- read.table(""data_wide.txt"") […] cor <- rcorr(as.matrix(data[, c(""sinsatt1"", ""sinsatt2"", ""sinsatt3"", ""lifesatt1"", ""lifesatt2"", ""lifesatt3"", ""extra_M"", ""neuro_M"")]), type = ""pearson"")",1_descriptive_analyses.R:9;56,1,,,,,,,
13,transformation,,,,,,,,,,,,
13,variable specification,T2 life satisfaction,2,"data <- read.table(""data_wide.txt"") […] cor <- rcorr(as.matrix(data[, c(""sinsatt1"", ""sinsatt2"", ""sinsatt3"", ""lifesatt1"", ""lifesatt2"", ""lifesatt3"", ""extra_M"", ""neuro_M"")]), type = ""pearson"")",1_descriptive_analyses.R:9;56,1,,,,,,,
13,transformation,,,,,,,,,,,,
13,inference criterion,p < .005.,2,"cor <- rcorr(as.matrix(data[, c(""sinsatt1"", ""sinsatt2"", ""sinsatt3"", ""lifesatt1"", ""lifesatt2"", ""lifesatt3"", ""extra_M"", ""neuro_M"")]), type = ""pearson"")",1_descriptive_analyses.R:56,,,,,,,,
14,model specification,"Table 2 shows the means, standard deviations, and zeroorder correlations among the study variables across birth cohorts and age groups (see Supplemental Table S2 for means and standard deviations separated by birth cohorts and age groups). [...] Descriptive Characteristics and Pearson Correlations Among the Study Variables",0;2,"cor <- rcorr(as.matrix(data[, c(""sinsatt1"", ""sinsatt2"", ""sinsatt3"", ""lifesatt1"", ""lifesatt2"", ""lifesatt3"", ""extra_M"", ""neuro_M"")]), type = ""pearson"")",1_descriptive_analyses.R:56,1,,,,,,,
14,variable specification,T2 singlehood satisfaction,2,"data <- read.table(""data_wide.txt"") […] cor <- rcorr(as.matrix(data[, c(""sinsatt1"", ""sinsatt2"", ""sinsatt3"", ""lifesatt1"", ""lifesatt2"", ""lifesatt3"", ""extra_M"", ""neuro_M"")]), type = ""pearson"")",1_descriptive_analyses.R:9;56,1,,,,,,,
14,transformation,,,,,,,,,,,,
14,variable specification,T3 life satisfaction,2,"data <- read.table(""data_wide.txt"") […] cor <- rcorr(as.matrix(data[, c(""sinsatt1"", ""sinsatt2"", ""sinsatt3"", ""lifesatt1"", ""lifesatt2"", ""lifesatt3"", ""extra_M"", ""neuro_M"")]), type = ""pearson"")",1_descriptive_analyses.R:9;56,1,,,,,,,
14,transformation,,,,,,,,,,,,
14,inference criterion,p < .005.,2,"cor <- rcorr(as.matrix(data[, c(""sinsatt1"", ""sinsatt2"", ""sinsatt3"", ""lifesatt1"", ""lifesatt2"", ""lifesatt3"", ""extra_M"", ""neuro_M"")]), type = ""pearson"")",1_descriptive_analyses.R:56,,,,,,,,
15,model specification,"Table 2 shows the means, standard deviations, and zeroorder correlations among the study variables across birth cohorts and age groups (see Supplemental Table S2 for means and standard deviations separated by birth cohorts and age groups). [...] Descriptive Characteristics and Pearson Correlations Among the Study Variables",0;2,"cor <- rcorr(as.matrix(data[, c(""sinsatt1"", ""sinsatt2"", ""sinsatt3"", ""lifesatt1"", ""lifesatt2"", ""lifesatt3"", ""extra_M"", ""neuro_M"")]), type = ""pearson"")",1_descriptive_analyses.R:56,1,,,,,,,
15,variable specification,T2 singlehood satisfaction,2,"data <- read.table(""data_wide.txt"") […] cor <- rcorr(as.matrix(data[, c(""sinsatt1"", ""sinsatt2"", ""sinsatt3"", ""lifesatt1"", ""lifesatt2"", ""lifesatt3"", ""extra_M"", ""neuro_M"")]), type = ""pearson"")",1_descriptive_analyses.R:9;56,1,,,,,,,
15,transformation,,,,,,,,,,,,
15,variable specification,Extraversion,2,"### Participants from wave 2 ###
anchor2 <- anchor2 %>% select(id, age, relstat, starts_with(""ehc2p""), sat6, sat2, starts_with(""per3i"")) %>%
  rename(aget2 = age,
         lifesatt2 = sat6,
         sinsatt2 = sat2) %>%
  replace(((.) < 0), NA) %>%
  mutate(relt2 = ifelse(relstat == 1 |
                          relstat == 6 |
                          relstat == 9, 0, 1)) %>% 
  select(-c(ehc2p1, ehc2p2, ehc2p3, ehc2p4, ehc2p5)) %>%
  mutate(months_rel_t1_t2 = rowSums(.[c(4:93)], na.rm = TRUE)) %>%
  mutate_at(c(96:116), as.numeric) %>%
  mutate_at(c(""per3i1"", ""per3i11"", ""per3i9"", ""per3i2"", ""per3i12"", ""per3i17"", ""per3i8"", ""per3i21""),
            ~ recode(., ""1"" = 5, ""2"" = 4, ""3"" = 3, 
                     ""4"" = 2, ""5"" = 1)) %>%
  rowwise() %>%
  mutate(extra_M = round(mean(c(per3i1, per3i6, per3i11, per3i16), na.rm = TRUE), 2),
         neuro_M = round(mean(c(per3i4, per3i9, per3i14, per3i19), na.rm = TRUE), 2),
         agree_M = round(mean(c(per3i2, per3i7, per3i12, per3i17), na.rm = TRUE), 2),
         consc_M = round(mean(c(per3i3, per3i8, per3i13, per3i18), na.rm = TRUE), 2),
         open_M = round(mean(c(per3i5, per3i10, per3i15, per3i20, per3i21), na.rm = TRUE), 2)) %>%
  select(id, aget2, relt2, months_rel_t1_t2, lifesatt2, sinsatt2, extra_M, neuro_M, agree_M, consc_M, open_M) [...] anchor1_3 <- merge(anchor1, anchor2, by = ""id"", all.x = TRUE) [...] ### Participants from wave 11 ###
anchor11 <- anchor11 %>% select(id, sex_gen, ethni, cohort, age, relstat, np, sat6, sat2, starts_with(""per3i"")) %>%
  rename(sex = sex_gen,
         aget1 = age,
         lifesatt1 = sat6,
         sinsatt1 = sat2,
         prevrel = np) %>%
  mutate(relt1 = ifelse(relstat == 1 |
                           relstat == 6 |
                           relstat == 9, 0, 1),
         sex = sex - 1) %>% 
  replace(((.) < 0), NA) %>%
  mutate_at(c(10:30), as.numeric) %>%
  mutate_at(c(""per3i1"", ""per3i11"", ""per3i9"", ""per3i2"", ""per3i12"", ""per3i17"", ""per3i8"", ""per3i21""),
            ~ recode(., ""1"" = 5, ""2"" = 4, ""3"" = 3, 
                     ""4"" = 2, ""5"" = 1)) %>%
  rowwise() %>%
  mutate(extra_M = round(mean(c(per3i1, per3i6, per3i11, per3i16), na.rm = TRUE), 2),
         neuro_M = round(mean(c(per3i4, per3i9, per3i14, per3i19), na.rm = TRUE), 2),
         agree_M = round(mean(c(per3i2, per3i7, per3i12, per3i17), na.rm = TRUE), 2),
         consc_M = round(mean(c(per3i3, per3i8, per3i13, per3i18), na.rm = TRUE), 2),
         open_M = round(mean(c(per3i5, per3i10, per3i15, per3i20, per3i21), na.rm = TRUE), 2)) %>%
  select(id, sex, ethni, cohort, aget1, relt1, prevrel, lifesatt1, sinsatt1, extra_M, neuro_M, agree_M, consc_M, open_M) [...] # wave 10
anchor10 <- anchor10 %>% select(id, starts_with(""per3i"")) %>%
  mutate_at(c(2:22), as.numeric) %>%
  mutate_at(c(""per3i1"", ""per3i11"", ""per3i9"", ""per3i2"", ""per3i12"", ""per3i17"", ""per3i8"", ""per3i21""),
            ~ recode(., ""1"" = 5, ""2"" = 4, ""3"" = 3, 
                     ""4"" = 2, ""5"" = 1)) %>% 
  replace(((.) < 0), NA) %>%
  rowwise() %>%
  mutate(extra_M = round(mean(c(per3i1, per3i6, per3i11, per3i16), na.rm = TRUE), 2),
         neuro_M = round(mean(c(per3i4, per3i9, per3i14, per3i19), na.rm = TRUE), 2),
         agree_M = round(mean(c(per3i2, per3i7, per3i12, per3i17), na.rm = TRUE), 2),
         consc_M = round(mean(c(per3i3, per3i8, per3i13, per3i18), na.rm = TRUE), 2),
         open_M  = round(mean(c(per3i5, per3i10, per3i15, per3i20, per3i21), na.rm = TRUE), 2)) %>%
  select(id, extra_M, neuro_M, agree_M, consc_M, open_M)

anchor11_13 <- anchor11_13 %>% left_join(anchor10, by = ""id"") %>%
  mutate(extra_M = ifelse(is.na(extra_M.x), extra_M.y, extra_M.x),
         neuro_M = ifelse(is.na(neuro_M.x), neuro_M.y, neuro_M.x),
         agree_M = ifelse(is.na(agree_M.x), agree_M.y, agree_M.x),
         consc_M = ifelse(is.na(consc_M.x), consc_M.y, consc_M.x),
         open_M = ifelse(is.na(open_M.x), open_M.y, open_M.x)) %>%
  select(-c(21:30)) [...] data <- rbind(anchor1_3, anchor11_13)  [...] # write.table(data, ""data_wide.txt"") [...] cor <- rcorr(as.matrix(data[, c(""sinsatt1"", ""sinsatt2"", ""sinsatt3"", ""lifesatt1"", ""lifesatt2"", ""lifesatt3"", ""extra_M"", ""neuro_M"")]), type = ""pearson"")",0_clean_data.R;0_clean_data.R;0_clean_data.R;0_clean_data.R;0_clean_data.R;0_clean_data.R;1_descriptive_analyses.R:46-67;85;100-122;170-191;196;299;56,1,,,,,,,
15,transformation,"For each trait, we used wave-specific mean scores. Specifically, for individuals in the earlier-born cohort, we used personality-trait
items from Wave 2; for individuals in the later-born cohort, we used personality-trait items from Waves 10 (birth cohorts 1991-1993 and 1981-1983) and 11 (birth cohort 2001-2003). Thus, participants varied in the timing of their personalitytrait assessments.",0,"### Participants from wave 2 ###
anchor2 <- anchor2 %>% select(id, age, relstat, starts_with(""ehc2p""), sat6, sat2, starts_with(""per3i"")) %>%
  rename(aget2 = age,
         lifesatt2 = sat6,
         sinsatt2 = sat2) %>%
  replace(((.) < 0), NA) %>%
  mutate(relt2 = ifelse(relstat == 1 |
                          relstat == 6 |
                          relstat == 9, 0, 1)) %>% 
  select(-c(ehc2p1, ehc2p2, ehc2p3, ehc2p4, ehc2p5)) %>%
  mutate(months_rel_t1_t2 = rowSums(.[c(4:93)], na.rm = TRUE)) %>%
  mutate_at(c(96:116), as.numeric) %>%
  mutate_at(c(""per3i1"", ""per3i11"", ""per3i9"", ""per3i2"", ""per3i12"", ""per3i17"", ""per3i8"", ""per3i21""),
            ~ recode(., ""1"" = 5, ""2"" = 4, ""3"" = 3, 
                     ""4"" = 2, ""5"" = 1)) %>%
  rowwise() %>%
  mutate(extra_M = round(mean(c(per3i1, per3i6, per3i11, per3i16), na.rm = TRUE), 2),
         neuro_M = round(mean(c(per3i4, per3i9, per3i14, per3i19), na.rm = TRUE), 2),
         agree_M = round(mean(c(per3i2, per3i7, per3i12, per3i17), na.rm = TRUE), 2),
         consc_M = round(mean(c(per3i3, per3i8, per3i13, per3i18), na.rm = TRUE), 2),
         open_M = round(mean(c(per3i5, per3i10, per3i15, per3i20, per3i21), na.rm = TRUE), 2)) %>%
  select(id, aget2, relt2, months_rel_t1_t2, lifesatt2, sinsatt2, extra_M, neuro_M, agree_M, consc_M, open_M) [...] anchor1_3 <- merge(anchor1, anchor2, by = ""id"", all.x = TRUE) [...] ### Participants from wave 11 ###
anchor11 <- anchor11 %>% select(id, sex_gen, ethni, cohort, age, relstat, np, sat6, sat2, starts_with(""per3i"")) %>%
  rename(sex = sex_gen,
         aget1 = age,
         lifesatt1 = sat6,
         sinsatt1 = sat2,
         prevrel = np) %>%
  mutate(relt1 = ifelse(relstat == 1 |
                           relstat == 6 |
                           relstat == 9, 0, 1),
         sex = sex - 1) %>% 
  replace(((.) < 0), NA) %>%
  mutate_at(c(10:30), as.numeric) %>%
  mutate_at(c(""per3i1"", ""per3i11"", ""per3i9"", ""per3i2"", ""per3i12"", ""per3i17"", ""per3i8"", ""per3i21""),
            ~ recode(., ""1"" = 5, ""2"" = 4, ""3"" = 3, 
                     ""4"" = 2, ""5"" = 1)) %>%
  rowwise() %>%
  mutate(extra_M = round(mean(c(per3i1, per3i6, per3i11, per3i16), na.rm = TRUE), 2),
         neuro_M = round(mean(c(per3i4, per3i9, per3i14, per3i19), na.rm = TRUE), 2),
         agree_M = round(mean(c(per3i2, per3i7, per3i12, per3i17), na.rm = TRUE), 2),
         consc_M = round(mean(c(per3i3, per3i8, per3i13, per3i18), na.rm = TRUE), 2),
         open_M = round(mean(c(per3i5, per3i10, per3i15, per3i20, per3i21), na.rm = TRUE), 2)) %>%
  select(id, sex, ethni, cohort, aget1, relt1, prevrel, lifesatt1, sinsatt1, extra_M, neuro_M, agree_M, consc_M, open_M) [...] # wave 10
anchor10 <- anchor10 %>% select(id, starts_with(""per3i"")) %>%
  mutate_at(c(2:22), as.numeric) %>%
  mutate_at(c(""per3i1"", ""per3i11"", ""per3i9"", ""per3i2"", ""per3i12"", ""per3i17"", ""per3i8"", ""per3i21""),
            ~ recode(., ""1"" = 5, ""2"" = 4, ""3"" = 3, 
                     ""4"" = 2, ""5"" = 1)) %>% 
  replace(((.) < 0), NA) %>%
  rowwise() %>%
  mutate(extra_M = round(mean(c(per3i1, per3i6, per3i11, per3i16), na.rm = TRUE), 2),
         neuro_M = round(mean(c(per3i4, per3i9, per3i14, per3i19), na.rm = TRUE), 2),
         agree_M = round(mean(c(per3i2, per3i7, per3i12, per3i17), na.rm = TRUE), 2),
         consc_M = round(mean(c(per3i3, per3i8, per3i13, per3i18), na.rm = TRUE), 2),
         open_M  = round(mean(c(per3i5, per3i10, per3i15, per3i20, per3i21), na.rm = TRUE), 2)) %>%
  select(id, extra_M, neuro_M, agree_M, consc_M, open_M)

anchor11_13 <- anchor11_13 %>% left_join(anchor10, by = ""id"") %>%
  mutate(extra_M = ifelse(is.na(extra_M.x), extra_M.y, extra_M.x),
         neuro_M = ifelse(is.na(neuro_M.x), neuro_M.y, neuro_M.x),
         agree_M = ifelse(is.na(agree_M.x), agree_M.y, agree_M.x),
         consc_M = ifelse(is.na(consc_M.x), consc_M.y, consc_M.x),
         open_M = ifelse(is.na(open_M.x), open_M.y, open_M.x)) %>%
  select(-c(21:30)) [...] data <- rbind(anchor1_3, anchor11_13)  [...] # write.table(data, ""data_wide.txt"")",0_clean_data.R:46-67;85;100-122;170-191;196;299,1,,,,,,,
15,inference criterion,p < .005.,2,"cor <- rcorr(as.matrix(data[, c(""sinsatt1"", ""sinsatt2"", ""sinsatt3"", ""lifesatt1"", ""lifesatt2"", ""lifesatt3"", ""extra_M"", ""neuro_M"")]), type = ""pearson"")",1_descriptive_analyses.R:56,,,,,,,,
16,model specification,"Table 2 shows the means, standard deviations, and zeroorder correlations among the study variables across birth cohorts and age groups (see Supplemental Table S2 for means and standard deviations separated by birth cohorts and age groups). [...] Descriptive Characteristics and Pearson Correlations Among the Study Variables",0;2,"cor <- rcorr(as.matrix(data[, c(""sinsatt1"", ""sinsatt2"", ""sinsatt3"", ""lifesatt1"", ""lifesatt2"", ""lifesatt3"", ""extra_M"", ""neuro_M"")]), type = ""pearson"")",1_descriptive_analyses.R:56,1,"Pearson correlation between T3 singlehood satisfaction and extraversion, examining the link between extraversion and singlehood satisfaction at the third wave. The association was small and positive, r ≈ .07, p < .005.",Table 2. Descriptive Characteristics and Pearson Correlations Among the Study Variables.,,"#### Table 2: Descriptive characteristics and Pearson correlations among study variables ###############

# Correlations across key variables

library(Hmisc)

cor <- rcorr(as.matrix(data[, c(""sinsatt1"", ""sinsatt2"", ""sinsatt3"", ""lifesatt1"", ""lifesatt2"", ""lifesatt3"", ""extra_M"", ""neuro_M"")]), type = ""pearson"")
cor_r <- as.data.frame(round(cor$r, 2))",,1,1
16,variable specification,T2 singlehood satisfaction,2,"data <- read.table(""data_wide.txt"") […] cor <- rcorr(as.matrix(data[, c(""sinsatt1"", ""sinsatt2"", ""sinsatt3"", ""lifesatt1"", ""lifesatt2"", ""lifesatt3"", ""extra_M"", ""neuro_M"")]), type = ""pearson"")",1_descriptive_analyses.R:9;56,1,"Pearson correlation between T3 singlehood satisfaction and extraversion, examining the link between extraversion and singlehood satisfaction at the third wave. The association was small and positive, r ≈ .07, p < .005.","Table 2. Descriptive Characteristics and Pearson Correlations Among the Study Variables.

Variable 1 2 3 4 5 6 7 8
...
3. T3 singlehood satisfaction (n = 2,890) .43 .55  
...
7. Extraversion (n = 2,927) .07 .05 .07 .16 .20 .12  
...
Note. Satisfaction with singlehood and life satisfaction ranged from 0 to 10. Extraversion and neuroticism ranged from 1 to 5. Extraversion and neuroticism were assessed in Waves 2, 6, and 11, depending on participants’ cohort membership. All correlations were significant at p < .005.

""Table 2 shows the means, standard deviations, and zero-order correlations among the study variables across birth cohorts and age groups (see Supplemental Table S2 for means and standard deviations separated by birth cohorts and age groups). Satisfaction with singlehood and life satisfaction were positively correlated with each other: The more satisfied singles felt with their singlehood, the more satisfied they were with their lives. Both satisfaction measures were positively associated with extraversion and negatively associated with neuroticism.""",,"#### Table 2: Descriptive characteristics and Pearson correlations among study variables ###############

# Correlations across key variables

library(Hmisc)

cor <- rcorr(as.matrix(data[, c(""sinsatt1"", ""sinsatt2"", ""sinsatt3"", ""lifesatt1"", ""lifesatt2"", ""lifesatt3"", ""extra_M"", ""neuro_M"")]), type = ""pearson"")
cor_r <- as.data.frame(round(cor$r, 2))

cor_r[1, ] <- NA
cor_r[, 8] <- NA
cor_r[2, 2:7] <- NA
cor_r[3, 3:7] <- NA
cor_r[4, 4:7] <- NA
cor_r[5, 5:7] <- NA
cor_r[6, 6:7] <- NA
cor_r[7, 7] <- NA

# sample sizes
row.names(cor_r)[1:8] <- c(paste0(""1. T1 Satisfaction with singlehood (n = "", cor$n[1,1], "")""),
                           paste0(""2. T2 Satisfaction with singlehood (n = "", cor$n[2,2], "")""),
                           paste0(""3. T3 Satisfaction with singlehood (n = "", cor$n[3,3], "")""),
                           paste0(""4. T1 Life satisfaction (n = "", cor$n[4,4], "")""),
                           paste0(""5. T2 Life satisfaction (n = "", cor$n[5,5], "")""),
                           paste0(""6. T3 Life satisfaction (n = "", cor$n[6,6], "")""),
                           paste0(""7. Extraversion (n = "", cor$n[7,7], "")""),
                           paste0(""8. Neuroticism (n = "", cor$n[8,8], "")""))

colnames(cor_r) <- c(1:8)

# means & SDs
M_SD <- data %>% ungroup() %>% select(sinsatt1, sinsatt2, sinsatt3, lifesatt1, lifesatt2, lifesatt3, extra_M, neuro_M) %>%
  summarise_all(funs(mean, sd), na.rm = TRUE) %>%
  mutate(across(everything(), round, 2))",,1,1
16,transformation,,,,,,"Pearson correlation between T3 singlehood satisfaction and extraversion, examining the link between extraversion and singlehood satisfaction at the third wave. The association was small and positive, r ≈ .07, p < .005.","Personality traits were assessed in Waves 2, 10, and 11 (the latter only for the refreshment sample) in the CASI mode with a short version of the Big Five Inventory (Rammstedt & John, 2005). The dimensions extraversion (e.g., “I get enthusiastic easily and can motivate others easily”) and neuroticism (e.g., “I worry a lot”) were assessed with four items each. The response format ranged from 1 (absolutely incorrect) to 5 (absolutely correct). For each trait, we used wave-specific mean scores.",,"{""code_value"":""### Participants from wave 2 ###\nanchor2 <- anchor2 %>% select(id, age, relstat, starts_with(\""ehc2p\""), sat6, sat2, starts_with(\""per3i\"")) %>%\n  rename(aget2 = age,\n         lifesatt2 = sat6,\n         sinsatt2 = sat2) %>%\n  replace(((.) < 0), NA) %>%\n  mutate(relt2 = ifelse(relstat == 1 |\n                          relstat == 6 |\n                          relstat == 9, 0, 1)) %>% \n  select(-c(ehc2p1, ehc2p2, ehc2p3, ehc2p4, ehc2p5)) %>%\n  mutate(months_rel_t1_t2 = rowSums(.[c(4:93)], na.rm = TRUE)) %>%\n  mutate_at(c(96:116), as.numeric) %>%\n  mutate_at(c(\""per3i1\"", \""per3i11\"", \""per3i9\"", \""per3i2\"", \""per3i12\"", \""per3i17\"", \""per3i8\"", \""per3i21\""),\n            ~ recode(., \""1\"" = 5, \""2\"" = 4, \""3\"" = 3, \n                     \""4\"" = 2, \""5\"" = 1)) %>%\n  rowwise() %>%\n  mutate(extra_M = round(mean(c(per3i1, per3i6, per3i11, per3i16), na.rm = TRUE), 2),\n         neuro_M = round(mean(c(per3i4, per3i9, per3i14, per3i19), na.rm = TRUE), 2),\n         agree_M = round(mean(c(per3i2, per3i7, per3i12, per3i17), na.rm = TRUE), 2),\n         consc_M = round(mean(c(per3i3, per3i8, per3i13, per3i18), na.rm = TRUE), 2),\n         open_M = round(mean(c(per3i5, per3i10, per3i15, per3i20, per3i21), na.rm = TRUE), 2)) %>%\n  select(id, aget2, relt2, months_rel_t1_t2, lifesatt2, sinsatt2, extra_M, neuro_M, agree_M, consc_M, open_M)\n\n### Participants from wave 3 ###\nanchor3 <- anchor3 %>% select(id, age, relstat, starts_with(\""ehc2p\""), sat6, sat2) %>%\n  rename(aget3 = age,\n         lifesatt3 = sat6,\n         sinsatt3 = sat2) %>%\n  mutate(relt3 = ifelse(relstat == 1 |\n                          relstat == 6 |\n                          relstat == 9, 0, 1)) %>% \n  replace(((.) < 0), NA) %>%\n  select(-c(ehc2p1, ehc2p2, ehc2p3, ehc2p4, ehc2p5)) %>%\n  mutate(months_rel_t2_t3 = rowSums(.[c(4:163)], na.rm = TRUE)) %>%\n  select(id, aget3, relt3, months_rel_t2_t3, lifesatt3, sinsatt3)\n\n### Participants from wave 11 ###\nanchor11 <- anchor11 %>% select(id, sex_gen, ethni, cohort, age, relstat, np, sat6, sat2, starts_with(\""per3i\"")) %>%\n  rename(sex = sex_gen,\n         aget1 = age,\n         lifesatt1 = sat6,\n         sinsatt1 = sat2,\n         prevrel = np) %>%\n  mutate(relt1 = ifelse(relstat == 1 |\n                           relstat == 6 |\n                           relstat == 9, 0, 1),\n         sex = sex - 1) %>% \n  replace(((.) < 0), NA) %>%\n  mutate_at(c(10:30), as.numeric) %>%\n  mutate_at(c(\""per3i1\"", \""per3i11\"", \""per3i9\"", \""per3i2\"", \""per3i12\"", \""per3i17\"", \""per3i8\"", \""per3i21\""),\n            ~ recode(., \""1\"" = 5, \""2\"" = 4, \""3\"" = 3, \n                     \""4\"" = 2, \""5\"" = 1)) %>%\n  rowwise() %>%\n  mutate(extra_M = round(mean(c(per3i1, per3i6, per3i11, per3i16), na.rm = TRUE), 2),\n         neuro_M = round(mean(c(per3i4, per3i9, per3i14, per3i19), na.rm = TRUE), 2),\n         agree_M = round(mean(c(per3i2, per3i7, per3i12, per3i17), na.rm = TRUE), 2),\n         consc_M = round(mean(c(per3i3, per3i8, per3i13, per3i18), na.rm = TRUE), 2),\n         open_M = round(mean(c(per3i5, per3i10, per3i15, per3i20, per3i21), na.rm = TRUE), 2)) %>%\n  select(id, sex, ethni, cohort, aget1, relt1, prevrel, lifesatt1, sinsatt1, extra_M, neuro_M, agree_M, consc_M, open_M)\n\n### Filling in missing Big Five traits from Wave 10 ###\n\n# wave 10\nanchor10 <- anchor10 %>% select(id, starts_with(\""per3i\"")) %>%\n  mutate_at(c(2:22), as.numeric) %>%\n  mutate_at(c(\""per3i1\"", \""per3i11\"", \""per3i9\"", \""per3i2\"", \""per3i12\"", \""per3i17\"", \""per3i8\"", \""per3i21\""),\n            ~ recode(., \""1\"" = 5, \""2\"" = 4, \""3\"" = 3, \n                     \""4\"" = 2, \""5\"" = 1)) %>% \n  replace(((.) < 0), NA) %>%\n  rowwise() %>%\n  mutate(extra_M = round(mean(c(per3i1, per3i6, per3i11, per3i16), na.rm = TRUE), 2),\n         neuro_M = round(mean(c(per3i4, per3i9, per3i14, per3i19), na.rm = TRUE), 2),\n         agree_M = round(mean(c(per3i2, per3i7, per3i12, per3i17), na.rm = TRUE), 2),\n         consc_M = round(mean(c(per3i3, per3i8, per3i13, per3i18), na.rm = TRUE), 2),\n         open_M  = round(mean(c(per3i5, per3i10, per3i15, per3i20, per3i21), na.rm = TRUE), 2)) %>%\n  select(id, extra_M, neuro_M, agree_M, consc_M, open_M)\n\nanchor11_13 <- anchor11_13 %>% left_join(anchor10, by = \""id\"") %>%\n  mutate(extra_M = ifelse(is.na(extra_M.x), extra_M.y, extra_M.x),\n         neuro_M = ifelse(is.na(neuro_M.x), neuro_M.y, neuro_M.x),\n         agree_M = ifelse(is.na(agree_M.x), agree_M.y, agree_M.x),\n         consc_M = ifelse(is.na(consc_M.x), consc_M.y, consc_M.x),\n         open_M = ifelse(is.na(open_M.x), open_M.y, open_M.x)) %>%\n  select(-c(21:30))"",""evidence"":{""code_path"":""/Users/jamie/git/codebot-for-psychology/data/raw/main/codebot/materials/codebot_pairs/avilles/0_clean_data.R"",""code_lines"":""### Participants from wave 2 ###\nanchor2 <- anchor2 %>% select(id, age, relstat, starts_with(\""ehc2p\""), sat6, sat2, starts_with(\""per3i\"")) %>%\n  rename(aget2 = age,\n         lifesatt2 = sat6,\n         sinsatt2 = sat2) %>%\n  replace(((.) < 0), NA) %>%\n  mutate(relt2 = ifelse(relstat == 1 |\n                          relstat == 6 |\n                          relstat == 9, 0, 1)) %>% \n  select(-c(ehc2p1, ehc2p2, ehc2p3, ehc2p4, ehc2p5)) %>%\n  mutate(months_rel_t1_t2 = rowSums(.[c(4:93)], na.rm = TRUE)) %>%\n  mutate_at(c(96:116), as.numeric) %>%\n  mutate_at(c(\""per3i1\"", \""per3i11\"", \""per3i9\"", \""per3i2\"", \""per3i12\"", \""per3i17\"", \""per3i8\"", \""per3i21\""),\n            ~ recode(., \""1\"" = 5, \""2\"" = 4, \""3\"" = 3, \n                     \""4\"" = 2, \""5\"" = 1)) %>%\n  rowwise() %>%\n  mutate(extra_M = round(mean(c(per3i1, per3i6, per3i11, per3i16), na.rm = TRUE), 2),\n         neuro_M = round(mean(c(per3i4, per3i9, per3i14, per3i19), na.rm = TRUE), 2),\n         agree_M = round(mean(c(per3i2, per3i7, per3i12, per3i17), na.rm = TRUE), 2),\n         consc_M = round(mean(c(per3i3, per3i8, per3i13, per3i18), 2),\n         open_M = round(mean(c(per3i5, per3i10, per3i15, per3i20, per3i21), na.rm = TRUE), 2)) %>%\n  select(id, aget2, relt2, months_rel_t1_t2, lifesatt2, sinsatt2, extra_M, neuro_M, agree_M, consc_M, open_M)\n\n### Participants from wave 3 ###\nanchor3 <- anchor3 %>% select(id, age, relstat, starts_with(\""ehc2p\""), sat6, sat2) %>%\n  rename(aget3 = age,\n         lifesatt3 = sat6,\n         sinsatt3 = sat2) %>%\n  mutate(relt3 = ifelse(relstat == 1 |\n                          relstat == 6 |\n                          relstat == 9, 0, 1)) %>% \n  replace(((.) < 0), NA) %>%\n  select(-c(ehc2p1, ehc2p2, ehc2p3, ehc2p4, ehc2p5)) %>%\n  mutate(months_rel_t2_t3 = rowSums(.[c(4:163)], na.rm = TRUE)) %>%\n  select(id, aget3, relt3, months_rel_t2_t3, lifesatt3, sinsatt3)\n\n### Participants from wave 11 ###\nanchor11 <- anchor11 %>% select(id, sex_gen, ethni, cohort, age, relstat, np, sat6, sat2, starts_with(\""per3i\"")) %>%\n  rename(sex = sex_gen,\n         aget1 = age,\n         lifesatt1 = sat6,\n         sinsatt1 = sat2,\n         prevrel = np) %>%\n  mutate(relt1 = ifelse(relstat == 1 |\n                           relstat == 6 |\n                           relstat == 9, 0, 1),\n         sex = sex - 1) %>% \n  replace(((.) < 0), NA) %>%\n  mutate_at(c(10:30), as.numeric) %>%\n  mutate_at(c(\""per3i1\"", \""per3i11\"", \""per3i9\"", \""per3i2\"", \""per3i12\"", \""per3i17\"", \""per3i8\"", \""per3i21\""),\n            ~ recode(., \""1\"" = 5, \""2\"" = 4, \""3\"" = 3, \n                     \""4\"" = 2, \""5\"" = 1)) %>%\n  rowwise() %>%\n  mutate(extra_M = round(mean(c(per3i1, per3i6, per3i11, per3i16), na.rm = TRUE), 2),\n         neuro_M = round(mean(c(per3i4, per3i9, per3i14, per3i19), na.rm = TRUE), 2),\n         agree_M = round(mean(c(per3i2, per3i7, per3i12, per3i17), na.rm = TRUE), 2),\n         consc_M = round(mean(c(per3i3, per3i8, per3i13, per3i18), na.rm = TRUE), 2),\n         open_M = round(mean(c(per3i5, per3i10, per3i15, per3i20, per3i21), na.rm = TRUE), 2)) %>%\n  select(id, sex, ethni, cohort, aget1, relt1, prevrel, lifesatt1, sinsatt1, extra_M, neuro_M, agree_M, consc_M, open_M)\n\n### Filling in missing Big Five traits from Wave 10 ###\n\n# wave 10\nanchor10 <- anchor10 %>% select(id, starts_with(\""per3i\"")) %>%\n  mutate_at(c(2:22), as.numeric) %>%\n  mutate_at(c(\""per3i1\"", \""per3i11\"", \""per3i9\"", \""per3i2\"", \""per3i12\"", \""per3i17\"", \""per3i8\"", \""per3i21\""),\n            ~ recode(., \""1\"" = 5, \""2\"" = 4, \""3\"" = 3, \n                     \""4\"" = 2, \""5\"" = 1)) %>% \n  replace(((.) < 0), NA) %>%\n  rowwise() %>%\n  mutate(extra_M = round(mean(c(per3i1, per3i6, per3i11, per3i16), na.rm = TRUE), 2),\n         neuro_M = round(mean(c(per3i4, per3i9, per3i14, per3i19), na.rm = TRUE), 2),\n         agree_M = round(mean(c(per3i2, per3i7, per3i12, per3i17), na.rm = TRUE), 2),\n         consc_M = round(mean(c(per3i3, per3i8, per3i13, per3i18), na.rm = TRUE), 2),\n         open_M  = round(mean(c(per3i5, per3i10, per3i15, per3i20, per3i21), na.rm = TRUE), 2)) %>%\n  select(id, extra_M, neuro_M, agree_M, consc_M, open_M)\n\nanchor11_13 <- anchor11_13 %>% left_join(anchor10, by = \""id\"") %>%\n  mutate(extra_M = ifelse(is.na(extra_M.x), extra_M.y, extra_M.x),\n         neuro_M = ifelse(is.na(neuro_M.x), neuro_M.y, neuro_M.x),\n         agree_M = ifelse(is.na(agree_M.x), agree_M.y, agree_M.x),\n         consc_M = ifelse(is.na(consc_M.x), consc_M.y, consc_M.x),\n         open_M = ifelse(is.na(open_M.x), open_M.y, open_M.x)) %>%\n  select(-c(21:30))""}}}",,1,
16,variable specification,Neuroticism,2,"### Participants from wave 2 ###
anchor2 <- anchor2 %>% select(id, age, relstat, starts_with(""ehc2p""), sat6, sat2, starts_with(""per3i"")) %>%
  rename(aget2 = age,
         lifesatt2 = sat6,
         sinsatt2 = sat2) %>%
  replace(((.) < 0), NA) %>%
  mutate(relt2 = ifelse(relstat == 1 |
                          relstat == 6 |
                          relstat == 9, 0, 1)) %>% 
  select(-c(ehc2p1, ehc2p2, ehc2p3, ehc2p4, ehc2p5)) %>%
  mutate(months_rel_t1_t2 = rowSums(.[c(4:93)], na.rm = TRUE)) %>%
  mutate_at(c(96:116), as.numeric) %>%
  mutate_at(c(""per3i1"", ""per3i11"", ""per3i9"", ""per3i2"", ""per3i12"", ""per3i17"", ""per3i8"", ""per3i21""),
            ~ recode(., ""1"" = 5, ""2"" = 4, ""3"" = 3, 
                     ""4"" = 2, ""5"" = 1)) %>%
  rowwise() %>%
  mutate(extra_M = round(mean(c(per3i1, per3i6, per3i11, per3i16), na.rm = TRUE), 2),
         neuro_M = round(mean(c(per3i4, per3i9, per3i14, per3i19), na.rm = TRUE), 2),
         agree_M = round(mean(c(per3i2, per3i7, per3i12, per3i17), na.rm = TRUE), 2),
         consc_M = round(mean(c(per3i3, per3i8, per3i13, per3i18), na.rm = TRUE), 2),
         open_M = round(mean(c(per3i5, per3i10, per3i15, per3i20, per3i21), na.rm = TRUE), 2)) %>%
  select(id, aget2, relt2, months_rel_t1_t2, lifesatt2, sinsatt2, extra_M, neuro_M, agree_M, consc_M, open_M) [...] anchor1_3 <- merge(anchor1, anchor2, by = ""id"", all.x = TRUE) [...] ### Participants from wave 11 ###
anchor11 <- anchor11 %>% select(id, sex_gen, ethni, cohort, age, relstat, np, sat6, sat2, starts_with(""per3i"")) %>%
  rename(sex = sex_gen,
         aget1 = age,
         lifesatt1 = sat6,
         sinsatt1 = sat2,
         prevrel = np) %>%
  mutate(relt1 = ifelse(relstat == 1 |
                           relstat == 6 |
                           relstat == 9, 0, 1),
         sex = sex - 1) %>% 
  replace(((.) < 0), NA) %>%
  mutate_at(c(10:30), as.numeric) %>%
  mutate_at(c(""per3i1"", ""per3i11"", ""per3i9"", ""per3i2"", ""per3i12"", ""per3i17"", ""per3i8"", ""per3i21""),
            ~ recode(., ""1"" = 5, ""2"" = 4, ""3"" = 3, 
                     ""4"" = 2, ""5"" = 1)) %>%
  rowwise() %>%
  mutate(extra_M = round(mean(c(per3i1, per3i6, per3i11, per3i16), na.rm = TRUE), 2),
         neuro_M = round(mean(c(per3i4, per3i9, per3i14, per3i19), na.rm = TRUE), 2),
         agree_M = round(mean(c(per3i2, per3i7, per3i12, per3i17), na.rm = TRUE), 2),
         consc_M = round(mean(c(per3i3, per3i8, per3i13, per3i18), na.rm = TRUE), 2),
         open_M = round(mean(c(per3i5, per3i10, per3i15, per3i20, per3i21), na.rm = TRUE), 2)) %>%
  select(id, sex, ethni, cohort, aget1, relt1, prevrel, lifesatt1, sinsatt1, extra_M, neuro_M, agree_M, consc_M, open_M) [...] # wave 10
anchor10 <- anchor10 %>% select(id, starts_with(""per3i"")) %>%
  mutate_at(c(2:22), as.numeric) %>%
  mutate_at(c(""per3i1"", ""per3i11"", ""per3i9"", ""per3i2"", ""per3i12"", ""per3i17"", ""per3i8"", ""per3i21""),
            ~ recode(., ""1"" = 5, ""2"" = 4, ""3"" = 3, 
                     ""4"" = 2, ""5"" = 1)) %>% 
  replace(((.) < 0), NA) %>%
  rowwise() %>%
  mutate(extra_M = round(mean(c(per3i1, per3i6, per3i11, per3i16), na.rm = TRUE), 2),
         neuro_M = round(mean(c(per3i4, per3i9, per3i14, per3i19), na.rm = TRUE), 2),
         agree_M = round(mean(c(per3i2, per3i7, per3i12, per3i17), na.rm = TRUE), 2),
         consc_M = round(mean(c(per3i3, per3i8, per3i13, per3i18), na.rm = TRUE), 2),
         open_M  = round(mean(c(per3i5, per3i10, per3i15, per3i20, per3i21), na.rm = TRUE), 2)) %>%
  select(id, extra_M, neuro_M, agree_M, consc_M, open_M)

anchor11_13 <- anchor11_13 %>% left_join(anchor10, by = ""id"") %>%
  mutate(extra_M = ifelse(is.na(extra_M.x), extra_M.y, extra_M.x),
         neuro_M = ifelse(is.na(neuro_M.x), neuro_M.y, neuro_M.x),
         agree_M = ifelse(is.na(agree_M.x), agree_M.y, agree_M.x),
         consc_M = ifelse(is.na(consc_M.x), consc_M.y, consc_M.x),
         open_M = ifelse(is.na(open_M.x), open_M.y, open_M.x)) %>%
  select(-c(21:30)) [...] data <- rbind(anchor1_3, anchor11_13)  [...] # write.table(data, ""data_wide.txt"") [...] cor <- rcorr(as.matrix(data[, c(""sinsatt1"", ""sinsatt2"", ""sinsatt3"", ""lifesatt1"", ""lifesatt2"", ""lifesatt3"", ""extra_M"", ""neuro_M"")]), type = ""pearson"")",0_clean_data.R;0_clean_data.R;0_clean_data.R;0_clean_data.R;0_clean_data.R;0_clean_data.R;1_descriptive_analyses.R:46-67;85;100-122;170-191;196;299;56,1,"Pearson correlation between T3 singlehood satisfaction and extraversion, examining the link between extraversion and singlehood satisfaction at the third wave. The association was small and positive, r ≈ .07, p < .005.","Table 2. Descriptive Characteristics and Pearson Correlations Among the Study Variables.

Variable 1 2 3 4 5 6 7 8
...
3. T3 singlehood satisfaction (n = 2,890) .43 .55  
...
7. Extraversion (n = 2,927) .07 .05 .07 .16 .20 .12  
...
Note. Satisfaction with singlehood and life satisfaction ranged from 0 to 10. Extraversion and neuroticism ranged from 1 to 5. Extraversion and neuroticism were assessed in Waves 2, 6, and 11, depending on participants’ cohort membership. All correlations were significant at p < .005.

""Table 2 shows the means, standard deviations, and zero-order correlations among the study variables across birth cohorts and age groups (see Supplemental Table S2 for means and standard deviations separated by birth cohorts and age groups). Satisfaction with singlehood and life satisfaction were positively correlated with each other: The more satisfied singles felt with their singlehood, the more satisfied they were with their lives. Both satisfaction measures were positively associated with extraversion and negatively associated with neuroticism.""",,"#### Table 2: Descriptive characteristics and Pearson correlations among study variables ###############

# Correlations across key variables

library(Hmisc)

cor <- rcorr(as.matrix(data[, c(""sinsatt1"", ""sinsatt2"", ""sinsatt3"", ""lifesatt1"", ""lifesatt2"", ""lifesatt3"", ""extra_M"", ""neuro_M"")]), type = ""pearson"")
cor_r <- as.data.frame(round(cor$r, 2))

cor_r[1, ] <- NA
cor_r[, 8] <- NA
cor_r[2, 2:7] <- NA
cor_r[3, 3:7] <- NA
cor_r[4, 4:7] <- NA
cor_r[5, 5:7] <- NA
cor_r[6, 6:7] <- NA
cor_r[7, 7] <- NA

# sample sizes
row.names(cor_r)[1:8] <- c(paste0(""1. T1 Satisfaction with singlehood (n = "", cor$n[1,1], "")""),
                           paste0(""2. T2 Satisfaction with singlehood (n = "", cor$n[2,2], "")""),
                           paste0(""3. T3 Satisfaction with singlehood (n = "", cor$n[3,3], "")""),
                           paste0(""4. T1 Life satisfaction (n = "", cor$n[4,4], "")""),
                           paste0(""5. T2 Life satisfaction (n = "", cor$n[5,5], "")""),
                           paste0(""6. T3 Life satisfaction (n = "", cor$n[6,6], "")""),
                           paste0(""7. Extraversion (n = "", cor$n[7,7], "")""),
                           paste0(""8. Neuroticism (n = "", cor$n[8,8], "")""))

colnames(cor_r) <- c(1:8)

# means & SDs
M_SD <- data %>% ungroup() %>% select(sinsatt1, sinsatt2, sinsatt3, lifesatt1, lifesatt2, lifesatt3, extra_M, neuro_M) %>%
  summarise_all(funs(mean, sd), na.rm = TRUE) %>%
  mutate(across(everything(), round, 2))",,1,1
16,transformation,"For each trait, we used wave-specific mean scores. Specifically, for individuals in the earlier-born cohort, we used personality-trait
items from Wave 2; for individuals in the later-born cohort, we used personality-trait items from Waves 10 (birth cohorts 1991-1993 and 1981-1983) and 11 (birth cohort 2001-2003). Thus, participants varied in the timing of their personalitytrait assessments.",0,"### Participants from wave 2 ###
anchor2 <- anchor2 %>% select(id, age, relstat, starts_with(""ehc2p""), sat6, sat2, starts_with(""per3i"")) %>%
  rename(aget2 = age,
         lifesatt2 = sat6,
         sinsatt2 = sat2) %>%
  replace(((.) < 0), NA) %>%
  mutate(relt2 = ifelse(relstat == 1 |
                          relstat == 6 |
                          relstat == 9, 0, 1)) %>% 
  select(-c(ehc2p1, ehc2p2, ehc2p3, ehc2p4, ehc2p5)) %>%
  mutate(months_rel_t1_t2 = rowSums(.[c(4:93)], na.rm = TRUE)) %>%
  mutate_at(c(96:116), as.numeric) %>%
  mutate_at(c(""per3i1"", ""per3i11"", ""per3i9"", ""per3i2"", ""per3i12"", ""per3i17"", ""per3i8"", ""per3i21""),
            ~ recode(., ""1"" = 5, ""2"" = 4, ""3"" = 3, 
                     ""4"" = 2, ""5"" = 1)) %>%
  rowwise() %>%
  mutate(extra_M = round(mean(c(per3i1, per3i6, per3i11, per3i16), na.rm = TRUE), 2),
         neuro_M = round(mean(c(per3i4, per3i9, per3i14, per3i19), na.rm = TRUE), 2),
         agree_M = round(mean(c(per3i2, per3i7, per3i12, per3i17), na.rm = TRUE), 2),
         consc_M = round(mean(c(per3i3, per3i8, per3i13, per3i18), na.rm = TRUE), 2),
         open_M = round(mean(c(per3i5, per3i10, per3i15, per3i20, per3i21), na.rm = TRUE), 2)) %>%
  select(id, aget2, relt2, months_rel_t1_t2, lifesatt2, sinsatt2, extra_M, neuro_M, agree_M, consc_M, open_M) [...] anchor1_3 <- merge(anchor1, anchor2, by = ""id"", all.x = TRUE) [...] ### Participants from wave 11 ###
anchor11 <- anchor11 %>% select(id, sex_gen, ethni, cohort, age, relstat, np, sat6, sat2, starts_with(""per3i"")) %>%
  rename(sex = sex_gen,
         aget1 = age,
         lifesatt1 = sat6,
         sinsatt1 = sat2,
         prevrel = np) %>%
  mutate(relt1 = ifelse(relstat == 1 |
                           relstat == 6 |
                           relstat == 9, 0, 1),
         sex = sex - 1) %>% 
  replace(((.) < 0), NA) %>%
  mutate_at(c(10:30), as.numeric) %>%
  mutate_at(c(""per3i1"", ""per3i11"", ""per3i9"", ""per3i2"", ""per3i12"", ""per3i17"", ""per3i8"", ""per3i21""),
            ~ recode(., ""1"" = 5, ""2"" = 4, ""3"" = 3, 
                     ""4"" = 2, ""5"" = 1)) %>%
  rowwise() %>%
  mutate(extra_M = round(mean(c(per3i1, per3i6, per3i11, per3i16), na.rm = TRUE), 2),
         neuro_M = round(mean(c(per3i4, per3i9, per3i14, per3i19), na.rm = TRUE), 2),
         agree_M = round(mean(c(per3i2, per3i7, per3i12, per3i17), na.rm = TRUE), 2),
         consc_M = round(mean(c(per3i3, per3i8, per3i13, per3i18), na.rm = TRUE), 2),
         open_M = round(mean(c(per3i5, per3i10, per3i15, per3i20, per3i21), na.rm = TRUE), 2)) %>%
  select(id, sex, ethni, cohort, aget1, relt1, prevrel, lifesatt1, sinsatt1, extra_M, neuro_M, agree_M, consc_M, open_M) [...] # wave 10
anchor10 <- anchor10 %>% select(id, starts_with(""per3i"")) %>%
  mutate_at(c(2:22), as.numeric) %>%
  mutate_at(c(""per3i1"", ""per3i11"", ""per3i9"", ""per3i2"", ""per3i12"", ""per3i17"", ""per3i8"", ""per3i21""),
            ~ recode(., ""1"" = 5, ""2"" = 4, ""3"" = 3, 
                     ""4"" = 2, ""5"" = 1)) %>% 
  replace(((.) < 0), NA) %>%
  rowwise() %>%
  mutate(extra_M = round(mean(c(per3i1, per3i6, per3i11, per3i16), na.rm = TRUE), 2),
         neuro_M = round(mean(c(per3i4, per3i9, per3i14, per3i19), na.rm = TRUE), 2),
         agree_M = round(mean(c(per3i2, per3i7, per3i12, per3i17), na.rm = TRUE), 2),
         consc_M = round(mean(c(per3i3, per3i8, per3i13, per3i18), na.rm = TRUE), 2),
         open_M  = round(mean(c(per3i5, per3i10, per3i15, per3i20, per3i21), na.rm = TRUE), 2)) %>%
  select(id, extra_M, neuro_M, agree_M, consc_M, open_M)

anchor11_13 <- anchor11_13 %>% left_join(anchor10, by = ""id"") %>%
  mutate(extra_M = ifelse(is.na(extra_M.x), extra_M.y, extra_M.x),
         neuro_M = ifelse(is.na(neuro_M.x), neuro_M.y, neuro_M.x),
         agree_M = ifelse(is.na(agree_M.x), agree_M.y, agree_M.x),
         consc_M = ifelse(is.na(consc_M.x), consc_M.y, consc_M.x),
         open_M = ifelse(is.na(open_M.x), open_M.y, open_M.x)) %>%
  select(-c(21:30)) [...] data <- rbind(anchor1_3, anchor11_13)  [...] # write.table(data, ""data_wide.txt"")",0_clean_data.R:46-67;85;100-122;170-191;196;299,1,"Pearson correlation between T3 singlehood satisfaction and extraversion, examining the link between extraversion and singlehood satisfaction at the third wave. The association was small and positive, r ≈ .07, p < .005.","Personality traits were assessed in Waves 2, 10, and 11 (the latter only for the refreshment sample) in the CASI mode with a short version of the Big Five Inventory (Rammstedt & John, 2005). The dimensions extraversion (e.g., “I get enthusiastic easily and can motivate others easily”) and neuroticism (e.g., “I worry a lot”) were assessed with four items each. The response format ranged from 1 (absolutely incorrect) to 5 (absolutely correct). For each trait, we used wave-specific mean scores.",,"{""code_value"":""### Participants from wave 2 ###\nanchor2 <- anchor2 %>% select(id, age, relstat, starts_with(\""ehc2p\""), sat6, sat2, starts_with(\""per3i\"")) %>%\n  rename(aget2 = age,\n         lifesatt2 = sat6,\n         sinsatt2 = sat2) %>%\n  replace(((.) < 0), NA) %>%\n  mutate(relt2 = ifelse(relstat == 1 |\n                          relstat == 6 |\n                          relstat == 9, 0, 1)) %>% \n  select(-c(ehc2p1, ehc2p2, ehc2p3, ehc2p4, ehc2p5)) %>%\n  mutate(months_rel_t1_t2 = rowSums(.[c(4:93)], na.rm = TRUE)) %>%\n  mutate_at(c(96:116), as.numeric) %>%\n  mutate_at(c(\""per3i1\"", \""per3i11\"", \""per3i9\"", \""per3i2\"", \""per3i12\"", \""per3i17\"", \""per3i8\"", \""per3i21\""),\n            ~ recode(., \""1\"" = 5, \""2\"" = 4, \""3\"" = 3, \n                     \""4\"" = 2, \""5\"" = 1)) %>%\n  rowwise() %>%\n  mutate(extra_M = round(mean(c(per3i1, per3i6, per3i11, per3i16), na.rm = TRUE), 2),\n         neuro_M = round(mean(c(per3i4, per3i9, per3i14, per3i19), na.rm = TRUE), 2),\n         agree_M = round(mean(c(per3i2, per3i7, per3i12, per3i17), na.rm = TRUE), 2),\n         consc_M = round(mean(c(per3i3, per3i8, per3i13, per3i18), na.rm = TRUE), 2),\n         open_M = round(mean(c(per3i5, per3i10, per3i15, per3i20, per3i21), na.rm = TRUE), 2)) %>%\n  select(id, aget2, relt2, months_rel_t1_t2, lifesatt2, sinsatt2, extra_M, neuro_M, agree_M, consc_M, open_M)\n\n### Participants from wave 3 ###\nanchor3 <- anchor3 %>% select(id, age, relstat, starts_with(\""ehc2p\""), sat6, sat2) %>%\n  rename(aget3 = age,\n         lifesatt3 = sat6,\n         sinsatt3 = sat2) %>%\n  mutate(relt3 = ifelse(relstat == 1 |\n                          relstat == 6 |\n                          relstat == 9, 0, 1)) %>% \n  replace(((.) < 0), NA) %>%\n  select(-c(ehc2p1, ehc2p2, ehc2p3, ehc2p4, ehc2p5)) %>%\n  mutate(months_rel_t2_t3 = rowSums(.[c(4:163)], na.rm = TRUE)) %>%\n  select(id, aget3, relt3, months_rel_t2_t3, lifesatt3, sinsatt3)\n\n### Participants from wave 11 ###\nanchor11 <- anchor11 %>% select(id, sex_gen, ethni, cohort, age, relstat, np, sat6, sat2, starts_with(\""per3i\"")) %>%\n  rename(sex = sex_gen,\n         aget1 = age,\n         lifesatt1 = sat6,\n         sinsatt1 = sat2,\n         prevrel = np) %>%\n  mutate(relt1 = ifelse(relstat == 1 |\n                           relstat == 6 |\n                           relstat == 9, 0, 1),\n         sex = sex - 1) %>% \n  replace(((.) < 0), NA) %>%\n  mutate_at(c(10:30), as.numeric) %>%\n  mutate_at(c(\""per3i1\"", \""per3i11\"", \""per3i9\"", \""per3i2\"", \""per3i12\"", \""per3i17\"", \""per3i8\"", \""per3i21\""),\n            ~ recode(., \""1\"" = 5, \""2\"" = 4, \""3\"" = 3, \n                     \""4\"" = 2, \""5\"" = 1)) %>%\n  rowwise() %>%\n  mutate(extra_M = round(mean(c(per3i1, per3i6, per3i11, per3i16), na.rm = TRUE), 2),\n         neuro_M = round(mean(c(per3i4, per3i9, per3i14, per3i19), na.rm = TRUE), 2),\n         agree_M = round(mean(c(per3i2, per3i7, per3i12, per3i17), na.rm = TRUE), 2),\n         consc_M = round(mean(c(per3i3, per3i8, per3i13, per3i18), na.rm = TRUE), 2),\n         open_M = round(mean(c(per3i5, per3i10, per3i15, per3i20, per3i21), na.rm = TRUE), 2)) %>%\n  select(id, sex, ethni, cohort, aget1, relt1, prevrel, lifesatt1, sinsatt1, extra_M, neuro_M, agree_M, consc_M, open_M)\n\n### Filling in missing Big Five traits from Wave 10 ###\n\n# wave 10\nanchor10 <- anchor10 %>% select(id, starts_with(\""per3i\"")) %>%\n  mutate_at(c(2:22), as.numeric) %>%\n  mutate_at(c(\""per3i1\"", \""per3i11\"", \""per3i9\"", \""per3i2\"", \""per3i12\"", \""per3i17\"", \""per3i8\"", \""per3i21\""),\n            ~ recode(., \""1\"" = 5, \""2\"" = 4, \""3\"" = 3, \n                     \""4\"" = 2, \""5\"" = 1)) %>% \n  replace(((.) < 0), NA) %>%\n  rowwise() %>%\n  mutate(extra_M = round(mean(c(per3i1, per3i6, per3i11, per3i16), na.rm = TRUE), 2),\n         neuro_M = round(mean(c(per3i4, per3i9, per3i14, per3i19), na.rm = TRUE), 2),\n         agree_M = round(mean(c(per3i2, per3i7, per3i12, per3i17), na.rm = TRUE), 2),\n         consc_M = round(mean(c(per3i3, per3i8, per3i13, per3i18), na.rm = TRUE), 2),\n         open_M  = round(mean(c(per3i5, per3i10, per3i15, per3i20, per3i21), na.rm = TRUE), 2)) %>%\n  select(id, extra_M, neuro_M, agree_M, consc_M, open_M)\n\nanchor11_13 <- anchor11_13 %>% left_join(anchor10, by = \""id\"") %>%\n  mutate(extra_M = ifelse(is.na(extra_M.x), extra_M.y, extra_M.x),\n         neuro_M = ifelse(is.na(neuro_M.x), neuro_M.y, neuro_M.x),\n         agree_M = ifelse(is.na(agree_M.x), agree_M.y, agree_M.x),\n         consc_M = ifelse(is.na(consc_M.x), consc_M.y, consc_M.x),\n         open_M = ifelse(is.na(open_M.x), open_M.y, open_M.x)) %>%\n  select(-c(21:30))"",""evidence"":{""code_path"":""/Users/jamie/git/codebot-for-psychology/data/raw/main/codebot/materials/codebot_pairs/avilles/0_clean_data.R"",""code_lines"":""### Participants from wave 2 ###\nanchor2 <- anchor2 %>% select(id, age, relstat, starts_with(\""ehc2p\""), sat6, sat2, starts_with(\""per3i\"")) %>%\n  rename(aget2 = age,\n         lifesatt2 = sat6,\n         sinsatt2 = sat2) %>%\n  replace(((.) < 0), NA) %>%\n  mutate(relt2 = ifelse(relstat == 1 |\n                          relstat == 6 |\n                          relstat == 9, 0, 1)) %>% \n  select(-c(ehc2p1, ehc2p2, ehc2p3, ehc2p4, ehc2p5)) %>%\n  mutate(months_rel_t1_t2 = rowSums(.[c(4:93)], na.rm = TRUE)) %>%\n  mutate_at(c(96:116), as.numeric) %>%\n  mutate_at(c(\""per3i1\"", \""per3i11\"", \""per3i9\"", \""per3i2\"", \""per3i12\"", \""per3i17\"", \""per3i8\"", \""per3i21\""),\n            ~ recode(., \""1\"" = 5, \""2\"" = 4, \""3\"" = 3, \n                     \""4\"" = 2, \""5\"" = 1)) %>%\n  rowwise() %>%\n  mutate(extra_M = round(mean(c(per3i1, per3i6, per3i11, per3i16), na.rm = TRUE), 2),\n         neuro_M = round(mean(c(per3i4, per3i9, per3i14, per3i19), na.rm = TRUE), 2),\n         agree_M = round(mean(c(per3i2, per3i7, per3i12, per3i17), na.rm = TRUE), 2),\n         consc_M = round(mean(c(per3i3, per3i8, per3i13, per3i18), 2),\n         open_M = round(mean(c(per3i5, per3i10, per3i15, per3i20, per3i21), na.rm = TRUE), 2)) %>%\n  select(id, aget2, relt2, months_rel_t1_t2, lifesatt2, sinsatt2, extra_M, neuro_M, agree_M, consc_M, open_M)\n\n### Participants from wave 3 ###\nanchor3 <- anchor3 %>% select(id, age, relstat, starts_with(\""ehc2p\""), sat6, sat2) %>%\n  rename(aget3 = age,\n         lifesatt3 = sat6,\n         sinsatt3 = sat2) %>%\n  mutate(relt3 = ifelse(relstat == 1 |\n                          relstat == 6 |\n                          relstat == 9, 0, 1)) %>% \n  replace(((.) < 0), NA) %>%\n  select(-c(ehc2p1, ehc2p2, ehc2p3, ehc2p4, ehc2p5)) %>%\n  mutate(months_rel_t2_t3 = rowSums(.[c(4:163)], na.rm = TRUE)) %>%\n  select(id, aget3, relt3, months_rel_t2_t3, lifesatt3, sinsatt3)\n\n### Participants from wave 11 ###\nanchor11 <- anchor11 %>% select(id, sex_gen, ethni, cohort, age, relstat, np, sat6, sat2, starts_with(\""per3i\"")) %>%\n  rename(sex = sex_gen,\n         aget1 = age,\n         lifesatt1 = sat6,\n         sinsatt1 = sat2,\n         prevrel = np) %>%\n  mutate(relt1 = ifelse(relstat == 1 |\n                           relstat == 6 |\n                           relstat == 9, 0, 1),\n         sex = sex - 1) %>% \n  replace(((.) < 0), NA) %>%\n  mutate_at(c(10:30), as.numeric) %>%\n  mutate_at(c(\""per3i1\"", \""per3i11\"", \""per3i9\"", \""per3i2\"", \""per3i12\"", \""per3i17\"", \""per3i8\"", \""per3i21\""),\n            ~ recode(., \""1\"" = 5, \""2\"" = 4, \""3\"" = 3, \n                     \""4\"" = 2, \""5\"" = 1)) %>%\n  rowwise() %>%\n  mutate(extra_M = round(mean(c(per3i1, per3i6, per3i11, per3i16), na.rm = TRUE), 2),\n         neuro_M = round(mean(c(per3i4, per3i9, per3i14, per3i19), na.rm = TRUE), 2),\n         agree_M = round(mean(c(per3i2, per3i7, per3i12, per3i17), na.rm = TRUE), 2),\n         consc_M = round(mean(c(per3i3, per3i8, per3i13, per3i18), na.rm = TRUE), 2),\n         open_M = round(mean(c(per3i5, per3i10, per3i15, per3i20, per3i21), na.rm = TRUE), 2)) %>%\n  select(id, sex, ethni, cohort, aget1, relt1, prevrel, lifesatt1, sinsatt1, extra_M, neuro_M, agree_M, consc_M, open_M)\n\n### Filling in missing Big Five traits from Wave 10 ###\n\n# wave 10\nanchor10 <- anchor10 %>% select(id, starts_with(\""per3i\"")) %>%\n  mutate_at(c(2:22), as.numeric) %>%\n  mutate_at(c(\""per3i1\"", \""per3i11\"", \""per3i9\"", \""per3i2\"", \""per3i12\"", \""per3i17\"", \""per3i8\"", \""per3i21\""),\n            ~ recode(., \""1\"" = 5, \""2\"" = 4, \""3\"" = 3, \n                     \""4\"" = 2, \""5\"" = 1)) %>% \n  replace(((.) < 0), NA) %>%\n  rowwise() %>%\n  mutate(extra_M = round(mean(c(per3i1, per3i6, per3i11, per3i16), na.rm = TRUE), 2),\n         neuro_M = round(mean(c(per3i4, per3i9, per3i14, per3i19), na.rm = TRUE), 2),\n         agree_M = round(mean(c(per3i2, per3i7, per3i12, per3i17), na.rm = TRUE), 2),\n         consc_M = round(mean(c(per3i3, per3i8, per3i13, per3i18), na.rm = TRUE), 2),\n         open_M  = round(mean(c(per3i5, per3i10, per3i15, per3i20, per3i21), na.rm = TRUE), 2)) %>%\n  select(id, extra_M, neuro_M, agree_M, consc_M, open_M)\n\nanchor11_13 <- anchor11_13 %>% left_join(anchor10, by = \""id\"") %>%\n  mutate(extra_M = ifelse(is.na(extra_M.x), extra_M.y, extra_M.x),\n         neuro_M = ifelse(is.na(neuro_M.x), neuro_M.y, neuro_M.x),\n         agree_M = ifelse(is.na(agree_M.x), agree_M.y, agree_M.x),\n         consc_M = ifelse(is.na(consc_M.x), consc_M.y, consc_M.x),\n         open_M = ifelse(is.na(open_M.x), open_M.y, open_M.x)) %>%\n  select(-c(21:30))""}}}",,1,1
16,inference criterion,p < .005.,2,"cor <- rcorr(as.matrix(data[, c(""sinsatt1"", ""sinsatt2"", ""sinsatt3"", ""lifesatt1"", ""lifesatt2"", ""lifesatt3"", ""extra_M"", ""neuro_M"")]), type = ""pearson"")",1_descriptive_analyses.R:56,,"Pearson correlation between T3 singlehood satisfaction and extraversion, examining the link between extraversion and singlehood satisfaction at the third wave. The association was small and positive, r ≈ .07, p < .005.",All correlations were significant at p < .005.,,,,,
17,model specification,"Table 2 shows the means, standard deviations, and zeroorder correlations among the study variables across birth cohorts and age groups (see Supplemental Table S2 for means and standard deviations separated by birth cohorts and age groups). [...] Descriptive Characteristics and Pearson Correlations Among the Study Variables",0;2,"cor <- rcorr(as.matrix(data[, c(""sinsatt1"", ""sinsatt2"", ""sinsatt3"", ""lifesatt1"", ""lifesatt2"", ""lifesatt3"", ""extra_M"", ""neuro_M"")]), type = ""pearson"")",1_descriptive_analyses.R:56,1,,,,,,,
17,variable specification,T3 singlehood satisfaction,2,"data <- read.table(""data_wide.txt"") […] cor <- rcorr(as.matrix(data[, c(""sinsatt1"", ""sinsatt2"", ""sinsatt3"", ""lifesatt1"", ""lifesatt2"", ""lifesatt3"", ""extra_M"", ""neuro_M"")]), type = ""pearson"")",1_descriptive_analyses.R:9;56,1,,,,,,,
17,transformation,,,,,,,,,,,,
17,variable specification,T1 life satisfaction,2,"data <- read.table(""data_wide.txt"") […] cor <- rcorr(as.matrix(data[, c(""sinsatt1"", ""sinsatt2"", ""sinsatt3"", ""lifesatt1"", ""lifesatt2"", ""lifesatt3"", ""extra_M"", ""neuro_M"")]), type = ""pearson"")",1_descriptive_analyses.R:9;56,1,,,,,,,
17,transformation,,,,,,,,,,,,
17,inference criterion,p < .005.,2,"cor <- rcorr(as.matrix(data[, c(""sinsatt1"", ""sinsatt2"", ""sinsatt3"", ""lifesatt1"", ""lifesatt2"", ""lifesatt3"", ""extra_M"", ""neuro_M"")]), type = ""pearson"")",1_descriptive_analyses.R:56,,,,,,,,
18,model specification,"Table 2 shows the means, standard deviations, and zeroorder correlations among the study variables across birth cohorts and age groups (see Supplemental Table S2 for means and standard deviations separated by birth cohorts and age groups). [...] Descriptive Characteristics and Pearson Correlations Among the Study Variables",0;2,"cor <- rcorr(as.matrix(data[, c(""sinsatt1"", ""sinsatt2"", ""sinsatt3"", ""lifesatt1"", ""lifesatt2"", ""lifesatt3"", ""extra_M"", ""neuro_M"")]), type = ""pearson"")",1_descriptive_analyses.R:56,1,,,,,,,
18,variable specification,T3 singlehood satisfaction,2,"data <- read.table(""data_wide.txt"") […] cor <- rcorr(as.matrix(data[, c(""sinsatt1"", ""sinsatt2"", ""sinsatt3"", ""lifesatt1"", ""lifesatt2"", ""lifesatt3"", ""extra_M"", ""neuro_M"")]), type = ""pearson"")",1_descriptive_analyses.R:9;56,1,,,,,,,
18,transformation,,,,,,,,,,,,
18,variable specification,T2 life satisfaction,2,"data <- read.table(""data_wide.txt"") […] cor <- rcorr(as.matrix(data[, c(""sinsatt1"", ""sinsatt2"", ""sinsatt3"", ""lifesatt1"", ""lifesatt2"", ""lifesatt3"", ""extra_M"", ""neuro_M"")]), type = ""pearson"")",1_descriptive_analyses.R:9;56,1,,,,,,,
18,transformation,,,,,,,,,,,,
18,inference criterion,p < .005.,2,"cor <- rcorr(as.matrix(data[, c(""sinsatt1"", ""sinsatt2"", ""sinsatt3"", ""lifesatt1"", ""lifesatt2"", ""lifesatt3"", ""extra_M"", ""neuro_M"")]), type = ""pearson"")",1_descriptive_analyses.R:56,,,,,,,,
19,model specification,"Table 2 shows the means, standard deviations, and zeroorder correlations among the study variables across birth cohorts and age groups (see Supplemental Table S2 for means and standard deviations separated by birth cohorts and age groups). [...] Descriptive Characteristics and Pearson Correlations Among the Study Variables",0;2,"cor <- rcorr(as.matrix(data[, c(""sinsatt1"", ""sinsatt2"", ""sinsatt3"", ""lifesatt1"", ""lifesatt2"", ""lifesatt3"", ""extra_M"", ""neuro_M"")]), type = ""pearson"")",1_descriptive_analyses.R:56,1,,,,,,,
19,variable specification,T3 singlehood satisfaction,2,"data <- read.table(""data_wide.txt"") […] cor <- rcorr(as.matrix(data[, c(""sinsatt1"", ""sinsatt2"", ""sinsatt3"", ""lifesatt1"", ""lifesatt2"", ""lifesatt3"", ""extra_M"", ""neuro_M"")]), type = ""pearson"")",1_descriptive_analyses.R:9;56,1,,,,,,,
19,transformation,,,,,,,,,,,,
19,variable specification,T3 life satisfaction,2,"data <- read.table(""data_wide.txt"") […] cor <- rcorr(as.matrix(data[, c(""sinsatt1"", ""sinsatt2"", ""sinsatt3"", ""lifesatt1"", ""lifesatt2"", ""lifesatt3"", ""extra_M"", ""neuro_M"")]), type = ""pearson"")",1_descriptive_analyses.R:9;56,1,,,,,,,
19,transformation,,,,,,,,,,,,
19,inference criterion,p < .005.,2,"cor <- rcorr(as.matrix(data[, c(""sinsatt1"", ""sinsatt2"", ""sinsatt3"", ""lifesatt1"", ""lifesatt2"", ""lifesatt3"", ""extra_M"", ""neuro_M"")]), type = ""pearson"")",1_descriptive_analyses.R:56,,,,,,,,
20,model specification,"Table 2 shows the means, standard deviations, and zeroorder correlations among the study variables across birth cohorts and age groups (see Supplemental Table S2 for means and standard deviations separated by birth cohorts and age groups). [...] Descriptive Characteristics and Pearson Correlations Among the Study Variables",0;2,"cor <- rcorr(as.matrix(data[, c(""sinsatt1"", ""sinsatt2"", ""sinsatt3"", ""lifesatt1"", ""lifesatt2"", ""lifesatt3"", ""extra_M"", ""neuro_M"")]), type = ""pearson"")",1_descriptive_analyses.R:56,1,,,,,,,
20,variable specification,T3 singlehood satisfaction,2,"data <- read.table(""data_wide.txt"") […] cor <- rcorr(as.matrix(data[, c(""sinsatt1"", ""sinsatt2"", ""sinsatt3"", ""lifesatt1"", ""lifesatt2"", ""lifesatt3"", ""extra_M"", ""neuro_M"")]), type = ""pearson"")",1_descriptive_analyses.R:9;56,1,,,,,,,
20,transformation,,,,,,,,,,,,
20,variable specification,Extraversion,2,"### Participants from wave 2 ###
anchor2 <- anchor2 %>% select(id, age, relstat, starts_with(""ehc2p""), sat6, sat2, starts_with(""per3i"")) %>%
  rename(aget2 = age,
         lifesatt2 = sat6,
         sinsatt2 = sat2) %>%
  replace(((.) < 0), NA) %>%
  mutate(relt2 = ifelse(relstat == 1 |
                          relstat == 6 |
                          relstat == 9, 0, 1)) %>% 
  select(-c(ehc2p1, ehc2p2, ehc2p3, ehc2p4, ehc2p5)) %>%
  mutate(months_rel_t1_t2 = rowSums(.[c(4:93)], na.rm = TRUE)) %>%
  mutate_at(c(96:116), as.numeric) %>%
  mutate_at(c(""per3i1"", ""per3i11"", ""per3i9"", ""per3i2"", ""per3i12"", ""per3i17"", ""per3i8"", ""per3i21""),
            ~ recode(., ""1"" = 5, ""2"" = 4, ""3"" = 3, 
                     ""4"" = 2, ""5"" = 1)) %>%
  rowwise() %>%
  mutate(extra_M = round(mean(c(per3i1, per3i6, per3i11, per3i16), na.rm = TRUE), 2),
         neuro_M = round(mean(c(per3i4, per3i9, per3i14, per3i19), na.rm = TRUE), 2),
         agree_M = round(mean(c(per3i2, per3i7, per3i12, per3i17), na.rm = TRUE), 2),
         consc_M = round(mean(c(per3i3, per3i8, per3i13, per3i18), na.rm = TRUE), 2),
         open_M = round(mean(c(per3i5, per3i10, per3i15, per3i20, per3i21), na.rm = TRUE), 2)) %>%
  select(id, aget2, relt2, months_rel_t1_t2, lifesatt2, sinsatt2, extra_M, neuro_M, agree_M, consc_M, open_M) [...] anchor1_3 <- merge(anchor1, anchor2, by = ""id"", all.x = TRUE) [...] ### Participants from wave 11 ###
anchor11 <- anchor11 %>% select(id, sex_gen, ethni, cohort, age, relstat, np, sat6, sat2, starts_with(""per3i"")) %>%
  rename(sex = sex_gen,
         aget1 = age,
         lifesatt1 = sat6,
         sinsatt1 = sat2,
         prevrel = np) %>%
  mutate(relt1 = ifelse(relstat == 1 |
                           relstat == 6 |
                           relstat == 9, 0, 1),
         sex = sex - 1) %>% 
  replace(((.) < 0), NA) %>%
  mutate_at(c(10:30), as.numeric) %>%
  mutate_at(c(""per3i1"", ""per3i11"", ""per3i9"", ""per3i2"", ""per3i12"", ""per3i17"", ""per3i8"", ""per3i21""),
            ~ recode(., ""1"" = 5, ""2"" = 4, ""3"" = 3, 
                     ""4"" = 2, ""5"" = 1)) %>%
  rowwise() %>%
  mutate(extra_M = round(mean(c(per3i1, per3i6, per3i11, per3i16), na.rm = TRUE), 2),
         neuro_M = round(mean(c(per3i4, per3i9, per3i14, per3i19), na.rm = TRUE), 2),
         agree_M = round(mean(c(per3i2, per3i7, per3i12, per3i17), na.rm = TRUE), 2),
         consc_M = round(mean(c(per3i3, per3i8, per3i13, per3i18), na.rm = TRUE), 2),
         open_M = round(mean(c(per3i5, per3i10, per3i15, per3i20, per3i21), na.rm = TRUE), 2)) %>%
  select(id, sex, ethni, cohort, aget1, relt1, prevrel, lifesatt1, sinsatt1, extra_M, neuro_M, agree_M, consc_M, open_M) [...] # wave 10
anchor10 <- anchor10 %>% select(id, starts_with(""per3i"")) %>%
  mutate_at(c(2:22), as.numeric) %>%
  mutate_at(c(""per3i1"", ""per3i11"", ""per3i9"", ""per3i2"", ""per3i12"", ""per3i17"", ""per3i8"", ""per3i21""),
            ~ recode(., ""1"" = 5, ""2"" = 4, ""3"" = 3, 
                     ""4"" = 2, ""5"" = 1)) %>% 
  replace(((.) < 0), NA) %>%
  rowwise() %>%
  mutate(extra_M = round(mean(c(per3i1, per3i6, per3i11, per3i16), na.rm = TRUE), 2),
         neuro_M = round(mean(c(per3i4, per3i9, per3i14, per3i19), na.rm = TRUE), 2),
         agree_M = round(mean(c(per3i2, per3i7, per3i12, per3i17), na.rm = TRUE), 2),
         consc_M = round(mean(c(per3i3, per3i8, per3i13, per3i18), na.rm = TRUE), 2),
         open_M  = round(mean(c(per3i5, per3i10, per3i15, per3i20, per3i21), na.rm = TRUE), 2)) %>%
  select(id, extra_M, neuro_M, agree_M, consc_M, open_M)

anchor11_13 <- anchor11_13 %>% left_join(anchor10, by = ""id"") %>%
  mutate(extra_M = ifelse(is.na(extra_M.x), extra_M.y, extra_M.x),
         neuro_M = ifelse(is.na(neuro_M.x), neuro_M.y, neuro_M.x),
         agree_M = ifelse(is.na(agree_M.x), agree_M.y, agree_M.x),
         consc_M = ifelse(is.na(consc_M.x), consc_M.y, consc_M.x),
         open_M = ifelse(is.na(open_M.x), open_M.y, open_M.x)) %>%
  select(-c(21:30)) [...] data <- rbind(anchor1_3, anchor11_13)  [...] # write.table(data, ""data_wide.txt"") [...] cor <- rcorr(as.matrix(data[, c(""sinsatt1"", ""sinsatt2"", ""sinsatt3"", ""lifesatt1"", ""lifesatt2"", ""lifesatt3"", ""extra_M"", ""neuro_M"")]), type = ""pearson"")",0_clean_data.R;0_clean_data.R;0_clean_data.R;0_clean_data.R;0_clean_data.R;0_clean_data.R;1_descriptive_analyses.R:46-67;85;100-122;170-191;196;299;56,1,,,,,,,
20,transformation,"For each trait, we used wave-specific mean scores. Specifically, for individuals in the earlier-born cohort, we used personality-trait
items from Wave 2; for individuals in the later-born cohort, we used personality-trait items from Waves 10 (birth cohorts 1991-1993 and 1981-1983) and 11 (birth cohort 2001-2003). Thus, participants varied in the timing of their personalitytrait assessments.",0,"### Participants from wave 2 ###
anchor2 <- anchor2 %>% select(id, age, relstat, starts_with(""ehc2p""), sat6, sat2, starts_with(""per3i"")) %>%
  rename(aget2 = age,
         lifesatt2 = sat6,
         sinsatt2 = sat2) %>%
  replace(((.) < 0), NA) %>%
  mutate(relt2 = ifelse(relstat == 1 |
                          relstat == 6 |
                          relstat == 9, 0, 1)) %>% 
  select(-c(ehc2p1, ehc2p2, ehc2p3, ehc2p4, ehc2p5)) %>%
  mutate(months_rel_t1_t2 = rowSums(.[c(4:93)], na.rm = TRUE)) %>%
  mutate_at(c(96:116), as.numeric) %>%
  mutate_at(c(""per3i1"", ""per3i11"", ""per3i9"", ""per3i2"", ""per3i12"", ""per3i17"", ""per3i8"", ""per3i21""),
            ~ recode(., ""1"" = 5, ""2"" = 4, ""3"" = 3, 
                     ""4"" = 2, ""5"" = 1)) %>%
  rowwise() %>%
  mutate(extra_M = round(mean(c(per3i1, per3i6, per3i11, per3i16), na.rm = TRUE), 2),
         neuro_M = round(mean(c(per3i4, per3i9, per3i14, per3i19), na.rm = TRUE), 2),
         agree_M = round(mean(c(per3i2, per3i7, per3i12, per3i17), na.rm = TRUE), 2),
         consc_M = round(mean(c(per3i3, per3i8, per3i13, per3i18), na.rm = TRUE), 2),
         open_M = round(mean(c(per3i5, per3i10, per3i15, per3i20, per3i21), na.rm = TRUE), 2)) %>%
  select(id, aget2, relt2, months_rel_t1_t2, lifesatt2, sinsatt2, extra_M, neuro_M, agree_M, consc_M, open_M) [...] anchor1_3 <- merge(anchor1, anchor2, by = ""id"", all.x = TRUE) [...] ### Participants from wave 11 ###
anchor11 <- anchor11 %>% select(id, sex_gen, ethni, cohort, age, relstat, np, sat6, sat2, starts_with(""per3i"")) %>%
  rename(sex = sex_gen,
         aget1 = age,
         lifesatt1 = sat6,
         sinsatt1 = sat2,
         prevrel = np) %>%
  mutate(relt1 = ifelse(relstat == 1 |
                           relstat == 6 |
                           relstat == 9, 0, 1),
         sex = sex - 1) %>% 
  replace(((.) < 0), NA) %>%
  mutate_at(c(10:30), as.numeric) %>%
  mutate_at(c(""per3i1"", ""per3i11"", ""per3i9"", ""per3i2"", ""per3i12"", ""per3i17"", ""per3i8"", ""per3i21""),
            ~ recode(., ""1"" = 5, ""2"" = 4, ""3"" = 3, 
                     ""4"" = 2, ""5"" = 1)) %>%
  rowwise() %>%
  mutate(extra_M = round(mean(c(per3i1, per3i6, per3i11, per3i16), na.rm = TRUE), 2),
         neuro_M = round(mean(c(per3i4, per3i9, per3i14, per3i19), na.rm = TRUE), 2),
         agree_M = round(mean(c(per3i2, per3i7, per3i12, per3i17), na.rm = TRUE), 2),
         consc_M = round(mean(c(per3i3, per3i8, per3i13, per3i18), na.rm = TRUE), 2),
         open_M = round(mean(c(per3i5, per3i10, per3i15, per3i20, per3i21), na.rm = TRUE), 2)) %>%
  select(id, sex, ethni, cohort, aget1, relt1, prevrel, lifesatt1, sinsatt1, extra_M, neuro_M, agree_M, consc_M, open_M) [...] # wave 10
anchor10 <- anchor10 %>% select(id, starts_with(""per3i"")) %>%
  mutate_at(c(2:22), as.numeric) %>%
  mutate_at(c(""per3i1"", ""per3i11"", ""per3i9"", ""per3i2"", ""per3i12"", ""per3i17"", ""per3i8"", ""per3i21""),
            ~ recode(., ""1"" = 5, ""2"" = 4, ""3"" = 3, 
                     ""4"" = 2, ""5"" = 1)) %>% 
  replace(((.) < 0), NA) %>%
  rowwise() %>%
  mutate(extra_M = round(mean(c(per3i1, per3i6, per3i11, per3i16), na.rm = TRUE), 2),
         neuro_M = round(mean(c(per3i4, per3i9, per3i14, per3i19), na.rm = TRUE), 2),
         agree_M = round(mean(c(per3i2, per3i7, per3i12, per3i17), na.rm = TRUE), 2),
         consc_M = round(mean(c(per3i3, per3i8, per3i13, per3i18), na.rm = TRUE), 2),
         open_M  = round(mean(c(per3i5, per3i10, per3i15, per3i20, per3i21), na.rm = TRUE), 2)) %>%
  select(id, extra_M, neuro_M, agree_M, consc_M, open_M)

anchor11_13 <- anchor11_13 %>% left_join(anchor10, by = ""id"") %>%
  mutate(extra_M = ifelse(is.na(extra_M.x), extra_M.y, extra_M.x),
         neuro_M = ifelse(is.na(neuro_M.x), neuro_M.y, neuro_M.x),
         agree_M = ifelse(is.na(agree_M.x), agree_M.y, agree_M.x),
         consc_M = ifelse(is.na(consc_M.x), consc_M.y, consc_M.x),
         open_M = ifelse(is.na(open_M.x), open_M.y, open_M.x)) %>%
  select(-c(21:30)) [...] data <- rbind(anchor1_3, anchor11_13)  [...] # write.table(data, ""data_wide.txt"")",0_clean_data.R:46-67;85;100-122;170-191;196;299,1,,,,,,,
20,inference criterion,p < .005.,2,"cor <- rcorr(as.matrix(data[, c(""sinsatt1"", ""sinsatt2"", ""sinsatt3"", ""lifesatt1"", ""lifesatt2"", ""lifesatt3"", ""extra_M"", ""neuro_M"")]), type = ""pearson"")",1_descriptive_analyses.R:56,,,,,,,,
21,model specification,"Table 2 shows the means, standard deviations, and zeroorder correlations among the study variables across birth cohorts and age groups (see Supplemental Table S2 for means and standard deviations separated by birth cohorts and age groups). [...] Descriptive Characteristics and Pearson Correlations Among the Study Variables",0;2,"cor <- rcorr(as.matrix(data[, c(""sinsatt1"", ""sinsatt2"", ""sinsatt3"", ""lifesatt1"", ""lifesatt2"", ""lifesatt3"", ""extra_M"", ""neuro_M"")]), type = ""pearson"")",1_descriptive_analyses.R:56,1,,,,,,,
21,variable specification,T3 singlehood satisfaction,2,"data <- read.table(""data_wide.txt"") […] cor <- rcorr(as.matrix(data[, c(""sinsatt1"", ""sinsatt2"", ""sinsatt3"", ""lifesatt1"", ""lifesatt2"", ""lifesatt3"", ""extra_M"", ""neuro_M"")]), type = ""pearson"")",1_descriptive_analyses.R:9;56,1,,,,,,,
21,transformation,,,,,,,,,,,,
21,variable specification,Neuroticism,2,"### Participants from wave 2 ###
anchor2 <- anchor2 %>% select(id, age, relstat, starts_with(""ehc2p""), sat6, sat2, starts_with(""per3i"")) %>%
  rename(aget2 = age,
         lifesatt2 = sat6,
         sinsatt2 = sat2) %>%
  replace(((.) < 0), NA) %>%
  mutate(relt2 = ifelse(relstat == 1 |
                          relstat == 6 |
                          relstat == 9, 0, 1)) %>% 
  select(-c(ehc2p1, ehc2p2, ehc2p3, ehc2p4, ehc2p5)) %>%
  mutate(months_rel_t1_t2 = rowSums(.[c(4:93)], na.rm = TRUE)) %>%
  mutate_at(c(96:116), as.numeric) %>%
  mutate_at(c(""per3i1"", ""per3i11"", ""per3i9"", ""per3i2"", ""per3i12"", ""per3i17"", ""per3i8"", ""per3i21""),
            ~ recode(., ""1"" = 5, ""2"" = 4, ""3"" = 3, 
                     ""4"" = 2, ""5"" = 1)) %>%
  rowwise() %>%
  mutate(extra_M = round(mean(c(per3i1, per3i6, per3i11, per3i16), na.rm = TRUE), 2),
         neuro_M = round(mean(c(per3i4, per3i9, per3i14, per3i19), na.rm = TRUE), 2),
         agree_M = round(mean(c(per3i2, per3i7, per3i12, per3i17), na.rm = TRUE), 2),
         consc_M = round(mean(c(per3i3, per3i8, per3i13, per3i18), na.rm = TRUE), 2),
         open_M = round(mean(c(per3i5, per3i10, per3i15, per3i20, per3i21), na.rm = TRUE), 2)) %>%
  select(id, aget2, relt2, months_rel_t1_t2, lifesatt2, sinsatt2, extra_M, neuro_M, agree_M, consc_M, open_M) [...] anchor1_3 <- merge(anchor1, anchor2, by = ""id"", all.x = TRUE) [...] ### Participants from wave 11 ###
anchor11 <- anchor11 %>% select(id, sex_gen, ethni, cohort, age, relstat, np, sat6, sat2, starts_with(""per3i"")) %>%
  rename(sex = sex_gen,
         aget1 = age,
         lifesatt1 = sat6,
         sinsatt1 = sat2,
         prevrel = np) %>%
  mutate(relt1 = ifelse(relstat == 1 |
                           relstat == 6 |
                           relstat == 9, 0, 1),
         sex = sex - 1) %>% 
  replace(((.) < 0), NA) %>%
  mutate_at(c(10:30), as.numeric) %>%
  mutate_at(c(""per3i1"", ""per3i11"", ""per3i9"", ""per3i2"", ""per3i12"", ""per3i17"", ""per3i8"", ""per3i21""),
            ~ recode(., ""1"" = 5, ""2"" = 4, ""3"" = 3, 
                     ""4"" = 2, ""5"" = 1)) %>%
  rowwise() %>%
  mutate(extra_M = round(mean(c(per3i1, per3i6, per3i11, per3i16), na.rm = TRUE), 2),
         neuro_M = round(mean(c(per3i4, per3i9, per3i14, per3i19), na.rm = TRUE), 2),
         agree_M = round(mean(c(per3i2, per3i7, per3i12, per3i17), na.rm = TRUE), 2),
         consc_M = round(mean(c(per3i3, per3i8, per3i13, per3i18), na.rm = TRUE), 2),
         open_M = round(mean(c(per3i5, per3i10, per3i15, per3i20, per3i21), na.rm = TRUE), 2)) %>%
  select(id, sex, ethni, cohort, aget1, relt1, prevrel, lifesatt1, sinsatt1, extra_M, neuro_M, agree_M, consc_M, open_M) [...] # wave 10
anchor10 <- anchor10 %>% select(id, starts_with(""per3i"")) %>%
  mutate_at(c(2:22), as.numeric) %>%
  mutate_at(c(""per3i1"", ""per3i11"", ""per3i9"", ""per3i2"", ""per3i12"", ""per3i17"", ""per3i8"", ""per3i21""),
            ~ recode(., ""1"" = 5, ""2"" = 4, ""3"" = 3, 
                     ""4"" = 2, ""5"" = 1)) %>% 
  replace(((.) < 0), NA) %>%
  rowwise() %>%
  mutate(extra_M = round(mean(c(per3i1, per3i6, per3i11, per3i16), na.rm = TRUE), 2),
         neuro_M = round(mean(c(per3i4, per3i9, per3i14, per3i19), na.rm = TRUE), 2),
         agree_M = round(mean(c(per3i2, per3i7, per3i12, per3i17), na.rm = TRUE), 2),
         consc_M = round(mean(c(per3i3, per3i8, per3i13, per3i18), na.rm = TRUE), 2),
         open_M  = round(mean(c(per3i5, per3i10, per3i15, per3i20, per3i21), na.rm = TRUE), 2)) %>%
  select(id, extra_M, neuro_M, agree_M, consc_M, open_M)

anchor11_13 <- anchor11_13 %>% left_join(anchor10, by = ""id"") %>%
  mutate(extra_M = ifelse(is.na(extra_M.x), extra_M.y, extra_M.x),
         neuro_M = ifelse(is.na(neuro_M.x), neuro_M.y, neuro_M.x),
         agree_M = ifelse(is.na(agree_M.x), agree_M.y, agree_M.x),
         consc_M = ifelse(is.na(consc_M.x), consc_M.y, consc_M.x),
         open_M = ifelse(is.na(open_M.x), open_M.y, open_M.x)) %>%
  select(-c(21:30)) [...] data <- rbind(anchor1_3, anchor11_13)  [...] # write.table(data, ""data_wide.txt"") [...] cor <- rcorr(as.matrix(data[, c(""sinsatt1"", ""sinsatt2"", ""sinsatt3"", ""lifesatt1"", ""lifesatt2"", ""lifesatt3"", ""extra_M"", ""neuro_M"")]), type = ""pearson"")",0_clean_data.R;0_clean_data.R;0_clean_data.R;0_clean_data.R;0_clean_data.R;0_clean_data.R;1_descriptive_analyses.R:46-67;85;100-122;170-191;196;299;56,1,,,,,,,
21,transformation,"For each trait, we used wave-specific mean scores. Specifically, for individuals in the earlier-born cohort, we used personality-trait
items from Wave 2; for individuals in the later-born cohort, we used personality-trait items from Waves 10 (birth cohorts 1991-1993 and 1981-1983) and 11 (birth cohort 2001-2003). Thus, participants varied in the timing of their personalitytrait assessments.",0,"### Participants from wave 2 ###
anchor2 <- anchor2 %>% select(id, age, relstat, starts_with(""ehc2p""), sat6, sat2, starts_with(""per3i"")) %>%
  rename(aget2 = age,
         lifesatt2 = sat6,
         sinsatt2 = sat2) %>%
  replace(((.) < 0), NA) %>%
  mutate(relt2 = ifelse(relstat == 1 |
                          relstat == 6 |
                          relstat == 9, 0, 1)) %>% 
  select(-c(ehc2p1, ehc2p2, ehc2p3, ehc2p4, ehc2p5)) %>%
  mutate(months_rel_t1_t2 = rowSums(.[c(4:93)], na.rm = TRUE)) %>%
  mutate_at(c(96:116), as.numeric) %>%
  mutate_at(c(""per3i1"", ""per3i11"", ""per3i9"", ""per3i2"", ""per3i12"", ""per3i17"", ""per3i8"", ""per3i21""),
            ~ recode(., ""1"" = 5, ""2"" = 4, ""3"" = 3, 
                     ""4"" = 2, ""5"" = 1)) %>%
  rowwise() %>%
  mutate(extra_M = round(mean(c(per3i1, per3i6, per3i11, per3i16), na.rm = TRUE), 2),
         neuro_M = round(mean(c(per3i4, per3i9, per3i14, per3i19), na.rm = TRUE), 2),
         agree_M = round(mean(c(per3i2, per3i7, per3i12, per3i17), na.rm = TRUE), 2),
         consc_M = round(mean(c(per3i3, per3i8, per3i13, per3i18), na.rm = TRUE), 2),
         open_M = round(mean(c(per3i5, per3i10, per3i15, per3i20, per3i21), na.rm = TRUE), 2)) %>%
  select(id, aget2, relt2, months_rel_t1_t2, lifesatt2, sinsatt2, extra_M, neuro_M, agree_M, consc_M, open_M) [...] anchor1_3 <- merge(anchor1, anchor2, by = ""id"", all.x = TRUE) [...] ### Participants from wave 11 ###
anchor11 <- anchor11 %>% select(id, sex_gen, ethni, cohort, age, relstat, np, sat6, sat2, starts_with(""per3i"")) %>%
  rename(sex = sex_gen,
         aget1 = age,
         lifesatt1 = sat6,
         sinsatt1 = sat2,
         prevrel = np) %>%
  mutate(relt1 = ifelse(relstat == 1 |
                           relstat == 6 |
                           relstat == 9, 0, 1),
         sex = sex - 1) %>% 
  replace(((.) < 0), NA) %>%
  mutate_at(c(10:30), as.numeric) %>%
  mutate_at(c(""per3i1"", ""per3i11"", ""per3i9"", ""per3i2"", ""per3i12"", ""per3i17"", ""per3i8"", ""per3i21""),
            ~ recode(., ""1"" = 5, ""2"" = 4, ""3"" = 3, 
                     ""4"" = 2, ""5"" = 1)) %>%
  rowwise() %>%
  mutate(extra_M = round(mean(c(per3i1, per3i6, per3i11, per3i16), na.rm = TRUE), 2),
         neuro_M = round(mean(c(per3i4, per3i9, per3i14, per3i19), na.rm = TRUE), 2),
         agree_M = round(mean(c(per3i2, per3i7, per3i12, per3i17), na.rm = TRUE), 2),
         consc_M = round(mean(c(per3i3, per3i8, per3i13, per3i18), na.rm = TRUE), 2),
         open_M = round(mean(c(per3i5, per3i10, per3i15, per3i20, per3i21), na.rm = TRUE), 2)) %>%
  select(id, sex, ethni, cohort, aget1, relt1, prevrel, lifesatt1, sinsatt1, extra_M, neuro_M, agree_M, consc_M, open_M) [...] # wave 10
anchor10 <- anchor10 %>% select(id, starts_with(""per3i"")) %>%
  mutate_at(c(2:22), as.numeric) %>%
  mutate_at(c(""per3i1"", ""per3i11"", ""per3i9"", ""per3i2"", ""per3i12"", ""per3i17"", ""per3i8"", ""per3i21""),
            ~ recode(., ""1"" = 5, ""2"" = 4, ""3"" = 3, 
                     ""4"" = 2, ""5"" = 1)) %>% 
  replace(((.) < 0), NA) %>%
  rowwise() %>%
  mutate(extra_M = round(mean(c(per3i1, per3i6, per3i11, per3i16), na.rm = TRUE), 2),
         neuro_M = round(mean(c(per3i4, per3i9, per3i14, per3i19), na.rm = TRUE), 2),
         agree_M = round(mean(c(per3i2, per3i7, per3i12, per3i17), na.rm = TRUE), 2),
         consc_M = round(mean(c(per3i3, per3i8, per3i13, per3i18), na.rm = TRUE), 2),
         open_M  = round(mean(c(per3i5, per3i10, per3i15, per3i20, per3i21), na.rm = TRUE), 2)) %>%
  select(id, extra_M, neuro_M, agree_M, consc_M, open_M)

anchor11_13 <- anchor11_13 %>% left_join(anchor10, by = ""id"") %>%
  mutate(extra_M = ifelse(is.na(extra_M.x), extra_M.y, extra_M.x),
         neuro_M = ifelse(is.na(neuro_M.x), neuro_M.y, neuro_M.x),
         agree_M = ifelse(is.na(agree_M.x), agree_M.y, agree_M.x),
         consc_M = ifelse(is.na(consc_M.x), consc_M.y, consc_M.x),
         open_M = ifelse(is.na(open_M.x), open_M.y, open_M.x)) %>%
  select(-c(21:30)) [...] data <- rbind(anchor1_3, anchor11_13)  [...] # write.table(data, ""data_wide.txt"")",0_clean_data.R:46-67;85;100-122;170-191;196;299,1,,,,,,,
21,inference criterion,p < .005.,2,"cor <- rcorr(as.matrix(data[, c(""sinsatt1"", ""sinsatt2"", ""sinsatt3"", ""lifesatt1"", ""lifesatt2"", ""lifesatt3"", ""extra_M"", ""neuro_M"")]), type = ""pearson"")",1_descriptive_analyses.R:56,,,,,,,,
22,model specification,"Table 2 shows the means, standard deviations, and zeroorder correlations among the study variables across birth cohorts and age groups (see Supplemental Table S2 for means and standard deviations separated by birth cohorts and age groups). [...] Descriptive Characteristics and Pearson Correlations Among the Study Variables",0;2,"cor <- rcorr(as.matrix(data[, c(""sinsatt1"", ""sinsatt2"", ""sinsatt3"", ""lifesatt1"", ""lifesatt2"", ""lifesatt3"", ""extra_M"", ""neuro_M"")]), type = ""pearson"")",1_descriptive_analyses.R:56,1,,,,,,,
22,variable specification,T1 life satisfaction,2,"data <- read.table(""data_wide.txt"") […] cor <- rcorr(as.matrix(data[, c(""sinsatt1"", ""sinsatt2"", ""sinsatt3"", ""lifesatt1"", ""lifesatt2"", ""lifesatt3"", ""extra_M"", ""neuro_M"")]), type = ""pearson"")",1_descriptive_analyses.R:9;56,1,,,,,,,
22,transformation,,,,,,,,,,,,
22,variable specification,T2 life satisfaction,2,"data <- read.table(""data_wide.txt"") […] cor <- rcorr(as.matrix(data[, c(""sinsatt1"", ""sinsatt2"", ""sinsatt3"", ""lifesatt1"", ""lifesatt2"", ""lifesatt3"", ""extra_M"", ""neuro_M"")]), type = ""pearson"")",1_descriptive_analyses.R:9;56,1,,,,,,,
22,transformation,,,,,,,,,,,,
22,inference criterion,p < .005.,2,"cor <- rcorr(as.matrix(data[, c(""sinsatt1"", ""sinsatt2"", ""sinsatt3"", ""lifesatt1"", ""lifesatt2"", ""lifesatt3"", ""extra_M"", ""neuro_M"")]), type = ""pearson"")",1_descriptive_analyses.R:56,,,,,,,,
23,model specification,"Table 2 shows the means, standard deviations, and zeroorder correlations among the study variables across birth cohorts and age groups (see Supplemental Table S2 for means and standard deviations separated by birth cohorts and age groups). [...] Descriptive Characteristics and Pearson Correlations Among the Study Variables",0;2,"cor <- rcorr(as.matrix(data[, c(""sinsatt1"", ""sinsatt2"", ""sinsatt3"", ""lifesatt1"", ""lifesatt2"", ""lifesatt3"", ""extra_M"", ""neuro_M"")]), type = ""pearson"")",1_descriptive_analyses.R:56,1,"Pearson correlation between T1 life satisfaction and T3 life satisfaction, testing longer-term stability in life satisfaction. The association was positive, r ≈ .45, p < .005.","Table 2. Descriptive Characteristics and Pearson Correlations Among the Study Variables.

""Table 2 shows the means, standard deviations, and zero-order correlations among the study variables across birth cohorts and age groups (see Supplemental Table S2 for means and standard deviations separated by birth cohorts and age groups).""",,"#### Table 2: Descriptive characteristics and Pearson correlations among study variables ###############

# Correlations across key variables

library(Hmisc)

cor <- rcorr(as.matrix(data[, c(""sinsatt1"", ""sinsatt2"", ""sinsatt3"", ""lifesatt1"", ""lifesatt2"", ""lifesatt3"", ""extra_M"", ""neuro_M"")]), type = ""pearson"")
cor_r <- as.data.frame(round(cor$r, 2))",,1,1
23,variable specification,T1 life satisfaction,2,"data <- read.table(""data_wide.txt"") […] cor <- rcorr(as.matrix(data[, c(""sinsatt1"", ""sinsatt2"", ""sinsatt3"", ""lifesatt1"", ""lifesatt2"", ""lifesatt3"", ""extra_M"", ""neuro_M"")]), type = ""pearson"")",1_descriptive_analyses.R:9;56,1,"Pearson correlation between T1 life satisfaction and T3 life satisfaction, testing longer-term stability in life satisfaction. The association was positive, r ≈ .45, p < .005.","Table 2. Descriptive Characteristics and Pearson Correlations Among the Study Variables.
...
4. T1 life satisfaction (n = 2,935)  .34  .25  .24  
...
6. T3 life satisfaction (n = 2,934)  .23  .23  .30  .45  .53
...
Note. Satisfaction with singlehood and life satisfaction ranged from 0 to 10.",,"cor <- rcorr(as.matrix(data[, c(""sinsatt1"", ""sinsatt2"", ""sinsatt3"", ""lifesatt1"", ""lifesatt2"", ""lifesatt3"", ""extra_M"", ""neuro_M"")]), type = ""pearson"")
...
row.names(cor_r)[1:8] <- c(paste0(""1. T1 Satisfaction with singlehood (n = "", cor$n[1,1], "")""),
                           paste0(""2. T2 Satisfaction with singlehood (n = "", cor$n[2,2], "")""),
                           paste0(""3. T3 Satisfaction with singlehood (n = "", cor$n[3,3], "")""),
                           paste0(""4. T1 Life satisfaction (n = "", cor$n[4,4], "")""),
                           paste0(""5. T2 Life satisfaction (n = "", cor$n[5,5], "")""),
                           paste0(""6. T3 Life satisfaction (n = "", cor$n[6,6], "")""),
                           paste0(""7. Extraversion (n = "", cor$n[7,7], "")""),
                           paste0(""8. Neuroticism (n = "", cor$n[8,8], "")""))",,1,1
23,transformation,,,,,,"Pearson correlation between T1 life satisfaction and T3 life satisfaction, testing longer-term stability in life satisfaction. The association was positive, r ≈ .45, p < .005.","Life satisfaction. Life satisfaction was measured at each assessment with one item: “All in all, how satisfied are you with your life at the moment?” The item was assessed in the CAPI mode ranging from 0 (very dissatisfied) to 10 (very satisfied).",,"### Participants from wave 1 ###
anchor1 <- anchor1 %>% select(id, sex_gen, ethni, cohort, age, sd3, np, sat6, sat2) %>%
  rename(sex = sex_gen,
         aget1 = age,
         relt1 = sd3,
         prevrel = np,
         lifesatt1 = sat6,
         sinsatt1 = sat2) %>%
  replace(((.) < 0), NA) %>%
  mutate(sex = sex - 1,
         relt1 = ifelse(relt1 == 2, 0, relt1))
...
### Participants from wave 3 ###
anchor3 <- anchor3 %>% select(id, age, relstat, starts_with(""ehc2p""), sat6, sat2) %>%
  rename(aget3 = age,
         lifesatt3 = sat6,
         sinsatt3 = sat2) %>%
  mutate(relt3 = ifelse(relstat == 1 |
                          relstat == 6 |
                          relstat == 9, 0, 1)) %>% 
  replace(((.) < 0), NA) %>%
  select(-c(ehc2p1, ehc2p2, ehc2p3, ehc2p4, ehc2p5)) %>%
  mutate(months_rel_t2_t3 = rowSums(.[c(4:163)], na.rm = TRUE)) %>%
  select(id, aget3, relt3, months_rel_t2_t3, lifesatt3, sinsatt3)
...
### single at T1 ###
data <- data %>% filter(relt1 == 0) # N = 8,321

### single throughout T1-3 ###
data <- data %>% filter(months_rel_t1_t2 == 0, relt2 == 0, months_rel_t2_t3 == 0, relt3 == 0) # N = 3,161

### missings on both well-being measures ###
data <- data %>% filter(!(is.na(lifesatt1) & is.na(sinsatt1))) # N = 3,161",,,
23,variable specification,T3 life satisfaction,2,"data <- read.table(""data_wide.txt"") […] cor <- rcorr(as.matrix(data[, c(""sinsatt1"", ""sinsatt2"", ""sinsatt3"", ""lifesatt1"", ""lifesatt2"", ""lifesatt3"", ""extra_M"", ""neuro_M"")]), type = ""pearson"")",1_descriptive_analyses.R:9;56,1,"Pearson correlation between T1 life satisfaction and T3 life satisfaction, testing longer-term stability in life satisfaction. The association was positive, r ≈ .45, p < .005.","Table 2. Descriptive Characteristics and Pearson Correlations Among the Study Variables.
...
4. T1 life satisfaction (n = 2,935)  .34  .25  .24  
...
6. T3 life satisfaction (n = 2,934)  .23  .23  .30  .45  .53
...
Note. Satisfaction with singlehood and life satisfaction ranged from 0 to 10.",,"cor <- rcorr(as.matrix(data[, c(""sinsatt1"", ""sinsatt2"", ""sinsatt3"", ""lifesatt1"", ""lifesatt2"", ""lifesatt3"", ""extra_M"", ""neuro_M"")]), type = ""pearson"")
...
row.names(cor_r)[1:8] <- c(paste0(""1. T1 Satisfaction with singlehood (n = "", cor$n[1,1], "")""),
                           paste0(""2. T2 Satisfaction with singlehood (n = "", cor$n[2,2], "")""),
                           paste0(""3. T3 Satisfaction with singlehood (n = "", cor$n[3,3], "")""),
                           paste0(""4. T1 Life satisfaction (n = "", cor$n[4,4], "")""),
                           paste0(""5. T2 Life satisfaction (n = "", cor$n[5,5], "")""),
                           paste0(""6. T3 Life satisfaction (n = "", cor$n[6,6], "")""),
                           paste0(""7. Extraversion (n = "", cor$n[7,7], "")""),
                           paste0(""8. Neuroticism (n = "", cor$n[8,8], "")""))",,1,1
23,transformation,,,,,,"Pearson correlation between T1 life satisfaction and T3 life satisfaction, testing longer-term stability in life satisfaction. The association was positive, r ≈ .45, p < .005.","Life satisfaction. Life satisfaction was measured at each assessment with one item: “All in all, how satisfied are you with your life at the moment?” The item was assessed in the CAPI mode ranging from 0 (very dissatisfied) to 10 (very satisfied).",,"### Participants from wave 1 ###
anchor1 <- anchor1 %>% select(id, sex_gen, ethni, cohort, age, sd3, np, sat6, sat2) %>%
  rename(sex = sex_gen,
         aget1 = age,
         relt1 = sd3,
         prevrel = np,
         lifesatt1 = sat6,
         sinsatt1 = sat2) %>%
  replace(((.) < 0), NA) %>%
  mutate(sex = sex - 1,
         relt1 = ifelse(relt1 == 2, 0, relt1))
...
### Participants from wave 3 ###
anchor3 <- anchor3 %>% select(id, age, relstat, starts_with(""ehc2p""), sat6, sat2) %>%
  rename(aget3 = age,
         lifesatt3 = sat6,
         sinsatt3 = sat2) %>%
  mutate(relt3 = ifelse(relstat == 1 |
                          relstat == 6 |
                          relstat == 9, 0, 1)) %>% 
  replace(((.) < 0), NA) %>%
  select(-c(ehc2p1, ehc2p2, ehc2p3, ehc2p4, ehc2p5)) %>%
  mutate(months_rel_t2_t3 = rowSums(.[c(4:163)], na.rm = TRUE)) %>%
  select(id, aget3, relt3, months_rel_t2_t3, lifesatt3, sinsatt3)
...
### single at T1 ###
data <- data %>% filter(relt1 == 0) # N = 8,321

### single throughout T1-3 ###
data <- data %>% filter(months_rel_t1_t2 == 0, relt2 == 0, months_rel_t2_t3 == 0, relt3 == 0) # N = 3,161

### missings on both well-being measures ###
data <- data %>% filter(!(is.na(lifesatt1) & is.na(sinsatt1))) # N = 3,161",,,
23,inference criterion,p < .005.,2,"cor <- rcorr(as.matrix(data[, c(""sinsatt1"", ""sinsatt2"", ""sinsatt3"", ""lifesatt1"", ""lifesatt2"", ""lifesatt3"", ""extra_M"", ""neuro_M"")]), type = ""pearson"")",1_descriptive_analyses.R:56,,"Pearson correlation between T1 life satisfaction and T3 life satisfaction, testing longer-term stability in life satisfaction. The association was positive, r ≈ .45, p < .005.",All correlations were significant at p < .005.,,,,,
24,model specification,"Table 2 shows the means, standard deviations, and zeroorder correlations among the study variables across birth cohorts and age groups (see Supplemental Table S2 for means and standard deviations separated by birth cohorts and age groups). [...] Descriptive Characteristics and Pearson Correlations Among the Study Variables",0;2,"cor <- rcorr(as.matrix(data[, c(""sinsatt1"", ""sinsatt2"", ""sinsatt3"", ""lifesatt1"", ""lifesatt2"", ""lifesatt3"", ""extra_M"", ""neuro_M"")]), type = ""pearson"")",1_descriptive_analyses.R:56,1,,,,,,,
24,variable specification,T1 life satisfaction,2,"data <- read.table(""data_wide.txt"") […] cor <- rcorr(as.matrix(data[, c(""sinsatt1"", ""sinsatt2"", ""sinsatt3"", ""lifesatt1"", ""lifesatt2"", ""lifesatt3"", ""extra_M"", ""neuro_M"")]), type = ""pearson"")",1_descriptive_analyses.R:9;56,1,,,,,,,
24,transformation,,,,,,,,,,,,
24,variable specification,Extraversion,2,"### Participants from wave 2 ###
anchor2 <- anchor2 %>% select(id, age, relstat, starts_with(""ehc2p""), sat6, sat2, starts_with(""per3i"")) %>%
  rename(aget2 = age,
         lifesatt2 = sat6,
         sinsatt2 = sat2) %>%
  replace(((.) < 0), NA) %>%
  mutate(relt2 = ifelse(relstat == 1 |
                          relstat == 6 |
                          relstat == 9, 0, 1)) %>% 
  select(-c(ehc2p1, ehc2p2, ehc2p3, ehc2p4, ehc2p5)) %>%
  mutate(months_rel_t1_t2 = rowSums(.[c(4:93)], na.rm = TRUE)) %>%
  mutate_at(c(96:116), as.numeric) %>%
  mutate_at(c(""per3i1"", ""per3i11"", ""per3i9"", ""per3i2"", ""per3i12"", ""per3i17"", ""per3i8"", ""per3i21""),
            ~ recode(., ""1"" = 5, ""2"" = 4, ""3"" = 3, 
                     ""4"" = 2, ""5"" = 1)) %>%
  rowwise() %>%
  mutate(extra_M = round(mean(c(per3i1, per3i6, per3i11, per3i16), na.rm = TRUE), 2),
         neuro_M = round(mean(c(per3i4, per3i9, per3i14, per3i19), na.rm = TRUE), 2),
         agree_M = round(mean(c(per3i2, per3i7, per3i12, per3i17), na.rm = TRUE), 2),
         consc_M = round(mean(c(per3i3, per3i8, per3i13, per3i18), na.rm = TRUE), 2),
         open_M = round(mean(c(per3i5, per3i10, per3i15, per3i20, per3i21), na.rm = TRUE), 2)) %>%
  select(id, aget2, relt2, months_rel_t1_t2, lifesatt2, sinsatt2, extra_M, neuro_M, agree_M, consc_M, open_M) [...] anchor1_3 <- merge(anchor1, anchor2, by = ""id"", all.x = TRUE) [...] ### Participants from wave 11 ###
anchor11 <- anchor11 %>% select(id, sex_gen, ethni, cohort, age, relstat, np, sat6, sat2, starts_with(""per3i"")) %>%
  rename(sex = sex_gen,
         aget1 = age,
         lifesatt1 = sat6,
         sinsatt1 = sat2,
         prevrel = np) %>%
  mutate(relt1 = ifelse(relstat == 1 |
                           relstat == 6 |
                           relstat == 9, 0, 1),
         sex = sex - 1) %>% 
  replace(((.) < 0), NA) %>%
  mutate_at(c(10:30), as.numeric) %>%
  mutate_at(c(""per3i1"", ""per3i11"", ""per3i9"", ""per3i2"", ""per3i12"", ""per3i17"", ""per3i8"", ""per3i21""),
            ~ recode(., ""1"" = 5, ""2"" = 4, ""3"" = 3, 
                     ""4"" = 2, ""5"" = 1)) %>%
  rowwise() %>%
  mutate(extra_M = round(mean(c(per3i1, per3i6, per3i11, per3i16), na.rm = TRUE), 2),
         neuro_M = round(mean(c(per3i4, per3i9, per3i14, per3i19), na.rm = TRUE), 2),
         agree_M = round(mean(c(per3i2, per3i7, per3i12, per3i17), na.rm = TRUE), 2),
         consc_M = round(mean(c(per3i3, per3i8, per3i13, per3i18), na.rm = TRUE), 2),
         open_M = round(mean(c(per3i5, per3i10, per3i15, per3i20, per3i21), na.rm = TRUE), 2)) %>%
  select(id, sex, ethni, cohort, aget1, relt1, prevrel, lifesatt1, sinsatt1, extra_M, neuro_M, agree_M, consc_M, open_M) [...] # wave 10
anchor10 <- anchor10 %>% select(id, starts_with(""per3i"")) %>%
  mutate_at(c(2:22), as.numeric) %>%
  mutate_at(c(""per3i1"", ""per3i11"", ""per3i9"", ""per3i2"", ""per3i12"", ""per3i17"", ""per3i8"", ""per3i21""),
            ~ recode(., ""1"" = 5, ""2"" = 4, ""3"" = 3, 
                     ""4"" = 2, ""5"" = 1)) %>% 
  replace(((.) < 0), NA) %>%
  rowwise() %>%
  mutate(extra_M = round(mean(c(per3i1, per3i6, per3i11, per3i16), na.rm = TRUE), 2),
         neuro_M = round(mean(c(per3i4, per3i9, per3i14, per3i19), na.rm = TRUE), 2),
         agree_M = round(mean(c(per3i2, per3i7, per3i12, per3i17), na.rm = TRUE), 2),
         consc_M = round(mean(c(per3i3, per3i8, per3i13, per3i18), na.rm = TRUE), 2),
         open_M  = round(mean(c(per3i5, per3i10, per3i15, per3i20, per3i21), na.rm = TRUE), 2)) %>%
  select(id, extra_M, neuro_M, agree_M, consc_M, open_M)

anchor11_13 <- anchor11_13 %>% left_join(anchor10, by = ""id"") %>%
  mutate(extra_M = ifelse(is.na(extra_M.x), extra_M.y, extra_M.x),
         neuro_M = ifelse(is.na(neuro_M.x), neuro_M.y, neuro_M.x),
         agree_M = ifelse(is.na(agree_M.x), agree_M.y, agree_M.x),
         consc_M = ifelse(is.na(consc_M.x), consc_M.y, consc_M.x),
         open_M = ifelse(is.na(open_M.x), open_M.y, open_M.x)) %>%
  select(-c(21:30)) [...] data <- rbind(anchor1_3, anchor11_13)  [...] # write.table(data, ""data_wide.txt"") [...] cor <- rcorr(as.matrix(data[, c(""sinsatt1"", ""sinsatt2"", ""sinsatt3"", ""lifesatt1"", ""lifesatt2"", ""lifesatt3"", ""extra_M"", ""neuro_M"")]), type = ""pearson"")",0_clean_data.R;0_clean_data.R;0_clean_data.R;0_clean_data.R;0_clean_data.R;0_clean_data.R;1_descriptive_analyses.R:46-67;85;100-122;170-191;196;299;56,1,,,,,,,
24,transformation,"For each trait, we used wave-specific mean scores. Specifically, for individuals in the earlier-born cohort, we used personality-trait
items from Wave 2; for individuals in the later-born cohort, we used personality-trait items from Waves 10 (birth cohorts 1991-1993 and 1981-1983) and 11 (birth cohort 2001-2003). Thus, participants varied in the timing of their personalitytrait assessments.",0,"### Participants from wave 2 ###
anchor2 <- anchor2 %>% select(id, age, relstat, starts_with(""ehc2p""), sat6, sat2, starts_with(""per3i"")) %>%
  rename(aget2 = age,
         lifesatt2 = sat6,
         sinsatt2 = sat2) %>%
  replace(((.) < 0), NA) %>%
  mutate(relt2 = ifelse(relstat == 1 |
                          relstat == 6 |
                          relstat == 9, 0, 1)) %>% 
  select(-c(ehc2p1, ehc2p2, ehc2p3, ehc2p4, ehc2p5)) %>%
  mutate(months_rel_t1_t2 = rowSums(.[c(4:93)], na.rm = TRUE)) %>%
  mutate_at(c(96:116), as.numeric) %>%
  mutate_at(c(""per3i1"", ""per3i11"", ""per3i9"", ""per3i2"", ""per3i12"", ""per3i17"", ""per3i8"", ""per3i21""),
            ~ recode(., ""1"" = 5, ""2"" = 4, ""3"" = 3, 
                     ""4"" = 2, ""5"" = 1)) %>%
  rowwise() %>%
  mutate(extra_M = round(mean(c(per3i1, per3i6, per3i11, per3i16), na.rm = TRUE), 2),
         neuro_M = round(mean(c(per3i4, per3i9, per3i14, per3i19), na.rm = TRUE), 2),
         agree_M = round(mean(c(per3i2, per3i7, per3i12, per3i17), na.rm = TRUE), 2),
         consc_M = round(mean(c(per3i3, per3i8, per3i13, per3i18), na.rm = TRUE), 2),
         open_M = round(mean(c(per3i5, per3i10, per3i15, per3i20, per3i21), na.rm = TRUE), 2)) %>%
  select(id, aget2, relt2, months_rel_t1_t2, lifesatt2, sinsatt2, extra_M, neuro_M, agree_M, consc_M, open_M) [...] anchor1_3 <- merge(anchor1, anchor2, by = ""id"", all.x = TRUE) [...] ### Participants from wave 11 ###
anchor11 <- anchor11 %>% select(id, sex_gen, ethni, cohort, age, relstat, np, sat6, sat2, starts_with(""per3i"")) %>%
  rename(sex = sex_gen,
         aget1 = age,
         lifesatt1 = sat6,
         sinsatt1 = sat2,
         prevrel = np) %>%
  mutate(relt1 = ifelse(relstat == 1 |
                           relstat == 6 |
                           relstat == 9, 0, 1),
         sex = sex - 1) %>% 
  replace(((.) < 0), NA) %>%
  mutate_at(c(10:30), as.numeric) %>%
  mutate_at(c(""per3i1"", ""per3i11"", ""per3i9"", ""per3i2"", ""per3i12"", ""per3i17"", ""per3i8"", ""per3i21""),
            ~ recode(., ""1"" = 5, ""2"" = 4, ""3"" = 3, 
                     ""4"" = 2, ""5"" = 1)) %>%
  rowwise() %>%
  mutate(extra_M = round(mean(c(per3i1, per3i6, per3i11, per3i16), na.rm = TRUE), 2),
         neuro_M = round(mean(c(per3i4, per3i9, per3i14, per3i19), na.rm = TRUE), 2),
         agree_M = round(mean(c(per3i2, per3i7, per3i12, per3i17), na.rm = TRUE), 2),
         consc_M = round(mean(c(per3i3, per3i8, per3i13, per3i18), na.rm = TRUE), 2),
         open_M = round(mean(c(per3i5, per3i10, per3i15, per3i20, per3i21), na.rm = TRUE), 2)) %>%
  select(id, sex, ethni, cohort, aget1, relt1, prevrel, lifesatt1, sinsatt1, extra_M, neuro_M, agree_M, consc_M, open_M) [...] # wave 10
anchor10 <- anchor10 %>% select(id, starts_with(""per3i"")) %>%
  mutate_at(c(2:22), as.numeric) %>%
  mutate_at(c(""per3i1"", ""per3i11"", ""per3i9"", ""per3i2"", ""per3i12"", ""per3i17"", ""per3i8"", ""per3i21""),
            ~ recode(., ""1"" = 5, ""2"" = 4, ""3"" = 3, 
                     ""4"" = 2, ""5"" = 1)) %>% 
  replace(((.) < 0), NA) %>%
  rowwise() %>%
  mutate(extra_M = round(mean(c(per3i1, per3i6, per3i11, per3i16), na.rm = TRUE), 2),
         neuro_M = round(mean(c(per3i4, per3i9, per3i14, per3i19), na.rm = TRUE), 2),
         agree_M = round(mean(c(per3i2, per3i7, per3i12, per3i17), na.rm = TRUE), 2),
         consc_M = round(mean(c(per3i3, per3i8, per3i13, per3i18), na.rm = TRUE), 2),
         open_M  = round(mean(c(per3i5, per3i10, per3i15, per3i20, per3i21), na.rm = TRUE), 2)) %>%
  select(id, extra_M, neuro_M, agree_M, consc_M, open_M)

anchor11_13 <- anchor11_13 %>% left_join(anchor10, by = ""id"") %>%
  mutate(extra_M = ifelse(is.na(extra_M.x), extra_M.y, extra_M.x),
         neuro_M = ifelse(is.na(neuro_M.x), neuro_M.y, neuro_M.x),
         agree_M = ifelse(is.na(agree_M.x), agree_M.y, agree_M.x),
         consc_M = ifelse(is.na(consc_M.x), consc_M.y, consc_M.x),
         open_M = ifelse(is.na(open_M.x), open_M.y, open_M.x)) %>%
  select(-c(21:30)) [...] data <- rbind(anchor1_3, anchor11_13)  [...] # write.table(data, ""data_wide.txt"")",0_clean_data.R:46-67;85;100-122;170-191;196;299,1,,,,,,,
24,inference criterion,p < .005.,2,"cor <- rcorr(as.matrix(data[, c(""sinsatt1"", ""sinsatt2"", ""sinsatt3"", ""lifesatt1"", ""lifesatt2"", ""lifesatt3"", ""extra_M"", ""neuro_M"")]), type = ""pearson"")",1_descriptive_analyses.R:56,,,,,,,,
25,model specification,"Table 2 shows the means, standard deviations, and zeroorder correlations among the study variables across birth cohorts and age groups (see Supplemental Table S2 for means and standard deviations separated by birth cohorts and age groups). [...] Descriptive Characteristics and Pearson Correlations Among the Study Variables",0;2,"cor <- rcorr(as.matrix(data[, c(""sinsatt1"", ""sinsatt2"", ""sinsatt3"", ""lifesatt1"", ""lifesatt2"", ""lifesatt3"", ""extra_M"", ""neuro_M"")]), type = ""pearson"")",1_descriptive_analyses.R:56,1,"Pearson correlation between T3 singlehood satisfaction and neuroticism, assessing whether neuroticism is associated with lower satisfaction with singlehood at the third wave. The association was negative, r ≈ −.16, p < .005.","Table 2. Descriptive Characteristics and Pearson Correlations Among the Study Variables.

""Table 2 shows the means, standard deviations, and zero- order correlations among the study variables across birth cohorts and age groups (see Supplemental Table S2 for means and standard deviations separated by birth cohorts and age groups).""",,"library(Hmisc)

cor <- rcorr(as.matrix(data[, c(""sinsatt1"", ""sinsatt2"", ""sinsatt3"", ""lifesatt1"", ""lifesatt2"", ""lifesatt3"", ""extra_M"", ""neuro_M"")]), type = ""pearson"")
cor_r <- as.data.frame(round(cor$r, 2))",,1,1
25,variable specification,T1 life satisfaction,2,"data <- read.table(""data_wide.txt"") […] cor <- rcorr(as.matrix(data[, c(""sinsatt1"", ""sinsatt2"", ""sinsatt3"", ""lifesatt1"", ""lifesatt2"", ""lifesatt3"", ""extra_M"", ""neuro_M"")]), type = ""pearson"")",1_descriptive_analyses.R:9;56,1,"Pearson correlation between T3 singlehood satisfaction and neuroticism, assessing whether neuroticism is associated with lower satisfaction with singlehood at the third wave. The association was negative, r ≈ −.16, p < .005.","Table 2 shows the means, standard deviations, and zero-order correlations among the study variables across birth cohorts and age groups (see Supplemental Table S2 for means and standard deviations separated by birth cohorts and age groups). Satisfaction with singlehood and life satisfaction were positively correlated with each other: The more satisfied singles felt with their singlehood, the more satisfied they were with their lives. Both satisfaction measures were positively associated with extraversion and negatively associated with neuroticism.
...
Table 2. Descriptive Characteristics and Pearson Correlations Among the Study Variables.
...
Note. Satisfaction with singlehood and life satisfaction ranged from 0 to 10. Extraversion and neuroticism ranged from 1 to 5. Extraversion and neuroticism were assessed in Waves 2, 6, and 11, depending on participants’ cohort membership. All correlations were significant at p < .005.",,"cor <- rcorr(as.matrix(data[, c(""sinsatt1"", ""sinsatt2"", ""sinsatt3"", ""lifesatt1"", ""lifesatt2"", ""lifesatt3"", ""extra_M"", ""neuro_M"")]), type = ""pearson"")
...
M_SD <- data %>% ungroup() %>% select(sinsatt1, sinsatt2, sinsatt3, lifesatt1, lifesatt2, lifesatt3, extra_M, neuro_M) %>%
  summarise_all(funs(mean, sd), na.rm = TRUE) %>%
  mutate(across(everything(), round, 2))",,1,1
25,transformation,,,,,,"Pearson correlation between T3 singlehood satisfaction and neuroticism, assessing whether neuroticism is associated with lower satisfaction with singlehood at the third wave. The association was negative, r ≈ −.16, p < .005.","Satisfaction with singlehood was measured at each assessment with a single item: ""How satisfied are you with your situation as a single?,"" ranging from 0 (very dissatisfied) to 10 (very satisfied).

The dimensions extraversion (e.g., “I get enthusiastic easily and can motivate others eas- ily”) and neuroticism (e.g., “I worry a lot”) were assessed with four items each. The response format ranged from 1 (absolutely incorrect) to 5 (absolutely correct). For each trait, we used wave-specific mean scores.",,"### Participants from wave 2 ###
anchor2 <- anchor2 %>% select(id, age, relstat, starts_with(""ehc2p""), sat6, sat2, starts_with(""per3i"")) %>%
  rename(aget2 = age,
         lifesatt2 = sat6,
         sinsatt2 = sat2) %>%
  replace(((.) < 0), NA) %>%
  mutate(relt2 = ifelse(relstat == 1 |
                          relstat == 6 |
                          relstat == 9, 0, 1)) %>% 
  select(-c(ehc2p1, ehc2p2, ehc2p3, ehc2p4, ehc2p5)) %>%
  mutate(months_rel_t1_t2 = rowSums(.[c(4:93)], na.rm = TRUE)) %>%
  mutate_at(c(96:116), as.numeric) %>%
  mutate_at(c(""per3i1"", ""per3i11"", ""per3i9"", ""per3i2"", ""per3i12"", ""per3i17"", ""per3i8"", ""per3i21""),
            ~ recode(., ""1"" = 5, ""2"" = 4, ""3"" = 3, 
                     ""4"" = 2, ""5"" = 1)) %>%
  rowwise() %>%
  mutate(extra_M = round(mean(c(per3i1, per3i6, per3i11, per3i16), na.rm = TRUE), 2),
         neuro_M = round(mean(c(per3i4, per3i9, per3i14, per3i19), na.rm = TRUE), 2),
         agree_M = round(mean(c(per3i2, per3i7, per3i12, per3i17), na.rm = TRUE), 2),
         consc_M = round(mean(c(per3i3, per3i8, per3i13, per3i18), na.rm = TRUE), 2),
         open_M = round(mean(c(per3i5, per3i10, per3i15, per3i20, per3i21), na.rm = TRUE), 2)) %>%
  select(id, aget2, relt2, months_rel_t1_t2, lifesatt2, sinsatt2, extra_M, neuro_M, agree_M, consc_M, open_M)

### Participants from wave 3 ###
anchor3 <- anchor3 %>% select(id, age, relstat, starts_with(""ehc2p""), sat6, sat2) %>%
  rename(aget3 = age,
         lifesatt3 = sat6,
         sinsatt3 = sat2) %>%
  mutate(relt3 = ifelse(relstat == 1 |
                          relstat == 6 |
                          relstat == 9, 0, 1)) %>% 
  replace(((.) < 0), NA) %>%
  select(-c(ehc2p1, ehc2p2, ehc2p3, ehc2p4, ehc2p5)) %>%
  mutate(months_rel_t2_t3 = rowSums(.[c(4:163)], na.rm = TRUE)) %>%
  select(id, aget3, relt3, months_rel_t2_t3, lifesatt3, sinsatt3)

### Participants from wave 11 ###
anchor11 <- anchor11 %>% select(id, sex_gen, ethni, cohort, age, relstat, np, sat6, sat2, starts_with(""per3i"")) %>%
  rename(sex = sex_gen,
         aget1 = age,
         lifesatt1 = sat6,
         sinsatt1 = sat2,
         prevrel = np) %>%
  mutate(relt1 = ifelse(relstat == 1 |
                           relstat == 6 |
                           relstat == 9, 0, 1),
         sex = sex - 1) %>% 
  replace(((.) < 0), NA) %>%
  mutate_at(c(10:30), as.numeric) %>%
  mutate_at(c(""per3i1"", ""per3i11"", ""per3i9"", ""per3i2"", ""per3i12"", ""per3i17"", ""per3i8"", ""per3i21""),
            ~ recode(., ""1"" = 5, ""2"" = 4, ""3"" = 3, 
                     ""4"" = 2, ""5"" = 1)) %>%
  rowwise() %>%
  mutate(extra_M = round(mean(c(per3i1, per3i6, per3i11, per3i16), na.rm = TRUE), 2),
         neuro_M = round(mean(c(per3i4, per3i9, per3i14, per3i19), na.rm = TRUE), 2),
         agree_M = round(mean(c(per3i2, per3i7, per3i12, per3i17), na.rm = TRUE), 2),
         consc_M = round(mean(c(per3i3, per3i8, per3i13, per3i18), na.rm = TRUE), 2),
         open_M = round(mean(c(per3i5, per3i10, per3i15, per3i20, per3i21), na.rm = TRUE), 2)) %>%
  select(id, sex, ethni, cohort, aget1, relt1, prevrel, lifesatt1, sinsatt1, extra_M, neuro_M, agree_M, consc_M, open_M)

### Participants from wave 13 ###
anchor13 <- anchor13 %>% select(id, age, relstat, starts_with(""ehc2p""), sat6, sat2) %>%
  rename(aget3 = age,
         lifesatt3 = sat6,
         sinsatt3 = sat2) %>%
  mutate(relt3 = ifelse(relstat == 1 |
                           relstat == 6 |
                           relstat == 9, 0, 1)) %>% 
  replace(((.) < 0), NA) %>%
  select(-c(ehc2p1, ehc2p2, ehc2p3, ehc2p4, ehc2p5)) %>%
  mutate(months_rel_t2_t3 = rowSums(.[c(4:163)], na.rm = TRUE)) %>%
  select(id, aget3, relt3, months_rel_t2_t3, lifesatt3, sinsatt3)

### Filling in missing Big Five traits from Wave 10 ###
anchor10 <- anchor10 %>% select(id, starts_with(""per3i"")) %>%
  mutate_at(c(2:22), as.numeric) %>%
  mutate_at(c(""per3i1"", ""per3i11"", ""per3i9"", ""per3i2"", ""per3i12"", ""per3i17"", ""per3i8"", ""per3i21""),
            ~ recode(., ""1"" = 5, ""2"" = 4, ""3"" = 3, 
                     ""4"" = 2, ""5"" = 1)) %>% 
  replace(((.) < 0), NA) %>%
  rowwise() %>%
  mutate(extra_M = round(mean(c(per3i1, per3i6, per3i11, per3i16), na.rm = TRUE), 2),
         neuro_M = round(mean(c(per3i4, per3i9, per3i14, per3i19), na.rm = TRUE), 2),
         agree_M = round(mean(c(per3i2, per3i7, per3i12, per3i17), na.rm = TRUE), 2),
         consc_M = round(mean(c(per3i3, per3i8, per3i13, per3i18), na.rm = TRUE), 2),
         open_M  = round(mean(c(per3i5, per3i10, per3i15, per3i20, per3i21), na.rm = TRUE), 2)) %>%
  select(id, extra_M, neuro_M, agree_M, consc_M, open_M)

#########################
# Correlations across key variables (includes T3 singlehood satisfaction and neuroticism)
cor <- rcorr(as.matrix(data[, c(""sinsatt1"", ""sinsatt2"", ""sinsatt3"", ""lifesatt1"", ""lifesatt2"", ""lifesatt3"", ""extra_M"", ""neuro_M"")]), type = ""pearson"")",,1,
25,variable specification,Neuroticism,2,"### Participants from wave 2 ###
anchor2 <- anchor2 %>% select(id, age, relstat, starts_with(""ehc2p""), sat6, sat2, starts_with(""per3i"")) %>%
  rename(aget2 = age,
         lifesatt2 = sat6,
         sinsatt2 = sat2) %>%
  replace(((.) < 0), NA) %>%
  mutate(relt2 = ifelse(relstat == 1 |
                          relstat == 6 |
                          relstat == 9, 0, 1)) %>% 
  select(-c(ehc2p1, ehc2p2, ehc2p3, ehc2p4, ehc2p5)) %>%
  mutate(months_rel_t1_t2 = rowSums(.[c(4:93)], na.rm = TRUE)) %>%
  mutate_at(c(96:116), as.numeric) %>%
  mutate_at(c(""per3i1"", ""per3i11"", ""per3i9"", ""per3i2"", ""per3i12"", ""per3i17"", ""per3i8"", ""per3i21""),
            ~ recode(., ""1"" = 5, ""2"" = 4, ""3"" = 3, 
                     ""4"" = 2, ""5"" = 1)) %>%
  rowwise() %>%
  mutate(extra_M = round(mean(c(per3i1, per3i6, per3i11, per3i16), na.rm = TRUE), 2),
         neuro_M = round(mean(c(per3i4, per3i9, per3i14, per3i19), na.rm = TRUE), 2),
         agree_M = round(mean(c(per3i2, per3i7, per3i12, per3i17), na.rm = TRUE), 2),
         consc_M = round(mean(c(per3i3, per3i8, per3i13, per3i18), na.rm = TRUE), 2),
         open_M = round(mean(c(per3i5, per3i10, per3i15, per3i20, per3i21), na.rm = TRUE), 2)) %>%
  select(id, aget2, relt2, months_rel_t1_t2, lifesatt2, sinsatt2, extra_M, neuro_M, agree_M, consc_M, open_M) [...] anchor1_3 <- merge(anchor1, anchor2, by = ""id"", all.x = TRUE) [...] ### Participants from wave 11 ###
anchor11 <- anchor11 %>% select(id, sex_gen, ethni, cohort, age, relstat, np, sat6, sat2, starts_with(""per3i"")) %>%
  rename(sex = sex_gen,
         aget1 = age,
         lifesatt1 = sat6,
         sinsatt1 = sat2,
         prevrel = np) %>%
  mutate(relt1 = ifelse(relstat == 1 |
                           relstat == 6 |
                           relstat == 9, 0, 1),
         sex = sex - 1) %>% 
  replace(((.) < 0), NA) %>%
  mutate_at(c(10:30), as.numeric) %>%
  mutate_at(c(""per3i1"", ""per3i11"", ""per3i9"", ""per3i2"", ""per3i12"", ""per3i17"", ""per3i8"", ""per3i21""),
            ~ recode(., ""1"" = 5, ""2"" = 4, ""3"" = 3, 
                     ""4"" = 2, ""5"" = 1)) %>%
  rowwise() %>%
  mutate(extra_M = round(mean(c(per3i1, per3i6, per3i11, per3i16), na.rm = TRUE), 2),
         neuro_M = round(mean(c(per3i4, per3i9, per3i14, per3i19), na.rm = TRUE), 2),
         agree_M = round(mean(c(per3i2, per3i7, per3i12, per3i17), na.rm = TRUE), 2),
         consc_M = round(mean(c(per3i3, per3i8, per3i13, per3i18), na.rm = TRUE), 2),
         open_M = round(mean(c(per3i5, per3i10, per3i15, per3i20, per3i21), na.rm = TRUE), 2)) %>%
  select(id, sex, ethni, cohort, aget1, relt1, prevrel, lifesatt1, sinsatt1, extra_M, neuro_M, agree_M, consc_M, open_M) [...] # wave 10
anchor10 <- anchor10 %>% select(id, starts_with(""per3i"")) %>%
  mutate_at(c(2:22), as.numeric) %>%
  mutate_at(c(""per3i1"", ""per3i11"", ""per3i9"", ""per3i2"", ""per3i12"", ""per3i17"", ""per3i8"", ""per3i21""),
            ~ recode(., ""1"" = 5, ""2"" = 4, ""3"" = 3, 
                     ""4"" = 2, ""5"" = 1)) %>% 
  replace(((.) < 0), NA) %>%
  rowwise() %>%
  mutate(extra_M = round(mean(c(per3i1, per3i6, per3i11, per3i16), na.rm = TRUE), 2),
         neuro_M = round(mean(c(per3i4, per3i9, per3i14, per3i19), na.rm = TRUE), 2),
         agree_M = round(mean(c(per3i2, per3i7, per3i12, per3i17), na.rm = TRUE), 2),
         consc_M = round(mean(c(per3i3, per3i8, per3i13, per3i18), na.rm = TRUE), 2),
         open_M  = round(mean(c(per3i5, per3i10, per3i15, per3i20, per3i21), na.rm = TRUE), 2)) %>%
  select(id, extra_M, neuro_M, agree_M, consc_M, open_M)

anchor11_13 <- anchor11_13 %>% left_join(anchor10, by = ""id"") %>%
  mutate(extra_M = ifelse(is.na(extra_M.x), extra_M.y, extra_M.x),
         neuro_M = ifelse(is.na(neuro_M.x), neuro_M.y, neuro_M.x),
         agree_M = ifelse(is.na(agree_M.x), agree_M.y, agree_M.x),
         consc_M = ifelse(is.na(consc_M.x), consc_M.y, consc_M.x),
         open_M = ifelse(is.na(open_M.x), open_M.y, open_M.x)) %>%
  select(-c(21:30)) [...] data <- rbind(anchor1_3, anchor11_13)  [...] # write.table(data, ""data_wide.txt"") [...] cor <- rcorr(as.matrix(data[, c(""sinsatt1"", ""sinsatt2"", ""sinsatt3"", ""lifesatt1"", ""lifesatt2"", ""lifesatt3"", ""extra_M"", ""neuro_M"")]), type = ""pearson"")",0_clean_data.R;0_clean_data.R;0_clean_data.R;0_clean_data.R;0_clean_data.R;0_clean_data.R;1_descriptive_analyses.R:46-67;85;100-122;170-191;196;299;56,1,"Pearson correlation between T3 singlehood satisfaction and neuroticism, assessing whether neuroticism is associated with lower satisfaction with singlehood at the third wave. The association was negative, r ≈ −.16, p < .005.","Table 2 shows the means, standard deviations, and zero-order correlations among the study variables across birth cohorts and age groups (see Supplemental Table S2 for means and standard deviations separated by birth cohorts and age groups). Satisfaction with singlehood and life satisfaction were positively correlated with each other: The more satisfied singles felt with their singlehood, the more satisfied they were with their lives. Both satisfaction measures were positively associated with extraversion and negatively associated with neuroticism.
...
Table 2. Descriptive Characteristics and Pearson Correlations Among the Study Variables.
...
Note. Satisfaction with singlehood and life satisfaction ranged from 0 to 10. Extraversion and neuroticism ranged from 1 to 5. Extraversion and neuroticism were assessed in Waves 2, 6, and 11, depending on participants’ cohort membership. All correlations were significant at p < .005.",,"cor <- rcorr(as.matrix(data[, c(""sinsatt1"", ""sinsatt2"", ""sinsatt3"", ""lifesatt1"", ""lifesatt2"", ""lifesatt3"", ""extra_M"", ""neuro_M"")]), type = ""pearson"")
...
M_SD <- data %>% ungroup() %>% select(sinsatt1, sinsatt2, sinsatt3, lifesatt1, lifesatt2, lifesatt3, extra_M, neuro_M) %>%
  summarise_all(funs(mean, sd), na.rm = TRUE) %>%
  mutate(across(everything(), round, 2))",,1,1
25,transformation,"For each trait, we used wave-specific mean scores. Specifically, for individuals in the earlier-born cohort, we used personality-trait
items from Wave 2; for individuals in the later-born cohort, we used personality-trait items from Waves 10 (birth cohorts 1991-1993 and 1981-1983) and 11 (birth cohort 2001-2003). Thus, participants varied in the timing of their personalitytrait assessments.",0,"### Participants from wave 2 ###
anchor2 <- anchor2 %>% select(id, age, relstat, starts_with(""ehc2p""), sat6, sat2, starts_with(""per3i"")) %>%
  rename(aget2 = age,
         lifesatt2 = sat6,
         sinsatt2 = sat2) %>%
  replace(((.) < 0), NA) %>%
  mutate(relt2 = ifelse(relstat == 1 |
                          relstat == 6 |
                          relstat == 9, 0, 1)) %>% 
  select(-c(ehc2p1, ehc2p2, ehc2p3, ehc2p4, ehc2p5)) %>%
  mutate(months_rel_t1_t2 = rowSums(.[c(4:93)], na.rm = TRUE)) %>%
  mutate_at(c(96:116), as.numeric) %>%
  mutate_at(c(""per3i1"", ""per3i11"", ""per3i9"", ""per3i2"", ""per3i12"", ""per3i17"", ""per3i8"", ""per3i21""),
            ~ recode(., ""1"" = 5, ""2"" = 4, ""3"" = 3, 
                     ""4"" = 2, ""5"" = 1)) %>%
  rowwise() %>%
  mutate(extra_M = round(mean(c(per3i1, per3i6, per3i11, per3i16), na.rm = TRUE), 2),
         neuro_M = round(mean(c(per3i4, per3i9, per3i14, per3i19), na.rm = TRUE), 2),
         agree_M = round(mean(c(per3i2, per3i7, per3i12, per3i17), na.rm = TRUE), 2),
         consc_M = round(mean(c(per3i3, per3i8, per3i13, per3i18), na.rm = TRUE), 2),
         open_M = round(mean(c(per3i5, per3i10, per3i15, per3i20, per3i21), na.rm = TRUE), 2)) %>%
  select(id, aget2, relt2, months_rel_t1_t2, lifesatt2, sinsatt2, extra_M, neuro_M, agree_M, consc_M, open_M) [...] anchor1_3 <- merge(anchor1, anchor2, by = ""id"", all.x = TRUE) [...] ### Participants from wave 11 ###
anchor11 <- anchor11 %>% select(id, sex_gen, ethni, cohort, age, relstat, np, sat6, sat2, starts_with(""per3i"")) %>%
  rename(sex = sex_gen,
         aget1 = age,
         lifesatt1 = sat6,
         sinsatt1 = sat2,
         prevrel = np) %>%
  mutate(relt1 = ifelse(relstat == 1 |
                           relstat == 6 |
                           relstat == 9, 0, 1),
         sex = sex - 1) %>% 
  replace(((.) < 0), NA) %>%
  mutate_at(c(10:30), as.numeric) %>%
  mutate_at(c(""per3i1"", ""per3i11"", ""per3i9"", ""per3i2"", ""per3i12"", ""per3i17"", ""per3i8"", ""per3i21""),
            ~ recode(., ""1"" = 5, ""2"" = 4, ""3"" = 3, 
                     ""4"" = 2, ""5"" = 1)) %>%
  rowwise() %>%
  mutate(extra_M = round(mean(c(per3i1, per3i6, per3i11, per3i16), na.rm = TRUE), 2),
         neuro_M = round(mean(c(per3i4, per3i9, per3i14, per3i19), na.rm = TRUE), 2),
         agree_M = round(mean(c(per3i2, per3i7, per3i12, per3i17), na.rm = TRUE), 2),
         consc_M = round(mean(c(per3i3, per3i8, per3i13, per3i18), na.rm = TRUE), 2),
         open_M = round(mean(c(per3i5, per3i10, per3i15, per3i20, per3i21), na.rm = TRUE), 2)) %>%
  select(id, sex, ethni, cohort, aget1, relt1, prevrel, lifesatt1, sinsatt1, extra_M, neuro_M, agree_M, consc_M, open_M) [...] # wave 10
anchor10 <- anchor10 %>% select(id, starts_with(""per3i"")) %>%
  mutate_at(c(2:22), as.numeric) %>%
  mutate_at(c(""per3i1"", ""per3i11"", ""per3i9"", ""per3i2"", ""per3i12"", ""per3i17"", ""per3i8"", ""per3i21""),
            ~ recode(., ""1"" = 5, ""2"" = 4, ""3"" = 3, 
                     ""4"" = 2, ""5"" = 1)) %>% 
  replace(((.) < 0), NA) %>%
  rowwise() %>%
  mutate(extra_M = round(mean(c(per3i1, per3i6, per3i11, per3i16), na.rm = TRUE), 2),
         neuro_M = round(mean(c(per3i4, per3i9, per3i14, per3i19), na.rm = TRUE), 2),
         agree_M = round(mean(c(per3i2, per3i7, per3i12, per3i17), na.rm = TRUE), 2),
         consc_M = round(mean(c(per3i3, per3i8, per3i13, per3i18), na.rm = TRUE), 2),
         open_M  = round(mean(c(per3i5, per3i10, per3i15, per3i20, per3i21), na.rm = TRUE), 2)) %>%
  select(id, extra_M, neuro_M, agree_M, consc_M, open_M)

anchor11_13 <- anchor11_13 %>% left_join(anchor10, by = ""id"") %>%
  mutate(extra_M = ifelse(is.na(extra_M.x), extra_M.y, extra_M.x),
         neuro_M = ifelse(is.na(neuro_M.x), neuro_M.y, neuro_M.x),
         agree_M = ifelse(is.na(agree_M.x), agree_M.y, agree_M.x),
         consc_M = ifelse(is.na(consc_M.x), consc_M.y, consc_M.x),
         open_M = ifelse(is.na(open_M.x), open_M.y, open_M.x)) %>%
  select(-c(21:30)) [...] data <- rbind(anchor1_3, anchor11_13)  [...] # write.table(data, ""data_wide.txt"")",0_clean_data.R:46-67;85;100-122;170-191;196;299,1,"Pearson correlation between T3 singlehood satisfaction and neuroticism, assessing whether neuroticism is associated with lower satisfaction with singlehood at the third wave. The association was negative, r ≈ −.16, p < .005.","Satisfaction with singlehood was measured at each assessment with a single item: ""How satisfied are you with your situation as a single?,"" ranging from 0 (very dissatisfied) to 10 (very satisfied).

The dimensions extraversion (e.g., “I get enthusiastic easily and can motivate others eas- ily”) and neuroticism (e.g., “I worry a lot”) were assessed with four items each. The response format ranged from 1 (absolutely incorrect) to 5 (absolutely correct). For each trait, we used wave-specific mean scores.",,"### Participants from wave 2 ###
anchor2 <- anchor2 %>% select(id, age, relstat, starts_with(""ehc2p""), sat6, sat2, starts_with(""per3i"")) %>%
  rename(aget2 = age,
         lifesatt2 = sat6,
         sinsatt2 = sat2) %>%
  replace(((.) < 0), NA) %>%
  mutate(relt2 = ifelse(relstat == 1 |
                          relstat == 6 |
                          relstat == 9, 0, 1)) %>% 
  select(-c(ehc2p1, ehc2p2, ehc2p3, ehc2p4, ehc2p5)) %>%
  mutate(months_rel_t1_t2 = rowSums(.[c(4:93)], na.rm = TRUE)) %>%
  mutate_at(c(96:116), as.numeric) %>%
  mutate_at(c(""per3i1"", ""per3i11"", ""per3i9"", ""per3i2"", ""per3i12"", ""per3i17"", ""per3i8"", ""per3i21""),
            ~ recode(., ""1"" = 5, ""2"" = 4, ""3"" = 3, 
                     ""4"" = 2, ""5"" = 1)) %>%
  rowwise() %>%
  mutate(extra_M = round(mean(c(per3i1, per3i6, per3i11, per3i16), na.rm = TRUE), 2),
         neuro_M = round(mean(c(per3i4, per3i9, per3i14, per3i19), na.rm = TRUE), 2),
         agree_M = round(mean(c(per3i2, per3i7, per3i12, per3i17), na.rm = TRUE), 2),
         consc_M = round(mean(c(per3i3, per3i8, per3i13, per3i18), na.rm = TRUE), 2),
         open_M = round(mean(c(per3i5, per3i10, per3i15, per3i20, per3i21), na.rm = TRUE), 2)) %>%
  select(id, aget2, relt2, months_rel_t1_t2, lifesatt2, sinsatt2, extra_M, neuro_M, agree_M, consc_M, open_M)

### Participants from wave 3 ###
anchor3 <- anchor3 %>% select(id, age, relstat, starts_with(""ehc2p""), sat6, sat2) %>%
  rename(aget3 = age,
         lifesatt3 = sat6,
         sinsatt3 = sat2) %>%
  mutate(relt3 = ifelse(relstat == 1 |
                          relstat == 6 |
                          relstat == 9, 0, 1)) %>% 
  replace(((.) < 0), NA) %>%
  select(-c(ehc2p1, ehc2p2, ehc2p3, ehc2p4, ehc2p5)) %>%
  mutate(months_rel_t2_t3 = rowSums(.[c(4:163)], na.rm = TRUE)) %>%
  select(id, aget3, relt3, months_rel_t2_t3, lifesatt3, sinsatt3)

### Participants from wave 11 ###
anchor11 <- anchor11 %>% select(id, sex_gen, ethni, cohort, age, relstat, np, sat6, sat2, starts_with(""per3i"")) %>%
  rename(sex = sex_gen,
         aget1 = age,
         lifesatt1 = sat6,
         sinsatt1 = sat2,
         prevrel = np) %>%
  mutate(relt1 = ifelse(relstat == 1 |
                           relstat == 6 |
                           relstat == 9, 0, 1),
         sex = sex - 1) %>% 
  replace(((.) < 0), NA) %>%
  mutate_at(c(10:30), as.numeric) %>%
  mutate_at(c(""per3i1"", ""per3i11"", ""per3i9"", ""per3i2"", ""per3i12"", ""per3i17"", ""per3i8"", ""per3i21""),
            ~ recode(., ""1"" = 5, ""2"" = 4, ""3"" = 3, 
                     ""4"" = 2, ""5"" = 1)) %>%
  rowwise() %>%
  mutate(extra_M = round(mean(c(per3i1, per3i6, per3i11, per3i16), na.rm = TRUE), 2),
         neuro_M = round(mean(c(per3i4, per3i9, per3i14, per3i19), na.rm = TRUE), 2),
         agree_M = round(mean(c(per3i2, per3i7, per3i12, per3i17), na.rm = TRUE), 2),
         consc_M = round(mean(c(per3i3, per3i8, per3i13, per3i18), na.rm = TRUE), 2),
         open_M = round(mean(c(per3i5, per3i10, per3i15, per3i20, per3i21), na.rm = TRUE), 2)) %>%
  select(id, sex, ethni, cohort, aget1, relt1, prevrel, lifesatt1, sinsatt1, extra_M, neuro_M, agree_M, consc_M, open_M)

### Participants from wave 13 ###
anchor13 <- anchor13 %>% select(id, age, relstat, starts_with(""ehc2p""), sat6, sat2) %>%
  rename(aget3 = age,
         lifesatt3 = sat6,
         sinsatt3 = sat2) %>%
  mutate(relt3 = ifelse(relstat == 1 |
                           relstat == 6 |
                           relstat == 9, 0, 1)) %>% 
  replace(((.) < 0), NA) %>%
  select(-c(ehc2p1, ehc2p2, ehc2p3, ehc2p4, ehc2p5)) %>%
  mutate(months_rel_t2_t3 = rowSums(.[c(4:163)], na.rm = TRUE)) %>%
  select(id, aget3, relt3, months_rel_t2_t3, lifesatt3, sinsatt3)

### Filling in missing Big Five traits from Wave 10 ###
anchor10 <- anchor10 %>% select(id, starts_with(""per3i"")) %>%
  mutate_at(c(2:22), as.numeric) %>%
  mutate_at(c(""per3i1"", ""per3i11"", ""per3i9"", ""per3i2"", ""per3i12"", ""per3i17"", ""per3i8"", ""per3i21""),
            ~ recode(., ""1"" = 5, ""2"" = 4, ""3"" = 3, 
                     ""4"" = 2, ""5"" = 1)) %>% 
  replace(((.) < 0), NA) %>%
  rowwise() %>%
  mutate(extra_M = round(mean(c(per3i1, per3i6, per3i11, per3i16), na.rm = TRUE), 2),
         neuro_M = round(mean(c(per3i4, per3i9, per3i14, per3i19), na.rm = TRUE), 2),
         agree_M = round(mean(c(per3i2, per3i7, per3i12, per3i17), na.rm = TRUE), 2),
         consc_M = round(mean(c(per3i3, per3i8, per3i13, per3i18), na.rm = TRUE), 2),
         open_M  = round(mean(c(per3i5, per3i10, per3i15, per3i20, per3i21), na.rm = TRUE), 2)) %>%
  select(id, extra_M, neuro_M, agree_M, consc_M, open_M)

#########################
# Correlations across key variables (includes T3 singlehood satisfaction and neuroticism)
cor <- rcorr(as.matrix(data[, c(""sinsatt1"", ""sinsatt2"", ""sinsatt3"", ""lifesatt1"", ""lifesatt2"", ""lifesatt3"", ""extra_M"", ""neuro_M"")]), type = ""pearson"")",,1,1
25,inference criterion,p < .005.,2,"cor <- rcorr(as.matrix(data[, c(""sinsatt1"", ""sinsatt2"", ""sinsatt3"", ""lifesatt1"", ""lifesatt2"", ""lifesatt3"", ""extra_M"", ""neuro_M"")]), type = ""pearson"")",1_descriptive_analyses.R:56,,"Pearson correlation between T3 singlehood satisfaction and neuroticism, assessing whether neuroticism is associated with lower satisfaction with singlehood at the third wave. The association was negative, r ≈ −.16, p < .005.","Note. Satisfaction with singlehood and life satisfaction ranged from 0 to 10. Extraversion and neuroticism ranged from 1 to 5. Extraversion and neuroticism were assessed in Waves 2, 6, and 11, depending on participants’ cohort membership. All correlations were significant at p < .005.",,,,,
26,model specification,"Table 2 shows the means, standard deviations, and zeroorder correlations among the study variables across birth cohorts and age groups (see Supplemental Table S2 for means and standard deviations separated by birth cohorts and age groups). [...] Descriptive Characteristics and Pearson Correlations Among the Study Variables",0;2,"cor <- rcorr(as.matrix(data[, c(""sinsatt1"", ""sinsatt2"", ""sinsatt3"", ""lifesatt1"", ""lifesatt2"", ""lifesatt3"", ""extra_M"", ""neuro_M"")]), type = ""pearson"")",1_descriptive_analyses.R:56,1,,,,,,,
26,variable specification,T2 life satisfaction,2,"data <- read.table(""data_wide.txt"") […] cor <- rcorr(as.matrix(data[, c(""sinsatt1"", ""sinsatt2"", ""sinsatt3"", ""lifesatt1"", ""lifesatt2"", ""lifesatt3"", ""extra_M"", ""neuro_M"")]), type = ""pearson"")",1_descriptive_analyses.R:9;56,1,,,,,,,
26,transformation,,,,,,,,,,,,
26,variable specification,T3 life satisfaction,2,"data <- read.table(""data_wide.txt"") […] cor <- rcorr(as.matrix(data[, c(""sinsatt1"", ""sinsatt2"", ""sinsatt3"", ""lifesatt1"", ""lifesatt2"", ""lifesatt3"", ""extra_M"", ""neuro_M"")]), type = ""pearson"")",1_descriptive_analyses.R:9;56,1,,,,,,,
26,transformation,,,,,,,,,,,,
26,inference criterion,p < .005.,2,"cor <- rcorr(as.matrix(data[, c(""sinsatt1"", ""sinsatt2"", ""sinsatt3"", ""lifesatt1"", ""lifesatt2"", ""lifesatt3"", ""extra_M"", ""neuro_M"")]), type = ""pearson"")",1_descriptive_analyses.R:56,,,,,,,,
27,model specification,"Table 2 shows the means, standard deviations, and zeroorder correlations among the study variables across birth cohorts and age groups (see Supplemental Table S2 for means and standard deviations separated by birth cohorts and age groups). [...] Descriptive Characteristics and Pearson Correlations Among the Study Variables",0;2,"cor <- rcorr(as.matrix(data[, c(""sinsatt1"", ""sinsatt2"", ""sinsatt3"", ""lifesatt1"", ""lifesatt2"", ""lifesatt3"", ""extra_M"", ""neuro_M"")]), type = ""pearson"")",1_descriptive_analyses.R:56,1,,,,,,,
27,variable specification,T2 life satisfaction,2,"data <- read.table(""data_wide.txt"") […] cor <- rcorr(as.matrix(data[, c(""sinsatt1"", ""sinsatt2"", ""sinsatt3"", ""lifesatt1"", ""lifesatt2"", ""lifesatt3"", ""extra_M"", ""neuro_M"")]), type = ""pearson"")",1_descriptive_analyses.R:9;56,1,,,,,,,
27,transformation,,,,,,,,,,,,
27,variable specification,Extraversion,2,"### Participants from wave 2 ###
anchor2 <- anchor2 %>% select(id, age, relstat, starts_with(""ehc2p""), sat6, sat2, starts_with(""per3i"")) %>%
  rename(aget2 = age,
         lifesatt2 = sat6,
         sinsatt2 = sat2) %>%
  replace(((.) < 0), NA) %>%
  mutate(relt2 = ifelse(relstat == 1 |
                          relstat == 6 |
                          relstat == 9, 0, 1)) %>% 
  select(-c(ehc2p1, ehc2p2, ehc2p3, ehc2p4, ehc2p5)) %>%
  mutate(months_rel_t1_t2 = rowSums(.[c(4:93)], na.rm = TRUE)) %>%
  mutate_at(c(96:116), as.numeric) %>%
  mutate_at(c(""per3i1"", ""per3i11"", ""per3i9"", ""per3i2"", ""per3i12"", ""per3i17"", ""per3i8"", ""per3i21""),
            ~ recode(., ""1"" = 5, ""2"" = 4, ""3"" = 3, 
                     ""4"" = 2, ""5"" = 1)) %>%
  rowwise() %>%
  mutate(extra_M = round(mean(c(per3i1, per3i6, per3i11, per3i16), na.rm = TRUE), 2),
         neuro_M = round(mean(c(per3i4, per3i9, per3i14, per3i19), na.rm = TRUE), 2),
         agree_M = round(mean(c(per3i2, per3i7, per3i12, per3i17), na.rm = TRUE), 2),
         consc_M = round(mean(c(per3i3, per3i8, per3i13, per3i18), na.rm = TRUE), 2),
         open_M = round(mean(c(per3i5, per3i10, per3i15, per3i20, per3i21), na.rm = TRUE), 2)) %>%
  select(id, aget2, relt2, months_rel_t1_t2, lifesatt2, sinsatt2, extra_M, neuro_M, agree_M, consc_M, open_M) [...] anchor1_3 <- merge(anchor1, anchor2, by = ""id"", all.x = TRUE) [...] ### Participants from wave 11 ###
anchor11 <- anchor11 %>% select(id, sex_gen, ethni, cohort, age, relstat, np, sat6, sat2, starts_with(""per3i"")) %>%
  rename(sex = sex_gen,
         aget1 = age,
         lifesatt1 = sat6,
         sinsatt1 = sat2,
         prevrel = np) %>%
  mutate(relt1 = ifelse(relstat == 1 |
                           relstat == 6 |
                           relstat == 9, 0, 1),
         sex = sex - 1) %>% 
  replace(((.) < 0), NA) %>%
  mutate_at(c(10:30), as.numeric) %>%
  mutate_at(c(""per3i1"", ""per3i11"", ""per3i9"", ""per3i2"", ""per3i12"", ""per3i17"", ""per3i8"", ""per3i21""),
            ~ recode(., ""1"" = 5, ""2"" = 4, ""3"" = 3, 
                     ""4"" = 2, ""5"" = 1)) %>%
  rowwise() %>%
  mutate(extra_M = round(mean(c(per3i1, per3i6, per3i11, per3i16), na.rm = TRUE), 2),
         neuro_M = round(mean(c(per3i4, per3i9, per3i14, per3i19), na.rm = TRUE), 2),
         agree_M = round(mean(c(per3i2, per3i7, per3i12, per3i17), na.rm = TRUE), 2),
         consc_M = round(mean(c(per3i3, per3i8, per3i13, per3i18), na.rm = TRUE), 2),
         open_M = round(mean(c(per3i5, per3i10, per3i15, per3i20, per3i21), na.rm = TRUE), 2)) %>%
  select(id, sex, ethni, cohort, aget1, relt1, prevrel, lifesatt1, sinsatt1, extra_M, neuro_M, agree_M, consc_M, open_M) [...] # wave 10
anchor10 <- anchor10 %>% select(id, starts_with(""per3i"")) %>%
  mutate_at(c(2:22), as.numeric) %>%
  mutate_at(c(""per3i1"", ""per3i11"", ""per3i9"", ""per3i2"", ""per3i12"", ""per3i17"", ""per3i8"", ""per3i21""),
            ~ recode(., ""1"" = 5, ""2"" = 4, ""3"" = 3, 
                     ""4"" = 2, ""5"" = 1)) %>% 
  replace(((.) < 0), NA) %>%
  rowwise() %>%
  mutate(extra_M = round(mean(c(per3i1, per3i6, per3i11, per3i16), na.rm = TRUE), 2),
         neuro_M = round(mean(c(per3i4, per3i9, per3i14, per3i19), na.rm = TRUE), 2),
         agree_M = round(mean(c(per3i2, per3i7, per3i12, per3i17), na.rm = TRUE), 2),
         consc_M = round(mean(c(per3i3, per3i8, per3i13, per3i18), na.rm = TRUE), 2),
         open_M  = round(mean(c(per3i5, per3i10, per3i15, per3i20, per3i21), na.rm = TRUE), 2)) %>%
  select(id, extra_M, neuro_M, agree_M, consc_M, open_M)

anchor11_13 <- anchor11_13 %>% left_join(anchor10, by = ""id"") %>%
  mutate(extra_M = ifelse(is.na(extra_M.x), extra_M.y, extra_M.x),
         neuro_M = ifelse(is.na(neuro_M.x), neuro_M.y, neuro_M.x),
         agree_M = ifelse(is.na(agree_M.x), agree_M.y, agree_M.x),
         consc_M = ifelse(is.na(consc_M.x), consc_M.y, consc_M.x),
         open_M = ifelse(is.na(open_M.x), open_M.y, open_M.x)) %>%
  select(-c(21:30)) [...] data <- rbind(anchor1_3, anchor11_13)  [...] # write.table(data, ""data_wide.txt"") [...] cor <- rcorr(as.matrix(data[, c(""sinsatt1"", ""sinsatt2"", ""sinsatt3"", ""lifesatt1"", ""lifesatt2"", ""lifesatt3"", ""extra_M"", ""neuro_M"")]), type = ""pearson"")",0_clean_data.R;0_clean_data.R;0_clean_data.R;0_clean_data.R;0_clean_data.R;0_clean_data.R;1_descriptive_analyses.R:46-67;85;100-122;170-191;196;299;56,1,,,,,,,
27,transformation,"For each trait, we used wave-specific mean scores. Specifically, for individuals in the earlier-born cohort, we used personality-trait
items from Wave 2; for individuals in the later-born cohort, we used personality-trait items from Waves 10 (birth cohorts 1991-1993 and 1981-1983) and 11 (birth cohort 2001-2003). Thus, participants varied in the timing of their personalitytrait assessments.",0,"### Participants from wave 2 ###
anchor2 <- anchor2 %>% select(id, age, relstat, starts_with(""ehc2p""), sat6, sat2, starts_with(""per3i"")) %>%
  rename(aget2 = age,
         lifesatt2 = sat6,
         sinsatt2 = sat2) %>%
  replace(((.) < 0), NA) %>%
  mutate(relt2 = ifelse(relstat == 1 |
                          relstat == 6 |
                          relstat == 9, 0, 1)) %>% 
  select(-c(ehc2p1, ehc2p2, ehc2p3, ehc2p4, ehc2p5)) %>%
  mutate(months_rel_t1_t2 = rowSums(.[c(4:93)], na.rm = TRUE)) %>%
  mutate_at(c(96:116), as.numeric) %>%
  mutate_at(c(""per3i1"", ""per3i11"", ""per3i9"", ""per3i2"", ""per3i12"", ""per3i17"", ""per3i8"", ""per3i21""),
            ~ recode(., ""1"" = 5, ""2"" = 4, ""3"" = 3, 
                     ""4"" = 2, ""5"" = 1)) %>%
  rowwise() %>%
  mutate(extra_M = round(mean(c(per3i1, per3i6, per3i11, per3i16), na.rm = TRUE), 2),
         neuro_M = round(mean(c(per3i4, per3i9, per3i14, per3i19), na.rm = TRUE), 2),
         agree_M = round(mean(c(per3i2, per3i7, per3i12, per3i17), na.rm = TRUE), 2),
         consc_M = round(mean(c(per3i3, per3i8, per3i13, per3i18), na.rm = TRUE), 2),
         open_M = round(mean(c(per3i5, per3i10, per3i15, per3i20, per3i21), na.rm = TRUE), 2)) %>%
  select(id, aget2, relt2, months_rel_t1_t2, lifesatt2, sinsatt2, extra_M, neuro_M, agree_M, consc_M, open_M) [...] anchor1_3 <- merge(anchor1, anchor2, by = ""id"", all.x = TRUE) [...] ### Participants from wave 11 ###
anchor11 <- anchor11 %>% select(id, sex_gen, ethni, cohort, age, relstat, np, sat6, sat2, starts_with(""per3i"")) %>%
  rename(sex = sex_gen,
         aget1 = age,
         lifesatt1 = sat6,
         sinsatt1 = sat2,
         prevrel = np) %>%
  mutate(relt1 = ifelse(relstat == 1 |
                           relstat == 6 |
                           relstat == 9, 0, 1),
         sex = sex - 1) %>% 
  replace(((.) < 0), NA) %>%
  mutate_at(c(10:30), as.numeric) %>%
  mutate_at(c(""per3i1"", ""per3i11"", ""per3i9"", ""per3i2"", ""per3i12"", ""per3i17"", ""per3i8"", ""per3i21""),
            ~ recode(., ""1"" = 5, ""2"" = 4, ""3"" = 3, 
                     ""4"" = 2, ""5"" = 1)) %>%
  rowwise() %>%
  mutate(extra_M = round(mean(c(per3i1, per3i6, per3i11, per3i16), na.rm = TRUE), 2),
         neuro_M = round(mean(c(per3i4, per3i9, per3i14, per3i19), na.rm = TRUE), 2),
         agree_M = round(mean(c(per3i2, per3i7, per3i12, per3i17), na.rm = TRUE), 2),
         consc_M = round(mean(c(per3i3, per3i8, per3i13, per3i18), na.rm = TRUE), 2),
         open_M = round(mean(c(per3i5, per3i10, per3i15, per3i20, per3i21), na.rm = TRUE), 2)) %>%
  select(id, sex, ethni, cohort, aget1, relt1, prevrel, lifesatt1, sinsatt1, extra_M, neuro_M, agree_M, consc_M, open_M) [...] # wave 10
anchor10 <- anchor10 %>% select(id, starts_with(""per3i"")) %>%
  mutate_at(c(2:22), as.numeric) %>%
  mutate_at(c(""per3i1"", ""per3i11"", ""per3i9"", ""per3i2"", ""per3i12"", ""per3i17"", ""per3i8"", ""per3i21""),
            ~ recode(., ""1"" = 5, ""2"" = 4, ""3"" = 3, 
                     ""4"" = 2, ""5"" = 1)) %>% 
  replace(((.) < 0), NA) %>%
  rowwise() %>%
  mutate(extra_M = round(mean(c(per3i1, per3i6, per3i11, per3i16), na.rm = TRUE), 2),
         neuro_M = round(mean(c(per3i4, per3i9, per3i14, per3i19), na.rm = TRUE), 2),
         agree_M = round(mean(c(per3i2, per3i7, per3i12, per3i17), na.rm = TRUE), 2),
         consc_M = round(mean(c(per3i3, per3i8, per3i13, per3i18), na.rm = TRUE), 2),
         open_M  = round(mean(c(per3i5, per3i10, per3i15, per3i20, per3i21), na.rm = TRUE), 2)) %>%
  select(id, extra_M, neuro_M, agree_M, consc_M, open_M)

anchor11_13 <- anchor11_13 %>% left_join(anchor10, by = ""id"") %>%
  mutate(extra_M = ifelse(is.na(extra_M.x), extra_M.y, extra_M.x),
         neuro_M = ifelse(is.na(neuro_M.x), neuro_M.y, neuro_M.x),
         agree_M = ifelse(is.na(agree_M.x), agree_M.y, agree_M.x),
         consc_M = ifelse(is.na(consc_M.x), consc_M.y, consc_M.x),
         open_M = ifelse(is.na(open_M.x), open_M.y, open_M.x)) %>%
  select(-c(21:30)) [...] data <- rbind(anchor1_3, anchor11_13)  [...] # write.table(data, ""data_wide.txt"")",0_clean_data.R:46-67;85;100-122;170-191;196;299,1,,,,,,,
27,inference criterion,p < .005.,2,"cor <- rcorr(as.matrix(data[, c(""sinsatt1"", ""sinsatt2"", ""sinsatt3"", ""lifesatt1"", ""lifesatt2"", ""lifesatt3"", ""extra_M"", ""neuro_M"")]), type = ""pearson"")",1_descriptive_analyses.R:56,,,,,,,,
28,model specification,"Table 2 shows the means, standard deviations, and zeroorder correlations among the study variables across birth cohorts and age groups (see Supplemental Table S2 for means and standard deviations separated by birth cohorts and age groups). [...] Descriptive Characteristics and Pearson Correlations Among the Study Variables",0;2,"cor <- rcorr(as.matrix(data[, c(""sinsatt1"", ""sinsatt2"", ""sinsatt3"", ""lifesatt1"", ""lifesatt2"", ""lifesatt3"", ""extra_M"", ""neuro_M"")]), type = ""pearson"")",1_descriptive_analyses.R:56,1,,,,,,,
28,variable specification,T2 life satisfaction,2,"data <- read.table(""data_wide.txt"") […] cor <- rcorr(as.matrix(data[, c(""sinsatt1"", ""sinsatt2"", ""sinsatt3"", ""lifesatt1"", ""lifesatt2"", ""lifesatt3"", ""extra_M"", ""neuro_M"")]), type = ""pearson"")",1_descriptive_analyses.R:9;56,1,,,,,,,
28,transformation,,,,,,,,,,,,
28,variable specification,Neuroticism,2,"### Participants from wave 2 ###
anchor2 <- anchor2 %>% select(id, age, relstat, starts_with(""ehc2p""), sat6, sat2, starts_with(""per3i"")) %>%
  rename(aget2 = age,
         lifesatt2 = sat6,
         sinsatt2 = sat2) %>%
  replace(((.) < 0), NA) %>%
  mutate(relt2 = ifelse(relstat == 1 |
                          relstat == 6 |
                          relstat == 9, 0, 1)) %>% 
  select(-c(ehc2p1, ehc2p2, ehc2p3, ehc2p4, ehc2p5)) %>%
  mutate(months_rel_t1_t2 = rowSums(.[c(4:93)], na.rm = TRUE)) %>%
  mutate_at(c(96:116), as.numeric) %>%
  mutate_at(c(""per3i1"", ""per3i11"", ""per3i9"", ""per3i2"", ""per3i12"", ""per3i17"", ""per3i8"", ""per3i21""),
            ~ recode(., ""1"" = 5, ""2"" = 4, ""3"" = 3, 
                     ""4"" = 2, ""5"" = 1)) %>%
  rowwise() %>%
  mutate(extra_M = round(mean(c(per3i1, per3i6, per3i11, per3i16), na.rm = TRUE), 2),
         neuro_M = round(mean(c(per3i4, per3i9, per3i14, per3i19), na.rm = TRUE), 2),
         agree_M = round(mean(c(per3i2, per3i7, per3i12, per3i17), na.rm = TRUE), 2),
         consc_M = round(mean(c(per3i3, per3i8, per3i13, per3i18), na.rm = TRUE), 2),
         open_M = round(mean(c(per3i5, per3i10, per3i15, per3i20, per3i21), na.rm = TRUE), 2)) %>%
  select(id, aget2, relt2, months_rel_t1_t2, lifesatt2, sinsatt2, extra_M, neuro_M, agree_M, consc_M, open_M) [...] anchor1_3 <- merge(anchor1, anchor2, by = ""id"", all.x = TRUE) [...] ### Participants from wave 11 ###
anchor11 <- anchor11 %>% select(id, sex_gen, ethni, cohort, age, relstat, np, sat6, sat2, starts_with(""per3i"")) %>%
  rename(sex = sex_gen,
         aget1 = age,
         lifesatt1 = sat6,
         sinsatt1 = sat2,
         prevrel = np) %>%
  mutate(relt1 = ifelse(relstat == 1 |
                           relstat == 6 |
                           relstat == 9, 0, 1),
         sex = sex - 1) %>% 
  replace(((.) < 0), NA) %>%
  mutate_at(c(10:30), as.numeric) %>%
  mutate_at(c(""per3i1"", ""per3i11"", ""per3i9"", ""per3i2"", ""per3i12"", ""per3i17"", ""per3i8"", ""per3i21""),
            ~ recode(., ""1"" = 5, ""2"" = 4, ""3"" = 3, 
                     ""4"" = 2, ""5"" = 1)) %>%
  rowwise() %>%
  mutate(extra_M = round(mean(c(per3i1, per3i6, per3i11, per3i16), na.rm = TRUE), 2),
         neuro_M = round(mean(c(per3i4, per3i9, per3i14, per3i19), na.rm = TRUE), 2),
         agree_M = round(mean(c(per3i2, per3i7, per3i12, per3i17), na.rm = TRUE), 2),
         consc_M = round(mean(c(per3i3, per3i8, per3i13, per3i18), na.rm = TRUE), 2),
         open_M = round(mean(c(per3i5, per3i10, per3i15, per3i20, per3i21), na.rm = TRUE), 2)) %>%
  select(id, sex, ethni, cohort, aget1, relt1, prevrel, lifesatt1, sinsatt1, extra_M, neuro_M, agree_M, consc_M, open_M) [...] # wave 10
anchor10 <- anchor10 %>% select(id, starts_with(""per3i"")) %>%
  mutate_at(c(2:22), as.numeric) %>%
  mutate_at(c(""per3i1"", ""per3i11"", ""per3i9"", ""per3i2"", ""per3i12"", ""per3i17"", ""per3i8"", ""per3i21""),
            ~ recode(., ""1"" = 5, ""2"" = 4, ""3"" = 3, 
                     ""4"" = 2, ""5"" = 1)) %>% 
  replace(((.) < 0), NA) %>%
  rowwise() %>%
  mutate(extra_M = round(mean(c(per3i1, per3i6, per3i11, per3i16), na.rm = TRUE), 2),
         neuro_M = round(mean(c(per3i4, per3i9, per3i14, per3i19), na.rm = TRUE), 2),
         agree_M = round(mean(c(per3i2, per3i7, per3i12, per3i17), na.rm = TRUE), 2),
         consc_M = round(mean(c(per3i3, per3i8, per3i13, per3i18), na.rm = TRUE), 2),
         open_M  = round(mean(c(per3i5, per3i10, per3i15, per3i20, per3i21), na.rm = TRUE), 2)) %>%
  select(id, extra_M, neuro_M, agree_M, consc_M, open_M)

anchor11_13 <- anchor11_13 %>% left_join(anchor10, by = ""id"") %>%
  mutate(extra_M = ifelse(is.na(extra_M.x), extra_M.y, extra_M.x),
         neuro_M = ifelse(is.na(neuro_M.x), neuro_M.y, neuro_M.x),
         agree_M = ifelse(is.na(agree_M.x), agree_M.y, agree_M.x),
         consc_M = ifelse(is.na(consc_M.x), consc_M.y, consc_M.x),
         open_M = ifelse(is.na(open_M.x), open_M.y, open_M.x)) %>%
  select(-c(21:30)) [...] data <- rbind(anchor1_3, anchor11_13)  [...] # write.table(data, ""data_wide.txt"") [...] cor <- rcorr(as.matrix(data[, c(""sinsatt1"", ""sinsatt2"", ""sinsatt3"", ""lifesatt1"", ""lifesatt2"", ""lifesatt3"", ""extra_M"", ""neuro_M"")]), type = ""pearson"")",0_clean_data.R;0_clean_data.R;0_clean_data.R;0_clean_data.R;0_clean_data.R;0_clean_data.R;1_descriptive_analyses.R:46-67;85;100-122;170-191;196;299;56,1,,,,,,,
28,transformation,"For each trait, we used wave-specific mean scores. Specifically, for individuals in the earlier-born cohort, we used personality-trait
items from Wave 2; for individuals in the later-born cohort, we used personality-trait items from Waves 10 (birth cohorts 1991-1993 and 1981-1983) and 11 (birth cohort 2001-2003). Thus, participants varied in the timing of their personalitytrait assessments.",0,"### Participants from wave 2 ###
anchor2 <- anchor2 %>% select(id, age, relstat, starts_with(""ehc2p""), sat6, sat2, starts_with(""per3i"")) %>%
  rename(aget2 = age,
         lifesatt2 = sat6,
         sinsatt2 = sat2) %>%
  replace(((.) < 0), NA) %>%
  mutate(relt2 = ifelse(relstat == 1 |
                          relstat == 6 |
                          relstat == 9, 0, 1)) %>% 
  select(-c(ehc2p1, ehc2p2, ehc2p3, ehc2p4, ehc2p5)) %>%
  mutate(months_rel_t1_t2 = rowSums(.[c(4:93)], na.rm = TRUE)) %>%
  mutate_at(c(96:116), as.numeric) %>%
  mutate_at(c(""per3i1"", ""per3i11"", ""per3i9"", ""per3i2"", ""per3i12"", ""per3i17"", ""per3i8"", ""per3i21""),
            ~ recode(., ""1"" = 5, ""2"" = 4, ""3"" = 3, 
                     ""4"" = 2, ""5"" = 1)) %>%
  rowwise() %>%
  mutate(extra_M = round(mean(c(per3i1, per3i6, per3i11, per3i16), na.rm = TRUE), 2),
         neuro_M = round(mean(c(per3i4, per3i9, per3i14, per3i19), na.rm = TRUE), 2),
         agree_M = round(mean(c(per3i2, per3i7, per3i12, per3i17), na.rm = TRUE), 2),
         consc_M = round(mean(c(per3i3, per3i8, per3i13, per3i18), na.rm = TRUE), 2),
         open_M = round(mean(c(per3i5, per3i10, per3i15, per3i20, per3i21), na.rm = TRUE), 2)) %>%
  select(id, aget2, relt2, months_rel_t1_t2, lifesatt2, sinsatt2, extra_M, neuro_M, agree_M, consc_M, open_M) [...] anchor1_3 <- merge(anchor1, anchor2, by = ""id"", all.x = TRUE) [...] ### Participants from wave 11 ###
anchor11 <- anchor11 %>% select(id, sex_gen, ethni, cohort, age, relstat, np, sat6, sat2, starts_with(""per3i"")) %>%
  rename(sex = sex_gen,
         aget1 = age,
         lifesatt1 = sat6,
         sinsatt1 = sat2,
         prevrel = np) %>%
  mutate(relt1 = ifelse(relstat == 1 |
                           relstat == 6 |
                           relstat == 9, 0, 1),
         sex = sex - 1) %>% 
  replace(((.) < 0), NA) %>%
  mutate_at(c(10:30), as.numeric) %>%
  mutate_at(c(""per3i1"", ""per3i11"", ""per3i9"", ""per3i2"", ""per3i12"", ""per3i17"", ""per3i8"", ""per3i21""),
            ~ recode(., ""1"" = 5, ""2"" = 4, ""3"" = 3, 
                     ""4"" = 2, ""5"" = 1)) %>%
  rowwise() %>%
  mutate(extra_M = round(mean(c(per3i1, per3i6, per3i11, per3i16), na.rm = TRUE), 2),
         neuro_M = round(mean(c(per3i4, per3i9, per3i14, per3i19), na.rm = TRUE), 2),
         agree_M = round(mean(c(per3i2, per3i7, per3i12, per3i17), na.rm = TRUE), 2),
         consc_M = round(mean(c(per3i3, per3i8, per3i13, per3i18), na.rm = TRUE), 2),
         open_M = round(mean(c(per3i5, per3i10, per3i15, per3i20, per3i21), na.rm = TRUE), 2)) %>%
  select(id, sex, ethni, cohort, aget1, relt1, prevrel, lifesatt1, sinsatt1, extra_M, neuro_M, agree_M, consc_M, open_M) [...] # wave 10
anchor10 <- anchor10 %>% select(id, starts_with(""per3i"")) %>%
  mutate_at(c(2:22), as.numeric) %>%
  mutate_at(c(""per3i1"", ""per3i11"", ""per3i9"", ""per3i2"", ""per3i12"", ""per3i17"", ""per3i8"", ""per3i21""),
            ~ recode(., ""1"" = 5, ""2"" = 4, ""3"" = 3, 
                     ""4"" = 2, ""5"" = 1)) %>% 
  replace(((.) < 0), NA) %>%
  rowwise() %>%
  mutate(extra_M = round(mean(c(per3i1, per3i6, per3i11, per3i16), na.rm = TRUE), 2),
         neuro_M = round(mean(c(per3i4, per3i9, per3i14, per3i19), na.rm = TRUE), 2),
         agree_M = round(mean(c(per3i2, per3i7, per3i12, per3i17), na.rm = TRUE), 2),
         consc_M = round(mean(c(per3i3, per3i8, per3i13, per3i18), na.rm = TRUE), 2),
         open_M  = round(mean(c(per3i5, per3i10, per3i15, per3i20, per3i21), na.rm = TRUE), 2)) %>%
  select(id, extra_M, neuro_M, agree_M, consc_M, open_M)

anchor11_13 <- anchor11_13 %>% left_join(anchor10, by = ""id"") %>%
  mutate(extra_M = ifelse(is.na(extra_M.x), extra_M.y, extra_M.x),
         neuro_M = ifelse(is.na(neuro_M.x), neuro_M.y, neuro_M.x),
         agree_M = ifelse(is.na(agree_M.x), agree_M.y, agree_M.x),
         consc_M = ifelse(is.na(consc_M.x), consc_M.y, consc_M.x),
         open_M = ifelse(is.na(open_M.x), open_M.y, open_M.x)) %>%
  select(-c(21:30)) [...] data <- rbind(anchor1_3, anchor11_13)  [...] # write.table(data, ""data_wide.txt"")",0_clean_data.R:46-67;85;100-122;170-191;196;299,1,,,,,,,
28,inference criterion,p < .005.,2,"cor <- rcorr(as.matrix(data[, c(""sinsatt1"", ""sinsatt2"", ""sinsatt3"", ""lifesatt1"", ""lifesatt2"", ""lifesatt3"", ""extra_M"", ""neuro_M"")]), type = ""pearson"")",1_descriptive_analyses.R:56,,,,,,,,
29,model specification,"Table 2 shows the means, standard deviations, and zeroorder correlations among the study variables across birth cohorts and age groups (see Supplemental Table S2 for means and standard deviations separated by birth cohorts and age groups). [...] Descriptive Characteristics and Pearson Correlations Among the Study Variables",0;2,"cor <- rcorr(as.matrix(data[, c(""sinsatt1"", ""sinsatt2"", ""sinsatt3"", ""lifesatt1"", ""lifesatt2"", ""lifesatt3"", ""extra_M"", ""neuro_M"")]), type = ""pearson"")",1_descriptive_analyses.R:56,1,,,,,,,
29,variable specification,T3 life satisfaction,2,"data <- read.table(""data_wide.txt"") […] cor <- rcorr(as.matrix(data[, c(""sinsatt1"", ""sinsatt2"", ""sinsatt3"", ""lifesatt1"", ""lifesatt2"", ""lifesatt3"", ""extra_M"", ""neuro_M"")]), type = ""pearson"")",1_descriptive_analyses.R:9;56,1,,,,,,,
29,transformation,,,,,,,,,,,,
29,variable specification,Extraversion,2,"### Participants from wave 2 ###
anchor2 <- anchor2 %>% select(id, age, relstat, starts_with(""ehc2p""), sat6, sat2, starts_with(""per3i"")) %>%
  rename(aget2 = age,
         lifesatt2 = sat6,
         sinsatt2 = sat2) %>%
  replace(((.) < 0), NA) %>%
  mutate(relt2 = ifelse(relstat == 1 |
                          relstat == 6 |
                          relstat == 9, 0, 1)) %>% 
  select(-c(ehc2p1, ehc2p2, ehc2p3, ehc2p4, ehc2p5)) %>%
  mutate(months_rel_t1_t2 = rowSums(.[c(4:93)], na.rm = TRUE)) %>%
  mutate_at(c(96:116), as.numeric) %>%
  mutate_at(c(""per3i1"", ""per3i11"", ""per3i9"", ""per3i2"", ""per3i12"", ""per3i17"", ""per3i8"", ""per3i21""),
            ~ recode(., ""1"" = 5, ""2"" = 4, ""3"" = 3, 
                     ""4"" = 2, ""5"" = 1)) %>%
  rowwise() %>%
  mutate(extra_M = round(mean(c(per3i1, per3i6, per3i11, per3i16), na.rm = TRUE), 2),
         neuro_M = round(mean(c(per3i4, per3i9, per3i14, per3i19), na.rm = TRUE), 2),
         agree_M = round(mean(c(per3i2, per3i7, per3i12, per3i17), na.rm = TRUE), 2),
         consc_M = round(mean(c(per3i3, per3i8, per3i13, per3i18), na.rm = TRUE), 2),
         open_M = round(mean(c(per3i5, per3i10, per3i15, per3i20, per3i21), na.rm = TRUE), 2)) %>%
  select(id, aget2, relt2, months_rel_t1_t2, lifesatt2, sinsatt2, extra_M, neuro_M, agree_M, consc_M, open_M) [...] anchor1_3 <- merge(anchor1, anchor2, by = ""id"", all.x = TRUE) [...] ### Participants from wave 11 ###
anchor11 <- anchor11 %>% select(id, sex_gen, ethni, cohort, age, relstat, np, sat6, sat2, starts_with(""per3i"")) %>%
  rename(sex = sex_gen,
         aget1 = age,
         lifesatt1 = sat6,
         sinsatt1 = sat2,
         prevrel = np) %>%
  mutate(relt1 = ifelse(relstat == 1 |
                           relstat == 6 |
                           relstat == 9, 0, 1),
         sex = sex - 1) %>% 
  replace(((.) < 0), NA) %>%
  mutate_at(c(10:30), as.numeric) %>%
  mutate_at(c(""per3i1"", ""per3i11"", ""per3i9"", ""per3i2"", ""per3i12"", ""per3i17"", ""per3i8"", ""per3i21""),
            ~ recode(., ""1"" = 5, ""2"" = 4, ""3"" = 3, 
                     ""4"" = 2, ""5"" = 1)) %>%
  rowwise() %>%
  mutate(extra_M = round(mean(c(per3i1, per3i6, per3i11, per3i16), na.rm = TRUE), 2),
         neuro_M = round(mean(c(per3i4, per3i9, per3i14, per3i19), na.rm = TRUE), 2),
         agree_M = round(mean(c(per3i2, per3i7, per3i12, per3i17), na.rm = TRUE), 2),
         consc_M = round(mean(c(per3i3, per3i8, per3i13, per3i18), na.rm = TRUE), 2),
         open_M = round(mean(c(per3i5, per3i10, per3i15, per3i20, per3i21), na.rm = TRUE), 2)) %>%
  select(id, sex, ethni, cohort, aget1, relt1, prevrel, lifesatt1, sinsatt1, extra_M, neuro_M, agree_M, consc_M, open_M) [...] # wave 10
anchor10 <- anchor10 %>% select(id, starts_with(""per3i"")) %>%
  mutate_at(c(2:22), as.numeric) %>%
  mutate_at(c(""per3i1"", ""per3i11"", ""per3i9"", ""per3i2"", ""per3i12"", ""per3i17"", ""per3i8"", ""per3i21""),
            ~ recode(., ""1"" = 5, ""2"" = 4, ""3"" = 3, 
                     ""4"" = 2, ""5"" = 1)) %>% 
  replace(((.) < 0), NA) %>%
  rowwise() %>%
  mutate(extra_M = round(mean(c(per3i1, per3i6, per3i11, per3i16), na.rm = TRUE), 2),
         neuro_M = round(mean(c(per3i4, per3i9, per3i14, per3i19), na.rm = TRUE), 2),
         agree_M = round(mean(c(per3i2, per3i7, per3i12, per3i17), na.rm = TRUE), 2),
         consc_M = round(mean(c(per3i3, per3i8, per3i13, per3i18), na.rm = TRUE), 2),
         open_M  = round(mean(c(per3i5, per3i10, per3i15, per3i20, per3i21), na.rm = TRUE), 2)) %>%
  select(id, extra_M, neuro_M, agree_M, consc_M, open_M)

anchor11_13 <- anchor11_13 %>% left_join(anchor10, by = ""id"") %>%
  mutate(extra_M = ifelse(is.na(extra_M.x), extra_M.y, extra_M.x),
         neuro_M = ifelse(is.na(neuro_M.x), neuro_M.y, neuro_M.x),
         agree_M = ifelse(is.na(agree_M.x), agree_M.y, agree_M.x),
         consc_M = ifelse(is.na(consc_M.x), consc_M.y, consc_M.x),
         open_M = ifelse(is.na(open_M.x), open_M.y, open_M.x)) %>%
  select(-c(21:30)) [...] data <- rbind(anchor1_3, anchor11_13)  [...] # write.table(data, ""data_wide.txt"") [...] cor <- rcorr(as.matrix(data[, c(""sinsatt1"", ""sinsatt2"", ""sinsatt3"", ""lifesatt1"", ""lifesatt2"", ""lifesatt3"", ""extra_M"", ""neuro_M"")]), type = ""pearson"")",0_clean_data.R;0_clean_data.R;0_clean_data.R;0_clean_data.R;0_clean_data.R;0_clean_data.R;1_descriptive_analyses.R:46-67;85;100-122;170-191;196;299;56,1,,,,,,,
29,transformation,"For each trait, we used wave-specific mean scores. Specifically, for individuals in the earlier-born cohort, we used personality-trait
items from Wave 2; for individuals in the later-born cohort, we used personality-trait items from Waves 10 (birth cohorts 1991-1993 and 1981-1983) and 11 (birth cohort 2001-2003). Thus, participants varied in the timing of their personalitytrait assessments.",0,"### Participants from wave 2 ###
anchor2 <- anchor2 %>% select(id, age, relstat, starts_with(""ehc2p""), sat6, sat2, starts_with(""per3i"")) %>%
  rename(aget2 = age,
         lifesatt2 = sat6,
         sinsatt2 = sat2) %>%
  replace(((.) < 0), NA) %>%
  mutate(relt2 = ifelse(relstat == 1 |
                          relstat == 6 |
                          relstat == 9, 0, 1)) %>% 
  select(-c(ehc2p1, ehc2p2, ehc2p3, ehc2p4, ehc2p5)) %>%
  mutate(months_rel_t1_t2 = rowSums(.[c(4:93)], na.rm = TRUE)) %>%
  mutate_at(c(96:116), as.numeric) %>%
  mutate_at(c(""per3i1"", ""per3i11"", ""per3i9"", ""per3i2"", ""per3i12"", ""per3i17"", ""per3i8"", ""per3i21""),
            ~ recode(., ""1"" = 5, ""2"" = 4, ""3"" = 3, 
                     ""4"" = 2, ""5"" = 1)) %>%
  rowwise() %>%
  mutate(extra_M = round(mean(c(per3i1, per3i6, per3i11, per3i16), na.rm = TRUE), 2),
         neuro_M = round(mean(c(per3i4, per3i9, per3i14, per3i19), na.rm = TRUE), 2),
         agree_M = round(mean(c(per3i2, per3i7, per3i12, per3i17), na.rm = TRUE), 2),
         consc_M = round(mean(c(per3i3, per3i8, per3i13, per3i18), na.rm = TRUE), 2),
         open_M = round(mean(c(per3i5, per3i10, per3i15, per3i20, per3i21), na.rm = TRUE), 2)) %>%
  select(id, aget2, relt2, months_rel_t1_t2, lifesatt2, sinsatt2, extra_M, neuro_M, agree_M, consc_M, open_M) [...] anchor1_3 <- merge(anchor1, anchor2, by = ""id"", all.x = TRUE) [...] ### Participants from wave 11 ###
anchor11 <- anchor11 %>% select(id, sex_gen, ethni, cohort, age, relstat, np, sat6, sat2, starts_with(""per3i"")) %>%
  rename(sex = sex_gen,
         aget1 = age,
         lifesatt1 = sat6,
         sinsatt1 = sat2,
         prevrel = np) %>%
  mutate(relt1 = ifelse(relstat == 1 |
                           relstat == 6 |
                           relstat == 9, 0, 1),
         sex = sex - 1) %>% 
  replace(((.) < 0), NA) %>%
  mutate_at(c(10:30), as.numeric) %>%
  mutate_at(c(""per3i1"", ""per3i11"", ""per3i9"", ""per3i2"", ""per3i12"", ""per3i17"", ""per3i8"", ""per3i21""),
            ~ recode(., ""1"" = 5, ""2"" = 4, ""3"" = 3, 
                     ""4"" = 2, ""5"" = 1)) %>%
  rowwise() %>%
  mutate(extra_M = round(mean(c(per3i1, per3i6, per3i11, per3i16), na.rm = TRUE), 2),
         neuro_M = round(mean(c(per3i4, per3i9, per3i14, per3i19), na.rm = TRUE), 2),
         agree_M = round(mean(c(per3i2, per3i7, per3i12, per3i17), na.rm = TRUE), 2),
         consc_M = round(mean(c(per3i3, per3i8, per3i13, per3i18), na.rm = TRUE), 2),
         open_M = round(mean(c(per3i5, per3i10, per3i15, per3i20, per3i21), na.rm = TRUE), 2)) %>%
  select(id, sex, ethni, cohort, aget1, relt1, prevrel, lifesatt1, sinsatt1, extra_M, neuro_M, agree_M, consc_M, open_M) [...] # wave 10
anchor10 <- anchor10 %>% select(id, starts_with(""per3i"")) %>%
  mutate_at(c(2:22), as.numeric) %>%
  mutate_at(c(""per3i1"", ""per3i11"", ""per3i9"", ""per3i2"", ""per3i12"", ""per3i17"", ""per3i8"", ""per3i21""),
            ~ recode(., ""1"" = 5, ""2"" = 4, ""3"" = 3, 
                     ""4"" = 2, ""5"" = 1)) %>% 
  replace(((.) < 0), NA) %>%
  rowwise() %>%
  mutate(extra_M = round(mean(c(per3i1, per3i6, per3i11, per3i16), na.rm = TRUE), 2),
         neuro_M = round(mean(c(per3i4, per3i9, per3i14, per3i19), na.rm = TRUE), 2),
         agree_M = round(mean(c(per3i2, per3i7, per3i12, per3i17), na.rm = TRUE), 2),
         consc_M = round(mean(c(per3i3, per3i8, per3i13, per3i18), na.rm = TRUE), 2),
         open_M  = round(mean(c(per3i5, per3i10, per3i15, per3i20, per3i21), na.rm = TRUE), 2)) %>%
  select(id, extra_M, neuro_M, agree_M, consc_M, open_M)

anchor11_13 <- anchor11_13 %>% left_join(anchor10, by = ""id"") %>%
  mutate(extra_M = ifelse(is.na(extra_M.x), extra_M.y, extra_M.x),
         neuro_M = ifelse(is.na(neuro_M.x), neuro_M.y, neuro_M.x),
         agree_M = ifelse(is.na(agree_M.x), agree_M.y, agree_M.x),
         consc_M = ifelse(is.na(consc_M.x), consc_M.y, consc_M.x),
         open_M = ifelse(is.na(open_M.x), open_M.y, open_M.x)) %>%
  select(-c(21:30)) [...] data <- rbind(anchor1_3, anchor11_13)  [...] # write.table(data, ""data_wide.txt"")",0_clean_data.R:46-67;85;100-122;170-191;196;299,1,,,,,,,
29,inference criterion,p < .005.,2,"cor <- rcorr(as.matrix(data[, c(""sinsatt1"", ""sinsatt2"", ""sinsatt3"", ""lifesatt1"", ""lifesatt2"", ""lifesatt3"", ""extra_M"", ""neuro_M"")]), type = ""pearson"")",1_descriptive_analyses.R:56,,,,,,,,
30,model specification,"Table 2 shows the means, standard deviations, and zeroorder correlations among the study variables across birth cohorts and age groups (see Supplemental Table S2 for means and standard deviations separated by birth cohorts and age groups). [...] Descriptive Characteristics and Pearson Correlations Among the Study Variables",0;2,"cor <- rcorr(as.matrix(data[, c(""sinsatt1"", ""sinsatt2"", ""sinsatt3"", ""lifesatt1"", ""lifesatt2"", ""lifesatt3"", ""extra_M"", ""neuro_M"")]), type = ""pearson"")",1_descriptive_analyses.R:56,1,,,,,,,
30,variable specification,T3 life satisfaction,2,"data <- read.table(""data_wide.txt"") […] cor <- rcorr(as.matrix(data[, c(""sinsatt1"", ""sinsatt2"", ""sinsatt3"", ""lifesatt1"", ""lifesatt2"", ""lifesatt3"", ""extra_M"", ""neuro_M"")]), type = ""pearson"")",1_descriptive_analyses.R:9;56,1,,,,,,,
30,transformation,,,,,,,,,,,,
30,variable specification,Neuroticism,2,"### Participants from wave 2 ###
anchor2 <- anchor2 %>% select(id, age, relstat, starts_with(""ehc2p""), sat6, sat2, starts_with(""per3i"")) %>%
  rename(aget2 = age,
         lifesatt2 = sat6,
         sinsatt2 = sat2) %>%
  replace(((.) < 0), NA) %>%
  mutate(relt2 = ifelse(relstat == 1 |
                          relstat == 6 |
                          relstat == 9, 0, 1)) %>% 
  select(-c(ehc2p1, ehc2p2, ehc2p3, ehc2p4, ehc2p5)) %>%
  mutate(months_rel_t1_t2 = rowSums(.[c(4:93)], na.rm = TRUE)) %>%
  mutate_at(c(96:116), as.numeric) %>%
  mutate_at(c(""per3i1"", ""per3i11"", ""per3i9"", ""per3i2"", ""per3i12"", ""per3i17"", ""per3i8"", ""per3i21""),
            ~ recode(., ""1"" = 5, ""2"" = 4, ""3"" = 3, 
                     ""4"" = 2, ""5"" = 1)) %>%
  rowwise() %>%
  mutate(extra_M = round(mean(c(per3i1, per3i6, per3i11, per3i16), na.rm = TRUE), 2),
         neuro_M = round(mean(c(per3i4, per3i9, per3i14, per3i19), na.rm = TRUE), 2),
         agree_M = round(mean(c(per3i2, per3i7, per3i12, per3i17), na.rm = TRUE), 2),
         consc_M = round(mean(c(per3i3, per3i8, per3i13, per3i18), na.rm = TRUE), 2),
         open_M = round(mean(c(per3i5, per3i10, per3i15, per3i20, per3i21), na.rm = TRUE), 2)) %>%
  select(id, aget2, relt2, months_rel_t1_t2, lifesatt2, sinsatt2, extra_M, neuro_M, agree_M, consc_M, open_M) [...] anchor1_3 <- merge(anchor1, anchor2, by = ""id"", all.x = TRUE) [...] ### Participants from wave 11 ###
anchor11 <- anchor11 %>% select(id, sex_gen, ethni, cohort, age, relstat, np, sat6, sat2, starts_with(""per3i"")) %>%
  rename(sex = sex_gen,
         aget1 = age,
         lifesatt1 = sat6,
         sinsatt1 = sat2,
         prevrel = np) %>%
  mutate(relt1 = ifelse(relstat == 1 |
                           relstat == 6 |
                           relstat == 9, 0, 1),
         sex = sex - 1) %>% 
  replace(((.) < 0), NA) %>%
  mutate_at(c(10:30), as.numeric) %>%
  mutate_at(c(""per3i1"", ""per3i11"", ""per3i9"", ""per3i2"", ""per3i12"", ""per3i17"", ""per3i8"", ""per3i21""),
            ~ recode(., ""1"" = 5, ""2"" = 4, ""3"" = 3, 
                     ""4"" = 2, ""5"" = 1)) %>%
  rowwise() %>%
  mutate(extra_M = round(mean(c(per3i1, per3i6, per3i11, per3i16), na.rm = TRUE), 2),
         neuro_M = round(mean(c(per3i4, per3i9, per3i14, per3i19), na.rm = TRUE), 2),
         agree_M = round(mean(c(per3i2, per3i7, per3i12, per3i17), na.rm = TRUE), 2),
         consc_M = round(mean(c(per3i3, per3i8, per3i13, per3i18), na.rm = TRUE), 2),
         open_M = round(mean(c(per3i5, per3i10, per3i15, per3i20, per3i21), na.rm = TRUE), 2)) %>%
  select(id, sex, ethni, cohort, aget1, relt1, prevrel, lifesatt1, sinsatt1, extra_M, neuro_M, agree_M, consc_M, open_M) [...] # wave 10
anchor10 <- anchor10 %>% select(id, starts_with(""per3i"")) %>%
  mutate_at(c(2:22), as.numeric) %>%
  mutate_at(c(""per3i1"", ""per3i11"", ""per3i9"", ""per3i2"", ""per3i12"", ""per3i17"", ""per3i8"", ""per3i21""),
            ~ recode(., ""1"" = 5, ""2"" = 4, ""3"" = 3, 
                     ""4"" = 2, ""5"" = 1)) %>% 
  replace(((.) < 0), NA) %>%
  rowwise() %>%
  mutate(extra_M = round(mean(c(per3i1, per3i6, per3i11, per3i16), na.rm = TRUE), 2),
         neuro_M = round(mean(c(per3i4, per3i9, per3i14, per3i19), na.rm = TRUE), 2),
         agree_M = round(mean(c(per3i2, per3i7, per3i12, per3i17), na.rm = TRUE), 2),
         consc_M = round(mean(c(per3i3, per3i8, per3i13, per3i18), na.rm = TRUE), 2),
         open_M  = round(mean(c(per3i5, per3i10, per3i15, per3i20, per3i21), na.rm = TRUE), 2)) %>%
  select(id, extra_M, neuro_M, agree_M, consc_M, open_M)

anchor11_13 <- anchor11_13 %>% left_join(anchor10, by = ""id"") %>%
  mutate(extra_M = ifelse(is.na(extra_M.x), extra_M.y, extra_M.x),
         neuro_M = ifelse(is.na(neuro_M.x), neuro_M.y, neuro_M.x),
         agree_M = ifelse(is.na(agree_M.x), agree_M.y, agree_M.x),
         consc_M = ifelse(is.na(consc_M.x), consc_M.y, consc_M.x),
         open_M = ifelse(is.na(open_M.x), open_M.y, open_M.x)) %>%
  select(-c(21:30)) [...] data <- rbind(anchor1_3, anchor11_13)  [...] # write.table(data, ""data_wide.txt"") [...] cor <- rcorr(as.matrix(data[, c(""sinsatt1"", ""sinsatt2"", ""sinsatt3"", ""lifesatt1"", ""lifesatt2"", ""lifesatt3"", ""extra_M"", ""neuro_M"")]), type = ""pearson"")",0_clean_data.R;0_clean_data.R;0_clean_data.R;0_clean_data.R;0_clean_data.R;0_clean_data.R;1_descriptive_analyses.R:46-67;85;100-122;170-191;196;299;56,1,,,,,,,
30,transformation,"For each trait, we used wave-specific mean scores. Specifically, for individuals in the earlier-born cohort, we used personality-trait
items from Wave 2; for individuals in the later-born cohort, we used personality-trait items from Waves 10 (birth cohorts 1991-1993 and 1981-1983) and 11 (birth cohort 2001-2003). Thus, participants varied in the timing of their personalitytrait assessments.",0,"### Participants from wave 2 ###
anchor2 <- anchor2 %>% select(id, age, relstat, starts_with(""ehc2p""), sat6, sat2, starts_with(""per3i"")) %>%
  rename(aget2 = age,
         lifesatt2 = sat6,
         sinsatt2 = sat2) %>%
  replace(((.) < 0), NA) %>%
  mutate(relt2 = ifelse(relstat == 1 |
                          relstat == 6 |
                          relstat == 9, 0, 1)) %>% 
  select(-c(ehc2p1, ehc2p2, ehc2p3, ehc2p4, ehc2p5)) %>%
  mutate(months_rel_t1_t2 = rowSums(.[c(4:93)], na.rm = TRUE)) %>%
  mutate_at(c(96:116), as.numeric) %>%
  mutate_at(c(""per3i1"", ""per3i11"", ""per3i9"", ""per3i2"", ""per3i12"", ""per3i17"", ""per3i8"", ""per3i21""),
            ~ recode(., ""1"" = 5, ""2"" = 4, ""3"" = 3, 
                     ""4"" = 2, ""5"" = 1)) %>%
  rowwise() %>%
  mutate(extra_M = round(mean(c(per3i1, per3i6, per3i11, per3i16), na.rm = TRUE), 2),
         neuro_M = round(mean(c(per3i4, per3i9, per3i14, per3i19), na.rm = TRUE), 2),
         agree_M = round(mean(c(per3i2, per3i7, per3i12, per3i17), na.rm = TRUE), 2),
         consc_M = round(mean(c(per3i3, per3i8, per3i13, per3i18), na.rm = TRUE), 2),
         open_M = round(mean(c(per3i5, per3i10, per3i15, per3i20, per3i21), na.rm = TRUE), 2)) %>%
  select(id, aget2, relt2, months_rel_t1_t2, lifesatt2, sinsatt2, extra_M, neuro_M, agree_M, consc_M, open_M) [...] anchor1_3 <- merge(anchor1, anchor2, by = ""id"", all.x = TRUE) [...] ### Participants from wave 11 ###
anchor11 <- anchor11 %>% select(id, sex_gen, ethni, cohort, age, relstat, np, sat6, sat2, starts_with(""per3i"")) %>%
  rename(sex = sex_gen,
         aget1 = age,
         lifesatt1 = sat6,
         sinsatt1 = sat2,
         prevrel = np) %>%
  mutate(relt1 = ifelse(relstat == 1 |
                           relstat == 6 |
                           relstat == 9, 0, 1),
         sex = sex - 1) %>% 
  replace(((.) < 0), NA) %>%
  mutate_at(c(10:30), as.numeric) %>%
  mutate_at(c(""per3i1"", ""per3i11"", ""per3i9"", ""per3i2"", ""per3i12"", ""per3i17"", ""per3i8"", ""per3i21""),
            ~ recode(., ""1"" = 5, ""2"" = 4, ""3"" = 3, 
                     ""4"" = 2, ""5"" = 1)) %>%
  rowwise() %>%
  mutate(extra_M = round(mean(c(per3i1, per3i6, per3i11, per3i16), na.rm = TRUE), 2),
         neuro_M = round(mean(c(per3i4, per3i9, per3i14, per3i19), na.rm = TRUE), 2),
         agree_M = round(mean(c(per3i2, per3i7, per3i12, per3i17), na.rm = TRUE), 2),
         consc_M = round(mean(c(per3i3, per3i8, per3i13, per3i18), na.rm = TRUE), 2),
         open_M = round(mean(c(per3i5, per3i10, per3i15, per3i20, per3i21), na.rm = TRUE), 2)) %>%
  select(id, sex, ethni, cohort, aget1, relt1, prevrel, lifesatt1, sinsatt1, extra_M, neuro_M, agree_M, consc_M, open_M) [...] # wave 10
anchor10 <- anchor10 %>% select(id, starts_with(""per3i"")) %>%
  mutate_at(c(2:22), as.numeric) %>%
  mutate_at(c(""per3i1"", ""per3i11"", ""per3i9"", ""per3i2"", ""per3i12"", ""per3i17"", ""per3i8"", ""per3i21""),
            ~ recode(., ""1"" = 5, ""2"" = 4, ""3"" = 3, 
                     ""4"" = 2, ""5"" = 1)) %>% 
  replace(((.) < 0), NA) %>%
  rowwise() %>%
  mutate(extra_M = round(mean(c(per3i1, per3i6, per3i11, per3i16), na.rm = TRUE), 2),
         neuro_M = round(mean(c(per3i4, per3i9, per3i14, per3i19), na.rm = TRUE), 2),
         agree_M = round(mean(c(per3i2, per3i7, per3i12, per3i17), na.rm = TRUE), 2),
         consc_M = round(mean(c(per3i3, per3i8, per3i13, per3i18), na.rm = TRUE), 2),
         open_M  = round(mean(c(per3i5, per3i10, per3i15, per3i20, per3i21), na.rm = TRUE), 2)) %>%
  select(id, extra_M, neuro_M, agree_M, consc_M, open_M)

anchor11_13 <- anchor11_13 %>% left_join(anchor10, by = ""id"") %>%
  mutate(extra_M = ifelse(is.na(extra_M.x), extra_M.y, extra_M.x),
         neuro_M = ifelse(is.na(neuro_M.x), neuro_M.y, neuro_M.x),
         agree_M = ifelse(is.na(agree_M.x), agree_M.y, agree_M.x),
         consc_M = ifelse(is.na(consc_M.x), consc_M.y, consc_M.x),
         open_M = ifelse(is.na(open_M.x), open_M.y, open_M.x)) %>%
  select(-c(21:30)) [...] data <- rbind(anchor1_3, anchor11_13)  [...] # write.table(data, ""data_wide.txt"")",0_clean_data.R:46-67;85;100-122;170-191;196;299,1,,,,,,,
30,inference criterion,p < .005.,2,"cor <- rcorr(as.matrix(data[, c(""sinsatt1"", ""sinsatt2"", ""sinsatt3"", ""lifesatt1"", ""lifesatt2"", ""lifesatt3"", ""extra_M"", ""neuro_M"")]), type = ""pearson"")",1_descriptive_analyses.R:56,,,,,,,,
31,model specification,"Table 2 shows the means, standard deviations, and zeroorder correlations among the study variables across birth cohorts and age groups (see Supplemental Table S2 for means and standard deviations separated by birth cohorts and age groups). [...] Descriptive Characteristics and Pearson Correlations Among the Study Variables",0;2,"cor <- rcorr(as.matrix(data[, c(""sinsatt1"", ""sinsatt2"", ""sinsatt3"", ""lifesatt1"", ""lifesatt2"", ""lifesatt3"", ""extra_M"", ""neuro_M"")]), type = ""pearson"")",1_descriptive_analyses.R:56,1,,,,,,,
31,variable specification,Extraversion,2,"### Participants from wave 2 ###
anchor2 <- anchor2 %>% select(id, age, relstat, starts_with(""ehc2p""), sat6, sat2, starts_with(""per3i"")) %>%
  rename(aget2 = age,
         lifesatt2 = sat6,
         sinsatt2 = sat2) %>%
  replace(((.) < 0), NA) %>%
  mutate(relt2 = ifelse(relstat == 1 |
                          relstat == 6 |
                          relstat == 9, 0, 1)) %>% 
  select(-c(ehc2p1, ehc2p2, ehc2p3, ehc2p4, ehc2p5)) %>%
  mutate(months_rel_t1_t2 = rowSums(.[c(4:93)], na.rm = TRUE)) %>%
  mutate_at(c(96:116), as.numeric) %>%
  mutate_at(c(""per3i1"", ""per3i11"", ""per3i9"", ""per3i2"", ""per3i12"", ""per3i17"", ""per3i8"", ""per3i21""),
            ~ recode(., ""1"" = 5, ""2"" = 4, ""3"" = 3, 
                     ""4"" = 2, ""5"" = 1)) %>%
  rowwise() %>%
  mutate(extra_M = round(mean(c(per3i1, per3i6, per3i11, per3i16), na.rm = TRUE), 2),
         neuro_M = round(mean(c(per3i4, per3i9, per3i14, per3i19), na.rm = TRUE), 2),
         agree_M = round(mean(c(per3i2, per3i7, per3i12, per3i17), na.rm = TRUE), 2),
         consc_M = round(mean(c(per3i3, per3i8, per3i13, per3i18), na.rm = TRUE), 2),
         open_M = round(mean(c(per3i5, per3i10, per3i15, per3i20, per3i21), na.rm = TRUE), 2)) %>%
  select(id, aget2, relt2, months_rel_t1_t2, lifesatt2, sinsatt2, extra_M, neuro_M, agree_M, consc_M, open_M) [...] anchor1_3 <- merge(anchor1, anchor2, by = ""id"", all.x = TRUE) [...] ### Participants from wave 11 ###
anchor11 <- anchor11 %>% select(id, sex_gen, ethni, cohort, age, relstat, np, sat6, sat2, starts_with(""per3i"")) %>%
  rename(sex = sex_gen,
         aget1 = age,
         lifesatt1 = sat6,
         sinsatt1 = sat2,
         prevrel = np) %>%
  mutate(relt1 = ifelse(relstat == 1 |
                           relstat == 6 |
                           relstat == 9, 0, 1),
         sex = sex - 1) %>% 
  replace(((.) < 0), NA) %>%
  mutate_at(c(10:30), as.numeric) %>%
  mutate_at(c(""per3i1"", ""per3i11"", ""per3i9"", ""per3i2"", ""per3i12"", ""per3i17"", ""per3i8"", ""per3i21""),
            ~ recode(., ""1"" = 5, ""2"" = 4, ""3"" = 3, 
                     ""4"" = 2, ""5"" = 1)) %>%
  rowwise() %>%
  mutate(extra_M = round(mean(c(per3i1, per3i6, per3i11, per3i16), na.rm = TRUE), 2),
         neuro_M = round(mean(c(per3i4, per3i9, per3i14, per3i19), na.rm = TRUE), 2),
         agree_M = round(mean(c(per3i2, per3i7, per3i12, per3i17), na.rm = TRUE), 2),
         consc_M = round(mean(c(per3i3, per3i8, per3i13, per3i18), na.rm = TRUE), 2),
         open_M = round(mean(c(per3i5, per3i10, per3i15, per3i20, per3i21), na.rm = TRUE), 2)) %>%
  select(id, sex, ethni, cohort, aget1, relt1, prevrel, lifesatt1, sinsatt1, extra_M, neuro_M, agree_M, consc_M, open_M) [...] # wave 10
anchor10 <- anchor10 %>% select(id, starts_with(""per3i"")) %>%
  mutate_at(c(2:22), as.numeric) %>%
  mutate_at(c(""per3i1"", ""per3i11"", ""per3i9"", ""per3i2"", ""per3i12"", ""per3i17"", ""per3i8"", ""per3i21""),
            ~ recode(., ""1"" = 5, ""2"" = 4, ""3"" = 3, 
                     ""4"" = 2, ""5"" = 1)) %>% 
  replace(((.) < 0), NA) %>%
  rowwise() %>%
  mutate(extra_M = round(mean(c(per3i1, per3i6, per3i11, per3i16), na.rm = TRUE), 2),
         neuro_M = round(mean(c(per3i4, per3i9, per3i14, per3i19), na.rm = TRUE), 2),
         agree_M = round(mean(c(per3i2, per3i7, per3i12, per3i17), na.rm = TRUE), 2),
         consc_M = round(mean(c(per3i3, per3i8, per3i13, per3i18), na.rm = TRUE), 2),
         open_M  = round(mean(c(per3i5, per3i10, per3i15, per3i20, per3i21), na.rm = TRUE), 2)) %>%
  select(id, extra_M, neuro_M, agree_M, consc_M, open_M)

anchor11_13 <- anchor11_13 %>% left_join(anchor10, by = ""id"") %>%
  mutate(extra_M = ifelse(is.na(extra_M.x), extra_M.y, extra_M.x),
         neuro_M = ifelse(is.na(neuro_M.x), neuro_M.y, neuro_M.x),
         agree_M = ifelse(is.na(agree_M.x), agree_M.y, agree_M.x),
         consc_M = ifelse(is.na(consc_M.x), consc_M.y, consc_M.x),
         open_M = ifelse(is.na(open_M.x), open_M.y, open_M.x)) %>%
  select(-c(21:30)) [...] data <- rbind(anchor1_3, anchor11_13)  [...] # write.table(data, ""data_wide.txt"") [...] cor <- rcorr(as.matrix(data[, c(""sinsatt1"", ""sinsatt2"", ""sinsatt3"", ""lifesatt1"", ""lifesatt2"", ""lifesatt3"", ""extra_M"", ""neuro_M"")]), type = ""pearson"")",0_clean_data.R;0_clean_data.R;0_clean_data.R;0_clean_data.R;0_clean_data.R;0_clean_data.R;1_descriptive_analyses.R:46-67;85;100-122;170-191;196;299;56,1,,,,,,,
31,transformation,"For each trait, we used wave-specific mean scores. Specifically, for individuals in the earlier-born cohort, we used personality-trait
items from Wave 2; for individuals in the later-born cohort, we used personality-trait items from Waves 10 (birth cohorts 1991-1993 and 1981-1983) and 11 (birth cohort 2001-2003). Thus, participants varied in the timing of their personalitytrait assessments.",0,"### Participants from wave 2 ###
anchor2 <- anchor2 %>% select(id, age, relstat, starts_with(""ehc2p""), sat6, sat2, starts_with(""per3i"")) %>%
  rename(aget2 = age,
         lifesatt2 = sat6,
         sinsatt2 = sat2) %>%
  replace(((.) < 0), NA) %>%
  mutate(relt2 = ifelse(relstat == 1 |
                          relstat == 6 |
                          relstat == 9, 0, 1)) %>% 
  select(-c(ehc2p1, ehc2p2, ehc2p3, ehc2p4, ehc2p5)) %>%
  mutate(months_rel_t1_t2 = rowSums(.[c(4:93)], na.rm = TRUE)) %>%
  mutate_at(c(96:116), as.numeric) %>%
  mutate_at(c(""per3i1"", ""per3i11"", ""per3i9"", ""per3i2"", ""per3i12"", ""per3i17"", ""per3i8"", ""per3i21""),
            ~ recode(., ""1"" = 5, ""2"" = 4, ""3"" = 3, 
                     ""4"" = 2, ""5"" = 1)) %>%
  rowwise() %>%
  mutate(extra_M = round(mean(c(per3i1, per3i6, per3i11, per3i16), na.rm = TRUE), 2),
         neuro_M = round(mean(c(per3i4, per3i9, per3i14, per3i19), na.rm = TRUE), 2),
         agree_M = round(mean(c(per3i2, per3i7, per3i12, per3i17), na.rm = TRUE), 2),
         consc_M = round(mean(c(per3i3, per3i8, per3i13, per3i18), na.rm = TRUE), 2),
         open_M = round(mean(c(per3i5, per3i10, per3i15, per3i20, per3i21), na.rm = TRUE), 2)) %>%
  select(id, aget2, relt2, months_rel_t1_t2, lifesatt2, sinsatt2, extra_M, neuro_M, agree_M, consc_M, open_M) [...] anchor1_3 <- merge(anchor1, anchor2, by = ""id"", all.x = TRUE) [...] ### Participants from wave 11 ###
anchor11 <- anchor11 %>% select(id, sex_gen, ethni, cohort, age, relstat, np, sat6, sat2, starts_with(""per3i"")) %>%
  rename(sex = sex_gen,
         aget1 = age,
         lifesatt1 = sat6,
         sinsatt1 = sat2,
         prevrel = np) %>%
  mutate(relt1 = ifelse(relstat == 1 |
                           relstat == 6 |
                           relstat == 9, 0, 1),
         sex = sex - 1) %>% 
  replace(((.) < 0), NA) %>%
  mutate_at(c(10:30), as.numeric) %>%
  mutate_at(c(""per3i1"", ""per3i11"", ""per3i9"", ""per3i2"", ""per3i12"", ""per3i17"", ""per3i8"", ""per3i21""),
            ~ recode(., ""1"" = 5, ""2"" = 4, ""3"" = 3, 
                     ""4"" = 2, ""5"" = 1)) %>%
  rowwise() %>%
  mutate(extra_M = round(mean(c(per3i1, per3i6, per3i11, per3i16), na.rm = TRUE), 2),
         neuro_M = round(mean(c(per3i4, per3i9, per3i14, per3i19), na.rm = TRUE), 2),
         agree_M = round(mean(c(per3i2, per3i7, per3i12, per3i17), na.rm = TRUE), 2),
         consc_M = round(mean(c(per3i3, per3i8, per3i13, per3i18), na.rm = TRUE), 2),
         open_M = round(mean(c(per3i5, per3i10, per3i15, per3i20, per3i21), na.rm = TRUE), 2)) %>%
  select(id, sex, ethni, cohort, aget1, relt1, prevrel, lifesatt1, sinsatt1, extra_M, neuro_M, agree_M, consc_M, open_M) [...] # wave 10
anchor10 <- anchor10 %>% select(id, starts_with(""per3i"")) %>%
  mutate_at(c(2:22), as.numeric) %>%
  mutate_at(c(""per3i1"", ""per3i11"", ""per3i9"", ""per3i2"", ""per3i12"", ""per3i17"", ""per3i8"", ""per3i21""),
            ~ recode(., ""1"" = 5, ""2"" = 4, ""3"" = 3, 
                     ""4"" = 2, ""5"" = 1)) %>% 
  replace(((.) < 0), NA) %>%
  rowwise() %>%
  mutate(extra_M = round(mean(c(per3i1, per3i6, per3i11, per3i16), na.rm = TRUE), 2),
         neuro_M = round(mean(c(per3i4, per3i9, per3i14, per3i19), na.rm = TRUE), 2),
         agree_M = round(mean(c(per3i2, per3i7, per3i12, per3i17), na.rm = TRUE), 2),
         consc_M = round(mean(c(per3i3, per3i8, per3i13, per3i18), na.rm = TRUE), 2),
         open_M  = round(mean(c(per3i5, per3i10, per3i15, per3i20, per3i21), na.rm = TRUE), 2)) %>%
  select(id, extra_M, neuro_M, agree_M, consc_M, open_M)

anchor11_13 <- anchor11_13 %>% left_join(anchor10, by = ""id"") %>%
  mutate(extra_M = ifelse(is.na(extra_M.x), extra_M.y, extra_M.x),
         neuro_M = ifelse(is.na(neuro_M.x), neuro_M.y, neuro_M.x),
         agree_M = ifelse(is.na(agree_M.x), agree_M.y, agree_M.x),
         consc_M = ifelse(is.na(consc_M.x), consc_M.y, consc_M.x),
         open_M = ifelse(is.na(open_M.x), open_M.y, open_M.x)) %>%
  select(-c(21:30)) [...] data <- rbind(anchor1_3, anchor11_13)  [...] # write.table(data, ""data_wide.txt"")",0_clean_data.R:46-67;85;100-122;170-191;196;299,1,,,,,,,
31,variable specification,Neuroticism,2,"### Participants from wave 2 ###
anchor2 <- anchor2 %>% select(id, age, relstat, starts_with(""ehc2p""), sat6, sat2, starts_with(""per3i"")) %>%
  rename(aget2 = age,
         lifesatt2 = sat6,
         sinsatt2 = sat2) %>%
  replace(((.) < 0), NA) %>%
  mutate(relt2 = ifelse(relstat == 1 |
                          relstat == 6 |
                          relstat == 9, 0, 1)) %>% 
  select(-c(ehc2p1, ehc2p2, ehc2p3, ehc2p4, ehc2p5)) %>%
  mutate(months_rel_t1_t2 = rowSums(.[c(4:93)], na.rm = TRUE)) %>%
  mutate_at(c(96:116), as.numeric) %>%
  mutate_at(c(""per3i1"", ""per3i11"", ""per3i9"", ""per3i2"", ""per3i12"", ""per3i17"", ""per3i8"", ""per3i21""),
            ~ recode(., ""1"" = 5, ""2"" = 4, ""3"" = 3, 
                     ""4"" = 2, ""5"" = 1)) %>%
  rowwise() %>%
  mutate(extra_M = round(mean(c(per3i1, per3i6, per3i11, per3i16), na.rm = TRUE), 2),
         neuro_M = round(mean(c(per3i4, per3i9, per3i14, per3i19), na.rm = TRUE), 2),
         agree_M = round(mean(c(per3i2, per3i7, per3i12, per3i17), na.rm = TRUE), 2),
         consc_M = round(mean(c(per3i3, per3i8, per3i13, per3i18), na.rm = TRUE), 2),
         open_M = round(mean(c(per3i5, per3i10, per3i15, per3i20, per3i21), na.rm = TRUE), 2)) %>%
  select(id, aget2, relt2, months_rel_t1_t2, lifesatt2, sinsatt2, extra_M, neuro_M, agree_M, consc_M, open_M) [...] anchor1_3 <- merge(anchor1, anchor2, by = ""id"", all.x = TRUE) [...] ### Participants from wave 11 ###
anchor11 <- anchor11 %>% select(id, sex_gen, ethni, cohort, age, relstat, np, sat6, sat2, starts_with(""per3i"")) %>%
  rename(sex = sex_gen,
         aget1 = age,
         lifesatt1 = sat6,
         sinsatt1 = sat2,
         prevrel = np) %>%
  mutate(relt1 = ifelse(relstat == 1 |
                           relstat == 6 |
                           relstat == 9, 0, 1),
         sex = sex - 1) %>% 
  replace(((.) < 0), NA) %>%
  mutate_at(c(10:30), as.numeric) %>%
  mutate_at(c(""per3i1"", ""per3i11"", ""per3i9"", ""per3i2"", ""per3i12"", ""per3i17"", ""per3i8"", ""per3i21""),
            ~ recode(., ""1"" = 5, ""2"" = 4, ""3"" = 3, 
                     ""4"" = 2, ""5"" = 1)) %>%
  rowwise() %>%
  mutate(extra_M = round(mean(c(per3i1, per3i6, per3i11, per3i16), na.rm = TRUE), 2),
         neuro_M = round(mean(c(per3i4, per3i9, per3i14, per3i19), na.rm = TRUE), 2),
         agree_M = round(mean(c(per3i2, per3i7, per3i12, per3i17), na.rm = TRUE), 2),
         consc_M = round(mean(c(per3i3, per3i8, per3i13, per3i18), na.rm = TRUE), 2),
         open_M = round(mean(c(per3i5, per3i10, per3i15, per3i20, per3i21), na.rm = TRUE), 2)) %>%
  select(id, sex, ethni, cohort, aget1, relt1, prevrel, lifesatt1, sinsatt1, extra_M, neuro_M, agree_M, consc_M, open_M) [...] # wave 10
anchor10 <- anchor10 %>% select(id, starts_with(""per3i"")) %>%
  mutate_at(c(2:22), as.numeric) %>%
  mutate_at(c(""per3i1"", ""per3i11"", ""per3i9"", ""per3i2"", ""per3i12"", ""per3i17"", ""per3i8"", ""per3i21""),
            ~ recode(., ""1"" = 5, ""2"" = 4, ""3"" = 3, 
                     ""4"" = 2, ""5"" = 1)) %>% 
  replace(((.) < 0), NA) %>%
  rowwise() %>%
  mutate(extra_M = round(mean(c(per3i1, per3i6, per3i11, per3i16), na.rm = TRUE), 2),
         neuro_M = round(mean(c(per3i4, per3i9, per3i14, per3i19), na.rm = TRUE), 2),
         agree_M = round(mean(c(per3i2, per3i7, per3i12, per3i17), na.rm = TRUE), 2),
         consc_M = round(mean(c(per3i3, per3i8, per3i13, per3i18), na.rm = TRUE), 2),
         open_M  = round(mean(c(per3i5, per3i10, per3i15, per3i20, per3i21), na.rm = TRUE), 2)) %>%
  select(id, extra_M, neuro_M, agree_M, consc_M, open_M)

anchor11_13 <- anchor11_13 %>% left_join(anchor10, by = ""id"") %>%
  mutate(extra_M = ifelse(is.na(extra_M.x), extra_M.y, extra_M.x),
         neuro_M = ifelse(is.na(neuro_M.x), neuro_M.y, neuro_M.x),
         agree_M = ifelse(is.na(agree_M.x), agree_M.y, agree_M.x),
         consc_M = ifelse(is.na(consc_M.x), consc_M.y, consc_M.x),
         open_M = ifelse(is.na(open_M.x), open_M.y, open_M.x)) %>%
  select(-c(21:30)) [...] data <- rbind(anchor1_3, anchor11_13)  [...] # write.table(data, ""data_wide.txt"") [...] cor <- rcorr(as.matrix(data[, c(""sinsatt1"", ""sinsatt2"", ""sinsatt3"", ""lifesatt1"", ""lifesatt2"", ""lifesatt3"", ""extra_M"", ""neuro_M"")]), type = ""pearson"")",0_clean_data.R;0_clean_data.R;0_clean_data.R;0_clean_data.R;0_clean_data.R;0_clean_data.R;1_descriptive_analyses.R:46-67;85;100-122;170-191;196;299;56,1,,,,,,,
31,transformation,"For each trait, we used wave-specific mean scores. Specifically, for individuals in the earlier-born cohort, we used personality-trait
items from Wave 2; for individuals in the later-born cohort, we used personality-trait items from Waves 10 (birth cohorts 1991-1993 and 1981-1983) and 11 (birth cohort 2001-2003). Thus, participants varied in the timing of their personalitytrait assessments.",0,"### Participants from wave 2 ###
anchor2 <- anchor2 %>% select(id, age, relstat, starts_with(""ehc2p""), sat6, sat2, starts_with(""per3i"")) %>%
  rename(aget2 = age,
         lifesatt2 = sat6,
         sinsatt2 = sat2) %>%
  replace(((.) < 0), NA) %>%
  mutate(relt2 = ifelse(relstat == 1 |
                          relstat == 6 |
                          relstat == 9, 0, 1)) %>% 
  select(-c(ehc2p1, ehc2p2, ehc2p3, ehc2p4, ehc2p5)) %>%
  mutate(months_rel_t1_t2 = rowSums(.[c(4:93)], na.rm = TRUE)) %>%
  mutate_at(c(96:116), as.numeric) %>%
  mutate_at(c(""per3i1"", ""per3i11"", ""per3i9"", ""per3i2"", ""per3i12"", ""per3i17"", ""per3i8"", ""per3i21""),
            ~ recode(., ""1"" = 5, ""2"" = 4, ""3"" = 3, 
                     ""4"" = 2, ""5"" = 1)) %>%
  rowwise() %>%
  mutate(extra_M = round(mean(c(per3i1, per3i6, per3i11, per3i16), na.rm = TRUE), 2),
         neuro_M = round(mean(c(per3i4, per3i9, per3i14, per3i19), na.rm = TRUE), 2),
         agree_M = round(mean(c(per3i2, per3i7, per3i12, per3i17), na.rm = TRUE), 2),
         consc_M = round(mean(c(per3i3, per3i8, per3i13, per3i18), na.rm = TRUE), 2),
         open_M = round(mean(c(per3i5, per3i10, per3i15, per3i20, per3i21), na.rm = TRUE), 2)) %>%
  select(id, aget2, relt2, months_rel_t1_t2, lifesatt2, sinsatt2, extra_M, neuro_M, agree_M, consc_M, open_M) [...] anchor1_3 <- merge(anchor1, anchor2, by = ""id"", all.x = TRUE) [...] ### Participants from wave 11 ###
anchor11 <- anchor11 %>% select(id, sex_gen, ethni, cohort, age, relstat, np, sat6, sat2, starts_with(""per3i"")) %>%
  rename(sex = sex_gen,
         aget1 = age,
         lifesatt1 = sat6,
         sinsatt1 = sat2,
         prevrel = np) %>%
  mutate(relt1 = ifelse(relstat == 1 |
                           relstat == 6 |
                           relstat == 9, 0, 1),
         sex = sex - 1) %>% 
  replace(((.) < 0), NA) %>%
  mutate_at(c(10:30), as.numeric) %>%
  mutate_at(c(""per3i1"", ""per3i11"", ""per3i9"", ""per3i2"", ""per3i12"", ""per3i17"", ""per3i8"", ""per3i21""),
            ~ recode(., ""1"" = 5, ""2"" = 4, ""3"" = 3, 
                     ""4"" = 2, ""5"" = 1)) %>%
  rowwise() %>%
  mutate(extra_M = round(mean(c(per3i1, per3i6, per3i11, per3i16), na.rm = TRUE), 2),
         neuro_M = round(mean(c(per3i4, per3i9, per3i14, per3i19), na.rm = TRUE), 2),
         agree_M = round(mean(c(per3i2, per3i7, per3i12, per3i17), na.rm = TRUE), 2),
         consc_M = round(mean(c(per3i3, per3i8, per3i13, per3i18), na.rm = TRUE), 2),
         open_M = round(mean(c(per3i5, per3i10, per3i15, per3i20, per3i21), na.rm = TRUE), 2)) %>%
  select(id, sex, ethni, cohort, aget1, relt1, prevrel, lifesatt1, sinsatt1, extra_M, neuro_M, agree_M, consc_M, open_M) [...] # wave 10
anchor10 <- anchor10 %>% select(id, starts_with(""per3i"")) %>%
  mutate_at(c(2:22), as.numeric) %>%
  mutate_at(c(""per3i1"", ""per3i11"", ""per3i9"", ""per3i2"", ""per3i12"", ""per3i17"", ""per3i8"", ""per3i21""),
            ~ recode(., ""1"" = 5, ""2"" = 4, ""3"" = 3, 
                     ""4"" = 2, ""5"" = 1)) %>% 
  replace(((.) < 0), NA) %>%
  rowwise() %>%
  mutate(extra_M = round(mean(c(per3i1, per3i6, per3i11, per3i16), na.rm = TRUE), 2),
         neuro_M = round(mean(c(per3i4, per3i9, per3i14, per3i19), na.rm = TRUE), 2),
         agree_M = round(mean(c(per3i2, per3i7, per3i12, per3i17), na.rm = TRUE), 2),
         consc_M = round(mean(c(per3i3, per3i8, per3i13, per3i18), na.rm = TRUE), 2),
         open_M  = round(mean(c(per3i5, per3i10, per3i15, per3i20, per3i21), na.rm = TRUE), 2)) %>%
  select(id, extra_M, neuro_M, agree_M, consc_M, open_M)

anchor11_13 <- anchor11_13 %>% left_join(anchor10, by = ""id"") %>%
  mutate(extra_M = ifelse(is.na(extra_M.x), extra_M.y, extra_M.x),
         neuro_M = ifelse(is.na(neuro_M.x), neuro_M.y, neuro_M.x),
         agree_M = ifelse(is.na(agree_M.x), agree_M.y, agree_M.x),
         consc_M = ifelse(is.na(consc_M.x), consc_M.y, consc_M.x),
         open_M = ifelse(is.na(open_M.x), open_M.y, open_M.x)) %>%
  select(-c(21:30)) [...] data <- rbind(anchor1_3, anchor11_13)  [...] # write.table(data, ""data_wide.txt"")",0_clean_data.R:46-67;85;100-122;170-191;196;299,1,,,,,,,
31,inference criterion,p < .005.,2,"cor <- rcorr(as.matrix(data[, c(""sinsatt1"", ""sinsatt2"", ""sinsatt3"", ""lifesatt1"", ""lifesatt2"", ""lifesatt3"", ""extra_M"", ""neuro_M"")]), type = ""pearson"")",1_descriptive_analyses.R:56,,,,,,,,
32,model specification,"However, as the proportion of singles greatly differed
between the age groups (17% in established adulthood, 31%
in emerging adulthood, and 75% in adolescence) and partici
pants of the later-born cohort were, on average, significantly younger (M =
24.73, SD = 8.69) than participants of theearlier-born cohort (M =
25.87, SD = 8.34, t(9,768)= -8.10, p<.001), we conducted non-preregistered supple
mental analyses and tested Hypothesis 1 also within age groups.",0,"t.test(aget1 ~ histcoh, data = prev)",1_descriptive_analyses.R:114,1,"Independent-samples t test comparing mean age between the earlier-born and later-born prevalence samples at T1 to assess age differences between cohorts. The test showed that participants in the later-born cohort (M = 24.73, SD = 8.69) were significantly younger than those in the earlier-born cohort (M = 25.87, SD = 8.34), t(9,768) = −8.10, p < .001.","However, as the proportion of singles greatly differed between the age groups (17% in established adulthood, 31% in emerging adulthood, and 75% in adolescence) and participants of the later-born cohort were, on average, significantly younger (M = 24.73, SD = 8.69) than participants of the earlier-born cohort (M = 25.87, SD = 8.34, t(9,768) = −8.10, p < .001), we conducted non-preregistered supplemental analyses and tested Hypothesis 1 also within age groups.",,"# differences between earlier- and later-born cohort in age?
t.test(aget1 ~ histcoh, data = prev)",,1,1
32,variable specification,"However, as the proportion of singles greatly differed
between the age groups (17% in established adulthood, 31%
in emerging adulthood, and 75% in adolescence) and partici
pants of the later-born cohort were, on average, significantly younger (M =
24.73, SD = 8.69) than participants of theearlier-born cohort (M =
25.87, SD = 8.34, t(9,768)= -8.10, p<.001), we conducted non-preregistered supple
mental analyses and tested Hypothesis 1 also within age groups.",0,"### create prevalence data

data <- data %>% group_by(cohort, histcoh) %>%
  mutate(prevalence = round(length(which(relt1 == 0)) / (length(which(relt1 == 0)) + length(which(relt1 == 1))), 3))

data_prevalence <- data %>% select(id, sex, histcoh, agegroup, aget1, relt1, prevalence, sinsatt1, sinsatt2, sinsatt3, lifesatt1, lifesatt2, lifesatt3)

# only participants with information on their relationship duration
data_prevalence <- data_prevalence %>% filter(!is.na(relt1))

# only participants who did not participate twice
data_prevalence <- data_prevalence %>% group_by(id) %>%
  mutate(total = sum(n()),
         unique = ifelse(total == 1, 1, 0)) %>%
  select(-total) %>% arrange(id) %>% slice_head()
# write.table(data_prevalence, ""data_prevalences.txt"")[...]prev <- read.table(""data_prevalences.txt"") […] t.test(aget1 ~ histcoh, data = prev)","0_clean_data.R ; 1_descriptive_analyses.R ; 1_descriptive_analyses.R ; 1_descriptive_analyses.R:214-229,95,114",1,"Independent-samples t test comparing mean age between the earlier-born and later-born prevalence samples at T1 to assess age differences between cohorts. The test showed that participants in the later-born cohort (M = 24.73, SD = 8.69) were significantly younger than those in the earlier-born cohort (M = 25.87, SD = 8.34), t(9,768) = −8.10, p < .001.","However, as the proportion of singles greatly differed between the age groups (17% in established adulthood, 31% in emerging adulthood, and 75% in adolescence) and participants of the later-born cohort were, on average, significantly younger (M = 24.73, SD = 8.69) than participants of the earlier-born cohort (M = 25.87, SD = 8.34, t(9,768) = −8.10, p < .001), we conducted non-preregistered supplemental analyses and tested Hypothesis 1 also within age groups.",,"# Prevalences #############

prev <- read.table(""data_prevalences.txt"")
...
# differences between earlier- and later-born cohort in age?
t.test(aget1 ~ histcoh, data = prev)
round(mean(prev[which(prev$histcoh == ""later-born""), ""aget1""], na.rm = TRUE), 2)
round(sd(prev[which(prev$histcoh == ""later-born""), ""aget1""], na.rm = TRUE), 2)

round(mean(prev[which(prev$histcoh == ""earlier-born""), ""aget1""], na.rm = TRUE), 2)
round(sd(prev[which(prev$histcoh == ""earlier-born""), ""aget1""], na.rm = TRUE), 2)",,1,1
32,transformation,,,,,,"Independent-samples t test comparing mean age between the earlier-born and later-born prevalence samples at T1 to assess age differences between cohorts. The test showed that participants in the later-born cohort (M = 24.73, SD = 8.69) were significantly younger than those in the earlier-born cohort (M = 25.87, SD = 8.34), t(9,768) = −8.10, p < .001.","Preparation. To prepare the data for the analyses, we created two additional variables: intraindividual change over time and prevalence of singles. First, intraindividual change describes the number of years since baseline (i.e., T1), ranging from 0 (T1) to 2 (T3). This variable was necessary to examine change in singles’ satisfaction over the time of being single.

Second, we calculated the proportion of singles at T1 (Wave 1 for earlier-born cohort and Wave 11 for later-born cohort), which was done with the prevalence sample of N = 17,697 participants. Higher values indicated a greater share of singles at T1 in the respective cohort.",,"### create prevalence data

data <- data %>% group_by(cohort, histcoh) %>%
  mutate(prevalence = round(length(which(relt1 == 0)) / (length(which(relt1 == 0)) + length(which(relt1 == 1))), 3))

data_prevalence <- data %>% select(id, sex, histcoh, agegroup, aget1, relt1, prevalence, sinsatt1, sinsatt2, sinsatt3, lifesatt1, lifesatt2, lifesatt3)

# only participants with information on their relationship duration
data_prevalence <- data_prevalence %>% filter(!is.na(relt1))

# only participants who did not participate twice
data_prevalence <- data_prevalence %>% group_by(id) %>%
  mutate(total = sum(n()),
         unique = ifelse(total == 1, 1, 0)) %>%
  select(-total) %>% arrange(id) %>% slice_head()
# write.table(data_prevalence, ""data_prevalences.txt"")",,1,
32,variable specification,"However, as the proportion of singles greatly differed
between the age groups (17% in established adulthood, 31%
in emerging adulthood, and 75% in adolescence) and partici
pants of the later-born cohort were, on average, significantly younger (M =
24.73, SD = 8.69) than participants of theearlier-born cohort (M =
25.87, SD = 8.34, t(9,768)= -8.10, p<.001), we conducted non-preregistered supple
mental analyses and tested Hypothesis 1 also within age groups.",0,"anchor1_3$histcoh <- ""earlier-born""[...]anchor11_13$histcoh <- ""later-born"" [...]data <- rbind(anchor1_3, anchor11_13)  [...] data_prevalence <- data %>% select(id, sex, histcoh, agegroup, aget1, relt1, prevalence, sinsatt1, sinsatt2, sinsatt3, lifesatt1, lifesatt2, lifesatt3)[...]# write.table(data_prevalence, ""data_prevalences.txt"") [...]prev <- read.table(""data_prevalences.txt"") [...]t.test(aget1 ~ histcoh, data = prev)","1_descriptive_analyses.R:88,157,196,219,229,95,114",1,"Independent-samples t test comparing mean age between the earlier-born and later-born prevalence samples at T1 to assess age differences between cohorts. The test showed that participants in the later-born cohort (M = 24.73, SD = 8.69) were significantly younger than those in the earlier-born cohort (M = 25.87, SD = 8.34), t(9,768) = −8.10, p < .001.","However, as the proportion of singles greatly differed between the age groups (17% in established adulthood, 31% in emerging adulthood, and 75% in adolescence) and participants of the later-born cohort were, on average, significantly younger (M = 24.73, SD = 8.69) than participants of the earlier-born cohort (M = 25.87, SD = 8.34, t(9,768) = −8.10, p < .001), we conducted non-preregistered supplemental analyses and tested Hypothesis 1 also within age groups.",,"# Prevalences #############

prev <- read.table(""data_prevalences.txt"")
...
# differences between earlier- and later-born cohort in age?
t.test(aget1 ~ histcoh, data = prev)
round(mean(prev[which(prev$histcoh == ""later-born""), ""aget1""], na.rm = TRUE), 2)
round(sd(prev[which(prev$histcoh == ""later-born""), ""aget1""], na.rm = TRUE), 2)

round(mean(prev[which(prev$histcoh == ""earlier-born""), ""aget1""], na.rm = TRUE), 2)
round(sd(prev[which(prev$histcoh == ""earlier-born""), ""aget1""], na.rm = TRUE), 2)",,1,1
32,transformation,,,,,,"Independent-samples t test comparing mean age between the earlier-born and later-born prevalence samples at T1 to assess age differences between cohorts. The test showed that participants in the later-born cohort (M = 24.73, SD = 8.69) were significantly younger than those in the earlier-born cohort (M = 25.87, SD = 8.34), t(9,768) = −8.10, p < .001.","Preparation. To prepare the data for the analyses, we created two additional variables: intraindividual change over time and prevalence of singles. First, intraindividual change describes the number of years since baseline (i.e., T1), ranging from 0 (T1) to 2 (T3). This variable was necessary to examine change in singles’ satisfaction over the time of being single.

Second, we calculated the proportion of singles at T1 (Wave 1 for earlier-born cohort and Wave 11 for later-born cohort), which was done with the prevalence sample of N = 17,697 participants. Higher values indicated a greater share of singles at T1 in the respective cohort.",,"### create prevalence data

data <- data %>% group_by(cohort, histcoh) %>%
  mutate(prevalence = round(length(which(relt1 == 0)) / (length(which(relt1 == 0)) + length(which(relt1 == 1))), 3))

data_prevalence <- data %>% select(id, sex, histcoh, agegroup, aget1, relt1, prevalence, sinsatt1, sinsatt2, sinsatt3, lifesatt1, lifesatt2, lifesatt3)

# only participants with information on their relationship duration
data_prevalence <- data_prevalence %>% filter(!is.na(relt1))

# only participants who did not participate twice
data_prevalence <- data_prevalence %>% group_by(id) %>%
  mutate(total = sum(n()),
         unique = ifelse(total == 1, 1, 0)) %>%
  select(-total) %>% arrange(id) %>% slice_head()
# write.table(data_prevalence, ""data_prevalences.txt"")",,1,
32,inference criterion,,,,,,"Independent-samples t test comparing mean age between the earlier-born and later-born prevalence samples at T1 to assess age differences between cohorts. The test showed that participants in the later-born cohort (M = 24.73, SD = 8.69) were significantly younger than those in the earlier-born cohort (M = 25.87, SD = 8.34), t(9,768) = −8.10, p < .001.","However, as the proportion of singles greatly differed between the age groups (17% in established adulthood, 31% in emerging adulthood, and 75% in adolescence) and participants of the later-born cohort were, on average, significantly younger (M = 24.73, SD = 8.69) than participants of the earlier-born cohort (M = 25.87, SD = 8.34, t(9,768) = −8.10, p < .001), we conducted non-preregistered supplemental analyses and tested Hypothesis 1 also within age groups.",,"# differences between earlier- and later-born cohort in age?
t.test(aget1 ~ histcoh, data = prev)",,,
33,model specification," As illustrated in Figure 1, the cohort-sequential design allowed for cohort comparisons within each age group. Specifically, we labeled individuals from birth cohorts 1991 to 1993, 1981 to 1983, and 1971 to 1973 who participated in Waves 1 to 3 as earlierborn cohort and individuals from birth cohorts 2001 to 2003, 1991 to 1993, and 1981 to 1983 who participated in Waves 11 to 13 as later-born cohort. [...] We tested differences between the later born and earlier-born cohort in the prevalence of singles
(Hypothesis 1) using a chi-square test and computed Spearman’s rank correlations to assess the association between the prevalence of singles and satisfaction at T1 (Hypothesis 2). [...] However, as the proportion of singles greatly differed
between the age groups (17% in established adulthood, 31% in emerging adulthood, and 75% in adolescence) and partici pants of the later-born cohort were, on average, significantly younger (M = 24.73, SD = 8.69) than participants of theearlier-born cohort (M = 25.87, SD = 8.34, t(9,768)= -8.10, p<.001), we conducted non-preregistered supple mental analyses and tested Hypothesis 1 also within age groups. We observed significant cohort-related differences
for adolescents: Adolescents born in 2001 to 2003 were significantly
more often single (77%) than adolescents born in
1991 to 1993 (74%; χ2(1) = 5.42, p = .020). The proportion
of singles did neither differ between emerging adults born in
1981 to 1983 (31%) and 1991 to 1993 (30%) nor differ
between established adults born in 1981 to 1983 (16%) and
1971 to 1973 (17%), both ps ≥ .339.",0,"chisq.test(table(adolescents$relt1, adolescents$histcoh))",1_descriptive_analyses.R:134,1,"Chi-square test comparing the prevalence of singles among adolescents between cohorts, specifically adolescents born in 1991–1993 (earlier-born) vs. 2001–2003 (later-born). The analysis tested whether adolescent singles were more common in the later-born cohort and found a significantly higher proportion single in 2001–2003 (77%) than in 1991–1993 (74%), χ²(1) = 5.42, p = .020.",We tested differences between the later-born and earlier-born cohort in the prevalence of singles (Hypothesis 1) using a chi-square test and computed Spear‑man’s rank correlations to assess the association between the prevalence of singles and satisfaction at T1 (Hypothesis 2).,,"#Prevalences by age group
adolescents <- prev %>% filter(agegroup == ""adolescents"")

# Differences in later- vs. earlier-born cohorts by age group

# Adolescents
chisq.test(table(adolescents$relt1, adolescents$histcoh))",,1,1
33,variable specification," As illustrated in Figure 1, the cohort-sequential design allowed for cohort comparisons within each age group. Specifically, we labeled individuals from birth cohorts 1991 to 1993, 1981 to 1983, and 1971 to 1973 who participated in Waves 1 to 3 as earlierborn cohort and individuals from birth cohorts 2001 to 2003, 1991 to 1993, and 1981 to 1983 who participated in Waves 11 to 13 as later-born cohort. [...] We tested differences between the later born and earlier-born cohort in the prevalence of singles
(Hypothesis 1) using a chi-square test and computed Spearman’s rank correlations to assess the association between the prevalence of singles and satisfaction at T1 (Hypothesis 2). [...] However, as the proportion of singles greatly differed
between the age groups (17% in established adulthood, 31% in emerging adulthood, and 75% in adolescence) and partici pants of the later-born cohort were, on average, significantly younger (M = 24.73, SD = 8.69) than participants of theearlier-born cohort (M = 25.87, SD = 8.34, t(9,768)= -8.10, p<.001), we conducted non-preregistered supple mental analyses and tested Hypothesis 1 also within age groups.We observed significant cohort-related differences
for adolescents: Adolescents born in 2001 to 2003 were significantly
more often single (77%) than adolescents born in
1991 to 1993 (74%; χ2(1) = 5.42, p = .020). The proportion
of singles did neither differ between emerging adults born in
1981 to 1983 (31%) and 1991 to 1993 (30%) nor differ
between established adults born in 1981 to 1983 (16%) and
1971 to 1973 (17%), both ps ≥ .339.",0,"prev <- read.table(""data_prevalences.txt"") […]adolescents <- prev %>% filter(agegroup == ""adolescents"") […] chisq.test(table(adolescents$relt1, adolescents$histcoh))",1_descriptive_analyses.R:95;123;134,1,"Chi-square test comparing the prevalence of singles among adolescents between cohorts, specifically adolescents born in 1991–1993 (earlier-born) vs. 2001–2003 (later-born). The analysis tested whether adolescent singles were more common in the later-born cohort and found a significantly higher proportion single in 2001–2003 (77%) than in 1991–1993 (74%), χ²(1) = 5.42, p = .020.","However, as the proportion of singles greatly differed between the age groups (17% in established adulthood, 31% in emerging adulthood, and 75% in adolescence) and participants of the later-born cohort were, on average, significantly younger (M = 24.73, SD = 8.69) than participants of the earlier-born cohort (M = 25.87, SD = 8.34, t(9,768) = −8.10, p < .001), we conducted non-preregistered supplemental analyses and tested Hypothesis 1 also within age groups. We observed significant cohort-related differences for adolescents: Adolescents born in 2001 to 2003 were significantly more often single (77%) than adolescents born in 1991 to 1993 (74%; χ2(1) = 5.42, p = .020). Second, we calculated the proportion of singles at T1 (Wave 1 for earlier-born cohort and Wave 11 for later-born cohort), which was done with the prevalence sample of N = 17,697 participants. Higher values indicated a greater share of singles at T1 in the respective cohort. Single individuals/cohort describes the proportion of single individuals in each cohort at T1 (Wave 1 for earlier-born cohort and Wave 11 for later-born cohort).",,"### Prevalences #############

prev <- read.table(""data_prevalences.txt"")

# across age groups
prev %>% group_by(histcoh) %>%
  summarize(n_single = sum(relt1 == 0), 
            n = n())

# separated by age group
prev %>% group_by(histcoh, agegroup) %>%
  summarize(n_single = sum(relt1 == 0), 
            n = n())
...
#Prevalences by age group
adolescents <- prev %>% filter(agegroup == ""adolescents"")
emerging <- prev %>% filter(agegroup == ""emerging"")
established <- prev %>% filter(agegroup == ""established"")

round(prop.table(table(adolescents$relt1)), 2) 
round(prop.table(table(emerging$relt1)), 2) 
round(prop.table(table(established$relt1)), 2) 
  
# Differences in later- vs. earlier-born cohorts by age group

# Adolescents
chisq.test(table(adolescents$relt1, adolescents$histcoh))

round(prop.table(table(adolescents[which(adolescents$histcoh == ""earlier-born""), ""relt1""])), 2)
round(prop.table(table(adolescents[which(adolescents$histcoh == ""later-born""), ""relt1""])), 2)",,1,1
33,transformation,,,,,,"Chi-square test comparing the prevalence of singles among adolescents between cohorts, specifically adolescents born in 1991–1993 (earlier-born) vs. 2001–2003 (later-born). The analysis tested whether adolescent singles were more common in the later-born cohort and found a significantly higher proportion single in 2001–2003 (77%) than in 1991–1993 (74%), χ²(1) = 5.42, p = .020.","To prepare the data for the analyses, we created two additional variables: intraindividual change over time and prevalence of singles. ... Second, we calculated the proportion of singles at T1 (Wave 1 for earlier-born cohort and Wave 11 for later-born cohort), which was done with the prevalence sample of N = 17,697 participants. Higher values indicated a greater share of singles at T1 in the respective cohort.",,"### construct age groups ###

data <- data %>% group_by(cohort, histcoh) %>%
  mutate(agegroup = ifelse(histcoh == ""earlier-born"" & cohort == 1 | histcoh == ""later-born"" & cohort == 4, ""adolescents"", NA),
         agegroup = ifelse(histcoh == ""earlier-born"" & cohort == 2 | histcoh == ""later-born"" & cohort == 1, ""emerging"", agegroup),
         agegroup = ifelse(histcoh == ""earlier-born"" & cohort == 3 | histcoh == ""later-born"" & cohort == 2, ""established"", agegroup))

######################### FILTER PARTICIPANTS ##############################

### relevant cohorts (earlier-born: 1, 2, 3; later-born: 4,1,2)
data <- data %>% filter(histcoh == ""earlier-born"" & (cohort == 1 | cohort == 2 | cohort == 3) |
                        histcoh == ""later-born"" & (cohort == 4 | cohort == 1 | cohort == 2)) # N = 20,212

n_distinct(data$id) # N = 17,730 unique participants
data_all <- data # save for attrition analysis

### create prevalence data

data <- data %>% group_by(cohort, histcoh) %>%
  mutate(prevalence = round(length(which(relt1 == 0)) / (length(which(relt1 == 0)) + length(which(relt1 == 1))), 3))

data_prevalence <- data %>% select(id, sex, histcoh, agegroup, aget1, relt1, prevalence, sinsatt1, sinsatt2, sinsatt3, lifesatt1, lifesatt2, lifesatt3)

# only participants with information on their relationship duration
data_prevalence <- data_prevalence %>% filter(!is.na(relt1))

# only participants who did not participate twice
data_prevalence <- data_prevalence %>% group_by(id) %>%
  mutate(total = sum(n()),
         unique = ifelse(total == 1, 1, 0)) %>%
  select(-total) %>% arrange(id) %>% slice_head()",,1,
33,variable specification," As illustrated in Figure 1, the cohort-sequential design allowed for cohort comparisons within each age group. Specifically, we labeled individuals from birth cohorts 1991 to 1993, 1981 to 1983, and 1971 to 1973 who participated in Waves 1 to 3 as earlierborn cohort and individuals from birth cohorts 2001 to 2003, 1991 to 1993, and 1981 to 1983 who participated in Waves 11 to 13 as later-born cohort. [...] We tested differences between the later born and earlier-born cohort in the prevalence of singles
(Hypothesis 1) using a chi-square test and computed Spearman’s rank correlations to assess the association between the prevalence of singles and satisfaction at T1 (Hypothesis 2). [...] However, as the proportion of singles greatly differed
between the age groups (17% in established adulthood, 31% in emerging adulthood, and 75% in adolescence) and partici pants of the later-born cohort were, on average, significantly younger (M = 24.73, SD = 8.69) than participants of theearlier-born cohort (M = 25.87, SD = 8.34, t(9,768)= -8.10, p<.001), we conducted non-preregistered supple mental analyses and tested Hypothesis 1 also within age groups.We observed significant cohort-related differences
for adolescents: Adolescents born in 2001 to 2003 were significantly
more often single (77%) than adolescents born in
1991 to 1993 (74%; χ2(1) = 5.42, p = .020). The proportion
of singles did neither differ between emerging adults born in
1981 to 1983 (31%) and 1991 to 1993 (30%) nor differ
between established adults born in 1981 to 1983 (16%) and
1971 to 1973 (17%), both ps ≥ .339.",0,"anchor1_3$histcoh <- ""earlier-born""[...]anchor11_13$histcoh <- ""later-born"" [...]data <- rbind(anchor1_3, anchor11_13)  [...] data_prevalence <- data %>% select(id, sex, histcoh, agegroup, aget1, relt1, prevalence, sinsatt1, sinsatt2, sinsatt3, lifesatt1, lifesatt2, lifesatt3)[...]# write.table(data_prevalence, ""data_prevalences.txt"") [...]prev <- read.table(""data_prevalences.txt"") [...]adolescents <- prev %>% filter(agegroup == ""adolescents"") [...] chisq.test(table(adolescents$relt1, adolescents$histcoh))","0_clean_data.R ; 0_clean_data.R ; 0_clean_data.R ; 0_clean_data.R ; 0_clean_data.R ; 1_descriptive_analyses.R ; 1_descriptive_analyses.R:88,157,196,219,229,95,123;134",1,"Chi-square test comparing the prevalence of singles among adolescents between cohorts, specifically adolescents born in 1991–1993 (earlier-born) vs. 2001–2003 (later-born). The analysis tested whether adolescent singles were more common in the later-born cohort and found a significantly higher proportion single in 2001–2003 (77%) than in 1991–1993 (74%), χ²(1) = 5.42, p = .020.","However, as the proportion of singles greatly differed between the age groups (17% in established adulthood, 31% in emerging adulthood, and 75% in adolescence) and participants of the later-born cohort were, on average, significantly younger (M = 24.73, SD = 8.69) than participants of the earlier-born cohort (M = 25.87, SD = 8.34, t(9,768) = −8.10, p < .001), we conducted non-preregistered supplemental analyses and tested Hypothesis 1 also within age groups. We observed significant cohort-related differences for adolescents: Adolescents born in 2001 to 2003 were significantly more often single (77%) than adolescents born in 1991 to 1993 (74%; χ2(1) = 5.42, p = .020). Second, we calculated the proportion of singles at T1 (Wave 1 for earlier-born cohort and Wave 11 for later-born cohort), which was done with the prevalence sample of N = 17,697 participants. Higher values indicated a greater share of singles at T1 in the respective cohort. Single individuals/cohort describes the proportion of single individuals in each cohort at T1 (Wave 1 for earlier-born cohort and Wave 11 for later-born cohort).",,"### Prevalences #############

prev <- read.table(""data_prevalences.txt"")

# across age groups
prev %>% group_by(histcoh) %>%
  summarize(n_single = sum(relt1 == 0), 
            n = n())

# separated by age group
prev %>% group_by(histcoh, agegroup) %>%
  summarize(n_single = sum(relt1 == 0), 
            n = n())
...
#Prevalences by age group
adolescents <- prev %>% filter(agegroup == ""adolescents"")
emerging <- prev %>% filter(agegroup == ""emerging"")
established <- prev %>% filter(agegroup == ""established"")

round(prop.table(table(adolescents$relt1)), 2) 
round(prop.table(table(emerging$relt1)), 2) 
round(prop.table(table(established$relt1)), 2) 
  
# Differences in later- vs. earlier-born cohorts by age group

# Adolescents
chisq.test(table(adolescents$relt1, adolescents$histcoh))

round(prop.table(table(adolescents[which(adolescents$histcoh == ""earlier-born""), ""relt1""])), 2)
round(prop.table(table(adolescents[which(adolescents$histcoh == ""later-born""), ""relt1""])), 2)",,1,1
33,transformation,,,,,,"Chi-square test comparing the prevalence of singles among adolescents between cohorts, specifically adolescents born in 1991–1993 (earlier-born) vs. 2001–2003 (later-born). The analysis tested whether adolescent singles were more common in the later-born cohort and found a significantly higher proportion single in 2001–2003 (77%) than in 1991–1993 (74%), χ²(1) = 5.42, p = .020.","To prepare the data for the analyses, we created two additional variables: intraindividual change over time and prevalence of singles. ... Second, we calculated the proportion of singles at T1 (Wave 1 for earlier-born cohort and Wave 11 for later-born cohort), which was done with the prevalence sample of N = 17,697 participants. Higher values indicated a greater share of singles at T1 in the respective cohort.",,"### construct age groups ###

data <- data %>% group_by(cohort, histcoh) %>%
  mutate(agegroup = ifelse(histcoh == ""earlier-born"" & cohort == 1 | histcoh == ""later-born"" & cohort == 4, ""adolescents"", NA),
         agegroup = ifelse(histcoh == ""earlier-born"" & cohort == 2 | histcoh == ""later-born"" & cohort == 1, ""emerging"", agegroup),
         agegroup = ifelse(histcoh == ""earlier-born"" & cohort == 3 | histcoh == ""later-born"" & cohort == 2, ""established"", agegroup))

######################### FILTER PARTICIPANTS ##############################

### relevant cohorts (earlier-born: 1, 2, 3; later-born: 4,1,2)
data <- data %>% filter(histcoh == ""earlier-born"" & (cohort == 1 | cohort == 2 | cohort == 3) |
                        histcoh == ""later-born"" & (cohort == 4 | cohort == 1 | cohort == 2)) # N = 20,212

n_distinct(data$id) # N = 17,730 unique participants
data_all <- data # save for attrition analysis

### create prevalence data

data <- data %>% group_by(cohort, histcoh) %>%
  mutate(prevalence = round(length(which(relt1 == 0)) / (length(which(relt1 == 0)) + length(which(relt1 == 1))), 3))

data_prevalence <- data %>% select(id, sex, histcoh, agegroup, aget1, relt1, prevalence, sinsatt1, sinsatt2, sinsatt3, lifesatt1, lifesatt2, lifesatt3)

# only participants with information on their relationship duration
data_prevalence <- data_prevalence %>% filter(!is.na(relt1))

# only participants who did not participate twice
data_prevalence <- data_prevalence %>% group_by(id) %>%
  mutate(total = sum(n()),
         unique = ifelse(total == 1, 1, 0)) %>%
  select(-total) %>% arrange(id) %>% slice_head()",,1,
33,inference criterion,,,,,,"Chi-square test comparing the prevalence of singles among adolescents between cohorts, specifically adolescents born in 1991–1993 (earlier-born) vs. 2001–2003 (later-born). The analysis tested whether adolescent singles were more common in the later-born cohort and found a significantly higher proportion single in 2001–2003 (77%) than in 1991–1993 (74%), χ²(1) = 5.42, p = .020.","We observed significant cohort-related differences for adolescents: Adolescents born in 2001 to 2003 were significantly more often single (77%) than adolescents born in 1991 to 1993 (74%; χ2(1) = 5.42, p = .020).",,"# Adolescents
chisq.test(table(adolescents$relt1, adolescents$histcoh))",,1,
34,model specification," As illustrated in Figure 1, the cohort-sequential design allowed for cohort comparisons within each age group. Specifically, we labeled individuals from birth cohorts 1991 to 1993, 1981 to 1983, and 1971 to 1973 who participated in Waves 1 to 3 as earlierborn cohort and individuals from birth cohorts 2001 to 2003, 1991 to 1993, and 1981 to 1983 who participated in Waves 11 to 13 as later-born cohort. [...] We tested differences between the later born and earlier-born cohort in the prevalence of singles
(Hypothesis 1) using a chi-square test and computed Spearman’s rank correlations to assess the association between the prevalence of singles and satisfaction at T1 (Hypothesis 2). [...] However, as the proportion of singles greatly differed
between the age groups (17% in established adulthood, 31% in emerging adulthood, and 75% in adolescence) and partici pants of the later-born cohort were, on average, significantly younger (M = 24.73, SD = 8.69) than participants of theearlier-born cohort (M = 25.87, SD = 8.34, t(9,768)= -8.10, p<.001), we conducted non-preregistered supple mental analyses and tested Hypothesis 1 also within age groups.We observed significant cohort-related differences
for adolescents: Adolescents born in 2001 to 2003 were significantly
more often single (77%) than adolescents born in
1991 to 1993 (74%; χ2(1) = 5.42, p = .020). The proportion
of singles did neither differ between emerging adults born in
1981 to 1983 (31%) and 1991 to 1993 (30%) nor differ
between established adults born in 1981 to 1983 (16%) and
1971 to 1973 (17%), both ps ≥ .339.",0,"chisq.test(table(emerging$relt1, emerging$histcoh))",1_descriptive_analyses.R:140,1,"Chi-square test comparing the prevalence of singles among emerging adults between cohorts, contrasting those born 1981–1983 vs. 1991–1993. The test examined whether the share of singles differed historically in emerging adulthood; no significant difference in prevalence was detected (31% vs. 30%, ps ≥ .339).",We tested differences between the later-born and earlier-born cohort in the prevalence of singles (Hypothesis 1) using a chi-square test and computed Spearman’s rank correlations to assess the association between the prevalence of singles and satisfaction at T1 (Hypothesis 2).,,"#Prevalences by age group
adolescents <- prev %>% filter(agegroup == ""adolescents"")
emerging <- prev %>% filter(agegroup == ""emerging"")
established <- prev %>% filter(agegroup == ""established"")
...
# Emerging adults
chisq.test(table(emerging$relt1, emerging$histcoh))",,1,1
34,variable specification," As illustrated in Figure 1, the cohort-sequential design allowed for cohort comparisons within each age group. Specifically, we labeled individuals from birth cohorts 1991 to 1993, 1981 to 1983, and 1971 to 1973 who participated in Waves 1 to 3 as earlierborn cohort and individuals from birth cohorts 2001 to 2003, 1991 to 1993, and 1981 to 1983 who participated in Waves 11 to 13 as later-born cohort. [...] We tested differences between the later born and earlier-born cohort in the prevalence of singles
(Hypothesis 1) using a chi-square test and computed Spearman’s rank correlations to assess the association between the prevalence of singles and satisfaction at T1 (Hypothesis 2). [...] However, as the proportion of singles greatly differed
between the age groups (17% in established adulthood, 31% in emerging adulthood, and 75% in adolescence) and partici pants of the later-born cohort were, on average, significantly younger (M = 24.73, SD = 8.69) than participants of theearlier-born cohort (M = 25.87, SD = 8.34, t(9,768)= -8.10, p<.001), we conducted non-preregistered supple mental analyses and tested Hypothesis 1 also within age groups.We observed significant cohort-related differences
for adolescents: Adolescents born in 2001 to 2003 were significantly
more often single (77%) than adolescents born in
1991 to 1993 (74%; χ2(1) = 5.42, p = .020). The proportion
of singles did neither differ between emerging adults born in
1981 to 1983 (31%) and 1991 to 1993 (30%) nor differ
between established adults born in 1981 to 1983 (16%) and
1971 to 1973 (17%), both ps ≥ .339.",0,"prev <- read.table(""data_prevalences.txt"") […] emerging <- prev %>% filter(agegroup == ""emerging"") […] chisq.test(table(emerging$relt1, emerging$histcoh))",1_descriptive_analyses.R:95;124;140,1,"Chi-square test comparing the prevalence of singles among emerging adults between cohorts, contrasting those born 1981–1983 vs. 1991–1993. The test examined whether the share of singles differed historically in emerging adulthood; no significant difference in prevalence was detected (31% vs. 30%, ps ≥ .339).","We observed significant cohort-related differences for adolescents: Adolescents born in 2001 to 2003 were significantly more often single (77%) than adolescents born in 1991 to 1993 (74%; χ2(1) = 5.42, p = .020). The proportion of singles did neither differ between emerging adults born in 1981 to 1983 (31%) and 1991 to 1993 (30%) nor differ between established adults born in 1981 to 1983 (16%) and 1971 to 1973 (17%), both ps ≥ .339.",,"#Prevalences by age group
adolescents <- prev %>% filter(agegroup == ""adolescents"")
emerging <- prev %>% filter(agegroup == ""emerging"")
established <- prev %>% filter(agegroup == ""established"")

# Emerging adults
chisq.test(table(emerging$relt1, emerging$histcoh))

round(prop.table(table(emerging[which(emerging$histcoh == ""earlier-born""), ""relt1""])), 3)
round(prop.table(table(emerging[which(emerging$histcoh == ""later-born""), ""relt1""])), 3)",,1,1
34,transformation,,,,,,"Chi-square test comparing the prevalence of singles among emerging adults between cohorts, contrasting those born 1981–1983 vs. 1991–1993. The test examined whether the share of singles differed historically in emerging adulthood; no significant difference in prevalence was detected (31% vs. 30%, ps ≥ .339).","To prepare the data for the analyses, we created two additional variables: intraindividual change over time and prevalence of singles. First, intraindividual change describes the number of years since baseline (i.e., T1), ranging from 0 (T1) to 2 (T3). This variable was necessary to examine change in singles’ satisfaction over the time of being single.
Second, we calculated the proportion of singles at T1 (Wave 1 for earlier-born cohort and Wave 11 for later-born cohort), which was done with the prevalence sample of N = 17,697 participants. Higher values indicated a greater share of singles at T1 in the respective cohort.",,"#Prevalences by age group
adolescents <- prev %>% filter(agegroup == ""adolescents"")
emerging <- prev %>% filter(agegroup == ""emerging"")
established <- prev %>% filter(agegroup == ""established"")

round(prop.table(table(adolescents$relt1)), 2) 
round(prop.table(table(emerging$relt1)), 2) 
round(prop.table(table(established$relt1)), 2) 
  
# Differences in later- vs. earlier-born cohorts by age group

# Adolescents
chisq.test(table(adolescents$relt1, adolescents$histcoh))

round(prop.table(table(adolescents[which(adolescents$histcoh == ""earlier-born""), ""relt1""])), 2)
round(prop.table(table(adolescents[which(adolescents$histcoh == ""later-born""), ""relt1""])), 2)

# Emerging adults
chisq.test(table(emerging$relt1, emerging$histcoh))

round(prop.table(table(emerging[which(emerging$histcoh == ""earlier-born""), ""relt1""])), 3)
round(prop.table(table(emerging[which(emerging$histcoh == ""later-born""), ""relt1""])), 3) 

# Established adults
chisq.test(table(established$relt1, established$histcoh))

round(prop.table(table(established[which(established$histcoh == ""earlier-born""), ""relt1""])), 3)
round(prop.table(table(established[which(established$histcoh == ""later-born""), ""relt1""])), 3)",,1,
34,variable specification," As illustrated in Figure 1, the cohort-sequential design allowed for cohort comparisons within each age group. Specifically, we labeled individuals from birth cohorts 1991 to 1993, 1981 to 1983, and 1971 to 1973 who participated in Waves 1 to 3 as earlierborn cohort and individuals from birth cohorts 2001 to 2003, 1991 to 1993, and 1981 to 1983 who participated in Waves 11 to 13 as later-born cohort. [...] We tested differences between the later born and earlier-born cohort in the prevalence of singles
(Hypothesis 1) using a chi-square test and computed Spearman’s rank correlations to assess the association between the prevalence of singles and satisfaction at T1 (Hypothesis 2). [...] However, as the proportion of singles greatly differed
between the age groups (17% in established adulthood, 31% in emerging adulthood, and 75% in adolescence) and partici pants of the later-born cohort were, on average, significantly younger (M = 24.73, SD = 8.69) than participants of theearlier-born cohort (M = 25.87, SD = 8.34, t(9,768)= -8.10, p<.001), we conducted non-preregistered supple mental analyses and tested Hypothesis 1 also within age groups.We observed significant cohort-related differences
for adolescents: Adolescents born in 2001 to 2003 were significantly
more often single (77%) than adolescents born in
1991 to 1993 (74%; χ2(1) = 5.42, p = .020). The proportion
of singles did neither differ between emerging adults born in
1981 to 1983 (31%) and 1991 to 1993 (30%) nor differ
between established adults born in 1981 to 1983 (16%) and
1971 to 1973 (17%), both ps ≥ .339.",0,"anchor1_3$histcoh <- ""earlier-born""[...]anchor11_13$histcoh <- ""later-born"" [...]data <- rbind(anchor1_3, anchor11_13)  [...] data_prevalence <- data %>% select(id, sex, histcoh, agegroup, aget1, relt1, prevalence, sinsatt1, sinsatt2, sinsatt3, lifesatt1, lifesatt2, lifesatt3)[...]# write.table(data_prevalence, ""data_prevalences.txt"") [...]prev <- read.table(""data_prevalences.txt"")  […] emerging <- prev %>% filter(agegroup == ""emerging"") […] chisq.test(table(emerging$relt1, emerging$histcoh))","0_clean_data.R ; 0_clean_data.R ; 0_clean_data.R ; 0_clean_data.R ; 0_clean_data.R ; 1_descriptive_analyses.R ; 1_descriptive_analyses.R:88,157,196,219,229,95,124;140",1,"Chi-square test comparing the prevalence of singles among emerging adults between cohorts, contrasting those born 1981–1983 vs. 1991–1993. The test examined whether the share of singles differed historically in emerging adulthood; no significant difference in prevalence was detected (31% vs. 30%, ps ≥ .339).","We observed significant cohort-related differences for adolescents: Adolescents born in 2001 to 2003 were significantly more often single (77%) than adolescents born in 1991 to 1993 (74%; χ2(1) = 5.42, p = .020). The proportion of singles did neither differ between emerging adults born in 1981 to 1983 (31%) and 1991 to 1993 (30%) nor differ between established adults born in 1981 to 1983 (16%) and 1971 to 1973 (17%), both ps ≥ .339.",,"#Prevalences by age group
adolescents <- prev %>% filter(agegroup == ""adolescents"")
emerging <- prev %>% filter(agegroup == ""emerging"")
established <- prev %>% filter(agegroup == ""established"")

# Emerging adults
chisq.test(table(emerging$relt1, emerging$histcoh))

round(prop.table(table(emerging[which(emerging$histcoh == ""earlier-born""), ""relt1""])), 3)
round(prop.table(table(emerging[which(emerging$histcoh == ""later-born""), ""relt1""])), 3)",,1,1
34,transformation,,,,,,"Chi-square test comparing the prevalence of singles among emerging adults between cohorts, contrasting those born 1981–1983 vs. 1991–1993. The test examined whether the share of singles differed historically in emerging adulthood; no significant difference in prevalence was detected (31% vs. 30%, ps ≥ .339).","To prepare the data for the analyses, we created two additional variables: intraindividual change over time and prevalence of singles. First, intraindividual change describes the number of years since baseline (i.e., T1), ranging from 0 (T1) to 2 (T3). This variable was necessary to examine change in singles’ satisfaction over the time of being single.
Second, we calculated the proportion of singles at T1 (Wave 1 for earlier-born cohort and Wave 11 for later-born cohort), which was done with the prevalence sample of N = 17,697 participants. Higher values indicated a greater share of singles at T1 in the respective cohort.",,"#Prevalences by age group
adolescents <- prev %>% filter(agegroup == ""adolescents"")
emerging <- prev %>% filter(agegroup == ""emerging"")
established <- prev %>% filter(agegroup == ""established"")

round(prop.table(table(adolescents$relt1)), 2) 
round(prop.table(table(emerging$relt1)), 2) 
round(prop.table(table(established$relt1)), 2) 
  
# Differences in later- vs. earlier-born cohorts by age group

# Adolescents
chisq.test(table(adolescents$relt1, adolescents$histcoh))

round(prop.table(table(adolescents[which(adolescents$histcoh == ""earlier-born""), ""relt1""])), 2)
round(prop.table(table(adolescents[which(adolescents$histcoh == ""later-born""), ""relt1""])), 2)

# Emerging adults
chisq.test(table(emerging$relt1, emerging$histcoh))

round(prop.table(table(emerging[which(emerging$histcoh == ""earlier-born""), ""relt1""])), 3)
round(prop.table(table(emerging[which(emerging$histcoh == ""later-born""), ""relt1""])), 3) 

# Established adults
chisq.test(table(established$relt1, established$histcoh))

round(prop.table(table(established[which(established$histcoh == ""earlier-born""), ""relt1""])), 3)
round(prop.table(table(established[which(established$histcoh == ""later-born""), ""relt1""])), 3)",,1,
34,inference criterion,,,,,,"Chi-square test comparing the prevalence of singles among emerging adults between cohorts, contrasting those born 1981–1983 vs. 1991–1993. The test examined whether the share of singles differed historically in emerging adulthood; no significant difference in prevalence was detected (31% vs. 30%, ps ≥ .339).","The proportion of singles did neither differ between emerging adults born in 1981 to 1983 (31%) and 1991 to 1993 (30%) nor differ between established adults born in 1981 to 1983 (16%) and 1971 to 1973 (17%), both ps ≥ .339.",,"# Emerging adults
chisq.test(table(emerging$relt1, emerging$histcoh))",,,
35,model specification," As illustrated in Figure 1, the cohort-sequential design allowed for cohort comparisons within each age group. Specifically, we labeled individuals from birth cohorts 1991 to 1993, 1981 to 1983, and 1971 to 1973 who participated in Waves 1 to 3 as earlierborn cohort and individuals from birth cohorts 2001 to 2003, 1991 to 1993, and 1981 to 1983 who participated in Waves 11 to 13 as later-born cohort. [...] We tested differences between the later born and earlier-born cohort in the prevalence of singles
(Hypothesis 1) using a chi-square test and computed Spearman’s rank correlations to assess the association between the prevalence of singles and satisfaction at T1 (Hypothesis 2). [...] However, as the proportion of singles greatly differed
between the age groups (17% in established adulthood, 31% in emerging adulthood, and 75% in adolescence) and partici pants of the later-born cohort were, on average, significantly younger (M = 24.73, SD = 8.69) than participants of theearlier-born cohort (M = 25.87, SD = 8.34, t(9,768)= -8.10, p<.001), we conducted non-preregistered supple mental analyses and tested Hypothesis 1 also within age groups.We observed significant cohort-related differences
for adolescents: Adolescents born in 2001 to 2003 were significantly
more often single (77%) than adolescents born in
1991 to 1993 (74%; χ2(1) = 5.42, p = .020). The proportion
of singles did neither differ between emerging adults born in
1981 to 1983 (31%) and 1991 to 1993 (30%) nor differ
between established adults born in 1981 to 1983 (16%) and
1971 to 1973 (17%), both ps ≥ .339.",0,"chisq.test(table(established$relt1, established$histcoh))",1_descriptive_analyses.R:146,1,"Chi-square test comparing the prevalence of singles among established adults between cohorts, contrasting those born 1971–1973 vs. 1981–1983. The analysis assessed historical differences in singlehood rates in established adulthood and found no significant cohort difference (17% vs. 16%, ps ≥ .339).","Analytic Strategy. We tested differences between the later-born and earlier-born cohort in the prevalence of singles (Hypothesis 1) using a chi-square test and computed Spearman’s rank correlations to assess the association between the prevalence of singles and satisfaction at T1 (Hypothesis 2).

Prevalence of Singles
First, we inspected the prevalence of singles in each cohort (Hypothesis 1) and its association with satisfaction (Hypothesis 2). An overview of the main findings for each hypothesis is shown in Table 3. The chi-square test indicated that the later-born (47%) and earlier-born (42%) cohorts significantly differed in their proportions of singles (χ2(1) = 52.73, p < .001).",,"#Prevalences by age group
adolescents <- prev %>% filter(agegroup == ""adolescents"")
emerging <- prev %>% filter(agegroup == ""emerging"")
established <- prev %>% filter(agegroup == ""established"")

round(prop.table(table(adolescents$relt1)), 2) 
round(prop.table(table(emerging$relt1)), 2) 
round(prop.table(table(established$relt1)), 2) 
  
# Differences in later- vs. earlier-born cohorts by age group

# Adolescents
chisq.test(table(adolescents$relt1, adolescents$histcoh))

round(prop.table(table(adolescents[which(adolescents$histcoh == ""earlier-born""), ""relt1""])), 2)
round(prop.table(table(adolescents[which(adolescents$histcoh == ""later-born""), ""relt1""])), 2)

# Emerging adults
chisq.test(table(emerging$relt1, emerging$histcoh))

round(prop.table(table(emerging[which(emerging$histcoh == ""earlier-born""), ""relt1""])), 3)
round(prop.table(table(emerging[which(emerging$histcoh == ""later-born""), ""relt1""])), 3) 

# Established adults
chisq.test(table(established$relt1, established$histcoh))

round(prop.table(table(established[which(established$histcoh == ""earlier-born""), ""relt1""])), 3)
round(prop.table(table(established[which(established$histcoh == ""later-born""), ""relt1""])), 3)",,1,1
35,variable specification," As illustrated in Figure 1, the cohort-sequential design allowed for cohort comparisons within each age group. Specifically, we labeled individuals from birth cohorts 1991 to 1993, 1981 to 1983, and 1971 to 1973 who participated in Waves 1 to 3 as earlierborn cohort and individuals from birth cohorts 2001 to 2003, 1991 to 1993, and 1981 to 1983 who participated in Waves 11 to 13 as later-born cohort. [...] We tested differences between the later born and earlier-born cohort in the prevalence of singles
(Hypothesis 1) using a chi-square test and computed Spearman’s rank correlations to assess the association between the prevalence of singles and satisfaction at T1 (Hypothesis 2). [...] However, as the proportion of singles greatly differed
between the age groups (17% in established adulthood, 31% in emerging adulthood, and 75% in adolescence) and partici pants of the later-born cohort were, on average, significantly younger (M = 24.73, SD = 8.69) than participants of theearlier-born cohort (M = 25.87, SD = 8.34, t(9,768)= -8.10, p<.001), we conducted non-preregistered supple mental analyses and tested Hypothesis 1 also within age groups.We observed significant cohort-related differences
for adolescents: Adolescents born in 2001 to 2003 were significantly
more often single (77%) than adolescents born in
1991 to 1993 (74%; χ2(1) = 5.42, p = .020). The proportion
of singles did neither differ between emerging adults born in
1981 to 1983 (31%) and 1991 to 1993 (30%) nor differ
between established adults born in 1981 to 1983 (16%) and
1971 to 1973 (17%), both ps ≥ .339.",0,"prev <- read.table(""data_prevalences.txt"")[…] established <- prev %>% filter(agegroup == ""established"") […] chisq.test(table(established$relt1, established$histcoh))",1_descriptive_analyses.R:95;125;146,1,"Chi-square test comparing the prevalence of singles among established adults between cohorts, contrasting those born 1971–1973 vs. 1981–1983. The analysis assessed historical differences in singlehood rates in established adulthood and found no significant cohort difference (17% vs. 16%, ps ≥ .339).","We observed significant cohort-related differences for adolescents: Adolescents born in 2001 to 2003 were significantly more often single (77%) than adolescents born in 1991 to 1993 (74%; χ²(1) = 5.42, p = .020). The proportion of singles did neither differ between emerging adults born in 1981 to 1983 (31%) and 1991 to 1993 (30%) nor differ between established adults born in 1981 to 1983 (16%) and 1971 to 1973 (17%), both ps ≥ .339.",,"#Prevalences by age group
adolescents <- prev %>% filter(agegroup == ""adolescents"")
emerging <- prev %>% filter(agegroup == ""emerging"")
established <- prev %>% filter(agegroup == ""established"")

round(prop.table(table(adolescents$relt1)), 2) 
round(prop.table(table(emerging$relt1)), 2) 
round(prop.table(table(established$relt1)), 2) 
  
# Differences in later- vs. earlier-born cohorts by age group

# Adolescents
chisq.test(table(adolescents$relt1, adolescents$histcoh))

round(prop.table(table(adolescents[which(adolescents$histcoh == ""earlier-born""), ""relt1""])), 2)
round(prop.table(table(adolescents[which(adolescents$histcoh == ""later-born""), ""relt1""])), 2)

# Emerging adults
chisq.test(table(emerging$relt1, emerging$histcoh))

round(prop.table(table(emerging[which(emerging$histcoh == ""earlier-born""), ""relt1""])), 3)
round(prop.table(table(emerging[which(emerging$histcoh == ""later-born""), ""relt1""])), 3) 

# Established adults
chisq.test(table(established$relt1, established$histcoh))

round(prop.table(table(established[which(established$histcoh == ""earlier-born""), ""relt1""])), 3)
round(prop.table(table(established[which(established$histcoh == ""later-born""), ""relt1""])), 3)",,1,1
35,transformation,,,,,,"Chi-square test comparing the prevalence of singles among established adults between cohorts, contrasting those born 1971–1973 vs. 1981–1983. The analysis assessed historical differences in singlehood rates in established adulthood and found no significant cohort difference (17% vs. 16%, ps ≥ .339).","However, as the proportion of singles greatly differed between the age groups (17% in established adulthood, 31% in emerging adulthood, and 75% in adolescence) and participants of the later-born cohort were, on average, significantly younger (M = 24.73, SD = 8.69) than participants of the earlier-born cohort (M = 25.87, SD = 8.34, t(9,768) = −8.10, p < .001), we conducted non-preregistered supplemental analyses and tested Hypothesis 1 also within age groups. ... The proportion of singles did neither differ between emerging adults born in 1981 to 1983 (31%) and 1991 to 1993 (30%) nor differ between established adults born in 1981 to 1983 (16%) and 1971 to 1973 (17%), both ps ≥ .339.",,"#Prevalences by age group
adolescents <- prev %>% filter(agegroup == ""adolescents"")
emerging <- prev %>% filter(agegroup == ""emerging"")
established <- prev %>% filter(agegroup == ""established"")

# Established adults
chisq.test(table(established$relt1, established$histcoh))",,1,
35,variable specification," As illustrated in Figure 1, the cohort-sequential design allowed for cohort comparisons within each age group. Specifically, we labeled individuals from birth cohorts 1991 to 1993, 1981 to 1983, and 1971 to 1973 who participated in Waves 1 to 3 as earlierborn cohort and individuals from birth cohorts 2001 to 2003, 1991 to 1993, and 1981 to 1983 who participated in Waves 11 to 13 as later-born cohort. [...] We tested differences between the later born and earlier-born cohort in the prevalence of singles
(Hypothesis 1) using a chi-square test and computed Spearman’s rank correlations to assess the association between the prevalence of singles and satisfaction at T1 (Hypothesis 2). [...] However, as the proportion of singles greatly differed
between the age groups (17% in established adulthood, 31% in emerging adulthood, and 75% in adolescence) and partici pants of the later-born cohort were, on average, significantly younger (M = 24.73, SD = 8.69) than participants of theearlier-born cohort (M = 25.87, SD = 8.34, t(9,768)= -8.10, p<.001), we conducted non-preregistered supple mental analyses and tested Hypothesis 1 also within age groups.We observed significant cohort-related differences
for adolescents: Adolescents born in 2001 to 2003 were significantly
more often single (77%) than adolescents born in
1991 to 1993 (74%; χ2(1) = 5.42, p = .020). The proportion
of singles did neither differ between emerging adults born in
1981 to 1983 (31%) and 1991 to 1993 (30%) nor differ
between established adults born in 1981 to 1983 (16%) and
1971 to 1973 (17%), both ps ≥ .339.",0,"anchor1_3$histcoh <- ""earlier-born""[...]anchor11_13$histcoh <- ""later-born"" [...]data <- rbind(anchor1_3, anchor11_13)  [...] data_prevalence <- data %>% select(id, sex, histcoh, agegroup, aget1, relt1, prevalence, sinsatt1, sinsatt2, sinsatt3, lifesatt1, lifesatt2, lifesatt3)[...]# write.table(data_prevalence, ""data_prevalences.txt"") [...]prev <- read.table(""data_prevalences.txt"")[…] established <- prev %>% filter(agegroup == ""established"") […] chisq.test(table(established$relt1, established$histcoh))","0_clean_data.R ; 0_clean_data.R ; 0_clean_data.R ; 0_clean_data.R ; 0_clean_data.R ; 1_descriptive_analyses.R ; 1_descriptive_analyses.R:88,157,196,219,229,95,125;146",1,"Chi-square test comparing the prevalence of singles among established adults between cohorts, contrasting those born 1971–1973 vs. 1981–1983. The analysis assessed historical differences in singlehood rates in established adulthood and found no significant cohort difference (17% vs. 16%, ps ≥ .339).","We observed significant cohort-related differences for adolescents: Adolescents born in 2001 to 2003 were significantly more often single (77%) than adolescents born in 1991 to 1993 (74%; χ²(1) = 5.42, p = .020). The proportion of singles did neither differ between emerging adults born in 1981 to 1983 (31%) and 1991 to 1993 (30%) nor differ between established adults born in 1981 to 1983 (16%) and 1971 to 1973 (17%), both ps ≥ .339.",,"#Prevalences by age group
adolescents <- prev %>% filter(agegroup == ""adolescents"")
emerging <- prev %>% filter(agegroup == ""emerging"")
established <- prev %>% filter(agegroup == ""established"")

round(prop.table(table(adolescents$relt1)), 2) 
round(prop.table(table(emerging$relt1)), 2) 
round(prop.table(table(established$relt1)), 2) 
  
# Differences in later- vs. earlier-born cohorts by age group

# Adolescents
chisq.test(table(adolescents$relt1, adolescents$histcoh))

round(prop.table(table(adolescents[which(adolescents$histcoh == ""earlier-born""), ""relt1""])), 2)
round(prop.table(table(adolescents[which(adolescents$histcoh == ""later-born""), ""relt1""])), 2)

# Emerging adults
chisq.test(table(emerging$relt1, emerging$histcoh))

round(prop.table(table(emerging[which(emerging$histcoh == ""earlier-born""), ""relt1""])), 3)
round(prop.table(table(emerging[which(emerging$histcoh == ""later-born""), ""relt1""])), 3) 

# Established adults
chisq.test(table(established$relt1, established$histcoh))

round(prop.table(table(established[which(established$histcoh == ""earlier-born""), ""relt1""])), 3)
round(prop.table(table(established[which(established$histcoh == ""later-born""), ""relt1""])), 3)",,1,1
35,transformation,,,,,,"Chi-square test comparing the prevalence of singles among established adults between cohorts, contrasting those born 1971–1973 vs. 1981–1983. The analysis assessed historical differences in singlehood rates in established adulthood and found no significant cohort difference (17% vs. 16%, ps ≥ .339).","However, as the proportion of singles greatly differed between the age groups (17% in established adulthood, 31% in emerging adulthood, and 75% in adolescence) and participants of the later-born cohort were, on average, significantly younger (M = 24.73, SD = 8.69) than participants of the earlier-born cohort (M = 25.87, SD = 8.34, t(9,768) = −8.10, p < .001), we conducted non-preregistered supplemental analyses and tested Hypothesis 1 also within age groups. ... The proportion of singles did neither differ between emerging adults born in 1981 to 1983 (31%) and 1991 to 1993 (30%) nor differ between established adults born in 1981 to 1983 (16%) and 1971 to 1973 (17%), both ps ≥ .339.",,"#Prevalences by age group
adolescents <- prev %>% filter(agegroup == ""adolescents"")
emerging <- prev %>% filter(agegroup == ""emerging"")
established <- prev %>% filter(agegroup == ""established"")

# Established adults
chisq.test(table(established$relt1, established$histcoh))",,1,
35,inference criterion,,,,,,"Chi-square test comparing the prevalence of singles among established adults between cohorts, contrasting those born 1971–1973 vs. 1981–1983. The analysis assessed historical differences in singlehood rates in established adulthood and found no significant cohort difference (17% vs. 16%, ps ≥ .339).","The proportion of singles did neither differ between emerging adults born in 1981 to 1983 (31%) and 1991 to 1993 (30%) nor differ between established adults born in 1981 to 1983 (16%) and 1971 to 1973 (17%), both ps ≥ .339.",,"#Prevalences by age group
adolescents <- prev %>% filter(agegroup == ""adolescents"")
emerging <- prev %>% filter(agegroup == ""emerging"")
established <- prev %>% filter(agegroup == ""established"")

# Established adults
chisq.test(table(established$relt1, established$histcoh))

round(prop.table(table(established[which(established$histcoh == ""earlier-born""), ""relt1""])), 3)
round(prop.table(table(established[which(established$histcoh == ""later-born""), ""relt1""])), 3)",,1,
