analysis_id,dimension,human_manuscript_content,human_manuscript_location,human_code_content,human_code_location,human_match_judgement,codebot_brief_description,codebot_manuscript_content,codebot_manuscript_location,codebot_code_content,codebot_code_location,codebot_match_judgement,codebot_human_agreement
1,model specification,"Second, we ran paired-samples t tests comparing these carelessresponses-index scores among the content items with the gibberish items. […] Cohen’s d",0; 2,"t.test(data = filtered_data, sd ~ condition, paired = TRUE)
cohen.d(data = filtered_data, sd ~ condition, paired = TRUE)",code_Study1.R:721-722,1,"In Study 1, a paired-samples t-test compared the standard deviation of item responses between gibberish scales and content scales for the same respondents. The test evaluated whether response variability (within-person SD across items) was lower on gibberish items (M = 0.5) than on meaningful content items (M = 2.0), as an indicator of careless responding patterns. Results showed a large, statistically significant difference, t(619) = -41.1, p < .001, Cohen’s d = -2.23.","Second, we ran paired-samples t tests comparing these careless-responses-index scores among the content items with the gibberish items. … Table 1 presents the results of the paired-samples t test, indicating significant differences for all examined metrics.",,"# Deleting two respondents who do not have both types of scales,
# so that we can do a paired samples t-test
counts <- table(data_study_1$Participant_ID)
single_row_ids <- names(counts[counts < 2])
filtered_data <- data_study_1[!data_study_1$Participant_ID %in% single_row_ids, ]
filtered_data <- filtered_data %>%
  arrange(Participant_ID, condition)

# Paired t-tests between gibberish and content
t.test(data = filtered_data, sd ~ condition, paired = TRUE)
cohen.d(data = filtered_data, sd ~ condition, paired = TRUE)",,1,1
1,variable specification,M gibberish M content,2,"
t.test(data = filtered_data, sd ~ condition, paired = TRUE)
cohen.d(data = filtered_data, sd ~ condition, paired = TRUE)",code_Study1.R:721-722,1,"In Study 1, a paired-samples t-test compared the standard deviation of item responses between gibberish scales and content scales for the same respondents. The test evaluated whether response variability (within-person SD across items) was lower on gibberish items (M = 0.5) than on meaningful content items (M = 2.0), as an indicator of careless responding patterns. Results showed a large, statistically significant difference, t(619) = -41.1, p < .001, Cohen’s d = -2.23.","Second, we ran paired-samples t tests comparing these careless-responses-index scores among the content items with the gibberish items.

Table 1.  Comparison of Classification Metrics Between Gibberish and Content Responses Using Paired-Samples t  Test
Method M gibberish M content Difference 95% CI t(df = 619) p value Cohen’s d
Standard deviation 0.5 2.0 −1.5 [−1.6, −1.4] −41.1 < .001 −2.23",,"# Calculation of within-subject indices to identify careless responses 
# (indices also based on the responses of all respondents in the sample 
# will be calculated later, after splitting the data into training and testing)
data_study_1$sd <- careless::irv(data_study_1[,1:16])
...
# Deleting two respondents who do not have both types of scales,
# so that we can do a paired samples t-test
counts <- table(data_study_1$Participant_ID)
single_row_ids <- names(counts[counts < 2])
filtered_data <- data_study_1[!data_study_1$Participant_ID %in% single_row_ids, ]
filtered_data <- filtered_data %>%
  arrange(Participant_ID, condition)

# Paired t-tests between gibberish and content
t.test(data = filtered_data, sd ~ condition, paired = TRUE)
cohen.d(data = filtered_data, sd ~ condition, paired = TRUE)",,1,1
1,transformation,,,,,,"In Study 1, a paired-samples t-test compared the standard deviation of item responses between gibberish scales and content scales for the same respondents. The test evaluated whether response variability (within-person SD across items) was lower on gibberish items (M = 0.5) than on meaningful content items (M = 2.0), as an indicator of careless responding patterns. Results showed a large, statistically significant difference, t(619) = -41.1, p < .001, Cohen’s d = -2.23.","IRV is the standard deviation of each person’s responses. This measure examines the extent to which respondents are self-similar. If IRV is either exceptionally small or large, it may indicate careless responding.

The data set originally contained 32 columns comprising two types of scales: 16 columns with gibberish questions and 16 columns with content questions. We transformed the data into long format by stacking the 32 columns into 16 columns representing the questions and adding a 17th column to indicate whether each row originated from the gibberish or content scale. The analysis included six steps. First, we calculated six indexes of careless responses for each row: long string, standard deviation, the correlation between two half scales, Mahalanobis distance by the R package careless (Yentes & Wilhelm, 2021), and two person-fit indices by the R package PerFit (Tendeiro et al., 2016). Second, we ran paired-samples t tests comparing these careless-responses-index scores among the content items with the gibberish items.

Table 1.  Comparison of Classification Metrics Between Gibberish and Content Responses Using Paired-Samples t  Test
Method M gibberish M content Difference 95% CI t(df = 619) p value Cohen’s d
Standard deviation 0.5 2.0 −1.5 [−1.6, −1.4] −41.1 < .001 −2.23",,"# Calculation of within-subject indices to identify careless responses 
# (indices also based on the responses of all respondents in the sample 
# will be calculated later, after splitting the data into training and testing)
data_study_1$sd <- careless::irv(data_study_1[,1:16])
data_study_1$longstring <- longstring(data_study_1[,1:16])
data_study_1$personal_relialibity <- careless::evenodd(data_study_1[,1:16], factors = c(4,4,8))
data_study_1$personal_relialibity <- ifelse(is.na(data_study_1$personal_relialibity), 1, data_study_1$personal_relialibity) 
...
# Deleting two respondents who do not have both types of scales,
# so that we can do a paired samples t-test
counts <- table(data_study_1$Participant_ID)
single_row_ids <- names(counts[counts < 2])
filtered_data <- data_study_1[!data_study_1$Participant_ID %in% single_row_ids, ]
filtered_data <- filtered_data %>%
  arrange(Participant_ID, condition)

# Paired t-tests between gibberish and content
t.test(data = filtered_data, sd ~ condition, paired = TRUE)
cohen.d(data = filtered_data, sd ~ condition, paired = TRUE)",,1,
1,variable specification,Standard deviation,2,"
t.test(data = filtered_data, sd ~ condition, paired = TRUE)
cohen.d(data = filtered_data, sd ~ condition, paired = TRUE)",code_Study1.R:721-722,1,"In Study 1, a paired-samples t-test compared the standard deviation of item responses between gibberish scales and content scales for the same respondents. The test evaluated whether response variability (within-person SD across items) was lower on gibberish items (M = 0.5) than on meaningful content items (M = 2.0), as an indicator of careless responding patterns. Results showed a large, statistically significant difference, t(619) = -41.1, p < .001, Cohen’s d = -2.23.","Second, we ran paired-samples t tests comparing these careless-responses-index scores among the content items with the gibberish items.

Table 1.  Comparison of Classification Metrics Between Gibberish and Content Responses Using Paired-Samples t  Test
Method M gibberish M content Difference 95% CI t(df = 619) p value Cohen’s d
Standard deviation 0.5 2.0 −1.5 [−1.6, −1.4] −41.1 < .001 −2.23",,"# Calculation of within-subject indices to identify careless responses 
# (indices also based on the responses of all respondents in the sample 
# will be calculated later, after splitting the data into training and testing)
data_study_1$sd <- careless::irv(data_study_1[,1:16])
...
# Deleting two respondents who do not have both types of scales,
# so that we can do a paired samples t-test
counts <- table(data_study_1$Participant_ID)
single_row_ids <- names(counts[counts < 2])
filtered_data <- data_study_1[!data_study_1$Participant_ID %in% single_row_ids, ]
filtered_data <- filtered_data %>%
  arrange(Participant_ID, condition)

# Paired t-tests between gibberish and content
t.test(data = filtered_data, sd ~ condition, paired = TRUE)
cohen.d(data = filtered_data, sd ~ condition, paired = TRUE)",,1,1
1,transformation,"First, we calculated six indexes 
of careless responses for each row: long string, standard 
deviation, the correlation between two half scales, 
Mahalanobis distance by the R package careless (Yentes 
& Wilhelm, 2021), and two person-fit indices by the 
R package PerFit (Tendeiro et al., 2016).",0,"data_study_1$sd <- careless::irv(data_study_1[,1:16])",code_Study1.R:36,1,"In Study 1, a paired-samples t-test compared the standard deviation of item responses between gibberish scales and content scales for the same respondents. The test evaluated whether response variability (within-person SD across items) was lower on gibberish items (M = 0.5) than on meaningful content items (M = 2.0), as an indicator of careless responding patterns. Results showed a large, statistically significant difference, t(619) = -41.1, p < .001, Cohen’s d = -2.23.","IRV is the standard deviation of each person’s responses. This measure examines the extent to which respondents are self-similar. If IRV is either exceptionally small or large, it may indicate careless responding.

The data set originally contained 32 columns comprising two types of scales: 16 columns with gibberish questions and 16 columns with content questions. We transformed the data into long format by stacking the 32 columns into 16 columns representing the questions and adding a 17th column to indicate whether each row originated from the gibberish or content scale. The analysis included six steps. First, we calculated six indexes of careless responses for each row: long string, standard deviation, the correlation between two half scales, Mahalanobis distance by the R package careless (Yentes & Wilhelm, 2021), and two person-fit indices by the R package PerFit (Tendeiro et al., 2016). Second, we ran paired-samples t tests comparing these careless-responses-index scores among the content items with the gibberish items.

Table 1.  Comparison of Classification Metrics Between Gibberish and Content Responses Using Paired-Samples t  Test
Method M gibberish M content Difference 95% CI t(df = 619) p value Cohen’s d
Standard deviation 0.5 2.0 −1.5 [−1.6, −1.4] −41.1 < .001 −2.23",,"# Calculation of within-subject indices to identify careless responses 
# (indices also based on the responses of all respondents in the sample 
# will be calculated later, after splitting the data into training and testing)
data_study_1$sd <- careless::irv(data_study_1[,1:16])
data_study_1$longstring <- longstring(data_study_1[,1:16])
data_study_1$personal_relialibity <- careless::evenodd(data_study_1[,1:16], factors = c(4,4,8))
data_study_1$personal_relialibity <- ifelse(is.na(data_study_1$personal_relialibity), 1, data_study_1$personal_relialibity) 
...
# Deleting two respondents who do not have both types of scales,
# so that we can do a paired samples t-test
counts <- table(data_study_1$Participant_ID)
single_row_ids <- names(counts[counts < 2])
filtered_data <- data_study_1[!data_study_1$Participant_ID %in% single_row_ids, ]
filtered_data <- filtered_data %>%
  arrange(Participant_ID, condition)

# Paired t-tests between gibberish and content
t.test(data = filtered_data, sd ~ condition, paired = TRUE)
cohen.d(data = filtered_data, sd ~ condition, paired = TRUE)",,1,1
1,inference criterion,95% CI,2,"t.test(data = filtered_data, sd ~ condition, paired = TRUE)",code_Study1.R:721,1,"In Study 1, a paired-samples t-test compared the standard deviation of item responses between gibberish scales and content scales for the same respondents. The test evaluated whether response variability (within-person SD across items) was lower on gibberish items (M = 0.5) than on meaningful content items (M = 2.0), as an indicator of careless responding patterns. Results showed a large, statistically significant difference, t(619) = -41.1, p < .001, Cohen’s d = -2.23.","Table 1.  Comparison of Classification Metrics Between Gibberish and Content Responses Using Paired-Samples t  Test
Method M gibberish M content Difference 95% CI t(df = 619) p value Cohen’s d
Standard deviation 0.5 2.0 −1.5 [−1.6, −1.4] −41.1 < .001 −2.23",,"# Paired t-tests between gibberish and content
t.test(data = filtered_data, sd ~ condition, paired = TRUE)
cohen.d(data = filtered_data, sd ~ condition, paired = TRUE)",,1,1
2,model specification,"Second, we ran paired-samples t tests comparing these carelessresponses-index scores among the content items with the gibberish items. […] Cohen’s d",0; 2,"t.test(data = filtered_data, longstring ~ condition)#, paired = TRUE)
cohen.d(data = filtered_data, longstring ~ condition, paired = TRUE)",code_Study1.R:723-724,0,"In Study 1, a paired-samples t-test compared the long-string index (maximum run of identical responses) between gibberish and content scales within respondents. The analysis tested whether gibberish scales had longer stretches of identical responses (M = 12.5) than content scales (M = 5.0), consistent with straightlining as a form of carelessness. The difference was statistically significant and large, t(619) = 36.6, p < .001, Cohen’s d = 2.02.","Second, we ran paired-samples t tests comparing these careless-responses-index scores among the content items with the gibberish items.",,"# Paired t-tests between gibberish and content
t.test(data = filtered_data, sd ~ condition, paired = TRUE)
cohen.d(data = filtered_data, sd ~ condition, paired = TRUE)
t.test(data = filtered_data, longstring ~ condition)#, paired = TRUE)
cohen.d(data = filtered_data, longstring ~ condition, paired = TRUE)",,0,1
2,variable specification,M gibberish M content,2,"t.test(data = filtered_data, longstring ~ condition)#, paired = TRUE)
cohen.d(data = filtered_data, longstring ~ condition, paired = TRUE)",code_Study1.R:723-724,1,"In Study 1, a paired-samples t-test compared the long-string index (maximum run of identical responses) between gibberish and content scales within respondents. The analysis tested whether gibberish scales had longer stretches of identical responses (M = 12.5) than content scales (M = 5.0), consistent with straightlining as a form of carelessness. The difference was statistically significant and large, t(619) = 36.6, p < .001, Cohen’s d = 2.02.","First, we calculated six indexes of careless responses for each row: long string, standard deviation, the correlation between two half scales, Mahalanobis distance by the R package careless (Yentes & Wilhelm, 2021), and two person-fit indices by the  R package PerFit (Tendeiro et al., 2016). Second, we ran paired-samples t tests comparing these careless-responses-index scores among the content items with the gibberish items.
...
Table 1.  Comparison of Classification Metrics Between Gibberish and Content Responses Using Paired-Samples t  Test
Method M gibberish M content Difference 95% CI t(df = 619) p value Cohen’s d
...
Long string 12.5 5.0 7.5 [7.1, 7.9] 36.6 < .001 2.02",,"# Calculation of within-subject indices to identify careless responses 
# (indices also based on the responses of all respondents in the sample 
# will be calculated later, after splitting the data into training and testing)
data_study_1$sd <- careless::irv(data_study_1[,1:16])
data_study_1$longstring <- longstring(data_study_1[,1:16])
...
# Deleting two respondents who do not have both types of scales,
# so that we can do a paired samples t-test
counts <- table(data_study_1$Participant_ID)
single_row_ids <- names(counts[counts < 2])
filtered_data <- data_study_1[!data_study_1$Participant_ID %in% single_row_ids, ]
filtered_data <- filtered_data %>%
  arrange(Participant_ID, condition)

# Paired t-tests between gibberish and content
...
t.test(data = filtered_data, longstring ~ condition)#, paired = TRUE)
cohen.d(data = filtered_data, longstring ~ condition, paired = TRUE)",,1,1
2,transformation,,,,,,"In Study 1, a paired-samples t-test compared the long-string index (maximum run of identical responses) between gibberish and content scales within respondents. The analysis tested whether gibberish scales had longer stretches of identical responses (M = 12.5) than content scales (M = 5.0), consistent with straightlining as a form of carelessness. The difference was statistically significant and large, t(619) = 36.6, p < .001, Cohen’s d = 2.02.","The data set originally contained 32 columns comprising two types of scales: 16 columns with gibberish questions and 16 columns with content questions. We transformed the data into long format by stacking the 32 columns into 16 columns representing the questions and adding a 17th column to indicate whether each row originated from the gibberish or content scale. ... Before conducting these t tests, we removed two respondents who did not have both content and gibberish responses to ensure the analysis included only complete data from all participants.",,"# Calculation of within-subject indices to identify careless responses 
# (indices also based on the responses of all respondents in the sample 
# will be calculated later, after splitting the data into training and testing)
data_study_1$sd <- careless::irv(data_study_1[,1:16])
data_study_1$longstring <- longstring(data_study_1[,1:16])
data_study_1$personal_relialibity <- careless::evenodd(data_study_1[,1:16], factors = c(4,4,8))
data_study_1$personal_relialibity <- ifelse(is.na(data_study_1$personal_relialibity), 1, data_study_1$personal_relialibity) 
...
# Deleting two respondents who do not have both types of scales,
# so that we can do a paired samples t-test
counts <- table(data_study_1$Participant_ID)
single_row_ids <- names(counts[counts < 2])
filtered_data <- data_study_1[!data_study_1$Participant_ID %in% single_row_ids, ]
filtered_data <- filtered_data %>%
  arrange(Participant_ID, condition)",,1,
2,variable specification,Long string,2,"t.test(data = filtered_data, longstring ~ condition)#, paired = TRUE)
cohen.d(data = filtered_data, longstring ~ condition, paired = TRUE)",code_Study1.R:723-724,1,"In Study 1, a paired-samples t-test compared the long-string index (maximum run of identical responses) between gibberish and content scales within respondents. The analysis tested whether gibberish scales had longer stretches of identical responses (M = 12.5) than content scales (M = 5.0), consistent with straightlining as a form of carelessness. The difference was statistically significant and large, t(619) = 36.6, p < .001, Cohen’s d = 2.02.","First, we calculated six indexes of careless responses for each row: long string, standard deviation, the correlation between two half scales, Mahalanobis distance by the R package careless (Yentes & Wilhelm, 2021), and two person-fit indices by the  R package PerFit (Tendeiro et al., 2016). Second, we ran paired-samples t tests comparing these careless-responses-index scores among the content items with the gibberish items.
...
Table 1.  Comparison of Classification Metrics Between Gibberish and Content Responses Using Paired-Samples t  Test
Method M gibberish M content Difference 95% CI t(df = 619) p value Cohen’s d
...
Long string 12.5 5.0 7.5 [7.1, 7.9] 36.6 < .001 2.02",,"# Calculation of within-subject indices to identify careless responses 
# (indices also based on the responses of all respondents in the sample 
# will be calculated later, after splitting the data into training and testing)
data_study_1$sd <- careless::irv(data_study_1[,1:16])
data_study_1$longstring <- longstring(data_study_1[,1:16])
...
# Deleting two respondents who do not have both types of scales,
# so that we can do a paired samples t-test
counts <- table(data_study_1$Participant_ID)
single_row_ids <- names(counts[counts < 2])
filtered_data <- data_study_1[!data_study_1$Participant_ID %in% single_row_ids, ]
filtered_data <- filtered_data %>%
  arrange(Participant_ID, condition)

# Paired t-tests between gibberish and content
...
t.test(data = filtered_data, longstring ~ condition)#, paired = TRUE)
cohen.d(data = filtered_data, longstring ~ condition, paired = TRUE)",,1,1
2,transformation,"First, we calculated six indexes  of careless responses for each row: long string, standard  deviation, the correlation between two half scales,  Mahalanobis distance by the R package careless (Yentes  & Wilhelm, 2021), and two person-fit indices by the  R package PerFit (Tendeiro et al., 2016).",0,"data_study_1$longstring <- longstring(data_study_1[,1:16])",code_Study1.R:37,1,"In Study 1, a paired-samples t-test compared the long-string index (maximum run of identical responses) between gibberish and content scales within respondents. The analysis tested whether gibberish scales had longer stretches of identical responses (M = 12.5) than content scales (M = 5.0), consistent with straightlining as a form of carelessness. The difference was statistically significant and large, t(619) = 36.6, p < .001, Cohen’s d = 2.02.","The data set originally contained 32 columns comprising two types of scales: 16 columns with gibberish questions and 16 columns with content questions. We transformed the data into long format by stacking the 32 columns into 16 columns representing the questions and adding a 17th column to indicate whether each row originated from the gibberish or content scale. ... Before conducting these t tests, we removed two respondents who did not have both content and gibberish responses to ensure the analysis included only complete data from all participants.",,"# Calculation of within-subject indices to identify careless responses 
# (indices also based on the responses of all respondents in the sample 
# will be calculated later, after splitting the data into training and testing)
data_study_1$sd <- careless::irv(data_study_1[,1:16])
data_study_1$longstring <- longstring(data_study_1[,1:16])
data_study_1$personal_relialibity <- careless::evenodd(data_study_1[,1:16], factors = c(4,4,8))
data_study_1$personal_relialibity <- ifelse(is.na(data_study_1$personal_relialibity), 1, data_study_1$personal_relialibity) 
...
# Deleting two respondents who do not have both types of scales,
# so that we can do a paired samples t-test
counts <- table(data_study_1$Participant_ID)
single_row_ids <- names(counts[counts < 2])
filtered_data <- data_study_1[!data_study_1$Participant_ID %in% single_row_ids, ]
filtered_data <- filtered_data %>%
  arrange(Participant_ID, condition)",,1,1
2,inference criterion,95% CI,2,"t.test(data = filtered_data, longstring ~ condition)#, paired = TRUE)",code_Study1.R:723,1,"In Study 1, a paired-samples t-test compared the long-string index (maximum run of identical responses) between gibberish and content scales within respondents. The analysis tested whether gibberish scales had longer stretches of identical responses (M = 12.5) than content scales (M = 5.0), consistent with straightlining as a form of carelessness. The difference was statistically significant and large, t(619) = 36.6, p < .001, Cohen’s d = 2.02.","Table 1.  Comparison of Classification Metrics Between Gibberish and Content Responses Using Paired-Samples t  Test

Method M gibberish M content Difference 95% CI t(df = 619) p value Cohen’s d
...
Long string 12.5 5.0 7.5 [7.1, 7.9] 36.6 < .001 2.02
...

""To evaluate Hypothesis 1, we compared the means of gibberish and content scales across various classification metrics. Table 1 presents the results of the paired-samples t test, indicating significant differences for all examined metrics. Consistent with Hypothesis 1, all measures were significantly different between the gibberish and content scales.""",,"# Deleting two respondents who do not have both types of scales,
# so that we can do a paired samples t-test
counts <- table(data_study_1$Participant_ID)
single_row_ids <- names(counts[counts < 2])
filtered_data <- data_study_1[!data_study_1$Participant_ID %in% single_row_ids, ]
filtered_data <- filtered_data %>%
  arrange(Participant_ID, condition)

# Paired t-tests between gibberish and content
...
t.test(data = filtered_data, longstring ~ condition)#, paired = TRUE)
cohen.d(data = filtered_data, longstring ~ condition, paired = TRUE)",,1,1
3,model specification,"Second, we ran paired-samples t tests comparing these carelessresponses-index scores among the content items with the gibberish items. […] Cohen’s d",0; 2,"t.test(data = filtered_data, mahalanobis_d ~ condition, paired = TRUE)
cohen.d(data = filtered_data, mahalanobis_d ~ condition, paired = TRUE)",code_Study1.R:725-726,1,"In Study 1, a paired-samples t-test examined differences in Mahalanobis distance between gibberish and content responses for each participant. The goal was to assess whether gibberish responses were, on average, closer or farther from the multivariate mean response pattern than content responses (M_gibberish = 7.5, M_content = 24.5). The test showed that gibberish responses had significantly smaller Mahalanobis distances, t(619) = -21.6, p < .001, Cohen’s d = -1.13.","Second, we ran paired-samples t tests comparing these careless-responses-index scores among the content items with the gibberish items.

Table 1 presents the results of the paired-samples t test, indicating significant differences for all examined metrics.

Mahalanobis distance 7.5 24.5 −17.0 [−18.6, −15.5] −21.6 < .001 −1.13",,"# Deleting two respondents who do not have both types of scales,
# so that we can do a paired samples t-test
counts <- table(data_study_1$Participant_ID)
single_row_ids <- names(counts[counts < 2])
filtered_data <- data_study_1[!data_study_1$Participant_ID %in% single_row_ids, ]
filtered_data <- filtered_data %>%
  arrange(Participant_ID, condition)

# Paired t-tests between gibberish and content
t.test(data = filtered_data, sd ~ condition, paired = TRUE)
cohen.d(data = filtered_data, sd ~ condition, paired = TRUE)
t.test(data = filtered_data, longstring ~ condition)#, paired = TRUE)
cohen.d(data = filtered_data, longstring ~ condition, paired = TRUE)
t.test(data = filtered_data, mahalanobis_d ~ condition, paired = TRUE)
cohen.d(data = filtered_data, mahalanobis_d ~ condition, paired = TRUE)
filtered_data$gpoly <- unlist(filtered_data$gpoly); filtered_data$lzpoly <- unlist(filtered_data$lzpoly)
t.test(data = filtered_data, gpoly ~ condition, paired = TRUE)
cohen.d(data = filtered_data, gpoly ~ condition, paired = TRUE)
t.test(data = filtered_data, lzpoly ~ condition, paired = TRUE)
cohen.d(data = filtered_data, lzpoly ~ condition, paired = TRUE)",,1,1
3,variable specification,M gibberish M content,2,"t.test(data = filtered_data, mahalanobis_d ~ condition, paired = TRUE)
cohen.d(data = filtered_data, mahalanobis_d ~ condition, paired = TRUE)",code_Study1.R:725-726,1,"In Study 1, a paired-samples t-test examined differences in Mahalanobis distance between gibberish and content responses for each participant. The goal was to assess whether gibberish responses were, on average, closer or farther from the multivariate mean response pattern than content responses (M_gibberish = 7.5, M_content = 24.5). The test showed that gibberish responses had significantly smaller Mahalanobis distances, t(619) = -21.6, p < .001, Cohen’s d = -1.13.","“First, we calculated six indexes of careless responses for each row: long string, standard deviation, the correlation between two half scales, Mahalanobis distance by the R package careless (Yentes & Wilhelm, 2021), and two person-fit indices by the R package PerFit (Tendeiro et al., 2016). Second, we ran paired-samples t tests comparing these careless-responses-index scores among the content items with the gibberish items.”

“To evaluate Hypothesis 1, we compared the means of gibberish and content scales across various classification metrics. Table 1 presents the results of the paired-samples t test, indicating significant differences for all examined metrics.”",,"# Calculating the metrics that were calculated only on the training and test sets again, on the full data

data_study_1$mahalanobis_d <- mahad(data_study_1[, 1:7])
...
# Deleting two respondents who do not have both types of scales,
# so that we can do a paired samples t-test
counts <- table(data_study_1$Participant_ID)
single_row_ids <- names(counts[counts < 2])
filtered_data <- data_study_1[!data_study_1$Participant_ID %in% single_row_ids, ]
filtered_data <- filtered_data %>%
  arrange(Participant_ID, condition)

# Paired t-tests between gibberish and content
...
t.test(data = filtered_data, mahalanobis_d ~ condition, paired = TRUE)
cohen.d(data = filtered_data, mahalanobis_d ~ condition, paired = TRUE)",,1,1
3,transformation,,,,,,"In Study 1, a paired-samples t-test examined differences in Mahalanobis distance between gibberish and content responses for each participant. The goal was to assess whether gibberish responses were, on average, closer or farther from the multivariate mean response pattern than content responses (M_gibberish = 7.5, M_content = 24.5). The test showed that gibberish responses had significantly smaller Mahalanobis distances, t(619) = -21.6, p < .001, Cohen’s d = -1.13.","“The data set originally contained 32 columns comprising two types of scales: 16 columns with gibberish questions and 16 columns with content questions. We transformed the data into long format by stacking the 32 columns into 16 columns representing the questions and adding a 17th column to indicate whether each row originated from the gibberish or content scale. … Before conducting these t  tests, we removed two respondents who did not have both content and gibberish responses to ensure the analysis included only complete data from all participants.”",,"# Deleting two respondents who do not have both types of scales,
# so that we can do a paired samples t-test
counts <- table(data_study_1$Participant_ID)
single_row_ids <- names(counts[counts < 2])
filtered_data <- data_study_1[!data_study_1$Participant_ID %in% single_row_ids, ]
filtered_data <- filtered_data %>%
  arrange(Participant_ID, condition)

# Paired t-tests between gibberish and content
t.test(data = filtered_data, mahalanobis_d ~ condition, paired = TRUE)
cohen.d(data = filtered_data, mahalanobis_d ~ condition, paired = TRUE)",,,
3,variable specification,Mahalanobis distance,2,"t.test(data = filtered_data, mahalanobis_d ~ condition, paired = TRUE)
cohen.d(data = filtered_data, mahalanobis_d ~ condition, paired = TRUE)",code_Study1.R:725-726,1,"In Study 1, a paired-samples t-test examined differences in Mahalanobis distance between gibberish and content responses for each participant. The goal was to assess whether gibberish responses were, on average, closer or farther from the multivariate mean response pattern than content responses (M_gibberish = 7.5, M_content = 24.5). The test showed that gibberish responses had significantly smaller Mahalanobis distances, t(619) = -21.6, p < .001, Cohen’s d = -1.13.","“First, we calculated six indexes of careless responses for each row: long string, standard deviation, the correlation between two half scales, Mahalanobis distance by the R package careless (Yentes & Wilhelm, 2021), and two person-fit indices by the R package PerFit (Tendeiro et al., 2016). Second, we ran paired-samples t tests comparing these careless-responses-index scores among the content items with the gibberish items.”

“To evaluate Hypothesis 1, we compared the means of gibberish and content scales across various classification metrics. Table 1 presents the results of the paired-samples t test, indicating significant differences for all examined metrics.”",,"# Calculating the metrics that were calculated only on the training and test sets again, on the full data

data_study_1$mahalanobis_d <- mahad(data_study_1[, 1:7])
...
# Deleting two respondents who do not have both types of scales,
# so that we can do a paired samples t-test
counts <- table(data_study_1$Participant_ID)
single_row_ids <- names(counts[counts < 2])
filtered_data <- data_study_1[!data_study_1$Participant_ID %in% single_row_ids, ]
filtered_data <- filtered_data %>%
  arrange(Participant_ID, condition)

# Paired t-tests between gibberish and content
...
t.test(data = filtered_data, mahalanobis_d ~ condition, paired = TRUE)
cohen.d(data = filtered_data, mahalanobis_d ~ condition, paired = TRUE)",,1,1
3,transformation,"First, we calculated six indexes  of careless responses for each row: long string, standard  deviation, the correlation between two half scales,  Mahalanobis distance by the R package careless (Yentes  & Wilhelm, 2021), and two person-fit indices by the  R package PerFit (Tendeiro et al., 2016).",0,"data_study_1$mahalanobis_d <- mahad(data_study_1[, 1:7])",code_Study1.R:458,1,"In Study 1, a paired-samples t-test examined differences in Mahalanobis distance between gibberish and content responses for each participant. The goal was to assess whether gibberish responses were, on average, closer or farther from the multivariate mean response pattern than content responses (M_gibberish = 7.5, M_content = 24.5). The test showed that gibberish responses had significantly smaller Mahalanobis distances, t(619) = -21.6, p < .001, Cohen’s d = -1.13.","“The data set originally contained 32 columns comprising two types of scales: 16 columns with gibberish questions and 16 columns with content questions. We transformed the data into long format by stacking the 32 columns into 16 columns representing the questions and adding a 17th column to indicate whether each row originated from the gibberish or content scale. … Before conducting these t  tests, we removed two respondents who did not have both content and gibberish responses to ensure the analysis included only complete data from all participants.”",,"# Deleting two respondents who do not have both types of scales,
# so that we can do a paired samples t-test
counts <- table(data_study_1$Participant_ID)
single_row_ids <- names(counts[counts < 2])
filtered_data <- data_study_1[!data_study_1$Participant_ID %in% single_row_ids, ]
filtered_data <- filtered_data %>%
  arrange(Participant_ID, condition)

# Paired t-tests between gibberish and content
t.test(data = filtered_data, mahalanobis_d ~ condition, paired = TRUE)
cohen.d(data = filtered_data, mahalanobis_d ~ condition, paired = TRUE)",,,
3,inference criterion,95% CI,2,"t.test(data = filtered_data, mahalanobis_d ~ condition, paired = TRUE)",code_Study1.R:725,1,"In Study 1, a paired-samples t-test examined differences in Mahalanobis distance between gibberish and content responses for each participant. The goal was to assess whether gibberish responses were, on average, closer or farther from the multivariate mean response pattern than content responses (M_gibberish = 7.5, M_content = 24.5). The test showed that gibberish responses had significantly smaller Mahalanobis distances, t(619) = -21.6, p < .001, Cohen’s d = -1.13.","Table 1.  Comparison of Classification Metrics Between Gibberish and Content Responses Using Paired-Samples t Test
Method M gibberish M content Difference 95% CI t(df = 619) p value Cohen’s d
...
Mahalanobis distance 7.5 24.5 −17.0 [−18.6, −15.5] −21.6 < .001 −1.13",,"# Deleting two respondents who do not have both types of scales,
# so that we can do a paired samples t-test
counts <- table(data_study_1$Participant_ID)
single_row_ids <- names(counts[counts < 2])
filtered_data <- data_study_1[!data_study_1$Participant_ID %in% single_row_ids, ]
filtered_data <- filtered_data %>%
  arrange(Participant_ID, condition)

# Paired t-tests between gibberish and content
...
t.test(data = filtered_data, mahalanobis_d ~ condition, paired = TRUE)
cohen.d(data = filtered_data, mahalanobis_d ~ condition, paired = TRUE)
...",,1,1
4,model specification,"Second, we ran paired-samples t tests comparing these carelessresponses-index scores among the content items with the gibberish items. […] Cohen’s d",0; 2,"t.test(data = filtered_data, personal_relialibity ~ condition, paired = TRUE)
cohen.d(data = filtered_data, personal_relialibity ~ condition, paired = TRUE)",code_Study1.R:727-728,1,"In Study 1, a paired-samples t-test compared within-person ""personal reliability"" (correlation between even and odd items of each scale) for gibberish versus content scales. This analysis tested whether gibberish responses showed higher internal consistency (M = 0.3) than content responses (M = -0.7), contrary to the assumption that inconsistency flags carelessness. Results indicated gibberish scales had significantly higher personal reliability, t(619) = 22.9, p < .001, Cohen’s d = 1.29.","Second, we ran paired-samples t tests comparing these careless-responses-index scores among the content items with the gibberish items.

""Table 1.  Comparison of Classification Metrics Between Gibberish and Content Responses Using Paired-Samples t  Test"" and the table column header ""t(df = 619)"" indicate that a paired-samples t test was used, with t(619) reported for each metric, including personal reliability.",,"# Paired t-tests between gibberish and content
t.test(data = filtered_data, sd ~ condition, paired = TRUE)
cohen.d(data = filtered_data, sd ~ condition, paired = TRUE)
t.test(data = filtered_data, longstring ~ condition)#, paired = TRUE)
cohen.d(data = filtered_data, longstring ~ condition, paired = TRUE)
t.test(data = filtered_data, mahalanobis_d ~ condition, paired = TRUE)
cohen.d(data = filtered_data, mahalanobis_d ~ condition, paired = TRUE)
t.test(data = filtered_data, personal_relialibity ~ condition, paired = TRUE)
cohen.d(data = filtered_data, personal_relialibity ~ condition, paired = TRUE)
filtered_data$gpoly <- unlist(filtered_data$gpoly); filtered_data$lzpoly <- unlist(filtered_data$lzpoly)
t.test(data = filtered_data, gpoly ~ condition, paired = TRUE)
cohen.d(data = filtered_data, gpoly ~ condition, paired = TRUE)
t.test(data = filtered_data, lzpoly ~ condition, paired = TRUE)
cohen.d(data = filtered_data, lzpoly ~ condition, paired = TRUE)",,1,1
4,variable specification,M gibberish M content,2,"t.test(data = filtered_data, personal_relialibity ~ condition, paired = TRUE)
cohen.d(data = filtered_data, personal_relialibity ~ condition, paired = TRUE)",code_Study1.R:727-728,1,"In Study 1, a paired-samples t-test compared within-person ""personal reliability"" (correlation between even and odd items of each scale) for gibberish versus content scales. This analysis tested whether gibberish responses showed higher internal consistency (M = 0.3) than content responses (M = -0.7), contrary to the assumption that inconsistency flags carelessness. Results indicated gibberish scales had significantly higher personal reliability, t(619) = 22.9, p < .001, Cohen’s d = 1.29.","“The personal reliability of each respondent is the within-persons correlation between the even and odd items within each scale of the reliable construct. A low correlation points to careless responding because careful respondents are likely to answer the even and odd items of the same construct similarly (Huang, Liu, & Bowling, 2015; Johnson, 2005).” “First, we calculated six indexes of careless responses for each row: long string, standard deviation, the correlation between two half scales, Mahalanobis distance by the R package careless (Yentes & Wilhelm, 2021), and two person-fit indices by the R package PerFit (Tendeiro et al., 2016).” “To evaluate Hypothesis 1, we compared the means of gibberish and content scales across various classification metrics. Table 1 presents the results of the paired-samples t test, indicating significant differences for all examined metrics.” “Table 1. Comparison of Classification Metrics Between Gibberish and Content Responses Using Paired-Samples t Test … Personal reliability 0.3  −0.7  1.0 [0.9, 1.1]  22.9  < .001  1.29.”",,"data_study_1$personal_relialibity <- careless::evenodd(data_study_1[,1:16], factors = c(4,4,8))
...
# Deleting two respondents who do not have both types of scales,
# so that we can do a paired samples t-test
counts <- table(data_study_1$Participant_ID)
single_row_ids <- names(counts[counts < 2])
filtered_data <- data_study_1[!data_study_1$Participant_ID %in% single_row_ids, ]
filtered_data <- filtered_data %>%
  arrange(Participant_ID, condition)

# Paired t-tests between gibberish and content
...
t.test(data = filtered_data, personal_relialibity ~ condition, paired = TRUE)
cohen.d(data = filtered_data, personal_relialibity ~ condition, paired = TRUE)",,1,1
4,transformation,,,,,,"In Study 1, a paired-samples t-test compared within-person ""personal reliability"" (correlation between even and odd items of each scale) for gibberish versus content scales. This analysis tested whether gibberish responses showed higher internal consistency (M = 0.3) than content responses (M = -0.7), contrary to the assumption that inconsistency flags carelessness. Results indicated gibberish scales had significantly higher personal reliability, t(619) = 22.9, p < .001, Cohen’s d = 1.29.","The ""personal reliability of each respondent"" is the within-persons correlation between the even and odd items within each scale of the reliable construct.

""The data set originally contained 32 columns comprising two types of scales: 16 columns with gibberish questions and 16 columns with content questions. We transformed the data into long format by stacking the 32 columns into 16 columns representing the questions and adding a 17th column to indicate whether each row originated from the gibberish or content scale. The analysis included six steps. First, we calculated six indexes of careless responses for each row: long string, standard deviation, the correlation between two half scales, Mahalanobis distance by the R package careless (Yentes & Wilhelm, 2021), and two person-fit indices by the  R package PerFit (Tendeiro et al., 2016).""

""Before conducting these t  tests, we removed two respondents who did not have both content and gibberish responses to ensure the analysis included only complete data from all participants.""",,"# Calculation of within-subject indices to identify careless responses 
# (indices also based on the responses of all respondents in the sample 
# will be calculated later, after splitting the data into training and testing)
data_study_1$sd <- careless::irv(data_study_1[,1:16])
data_study_1$longstring <- longstring(data_study_1[,1:16])
data_study_1$personal_relialibity <- careless::evenodd(data_study_1[,1:16], factors = c(4,4,8))
data_study_1$personal_relialibity <- ifelse(is.na(data_study_1$personal_relialibity), 1, data_study_1$personal_relialibity) 
...
# Deleting two respondents who do not have both types of scales,
# so that we can do a paired samples t-test
counts <- table(data_study_1$Participant_ID)
single_row_ids <- names(counts[counts < 2])
filtered_data <- data_study_1[!data_study_1$Participant_ID %in% single_row_ids, ]
filtered_data <- filtered_data %>%
  arrange(Participant_ID, condition)

# Paired t-tests between gibberish and content
t.test(data = filtered_data, personal_relialibity ~ condition, paired = TRUE)
cohen.d(data = filtered_data, personal_relialibity ~ condition, paired = TRUE)",,0,
4,variable specification,Personal reliability,2,"t.test(data = filtered_data, personal_relialibity ~ condition, paired = TRUE)
cohen.d(data = filtered_data, personal_relialibity ~ condition, paired = TRUE)",code_Study1.R:727-728,1,"In Study 1, a paired-samples t-test compared within-person ""personal reliability"" (correlation between even and odd items of each scale) for gibberish versus content scales. This analysis tested whether gibberish responses showed higher internal consistency (M = 0.3) than content responses (M = -0.7), contrary to the assumption that inconsistency flags carelessness. Results indicated gibberish scales had significantly higher personal reliability, t(619) = 22.9, p < .001, Cohen’s d = 1.29.","“The personal reliability of each respondent is the within-persons correlation between the even and odd items within each scale of the reliable construct. A low correlation points to careless responding because careful respondents are likely to answer the even and odd items of the same construct similarly (Huang, Liu, & Bowling, 2015; Johnson, 2005).” “First, we calculated six indexes of careless responses for each row: long string, standard deviation, the correlation between two half scales, Mahalanobis distance by the R package careless (Yentes & Wilhelm, 2021), and two person-fit indices by the R package PerFit (Tendeiro et al., 2016).” “To evaluate Hypothesis 1, we compared the means of gibberish and content scales across various classification metrics. Table 1 presents the results of the paired-samples t test, indicating significant differences for all examined metrics.” “Table 1. Comparison of Classification Metrics Between Gibberish and Content Responses Using Paired-Samples t Test … Personal reliability 0.3  −0.7  1.0 [0.9, 1.1]  22.9  < .001  1.29.”",,"data_study_1$personal_relialibity <- careless::evenodd(data_study_1[,1:16], factors = c(4,4,8))
...
# Deleting two respondents who do not have both types of scales,
# so that we can do a paired samples t-test
counts <- table(data_study_1$Participant_ID)
single_row_ids <- names(counts[counts < 2])
filtered_data <- data_study_1[!data_study_1$Participant_ID %in% single_row_ids, ]
filtered_data <- filtered_data %>%
  arrange(Participant_ID, condition)

# Paired t-tests between gibberish and content
...
t.test(data = filtered_data, personal_relialibity ~ condition, paired = TRUE)
cohen.d(data = filtered_data, personal_relialibity ~ condition, paired = TRUE)",,1,1
4,transformation,"First, we calculated six indexes  of careless responses for each row: long string, standard  deviation, the correlation between two half scales,  Mahalanobis distance by the R package careless (Yentes  & Wilhelm, 2021), and two person-fit indices by the  R package PerFit (Tendeiro et al., 2016).",0,"data_study_1$personal_relialibity <- careless::evenodd(data_study_1[,1:16], factors = c(4,4,8))",code_Study1.R:38,1,"In Study 1, a paired-samples t-test compared within-person ""personal reliability"" (correlation between even and odd items of each scale) for gibberish versus content scales. This analysis tested whether gibberish responses showed higher internal consistency (M = 0.3) than content responses (M = -0.7), contrary to the assumption that inconsistency flags carelessness. Results indicated gibberish scales had significantly higher personal reliability, t(619) = 22.9, p < .001, Cohen’s d = 1.29.","The ""personal reliability of each respondent"" is the within-persons correlation between the even and odd items within each scale of the reliable construct.

""The data set originally contained 32 columns comprising two types of scales: 16 columns with gibberish questions and 16 columns with content questions. We transformed the data into long format by stacking the 32 columns into 16 columns representing the questions and adding a 17th column to indicate whether each row originated from the gibberish or content scale. The analysis included six steps. First, we calculated six indexes of careless responses for each row: long string, standard deviation, the correlation between two half scales, Mahalanobis distance by the R package careless (Yentes & Wilhelm, 2021), and two person-fit indices by the  R package PerFit (Tendeiro et al., 2016).""

""Before conducting these t  tests, we removed two respondents who did not have both content and gibberish responses to ensure the analysis included only complete data from all participants.""",,"# Calculation of within-subject indices to identify careless responses 
# (indices also based on the responses of all respondents in the sample 
# will be calculated later, after splitting the data into training and testing)
data_study_1$sd <- careless::irv(data_study_1[,1:16])
data_study_1$longstring <- longstring(data_study_1[,1:16])
data_study_1$personal_relialibity <- careless::evenodd(data_study_1[,1:16], factors = c(4,4,8))
data_study_1$personal_relialibity <- ifelse(is.na(data_study_1$personal_relialibity), 1, data_study_1$personal_relialibity) 
...
# Deleting two respondents who do not have both types of scales,
# so that we can do a paired samples t-test
counts <- table(data_study_1$Participant_ID)
single_row_ids <- names(counts[counts < 2])
filtered_data <- data_study_1[!data_study_1$Participant_ID %in% single_row_ids, ]
filtered_data <- filtered_data %>%
  arrange(Participant_ID, condition)

# Paired t-tests between gibberish and content
t.test(data = filtered_data, personal_relialibity ~ condition, paired = TRUE)
cohen.d(data = filtered_data, personal_relialibity ~ condition, paired = TRUE)",,0,0
4,inference criterion,95% CI,2,"t.test(data = filtered_data, personal_relialibity ~ condition, paired = TRUE)",code_Study1.R:727,1,"In Study 1, a paired-samples t-test compared within-person ""personal reliability"" (correlation between even and odd items of each scale) for gibberish versus content scales. This analysis tested whether gibberish responses showed higher internal consistency (M = 0.3) than content responses (M = -0.7), contrary to the assumption that inconsistency flags carelessness. Results indicated gibberish scales had significantly higher personal reliability, t(619) = 22.9, p < .001, Cohen’s d = 1.29.","Personal reliability 0.3 −0.7 1.0 [0.9, 1.1] 22.9 < .001 1.29",,"# Paired t-tests between gibberish and content
t.test(data = filtered_data, personal_relialibity ~ condition, paired = TRUE)
cohen.d(data = filtered_data, personal_relialibity ~ condition, paired = TRUE)",,1,1
5,model specification,"Second, we ran paired-samples t tests comparing these carelessresponses-index scores among the content items with the gibberish items. […] Cohen’s d",0; 2,"t.test(data = filtered_data, lzpoly ~ condition, paired = TRUE)
cohen.d(data = filtered_data, lzpoly ~ condition, paired = TRUE)",code_Study1.R:732-733,1,"In Study 1, a paired-samples t-test evaluated differences in the person-fit lpzm index between gibberish and content scales. The lpzm index, reflecting the likelihood of a response pattern under an IRT model, was compared to see if gibberish responses appeared more or less consistent with the model than content responses (M_gibberish = 0.81, M_content = -0.69). The difference was statistically significant, t(619) = 15.0, p < .001, Cohen’s d = 0.83.","Second, we ran paired-samples t tests comparing these careless-responses-index scores among the content items with the gibberish items.",,"# Deleting two respondents who do not have both types of scales,
# so that we can do a paired samples t-test
counts <- table(data_study_1$Participant_ID)
single_row_ids <- names(counts[counts < 2])
filtered_data <- data_study_1[!data_study_1$Participant_ID %in% single_row_ids, ]
filtered_data <- filtered_data %>%
  arrange(Participant_ID, condition)

# Paired t-tests between gibberish and content
...
filtered_data$gpoly <- unlist(filtered_data$gpoly); filtered_data$lzpoly <- unlist(filtered_data$lzpoly)
t.test(data = filtered_data, gpoly ~ condition, paired = TRUE)
cohen.d(data = filtered_data, gpoly ~ condition, paired = TRUE)
t.test(data = filtered_data, lzpoly ~ condition, paired = TRUE)
cohen.d(data = filtered_data, lzpoly ~ condition, paired = TRUE)",,1,1
5,variable specification,M gibberish M content,2,"t.test(data = filtered_data, lzpoly ~ condition, paired = TRUE)
cohen.d(data = filtered_data, lzpoly ~ condition, paired = TRUE)",code_Study1.R:732-733,1,"In Study 1, a paired-samples t-test evaluated differences in the person-fit lpzm index between gibberish and content scales. The lpzm index, reflecting the likelihood of a response pattern under an IRT model, was compared to see if gibberish responses appeared more or less consistent with the model than content responses (M_gibberish = 0.81, M_content = -0.69). The difference was statistically significant, t(619) = 15.0, p < .001, Cohen’s d = 0.83.","“Finally, the person-fit analysis evaluates the consistency of participants’ responses using item-response-theory (IRT) models. It examines whether individual response patterns align with overall sample trends or IRT-model predictions. The method includes several indices, two of which we use. … The second index is lpzm (standardized likelihood). It is a calculation of the likelihood of a response pattern based on the participant’s trait level in the IRT model.”

“First, we calculated six indexes of careless responses for each row: long string, standard deviation, the correlation between two half scales, Mahalanobis distance by the R package careless (Yentes & Wilhelm, 2021), and two person-fit indices by the R package PerFit (Tendeiro et al., 2016). Second, we ran paired-samples t tests comparing these careless-responses-index scores among the content items with the gibberish items.”

“Table 1.  Comparison of Classification Metrics Between Gibberish and Content Responses Using Paired-Samples t Test … Person-fit lpzm  0.81  −0.69  1.5  [1.3, 1.7]  15.0  < .001  0.83”",,"counts <- table(data_study_1$Participant_ID)
single_row_ids <- names(counts[counts < 2])
filtered_data <- data_study_1[!data_study_1$Participant_ID %in% single_row_ids, ]
filtered_data <- filtered_data %>%
  arrange(Participant_ID, condition)
...
filtered_data$gpoly <- unlist(filtered_data$gpoly); filtered_data$lzpoly <- unlist(filtered_data$lzpoly)
...
t.test(data = filtered_data, gpoly ~ condition, paired = TRUE)
cohen.d(data = filtered_data, gpoly ~ condition, paired = TRUE)
t.test(data = filtered_data, lzpoly ~ condition, paired = TRUE)
cohen.d(data = filtered_data, lzpoly ~ condition, paired = TRUE)",,,
5,transformation,,,,,,"In Study 1, a paired-samples t-test evaluated differences in the person-fit lpzm index between gibberish and content scales. The lpzm index, reflecting the likelihood of a response pattern under an IRT model, was compared to see if gibberish responses appeared more or less consistent with the model than content responses (M_gibberish = 0.81, M_content = -0.69). The difference was statistically significant, t(619) = 15.0, p < .001, Cohen’s d = 0.83.","The data set originally contained 32 columns comprising two types of scales: 16 columns with gibberish questions and 16 columns with content questions. We transformed the data into long format by stacking the 32 columns into 16 columns representing the questions and adding a 17th column to indicate whether each row originated from the gibberish or content scale. The analysis included six steps. First, we calculated six indexes of careless responses for each row: long string, standard deviation, the correlation between two half scales, Mahalanobis distance by the R package careless (Yentes & Wilhelm, 2021), and two person-fit indices by the R package PerFit (Tendeiro et al., 2016). Second, we ran paired-samples t tests comparing these careless-responses-index scores among the content items with the gibberish items. Before conducting these t  tests, we removed two respondents who did not have both content and gibberish responses to ensure the analysis included only complete data from all participants.",,"irtdata <- data_study_1[, 1:16]-1
data_study_1$gpoly <- Gpoly(matrix = irtdata,
                            Ncat = 7)$PFscores
data_study_1$lzpoly <- lzpoly(matrix = irtdata,
                                     Ncat = 7)$PFscores
...
# Deleting two respondents who do not have both types of scales,
# so that we can do a paired samples t-test
counts <- table(data_study_1$Participant_ID)
single_row_ids <- names(counts[counts < 2])
filtered_data <- data_study_1[!data_study_1$Participant_ID %in% single_row_ids, ]
filtered_data <- filtered_data %>%
  arrange(Participant_ID, condition)
...
filtered_data$gpoly <- unlist(filtered_data$gpoly); filtered_data$lzpoly <- unlist(filtered_data$lzpoly)
t.test(data = filtered_data, lzpoly ~ condition, paired = TRUE)
cohen.d(data = filtered_data, lzpoly ~ condition, paired = TRUE)",,0,
5,variable specification,Person-fit lpzm,2,"t.test(data = filtered_data, lzpoly ~ condition, paired = TRUE)
cohen.d(data = filtered_data, lzpoly ~ condition, paired = TRUE)",code_Study1.R:732-733,1,"In Study 1, a paired-samples t-test evaluated differences in the person-fit lpzm index between gibberish and content scales. The lpzm index, reflecting the likelihood of a response pattern under an IRT model, was compared to see if gibberish responses appeared more or less consistent with the model than content responses (M_gibberish = 0.81, M_content = -0.69). The difference was statistically significant, t(619) = 15.0, p < .001, Cohen’s d = 0.83.","“Finally, the person-fit analysis evaluates the consistency of participants’ responses using item-response-theory (IRT) models. It examines whether individual response patterns align with overall sample trends or IRT-model predictions. The method includes several indices, two of which we use. … The second index is lpzm (standardized likelihood). It is a calculation of the likelihood of a response pattern based on the participant’s trait level in the IRT model.”

“First, we calculated six indexes of careless responses for each row: long string, standard deviation, the correlation between two half scales, Mahalanobis distance by the R package careless (Yentes & Wilhelm, 2021), and two person-fit indices by the R package PerFit (Tendeiro et al., 2016). Second, we ran paired-samples t tests comparing these careless-responses-index scores among the content items with the gibberish items.”

“Table 1.  Comparison of Classification Metrics Between Gibberish and Content Responses Using Paired-Samples t Test … Person-fit lpzm  0.81  −0.69  1.5  [1.3, 1.7]  15.0  < .001  0.83”",,"counts <- table(data_study_1$Participant_ID)
single_row_ids <- names(counts[counts < 2])
filtered_data <- data_study_1[!data_study_1$Participant_ID %in% single_row_ids, ]
filtered_data <- filtered_data %>%
  arrange(Participant_ID, condition)
...
filtered_data$gpoly <- unlist(filtered_data$gpoly); filtered_data$lzpoly <- unlist(filtered_data$lzpoly)
...
t.test(data = filtered_data, gpoly ~ condition, paired = TRUE)
cohen.d(data = filtered_data, gpoly ~ condition, paired = TRUE)
t.test(data = filtered_data, lzpoly ~ condition, paired = TRUE)
cohen.d(data = filtered_data, lzpoly ~ condition, paired = TRUE)",,,
5,transformation,"First, we calculated six indexes  of careless responses for each row: long string, standard  deviation, the correlation between two half scales,  Mahalanobis distance by the R package careless (Yentes  & Wilhelm, 2021), and two person-fit indices by the  R package PerFit (Tendeiro et al., 2016).",0,"data_study_1$lzpoly <- lzpoly(matrix = irtdata,
                                     Ncat = 7)$Pfscores",code_Study1.R:463-464,1,"In Study 1, a paired-samples t-test evaluated differences in the person-fit lpzm index between gibberish and content scales. The lpzm index, reflecting the likelihood of a response pattern under an IRT model, was compared to see if gibberish responses appeared more or less consistent with the model than content responses (M_gibberish = 0.81, M_content = -0.69). The difference was statistically significant, t(619) = 15.0, p < .001, Cohen’s d = 0.83.","The data set originally contained 32 columns comprising two types of scales: 16 columns with gibberish questions and 16 columns with content questions. We transformed the data into long format by stacking the 32 columns into 16 columns representing the questions and adding a 17th column to indicate whether each row originated from the gibberish or content scale. The analysis included six steps. First, we calculated six indexes of careless responses for each row: long string, standard deviation, the correlation between two half scales, Mahalanobis distance by the R package careless (Yentes & Wilhelm, 2021), and two person-fit indices by the R package PerFit (Tendeiro et al., 2016). Second, we ran paired-samples t tests comparing these careless-responses-index scores among the content items with the gibberish items. Before conducting these t  tests, we removed two respondents who did not have both content and gibberish responses to ensure the analysis included only complete data from all participants.",,"irtdata <- data_study_1[, 1:16]-1
data_study_1$gpoly <- Gpoly(matrix = irtdata,
                            Ncat = 7)$PFscores
data_study_1$lzpoly <- lzpoly(matrix = irtdata,
                                     Ncat = 7)$PFscores
...
# Deleting two respondents who do not have both types of scales,
# so that we can do a paired samples t-test
counts <- table(data_study_1$Participant_ID)
single_row_ids <- names(counts[counts < 2])
filtered_data <- data_study_1[!data_study_1$Participant_ID %in% single_row_ids, ]
filtered_data <- filtered_data %>%
  arrange(Participant_ID, condition)
...
filtered_data$gpoly <- unlist(filtered_data$gpoly); filtered_data$lzpoly <- unlist(filtered_data$lzpoly)
t.test(data = filtered_data, lzpoly ~ condition, paired = TRUE)
cohen.d(data = filtered_data, lzpoly ~ condition, paired = TRUE)",,0,0
5,inference criterion,95% CI,2,"t.test(data = filtered_data, lzpoly ~ condition, paired = TRUE)",code_Study1.R:732,1,"In Study 1, a paired-samples t-test evaluated differences in the person-fit lpzm index between gibberish and content scales. The lpzm index, reflecting the likelihood of a response pattern under an IRT model, was compared to see if gibberish responses appeared more or less consistent with the model than content responses (M_gibberish = 0.81, M_content = -0.69). The difference was statistically significant, t(619) = 15.0, p < .001, Cohen’s d = 0.83.","Table 1.  Comparison of Classification Metrics Between Gibberish and Content Responses Using Paired-Samples t  Test
...
Method M gibberish M content Difference 95% CI t(df = 619) p value Cohen’s d
...
Person-fit lp
zm 0.81 −0.69 1.5 [1.3, 1.7] 15.0 < .001 0.83",,"# Paired t-tests between gibberish and content

t.test(data = filtered_data, lzpoly ~ condition, paired = TRUE)
cohen.d(data = filtered_data, lzpoly ~ condition, paired = TRUE)",,1,1
6,model specification,"Second, we ran paired-samples t tests comparing these carelessresponses-index scores among the content items with the gibberish items. […] Cohen’s d",0; 2,"t.test(data = filtered_data, gpoly ~ condition, paired = TRUE)
cohen.d(data = filtered_data, gpoly ~ condition, paired = TRUE)",code_Study1.R:730-731,1,"In Study 1, a paired-samples t-test compared the person-fit Gpm index between gibberish and content scales for each respondent. This test examined whether gibberish response patterns showed fewer Guttman-type errors (lower Gpm values) than content responses (M_gibberish = 124.1, M_content = 396.9), challenging the idea that misfit signals carelessness. The result was a large, significant difference, t(619) = -21.4, p < .001, Cohen’s d = -1.17.","Second, we ran paired-samples t tests comparing these careless-responses-index scores among the content items with the gibberish items.",,"# Deleting two respondents who do not have both types of scales,
# so that we can do a paired samples t-test
counts <- table(data_study_1$Participant_ID)
single_row_ids <- names(counts[counts < 2])
filtered_data <- data_study_1[!data_study_1$Participant_ID %in% single_row_ids, ]
filtered_data <- filtered_data %>%
  arrange(Participant_ID, condition)

# Paired t-tests between gibberish and content
...
filtered_data$gpoly <- unlist(filtered_data$gpoly); filtered_data$lzpoly <- unlist(filtered_data$lzpoly)
t.test(data = filtered_data, gpoly ~ condition, paired = TRUE)
cohen.d(data = filtered_data, gpoly ~ condition, paired = TRUE)",,1,1
6,variable specification,M gibberish M content,2,"t.test(data = filtered_data, gpoly ~ condition, paired = TRUE)
cohen.d(data = filtered_data, gpoly ~ condition, paired = TRUE)",code_Study1.R:730-731,1,"In Study 1, a paired-samples t-test compared the person-fit Gpm index between gibberish and content scales for each respondent. This test examined whether gibberish response patterns showed fewer Guttman-type errors (lower Gpm values) than content responses (M_gibberish = 124.1, M_content = 396.9), challenging the idea that misfit signals carelessness. The result was a large, significant difference, t(619) = -21.4, p < .001, Cohen’s d = -1.17.","Finally, the person-fit analysis evaluates the consistency of participants’ responses using item-response-theory (IRT) models. It examines whether individual response patterns align with overall sample trends or IRT-model predictions. The method includes several indices, two of which we use. One index is G
p
m (Guttman errors). It measures deviations in response order when items are arranged by difficulty or popularity. For polytomous items, it considers “item steps,” representing thresholds between response options. Errors are presumed when less popular steps are chosen over more popular ones, and higher error counts indicate less consistency. ... The data set originally contained 32 columns comprising two types of scales: 16 columns with gibberish questions and 16 columns with content questions. ... First, we calculated six indexes of careless responses for each row: long string, standard deviation, the correlation between two half scales, Mahalanobis distance by the R package careless (Yentes & Wilhelm, 2021), and two person-fit indices by the  R package PerFit (Tendeiro et al., 2016). Second, we ran paired-samples t tests comparing these careless-responses-index scores among the content items with the gibberish items. ... Table 1 presents the results of the paired-samples t test, indicating significant differences for all examined metrics. ... Person-fit Gp
m 124.1 396.9 −272.79 [−298.6, −246.9] −21.4 < .001 −1.17",,"# Calculation of within-subject indices to identify careless responses 
# (indices also based on the responses of all respondents in the sample 
# will be calculated later, after splitting the data into training and testing)
...
irtdata <- data_study_1[, 1:16]-1
data_study_1$gpoly <- Gpoly(matrix = irtdata,
                            Ncat = 7)$PFscores
...
# Deleting two respondents who do not have both types of scales,
# so that we can do a paired samples t-test
counts <- table(data_study_1$Participant_ID)
single_row_ids <- names(counts[counts < 2])
filtered_data <- data_study_1[!data_study_1$Participant_ID %in% single_row_ids, ]
filtered_data <- filtered_data %>%
  arrange(Participant_ID, condition)
...
filtered_data$gpoly <- unlist(filtered_data$gpoly); filtered_data$lzpoly <- unlist(filtered_data$lzpoly)
t.test(data = filtered_data, gpoly ~ condition, paired = TRUE)
cohen.d(data = filtered_data, gpoly ~ condition, paired = TRUE)",,1,1
6,transformation,,,,,,"In Study 1, a paired-samples t-test compared the person-fit Gpm index between gibberish and content scales for each respondent. This test examined whether gibberish response patterns showed fewer Guttman-type errors (lower Gpm values) than content responses (M_gibberish = 124.1, M_content = 396.9), challenging the idea that misfit signals carelessness. The result was a large, significant difference, t(619) = -21.4, p < .001, Cohen’s d = -1.17.","The data set originally contained 32 columns comprising two types of scales: 16 columns with gibberish questions and 16 columns with content questions. We transformed the data into long format by stacking the 32 columns into 16 columns representing the questions and adding a 17th column to indicate whether each row originated from the gibberish or content scale. The analysis included six steps. First, we calculated six indexes of careless responses for each row: long string, standard deviation, the correlation between two half scales, Mahalanobis distance by the R package careless (Yentes & Wilhelm, 2021), and two person-fit indices by the R package PerFit (Tendeiro et al., 2016). Second, we ran paired-samples t tests comparing these careless-responses-index scores among the content items with the gibberish items.",,"irtdata <- data_study_1[, 1:16]-1
data_study_1$gpoly <- Gpoly(matrix = irtdata,
                            Ncat = 7)$PFscores
data_study_1$lzpoly <- lzpoly(matrix = irtdata,
                                     Ncat = 7)$PFscores

# Deleting two respondents who do not have both types of scales,
# so that we can do a paired samples t-test
counts <- table(data_study_1$Participant_ID)
single_row_ids <- names(counts[counts < 2])
filtered_data <- data_study_1[!data_study_1$Participant_ID %in% single_row_ids, ]
filtered_data <- filtered_data %>%
  arrange(Participant_ID, condition)

filtered_data$gpoly <- unlist(filtered_data$gpoly); filtered_data$lzpoly <- unlist(filtered_data$lzpoly)
t.test(data = filtered_data, gpoly ~ condition, paired = TRUE)
cohen.d(data = filtered_data, gpoly ~ condition, paired = TRUE)",,0,
6,variable specification,Person-fit Gpm,2,"t.test(data = filtered_data, gpoly ~ condition, paired = TRUE)
cohen.d(data = filtered_data, gpoly ~ condition, paired = TRUE)",code_Study1.R:730-731,1,"In Study 1, a paired-samples t-test compared the person-fit Gpm index between gibberish and content scales for each respondent. This test examined whether gibberish response patterns showed fewer Guttman-type errors (lower Gpm values) than content responses (M_gibberish = 124.1, M_content = 396.9), challenging the idea that misfit signals carelessness. The result was a large, significant difference, t(619) = -21.4, p < .001, Cohen’s d = -1.17.","Finally, the person-fit analysis evaluates the consistency of participants’ responses using item-response-theory (IRT) models. It examines whether individual response patterns align with overall sample trends or IRT-model predictions. The method includes several indices, two of which we use. One index is G
p
m (Guttman errors). It measures deviations in response order when items are arranged by difficulty or popularity. For polytomous items, it considers “item steps,” representing thresholds between response options. Errors are presumed when less popular steps are chosen over more popular ones, and higher error counts indicate less consistency. ... The data set originally contained 32 columns comprising two types of scales: 16 columns with gibberish questions and 16 columns with content questions. ... First, we calculated six indexes of careless responses for each row: long string, standard deviation, the correlation between two half scales, Mahalanobis distance by the R package careless (Yentes & Wilhelm, 2021), and two person-fit indices by the  R package PerFit (Tendeiro et al., 2016). Second, we ran paired-samples t tests comparing these careless-responses-index scores among the content items with the gibberish items. ... Table 1 presents the results of the paired-samples t test, indicating significant differences for all examined metrics. ... Person-fit Gp
m 124.1 396.9 −272.79 [−298.6, −246.9] −21.4 < .001 −1.17",,"# Calculation of within-subject indices to identify careless responses 
# (indices also based on the responses of all respondents in the sample 
# will be calculated later, after splitting the data into training and testing)
...
irtdata <- data_study_1[, 1:16]-1
data_study_1$gpoly <- Gpoly(matrix = irtdata,
                            Ncat = 7)$PFscores
...
# Deleting two respondents who do not have both types of scales,
# so that we can do a paired samples t-test
counts <- table(data_study_1$Participant_ID)
single_row_ids <- names(counts[counts < 2])
filtered_data <- data_study_1[!data_study_1$Participant_ID %in% single_row_ids, ]
filtered_data <- filtered_data %>%
  arrange(Participant_ID, condition)
...
filtered_data$gpoly <- unlist(filtered_data$gpoly); filtered_data$lzpoly <- unlist(filtered_data$lzpoly)
t.test(data = filtered_data, gpoly ~ condition, paired = TRUE)
cohen.d(data = filtered_data, gpoly ~ condition, paired = TRUE)",,1,1
6,transformation,"First, we calculated six indexes  of careless responses for each row: long string, standard  deviation, the correlation between two half scales,  Mahalanobis distance by the R package careless (Yentes  & Wilhelm, 2021), and two person-fit indices by the  R package PerFit (Tendeiro et al., 2016).",0,"data_study_1$gpoly <- Gpoly(matrix = irtdata,
                            Ncat = 7)$Pfscores",code_Study1.R:461-462,1,"In Study 1, a paired-samples t-test compared the person-fit Gpm index between gibberish and content scales for each respondent. This test examined whether gibberish response patterns showed fewer Guttman-type errors (lower Gpm values) than content responses (M_gibberish = 124.1, M_content = 396.9), challenging the idea that misfit signals carelessness. The result was a large, significant difference, t(619) = -21.4, p < .001, Cohen’s d = -1.17.","The data set originally contained 32 columns comprising two types of scales: 16 columns with gibberish questions and 16 columns with content questions. We transformed the data into long format by stacking the 32 columns into 16 columns representing the questions and adding a 17th column to indicate whether each row originated from the gibberish or content scale. The analysis included six steps. First, we calculated six indexes of careless responses for each row: long string, standard deviation, the correlation between two half scales, Mahalanobis distance by the R package careless (Yentes & Wilhelm, 2021), and two person-fit indices by the R package PerFit (Tendeiro et al., 2016). Second, we ran paired-samples t tests comparing these careless-responses-index scores among the content items with the gibberish items.",,"irtdata <- data_study_1[, 1:16]-1
data_study_1$gpoly <- Gpoly(matrix = irtdata,
                            Ncat = 7)$PFscores
data_study_1$lzpoly <- lzpoly(matrix = irtdata,
                                     Ncat = 7)$PFscores

# Deleting two respondents who do not have both types of scales,
# so that we can do a paired samples t-test
counts <- table(data_study_1$Participant_ID)
single_row_ids <- names(counts[counts < 2])
filtered_data <- data_study_1[!data_study_1$Participant_ID %in% single_row_ids, ]
filtered_data <- filtered_data %>%
  arrange(Participant_ID, condition)

filtered_data$gpoly <- unlist(filtered_data$gpoly); filtered_data$lzpoly <- unlist(filtered_data$lzpoly)
t.test(data = filtered_data, gpoly ~ condition, paired = TRUE)
cohen.d(data = filtered_data, gpoly ~ condition, paired = TRUE)",,0,0
6,inference criterion,95% CI,2,"t.test(data = filtered_data, gpoly ~ condition, paired = TRUE)",code_Study1.R:730,1,"In Study 1, a paired-samples t-test compared the person-fit Gpm index between gibberish and content scales for each respondent. This test examined whether gibberish response patterns showed fewer Guttman-type errors (lower Gpm values) than content responses (M_gibberish = 124.1, M_content = 396.9), challenging the idea that misfit signals carelessness. The result was a large, significant difference, t(619) = -21.4, p < .001, Cohen’s d = -1.17.","Table 1.  Comparison of Classification Metrics Between Gibberish and Content Responses Using Paired-Samples t  Test
Method M gibberish M content Difference 95% CI t(df = 619) p value Cohen’s d
...
Person-fit Gp m 124.1 396.9 −272.79 [−298.6, −246.9] −21.4 < .001 −1.17
Note: CI = confidence interval.",,"# Deleting two respondents who do not have both types of scales,
# so that we can do a paired samples t-test
counts <- table(data_study_1$Participant_ID)
single_row_ids <- names(counts[counts < 2])
filtered_data <- data_study_1[!data_study_1$Participant_ID %in% single_row_ids, ]
filtered_data <- filtered_data %>%
  arrange(Participant_ID, condition)

# Paired t-tests between gibberish and content
filtered_data$gpoly <- unlist(filtered_data$gpoly); filtered_data$lzpoly <- unlist(filtered_data$lzpoly)
t.test(data = filtered_data, gpoly ~ condition, paired = TRUE)
cohen.d(data = filtered_data, gpoly ~ condition, paired = TRUE)
t.test(data = filtered_data, lzpoly ~ condition, paired = TRUE)
cohen.d(data = filtered_data, lzpoly ~ condition, paired = TRUE)",,1,1
7,model specification,"Finally, we used the GibML method to classify respondents into normal and anomalous groups in their content scales and used a t test to examine the difference in the careless-response score obtained with all quantitative methods (standard deviation, long string, personal reliability, Mahalanobis distance, and two indices of person-fit). [...] We ran t tests that examined the differences in the careless-responding indicators between the 5% classified as gibberish from the content scales compared with the 95% classified correctly. The results support Hypothesis 3: The average standard deviation of the content responses classified as gibberish, M = 0.51, is smaller than the standard deviation of the content responses classified correctly, M = 2.07, difference =−1.56, 95% confidence interval [CI] = [−1.66,  1.46], t(506.9) = −30.96, p < .001, Cohen’s d = −2.49.[...] The methods that presented results contrary to their assumption, Mahalanobis distance, personal reliability of each respondent, and person- fit in both indices, were not examined.",0,"t.test(data = filtered_data[data_study_1$condition == ""content"",], sd ~ GibML > 0.56)
cohen.d(data = filtered_data[data_study_1$condition == ""content"",], sd ~ GibML > 0.56)",code_Study1.R:738-739,1,"To assess concurrent validity of the GibML classifier in Study 1, an independent-samples Welch t-test compared the standard deviation of content-scale responses between respondents classified as gibberish-like (careless) versus those classified as normal. The test evaluated whether the 5% of respondents whose content responses were labeled gibberish-like had lower response variability (M = 0.51) than the correctly classified group (M = 2.07). Results indicated a very large and significant difference, t(506.9) = -30.96, p < .001, Cohen’s d = -2.49.","Specifically, we tested concurrent validity. We ran t tests that examined the differences in the careless-responding indicators between the 5% classified as gibberish from the content scales compared with the 95% classified correctly. The results support Hypothesis 3: The average standard deviation of the content responses classified as gibberish, M = 0.51, is smaller than the standard deviation of the content responses classified correctly, M  = 2.07, difference = −1.56, 95% confidence interval [CI] =  [ −1.66, −1.46], t(506.9) = −30.96, p < .001, Cohen’s d = −2.49.",,"# T-tests between respondents on content scales classified as careless and classified as content responders

t.test(data = filtered_data[data_study_1$condition == ""content"",], sd ~ GibML > 0.56)
cohen.d(data = filtered_data[data_study_1$condition == ""content"",], sd ~ GibML > 0.56)",,1,1
7,variable specification,"Finally, we used the GibML method to classify respondents into normal and anomalous groups in their content scales and used a t test to examine the difference in the careless-response score obtained with all quantitative methods (standard deviation, long string, personal reliability, Mahalanobis distance, and two indices of person-fit). [...] We ran t tests that examined the differences in the careless-responding indicators between the 5% classified as gibberish from the content scales compared with the 95% classified correctly. The results support Hypothesis 3: The average standard deviation of the content responses classified as gibberish, M = 0.51, is smaller than the standard deviation of the content responses classified correctly, M = 2.07, difference =−1.56, 95% confidence interval [CI] = [−1.66,  1.46], t(506.9) = −30.96, p < .001, Cohen’s d = −2.49.[...] The methods that presented results contrary to their assumption, Mahalanobis distance, personal reliability of each respondent, and person- fit in both indices, were not examined.",0,"data_study_1 <- import(""study1_IDs.csv"") […] filtered_data <- data_study_1[!data_study_1$Participant_ID %in% single_row_ids, ]
filtered_data <- filtered_data %>%
  arrange(Participant_ID, condition) […] t.test(data = filtered_data[data_study_1$condition == ""content"",], sd ~ GibML > 0.56)
cohen.d(data = filtered_data[data_study_1$condition == ""content"",], sd ~ GibML > 0.56) ",code_Study1.R:23;716-718;738-739,1,"To assess concurrent validity of the GibML classifier in Study 1, an independent-samples Welch t-test compared the standard deviation of content-scale responses between respondents classified as gibberish-like (careless) versus those classified as normal. The test evaluated whether the 5% of respondents whose content responses were labeled gibberish-like had lower response variability (M = 0.51) than the correctly classified group (M = 2.07). Results indicated a very large and significant difference, t(506.9) = -30.96, p < .001, Cohen’s d = -2.49.","Finally, we used the GibML method to classify respondents into normal and anomalous groups in their content scales and used a t  test to examine the difference in the careless-response score obtained with all quantitative methods (standard deviation, long string, personal reliability, Mahalanobis dis- tance, and two indices of person-fit).
...
We ran t tests that examined the differences in the careless-responding indicators between the 5% classified as gibberish from the content scales compared with the 95% classified correctly. The results support Hypothesis 3: The average standard deviation of the content responses classified as gibberish, M = 0.51, is smaller than the standard deviation of the content responses classified correctly, M  = 2.07, difference = −1.56, 95% confidence interval [CI] =  [ −1.66, −1.46], t(506.9) = −30.96, p < .001, Cohen’s d = −2.49.",,"# T-tests between respondents on content scales classified as careless and classified as content responders

t.test(data = filtered_data[data_study_1$condition == ""content"",], sd ~ GibML > 0.56)
cohen.d(data = filtered_data[data_study_1$condition == ""content"",], sd ~ GibML > 0.56)",,1,1
7,transformation,"First, we calculated six indexes  of careless responses for each row: long string, standard  deviation, the correlation between two half scales,  Mahalanobis distance by the R package careless (Yentes  & Wilhelm, 2021), and two person-fit indices by the  R package PerFit (Tendeiro et al., 2016). [...] Finally, we used the GibML method to classify respondents into normal and anomalous groups in their content scales and used a t test to examine the difference in the careless-response score obtained with all quantitative methods (standard deviation, long string, personal reliability, Mahalanobis distance, and two indices of person-fit). [...] We ran t tests that examined the differences in the careless-responding indicators between the 5% classified as gibberish from the content scales compared with the 95% classified correctly. The results support Hypothesis 3: The average standard deviation of the content responses classified as gibberish, M = 0.51, is smaller than the standard deviation of the content responses classified correctly, M = 2.07, difference =−1.56, 95% confidence interval [CI] = [−1.66,  1.46], t(506.9) = −30.96, p < .001, Cohen’s d = −2.49.[...] The methods that presented results contrary to their assumption, Mahalanobis distance, personal reliability of each respondent, and person- fit in both indices, were not examined.",0,"tune.out <- tune.svm(as.factor(condition) ~ ., data = data_study_1[, c(1:16, 17)], kernel = 'radial', probability = TRUE)
prob.GibML <- predict(tune.out$best.model, data_study_1[, 1:16], probability = TRUE)
data_study_1$GibML <- attr(prob.GibML, ""probabilities"")[,2]",466-468,1,"To assess concurrent validity of the GibML classifier in Study 1, an independent-samples Welch t-test compared the standard deviation of content-scale responses between respondents classified as gibberish-like (careless) versus those classified as normal. The test evaluated whether the 5% of respondents whose content responses were labeled gibberish-like had lower response variability (M = 0.51) than the correctly classified group (M = 2.07). Results indicated a very large and significant difference, t(506.9) = -30.96, p < .001, Cohen’s d = -2.49.","The data set originally contained 32 columns comprising two types of scales: 16 columns with gibberish questions and 16 columns with content questions. We transformed the data into long format by stacking the 32 columns into 16 columns representing the questions and adding a 17th column to indicate whether each row originated from the gibberish or content scale. The analysis included six steps. First, we calculated six indexes of careless responses for each row: long string, standard deviation, the correlation between two half scales, Mahalanobis distance by the R package careless (Yentes & Wilhelm, 2021), and two person-fit indices by the R package PerFit (Tendeiro et al., 2016). ... Fifth, we reapplied the SVM model training to the complete data set, including all the responses, and ran the prediction once again on the complete data set. This second process is the practical application of GibML, and it was conducted to detect anomalous respondents within the responses provided on the content and gibberish scales. ... Finally, we used the GibML method to classify respondents into normal and anomalous groups in their content scales and used a t test to examine the difference in the careless-response score obtained with all quantitative methods (standard deviation, long string, personal reliability, Mahalanobis distance, and two indices of person-fit).",,"# Deleting two respondents who do not have both types of scales,
# so that we can do a paired samples t-test
counts <- table(data_study_1$Participant_ID)
single_row_ids <- names(counts[counts < 2])
filtered_data <- data_study_1[!data_study_1$Participant_ID %in% single_row_ids, ]
filtered_data <- filtered_data %>%
  arrange(Participant_ID, condition)

# T-tests between respondents on content scales classified as careless and classified as content responders

t.test(data = filtered_data[data_study_1$condition == ""content"",], sd ~ GibML > 0.56)
cohen.d(data = filtered_data[data_study_1$condition == ""content"",], sd ~ GibML > 0.56)",,,
7,variable specification,"Finally, we used the GibML method to classify respondents into normal and anomalous groups in their content scales and used a t test to examine the difference in the careless-response score obtained with all quantitative methods (standard deviation, long string, personal reliability, Mahalanobis distance, and two indices of person-fit). [...] We ran t tests that examined the differences in the careless-responding indicators between the 5% classified as gibberish from the content scales compared with the 95% classified correctly. The results support Hypothesis 3: The average standard deviation of the content responses classified as gibberish, M = 0.51, is smaller than the standard deviation of the content responses classified correctly, M = 2.07, difference =−1.56, 95% confidence interval [CI] = [−1.66,  1.46], t(506.9) = −30.96, p < .001, Cohen’s d = −2.49.[...] The methods that presented results contrary to their assumption, Mahalanobis distance, personal reliability of each respondent, and person- fit in both indices, were not examined.",0,"data_study_1 <- import(""study1_IDs.csv"") […] filtered_data <- data_study_1[!data_study_1$Participant_ID %in% single_row_ids, ]
filtered_data <- filtered_data %>%
  arrange(Participant_ID, condition) […] t.test(data = filtered_data[data_study_1$condition == ""content"",], sd ~ GibML > 0.56)
cohen.d(data = filtered_data[data_study_1$condition == ""content"",], sd ~ GibML > 0.56)",code_Study1.R:23;716-718;738-739,1,"To assess concurrent validity of the GibML classifier in Study 1, an independent-samples Welch t-test compared the standard deviation of content-scale responses between respondents classified as gibberish-like (careless) versus those classified as normal. The test evaluated whether the 5% of respondents whose content responses were labeled gibberish-like had lower response variability (M = 0.51) than the correctly classified group (M = 2.07). Results indicated a very large and significant difference, t(506.9) = -30.96, p < .001, Cohen’s d = -2.49.","Finally, we used the GibML method to classify respondents into normal and anomalous groups in their content scales and used a t  test to examine the difference in the careless-response score obtained with all quantitative methods (standard deviation, long string, personal reliability, Mahalanobis dis- tance, and two indices of person-fit).
...
We ran t tests that examined the differences in the careless-responding indicators between the 5% classified as gibberish from the content scales compared with the 95% classified correctly. The results support Hypothesis 3: The average standard deviation of the content responses classified as gibberish, M = 0.51, is smaller than the standard deviation of the content responses classified correctly, M  = 2.07, difference = −1.56, 95% confidence interval [CI] =  [ −1.66, −1.46], t(506.9) = −30.96, p < .001, Cohen’s d = −2.49.",,"# T-tests between respondents on content scales classified as careless and classified as content responders

t.test(data = filtered_data[data_study_1$condition == ""content"",], sd ~ GibML > 0.56)
cohen.d(data = filtered_data[data_study_1$condition == ""content"",], sd ~ GibML > 0.56)",,1,1
7,transformation,"First, we calculated six indexes  of careless responses for each row: long string, standard  deviation, the correlation between two half scales,  Mahalanobis distance by the R package careless (Yentes  & Wilhelm, 2021), and two person-fit indices by the  R package PerFit (Tendeiro et al., 2016). [...] Finally, we used the GibML method to classify respondents into normal and anomalous groups in their content scales and used a t test to examine the difference in the careless-response score obtained with all quantitative methods (standard deviation, long string, personal reliability, Mahalanobis distance, and two indices of person-fit). [...] We ran t tests that examined the differences in the careless-responding indicators between the 5% classified as gibberish from the content scales compared with the 95% classified correctly. The results support Hypothesis 3: The average standard deviation of the content responses classified as gibberish, M = 0.51, is smaller than the standard deviation of the content responses classified correctly, M = 2.07, difference =−1.56, 95% confidence interval [CI] = [−1.66,  1.46], t(506.9) = −30.96, p < .001, Cohen’s d = −2.49.[...] The methods that presented results contrary to their assumption, Mahalanobis distance, personal reliability of each respondent, and person- fit in both indices, were not examined.",0,"data_study_1$sd <- careless::irv(data_study_1[,1:16])",code_Study1.R:36,1,"To assess concurrent validity of the GibML classifier in Study 1, an independent-samples Welch t-test compared the standard deviation of content-scale responses between respondents classified as gibberish-like (careless) versus those classified as normal. The test evaluated whether the 5% of respondents whose content responses were labeled gibberish-like had lower response variability (M = 0.51) than the correctly classified group (M = 2.07). Results indicated a very large and significant difference, t(506.9) = -30.96, p < .001, Cohen’s d = -2.49.","The data set originally contained 32 columns comprising two types of scales: 16 columns with gibberish questions and 16 columns with content questions. We transformed the data into long format by stacking the 32 columns into 16 columns representing the questions and adding a 17th column to indicate whether each row originated from the gibberish or content scale. The analysis included six steps. First, we calculated six indexes of careless responses for each row: long string, standard deviation, the correlation between two half scales, Mahalanobis distance by the R package careless (Yentes & Wilhelm, 2021), and two person-fit indices by the R package PerFit (Tendeiro et al., 2016). ... Fifth, we reapplied the SVM model training to the complete data set, including all the responses, and ran the prediction once again on the complete data set. This second process is the practical application of GibML, and it was conducted to detect anomalous respondents within the responses provided on the content and gibberish scales. ... Finally, we used the GibML method to classify respondents into normal and anomalous groups in their content scales and used a t test to examine the difference in the careless-response score obtained with all quantitative methods (standard deviation, long string, personal reliability, Mahalanobis distance, and two indices of person-fit).",,"# Deleting two respondents who do not have both types of scales,
# so that we can do a paired samples t-test
counts <- table(data_study_1$Participant_ID)
single_row_ids <- names(counts[counts < 2])
filtered_data <- data_study_1[!data_study_1$Participant_ID %in% single_row_ids, ]
filtered_data <- filtered_data %>%
  arrange(Participant_ID, condition)

# T-tests between respondents on content scales classified as careless and classified as content responders

t.test(data = filtered_data[data_study_1$condition == ""content"",], sd ~ GibML > 0.56)
cohen.d(data = filtered_data[data_study_1$condition == ""content"",], sd ~ GibML > 0.56)",,,
7,inference criterion,95% confidence interval [CI],0,"t.test(data = filtered_data[data_study_1$condition == ""content"",], sd ~ GibML > 0.56)
cohen.d(data = filtered_data[data_study_1$condition == ""content"",], sd ~ GibML > 0.56)",code_Study1.R:738-739,1,"To assess concurrent validity of the GibML classifier in Study 1, an independent-samples Welch t-test compared the standard deviation of content-scale responses between respondents classified as gibberish-like (careless) versus those classified as normal. The test evaluated whether the 5% of respondents whose content responses were labeled gibberish-like had lower response variability (M = 0.51) than the correctly classified group (M = 2.07). Results indicated a very large and significant difference, t(506.9) = -30.96, p < .001, Cohen’s d = -2.49.","The results support Hypothesis 3: The average standard deviation of the content responses classified as gibberish, M = 0.51, is smaller than the standard deviation of the content responses classified correctly, M  = 2.07, difference = −1.56, 95% confidence interval [CI] =  [ −1.66, −1.46], t(506.9) = −30.96, p < .001, Cohen’s d = −2.49.",,"# T-tests between respondents on content scales classified as careless and classified as content responders

t.test(data = filtered_data[data_study_1$condition == ""content"",], sd ~ GibML > 0.56)
cohen.d(data = filtered_data[data_study_1$condition == ""content"",], sd ~ GibML > 0.56)",,1,1
8,model specification,"Finally, we used the GibML method to classify respondents into normal and anomalous groups in their content scales and used a t test to examine the difference in the careless-response score obtained with all quantitative methods (standard deviation, long string, personal reliability, Mahalanobis distance, and two indices of person-fit). [...] We ran t tests that examined the differences in the careless-responding indicators between the 5% classified as gibberish from the content scales compared with the 95% classified correctly. [...] The average long string of the content responses classified as gibberish, M = 12.70, is greater than the long string of the content responses classified correctly, M = 4.68, difference = 8.01, 95% CI = [7.46, 8.57], t(442.69) = 28.46, p < .001, Cohen’s d = 2.29. The methods that presented results contrary to their assumption, Mahalanobis distance, personal reliability of each respondent, and person- fit in both indices, were not examined.",0,"t.test(data = filtered_data[data_study_1$condition == ""content"",], longstring ~ GibML > 0.56)
cohen.d(data = filtered_data[data_study_1$condition == ""content"",], longstring ~ GibML > 0.56)",code_Study1.R:740-741,1,"Also for concurrent validity in Study 1, an independent-samples Welch t-test compared the long-string index on content scales between respondents classified by GibML as gibberish-like versus normal. The analysis tested whether the gibberish-like group exhibited longer sequences of identical answers (M = 12.70) than the correctly classified group (M = 4.68), consistent with careless straightlining. The difference was large and statistically significant, t(442.69) = 28.46, p < .001, Cohen’s d = 2.29.","Finally, we used the GibML method to classify respondents into normal and anomalous groups in their content scales and used a t test to examine the difference in the careless-response score obtained with all quantitative methods (standard deviation, long string, personal reliability, Mahalanobis distance, and two indices of person-fit). ... The average long string of the content responses classified as gibberish, M = 12.70, is greater than the long string of the content responses classified correctly, M = 4.68, difference = 8.01, 95% CI = [7.46, 8.57], t (442.69) = 28.46, p < .001, Cohen’s d = 2.29.",,"# T-tests between respondents on content scales classified as careless and classified as content responders

t.test(data = filtered_data[data_study_1$condition == ""content"",], longstring ~ GibML > 0.56)
cohen.d(data = filtered_data[data_study_1$condition == ""content"",], longstring ~ GibML > 0.56)",,1,1
8,variable specification,"Finally, we used the GibML method to classify respondents into normal and anomalous groups in their content scales and used a t test to examine the difference in the careless-response score obtained with all quantitative methods (standard deviation, long string, personal reliability, Mahalanobis distance, and two indices of person-fit). [...] We ran t tests that examined the differences in the careless-responding indicators between the 5% classified as gibberish from the content scales compared with the 95% classified correctly. [...] The average long string of the content responses classified as gibberish, M = 12.70, is greater than the long string of the content responses classified correctly, M = 4.68, difference = 8.01, 95% CI = [7.46, 8.57], t(442.69) = 28.46, p < .001, Cohen’s d = 2.29. The methods that presented results contrary to their assumption, Mahalanobis distance, personal reliability of each respondent, and person- fit in both indices, were not examined.",0,"data_study_1 <- import(""study1_IDs.csv"") […] filtered_data <- data_study_1[!data_study_1$Participant_ID %in% single_row_ids, ]
filtered_data <- filtered_data %>%
  arrange(Participant_ID, condition) […]t.test(data = filtered_data[data_study_1$condition == ""content"",], longstring ~ GibML > 0.56)
cohen.d(data = filtered_data[data_study_1$condition == ""content"",], longstring ~ GibML > 0.56)",code_Study1.R:23;716-718;740-741,1,"Also for concurrent validity in Study 1, an independent-samples Welch t-test compared the long-string index on content scales between respondents classified by GibML as gibberish-like versus normal. The analysis tested whether the gibberish-like group exhibited longer sequences of identical answers (M = 12.70) than the correctly classified group (M = 4.68), consistent with careless straightlining. The difference was large and statistically significant, t(442.69) = 28.46, p < .001, Cohen’s d = 2.29.","Specifically, we tested concurrent validity. We ran t tests that examined the differences in the careless-responding indicators between the 5% classified as gibberish from the content scales compared with the 95% classified correctly. The results support Hypothesis 3: … The average long string of the content responses classified as gibberish, M = 12.70, is greater than the long string of the content responses classified correctly, M  = 4.68, difference = 8.01, 95% CI =  [7.46, 8.57], t (442.69) = 28.46, p < .001, Cohen’s d = 2.29.",,"# T-tests between respondents on content scales classified as careless and classified as content responders

t.test(data = filtered_data[data_study_1$condition == ""content"",], sd ~ GibML > 0.56)
cohen.d(data = filtered_data[data_study_1$condition == ""content"",], sd ~ GibML > 0.56)
t.test(data = filtered_data[data_study_1$condition == ""content"",], longstring ~ GibML > 0.56)
cohen.d(data = filtered_data[data_study_1$condition == ""content"",], longstring ~ GibML > 0.56)",,,
8,transformation,"First, we calculated six indexes  of careless responses for each row: long string, standard  deviation, the correlation between two half scales,  Mahalanobis distance by the R package careless (Yentes  & Wilhelm, 2021), and two person-fit indices by the  R package PerFit (Tendeiro et al., 2016). [...] Finally, we used the GibML method to classify respondents into normal and anomalous groups in their content scales and used a t test to examine the difference in the careless-response score obtained with all quantitative methods (standard deviation, long string, personal reliability, Mahalanobis distance, and two indices of person-fit). [...] We ran t tests that examined the differences in the careless-responding indicators between the 5% classified as gibberish from the content scales compared with the 95% classified correctly. [...] The average long string of the content responses classified as gibberish, M = 12.70, is greater than the long string of the content responses classified correctly, M = 4.68, difference = 8.01, 95% CI = [7.46, 8.57], t(442.69) = 28.46, p < .001, Cohen’s d = 2.29. The methods that presented results contrary to their assumption, Mahalanobis distance, personal reliability of each respondent, and person- fit in both indices, were not examined.",0,"tune.out <- tune.svm(as.factor(condition) ~ ., data = data_study_1[, c(1:16, 17)], kernel = 'radial', probability = TRUE)
prob.GibML <- predict(tune.out$best.model, data_study_1[, 1:16], probability = TRUE)
data_study_1$GibML <- attr(prob.GibML, ""probabilities"")[,2]",466-468,1,"Also for concurrent validity in Study 1, an independent-samples Welch t-test compared the long-string index on content scales between respondents classified by GibML as gibberish-like versus normal. The analysis tested whether the gibberish-like group exhibited longer sequences of identical answers (M = 12.70) than the correctly classified group (M = 4.68), consistent with careless straightlining. The difference was large and statistically significant, t(442.69) = 28.46, p < .001, Cohen’s d = 2.29.","Finally, we used the GibML method to classify respondents into normal and anomalous groups in their content scales and used a t  test to examine the difference in the careless-response score obtained with all quantitative methods (standard devia-
tion, long string, personal reliability, Mahalanobis dis-
tance, and two indices of person-fit).
...
Finally, we ran SVM on the complete data set to train
it to detect gibberish scales and content scales, and then
we ran the prediction formula a second time on the same
complete data set to detect respondents in each scale
whose response patterns more closely aligned with the
other scale. It resulted in a Type I error of 3% and a
Type II error of 5%. We checked whether the classifica-
tion of the unusual respondents, who were classified in
their responses to the scales with content as gibberish
(Type II error), could be an indication that they are
careless answers, that is, answers similar in pattern to
responses to careless responding. Specifically, we tested
concurrent validity. We ran t tests that examined the
differences in the careless-responding indicators between
the 5% classified as gibberish from the content scales
compared with the 95% classified correctly. The results
support Hypothesis 3: The average standard deviation
of the content responses classified as gibberish, M = 0.51,
is smaller than the standard deviation of the content
responses classified correctly, M  = 2.07, difference =
−1.56, 95% confidence interval [CI] =  [ −1.66, −1.46],
t(506.9) = −30.96, p < .001, Cohen’s d = −2.49. The aver-
age long string of the content responses classified as
gibberish, M = 12.70, is greater than the long string of
the content responses classified correctly, M  = 4.68, dif-
ference = 8.01, 95% CI =  [7.46, 8.57], t (442.69) = 28.46,
p < .001, Cohen’s d = 2.29.",,"# Calculation of within-subject indices to identify careless responses 
# (indices also based on the responses of all respondents in the sample 
# will be calculated later, after splitting the data into training and testing)
data_study_1$sd <- careless::irv(data_study_1[,1:16])
data_study_1$longstring <- longstring(data_study_1[,1:16])
...
irtdata <- data_study_1[, 1:16]-1
data_study_1$gpoly <- Gpoly(matrix = irtdata,
                            Ncat = 7)$PFscores
data_study_1$lzpoly <- lzpoly(matrix = irtdata,
                                     Ncat = 7)$PFscores

tune.out <- tune.svm(as.factor(condition) ~ ., data = data_study_1[, c(1:16, 17)], kernel = 'radial', probability = TRUE)
prob.GibML <- predict(tune.out$best.model, data_study_1[, 1:16], probability = TRUE)
data_study_1$GibML <- attr(prob.GibML, ""probabilities"")[,2]
...
# Deleting two respondents who do not have both types of scales,
# so that we can do a paired samples t-test
counts <- table(data_study_1$Participant_ID)
single_row_ids <- names(counts[counts < 2])
filtered_data <- data_study_1[!data_study_1$Participant_ID %in% single_row_ids, ]
filtered_data <- filtered_data %>%
  arrange(Participant_ID, condition)
...
# T-tests between respondents on content scales classified as careless and classified as content responders

t.test(data = filtered_data[filtered_data$condition == ""content"",], sd ~ GibML > 0.56)
cohen.d(data = filtered_data[filtered_data$condition == ""content"",], sd ~ GibML > 0.56)
t.test(data = filtered_data[filtered_data$condition == ""content"",], longstring ~ GibML > 0.56)
cohen.d(data = filtered_data[filtered_data$condition == ""content"",], longstring ~ GibML > 0.56)",,,
8,variable specification,"Finally, we used the GibML method to classify respondents into normal and anomalous groups in their content scales and used a t test to examine the difference in the careless-response score obtained with all quantitative methods (standard deviation, long string, personal reliability, Mahalanobis distance, and two indices of person-fit). [...] We ran t tests that examined the differences in the careless-responding indicators between the 5% classified as gibberish from the content scales compared with the 95% classified correctly. [...] The average long string of the content responses classified as gibberish, M = 12.70, is greater than the long string of the content responses classified correctly, M = 4.68, difference = 8.01, 95% CI = [7.46, 8.57], t(442.69) = 28.46, p < .001, Cohen’s d = 2.29. The methods that presented results contrary to their assumption, Mahalanobis distance, personal reliability of each respondent, and person- fit in both indices, were not examined.",0,"data_study_1 <- import(""study1_IDs.csv"") […] filtered_data <- data_study_1[!data_study_1$Participant_ID %in% single_row_ids, ]
filtered_data <- filtered_data %>%
  arrange(Participant_ID, condition) […]t.test(data = filtered_data[data_study_1$condition == ""content"",], longstring ~ GibML > 0.56)
cohen.d(data = filtered_data[data_study_1$condition == ""content"",], longstring ~ GibML > 0.56)",code_Study1.R:23;716-718;740-741,1,"Also for concurrent validity in Study 1, an independent-samples Welch t-test compared the long-string index on content scales between respondents classified by GibML as gibberish-like versus normal. The analysis tested whether the gibberish-like group exhibited longer sequences of identical answers (M = 12.70) than the correctly classified group (M = 4.68), consistent with careless straightlining. The difference was large and statistically significant, t(442.69) = 28.46, p < .001, Cohen’s d = 2.29.","Specifically, we tested concurrent validity. We ran t tests that examined the differences in the careless-responding indicators between the 5% classified as gibberish from the content scales compared with the 95% classified correctly. The results support Hypothesis 3: … The average long string of the content responses classified as gibberish, M = 12.70, is greater than the long string of the content responses classified correctly, M  = 4.68, difference = 8.01, 95% CI =  [7.46, 8.57], t (442.69) = 28.46, p < .001, Cohen’s d = 2.29.",,"# T-tests between respondents on content scales classified as careless and classified as content responders

t.test(data = filtered_data[data_study_1$condition == ""content"",], sd ~ GibML > 0.56)
cohen.d(data = filtered_data[data_study_1$condition == ""content"",], sd ~ GibML > 0.56)
t.test(data = filtered_data[data_study_1$condition == ""content"",], longstring ~ GibML > 0.56)
cohen.d(data = filtered_data[data_study_1$condition == ""content"",], longstring ~ GibML > 0.56)",,,
8,transformation,"First, we calculated six indexes  of careless responses for each row: long string, standard  deviation, the correlation between two half scales,  Mahalanobis distance by the R package careless (Yentes  & Wilhelm, 2021), and two person-fit indices by the  R package PerFit (Tendeiro et al., 2016). [...] Finally, we used the GibML method to classify respondents into normal and anomalous groups in their content scales and used a t test to examine the difference in the careless-response score obtained with all quantitative methods (standard deviation, long string, personal reliability, Mahalanobis distance, and two indices of person-fit). [...] We ran t tests that examined the differences in the careless-responding indicators between the 5% classified as gibberish from the content scales compared with the 95% classified correctly. [...] The average long string of the content responses classified as gibberish, M = 12.70, is greater than the long string of the content responses classified correctly, M = 4.68, difference = 8.01, 95% CI = [7.46, 8.57], t(442.69) = 28.46, p < .001, Cohen’s d = 2.29. The methods that presented results contrary to their assumption, Mahalanobis distance, personal reliability of each respondent, and person- fit in both indices, were not examined.",0,"data_study_1$sd <- careless::irv(data_study_1[,1:16])",code_Study1.R:36,1,"Also for concurrent validity in Study 1, an independent-samples Welch t-test compared the long-string index on content scales between respondents classified by GibML as gibberish-like versus normal. The analysis tested whether the gibberish-like group exhibited longer sequences of identical answers (M = 12.70) than the correctly classified group (M = 4.68), consistent with careless straightlining. The difference was large and statistically significant, t(442.69) = 28.46, p < .001, Cohen’s d = 2.29.","Finally, we used the GibML method to classify respondents into normal and anomalous groups in their content scales and used a t  test to examine the difference in the careless-response score obtained with all quantitative methods (standard devia-
tion, long string, personal reliability, Mahalanobis dis-
tance, and two indices of person-fit).
...
Finally, we ran SVM on the complete data set to train
it to detect gibberish scales and content scales, and then
we ran the prediction formula a second time on the same
complete data set to detect respondents in each scale
whose response patterns more closely aligned with the
other scale. It resulted in a Type I error of 3% and a
Type II error of 5%. We checked whether the classifica-
tion of the unusual respondents, who were classified in
their responses to the scales with content as gibberish
(Type II error), could be an indication that they are
careless answers, that is, answers similar in pattern to
responses to careless responding. Specifically, we tested
concurrent validity. We ran t tests that examined the
differences in the careless-responding indicators between
the 5% classified as gibberish from the content scales
compared with the 95% classified correctly. The results
support Hypothesis 3: The average standard deviation
of the content responses classified as gibberish, M = 0.51,
is smaller than the standard deviation of the content
responses classified correctly, M  = 2.07, difference =
−1.56, 95% confidence interval [CI] =  [ −1.66, −1.46],
t(506.9) = −30.96, p < .001, Cohen’s d = −2.49. The aver-
age long string of the content responses classified as
gibberish, M = 12.70, is greater than the long string of
the content responses classified correctly, M  = 4.68, dif-
ference = 8.01, 95% CI =  [7.46, 8.57], t (442.69) = 28.46,
p < .001, Cohen’s d = 2.29.",,"# Calculation of within-subject indices to identify careless responses 
# (indices also based on the responses of all respondents in the sample 
# will be calculated later, after splitting the data into training and testing)
data_study_1$sd <- careless::irv(data_study_1[,1:16])
data_study_1$longstring <- longstring(data_study_1[,1:16])
...
irtdata <- data_study_1[, 1:16]-1
data_study_1$gpoly <- Gpoly(matrix = irtdata,
                            Ncat = 7)$PFscores
data_study_1$lzpoly <- lzpoly(matrix = irtdata,
                                     Ncat = 7)$PFscores

tune.out <- tune.svm(as.factor(condition) ~ ., data = data_study_1[, c(1:16, 17)], kernel = 'radial', probability = TRUE)
prob.GibML <- predict(tune.out$best.model, data_study_1[, 1:16], probability = TRUE)
data_study_1$GibML <- attr(prob.GibML, ""probabilities"")[,2]
...
# Deleting two respondents who do not have both types of scales,
# so that we can do a paired samples t-test
counts <- table(data_study_1$Participant_ID)
single_row_ids <- names(counts[counts < 2])
filtered_data <- data_study_1[!data_study_1$Participant_ID %in% single_row_ids, ]
filtered_data <- filtered_data %>%
  arrange(Participant_ID, condition)
...
# T-tests between respondents on content scales classified as careless and classified as content responders

t.test(data = filtered_data[filtered_data$condition == ""content"",], sd ~ GibML > 0.56)
cohen.d(data = filtered_data[filtered_data$condition == ""content"",], sd ~ GibML > 0.56)
t.test(data = filtered_data[filtered_data$condition == ""content"",], longstring ~ GibML > 0.56)
cohen.d(data = filtered_data[filtered_data$condition == ""content"",], longstring ~ GibML > 0.56)",,,
8,inference criterion,95% CI,0,"t.test(data = filtered_data[data_study_1$condition == ""content"",], sd ~ GibML > 0.56)
cohen.d(data = filtered_data[data_study_1$condition == ""content"",], sd ~ GibML > 0.56)",code_Study1.R:738-739,1,"Also for concurrent validity in Study 1, an independent-samples Welch t-test compared the long-string index on content scales between respondents classified by GibML as gibberish-like versus normal. The analysis tested whether the gibberish-like group exhibited longer sequences of identical answers (M = 12.70) than the correctly classified group (M = 4.68), consistent with careless straightlining. The difference was large and statistically significant, t(442.69) = 28.46, p < .001, Cohen’s d = 2.29.","The average long string of the content responses classified as gibberish, M = 12.70, is greater than the long string of the content responses classified correctly, M  = 4.68, difference = 8.01, 95% CI =  [7.46, 8.57], t (442.69) = 28.46, p < .001, Cohen’s d = 2.29.",,"# T-tests between respondents on content scales classified as careless and classified as content responders

t.test(data = filtered_data[data_study_1$condition == ""content"",], longstring ~ GibML > 0.56)
cohen.d(data = filtered_data[data_study_1$condition == ""content"",], longstring ~ GibML > 0.56)",,1,1
9,model specification,"To evaluate Hypothesis 1, we  compared the means of gibberish and content scales  across various classification metrics. Table 4 presents the  results of the paired-samples t test, […] Cohen's d",0;2,"t.test(data = data_study_2, sd ~ condition, paired = T)
cohen.d(data = data_study_2, sd ~ condition, paired = T)",code_new_Study2.R:722-723,1,,,,,,,
9,variable specification,all measures were significantly different  between the gibberish and content scales.,0,"data_study_2 <- import(""Data_Study_2.sav"") [...] t.test(data = data_study_2, sd ~ condition, paired = T)
cohen.d(data = data_study_2, sd ~ condition, paired = T)
# Extracting two datasets of content and gibberish, and merging them into a long format
a <- data_study_2[,c(1:7,15)]
b <- data_study_2[,c(8:15)]
a$condition <- ""gibberish""; b$condition <- ""content"" 
colnames(b) <- colnames(a)
data_study_2 <- rbind(b,a)",code_new_Study2.R:31-38;722-723,1,,,,,,,
9,transformation,,,,,,,,,,,,
9,variable specification,standard deviation,2,"t.test(data = data_study_2, sd ~ condition, paired = T)
cohen.d(data = data_study_2, sd ~ condition, paired = T)",code_new_Study2.R:722-723,1,,,,,,,
9,transformation,"First, we calculated six indexes  of careless responses for each row: long string, standard  deviation, the correlation between two half scales,  Mahalanobis distance by the R package careless (Yentes  & Wilhelm, 2021), and two person-fit indices by the  R package PerFit (Tendeiro et al., 2016).",0,"data_study_2 <- import(""Data_Study_2.sav"")
# Extracting two datasets of content and gibberish, and merging them into a long format
a <- data_study_2[,c(1:7,15)]
b <- data_study_2[,c(8:15)]
a$condition <- ""gibberish""; b$condition <- ""content""
colnames(b) <- colnames(a)
data_study_2 <- rbind(b,a)[…] data_study_2$sd <- careless::irv(data_study_2[,1:7]) [...] t.test(data = data_study_2, sd ~ condition, paired = T)
cohen.d(data = data_study_2, sd ~ condition, paired = T)",code_new_Study2.R:31-38;45;722-723,1,,,,,,,
9,inference criterion,95% CI,2,"t.test(data = data_study_2, sd ~ condition, paired = T)
cohen.d(data = data_study_2, sd ~ condition, paired = T)",code_new_Study2.R:722-723,1,,,,,,,
10,model specification,"To evaluate Hypothesis 1, we  compared the means of gibberish and content scales  across various classification metrics. Table 4 presents the  results of the paired-samples t test, […] Cohen's d",0;2,"t.test(data = data_study_2, longstring ~ condition, paired = T)
cohen.d(data = data_study_2, longstring ~ condition, paired = T)",code_new_Study2.R:724-725,1,"In Study 2, a paired-samples t-test compared the long-string index between gibberish and content responses across participants. This analysis tested whether gibberish items showed longer runs of identical responses (M = 4.43) than content items (M = 3.03), consistent with careless straightlining. The difference was significant, t(537) = 12.46, p < .001, Cohen’s d = 0.75.","Table 4 presents the results of the paired-samples t test, indicating significant differences for all examined metrics.

Table 4.  Comparison of Classification Metrics Between Gibberish and Content Responses Using Paired-Samples t  Test

Method M gibberish M content Difference 95% CI t(df = 537) p value Cohen’s d
...
Long string 4.43 3.03 1.4 [1.18, 1.62] 12.46 < .001 0.75",,"# Paired t-tests between gibberish and content
t.test(data = data_study_2, longstring ~ condition, paired = T)
cohen.d(data = data_study_2, longstring ~ condition, paired = T)",,1,1
10,variable specification,all measures were significantly different  between the gibberish and content scales.,0,"data_study_2 <- import(""Data_Study_2.sav"") [...] t.test(data = data_study_2, sd ~ condition, paired = T)
cohen.d(data = data_study_2, sd ~ condition, paired = T)
# Extracting two datasets of content and gibberish, and merging them into a long format
a <- data_study_2[,c(1:7,15)]
b <- data_study_2[,c(8:15)]
a$condition <- ""gibberish""; b$condition <- ""content"" 
colnames(b) <- colnames(a)
data_study_2 <- rbind(b,a) [...] t.test(data = data_study_2, longstring ~ condition, paired = T)
cohen.d(data = data_study_2, longstring ~ condition, paired = T)",code_new_Study2.R:31-38;724-725,1,"In Study 2, a paired-samples t-test compared the long-string index between gibberish and content responses across participants. This analysis tested whether gibberish items showed longer runs of identical responses (M = 4.43) than content items (M = 3.03), consistent with careless straightlining. The difference was significant, t(537) = 12.46, p < .001, Cohen’s d = 0.75.","To evaluate Hypothesis 1, we compared the means of gibberish and content scales across various classification metrics. Table 4 presents the results of the paired-samples t test, indicating significant differences for all examined metrics.

Table 4.  Comparison of Classification Metrics Between Gibberish and Content Responses Using Paired-Samples t  Test
Method M gibberish M content Difference 95% CI t(df = 537) p value Cohen’s d
...
Long string 4.43 3.03 1.4 [1.18, 1.62] 12.46 < .001 0.75",,"a <- data_study_2[,c(1:7,15)]
b <- data_study_2[,c(8:15)]
a$condition <- ""gibberish""; b$condition <- ""content""
colnames(b) <- colnames(a)
data_study_2 <- rbind(b,a)
...
# Calculation of within-subject indices to identify careless responses 
# (indices also based on the responses of all respondents in the sample 
# will be calculated later, after splitting the data into training and testing)

data_study_2$sd <- careless::irv(data_study_2[,1:7])
data_study_2$longstring <- longstring(data_study_2[,1:7])
...
# Paired t-tests between gibberish and content
...
t.test(data = data_study_2, longstring ~ condition, paired = T)
cohen.d(data = data_study_2, longstring ~ condition, paired = T)",,1,1
10,transformation,,,,,,"In Study 2, a paired-samples t-test compared the long-string index between gibberish and content responses across participants. This analysis tested whether gibberish items showed longer runs of identical responses (M = 4.43) than content items (M = 3.03), consistent with careless straightlining. The difference was significant, t(537) = 12.46, p < .001, Cohen’s d = 0.75.","To examine Hypothesis 4, we preprocessed the data set to conform to the shape of the 7-point gibberish-scale data from Study 1 and selected the first seven items from the questionnaire. Because the scale ranges in the current study differ from those in Study 1, we applied a transformation to all responses.4 To minimize the influence of response styles, such as extreme- or central-tendency bias, we collapsed the original 7-point scale into a 5-point scale that preserved both central and extreme positions. Responses of 7 were recoded as 5, and midpoint responses of 4 were recoded as 3. Responses of 2 and 3 (moderate disagreement) were recoded as 2, and responses of 5 and 6 (moderate agreement) were recoded as 4. As a result, the new scale ranged from 1 to 5 such that extreme and midpoint responses were preserved and moderate responses were clustered.

The data set originally contained 32 columns comprising two types of scales: 16 columns with gibberish questions and 16 columns with content questions. We transformed the data into long format by stacking the 32 columns into 16 columns representing the questions and adding a 17th column to indicate whether each row originated from the gibberish or content scale. The analysis included six steps. First, we calculated six indexes of careless responses for each row: long string, standard deviation, the correlation between two half scales, Mahalanobis distance by the R package careless (Yentes & Wilhelm, 2021), and two person-fit indices by the R package PerFit (Tendeiro et al., 2016).",,"# Removing respondents with excessively high correlations between the two 7-item scales
data_study_2$id <- 1000:(999+nrow(data_study_2))
for (i in 1:nrow(data_study_2)) {
  a1 <- as.integer(data_study_2[i,1:7])
  a2 <- as.integer(data_study_2[i,8:14])
  data_study_2[i,""cor""] <- cor(a2,a1,use = ""pairwise.complete.obs"")
}
# Create a dichotomous variable to identify excessively high correlations
data_study_2$corDIC <- ifelse(!is.na(data_study_2$cor) & data_study_2$cor*data_study_2$cor > 0.64, 1, 0)
...
data_study_2 <- data_study_2[data_study_2$corDIC == 0,1:15]

# Extracting two datasets of content and gibberish, and merging them into a long format
a <- data_study_2[,c(1:7,15)]
b <- data_study_2[,c(8:15)]
a$condition <- ""gibberish""; b$condition <- ""content""
colnames(b) <- colnames(a)
data_study_2 <- rbind(b,a)

# Calculation of within-subject indices to identify careless responses 
# (uses only the first seven items in each row)
data_study_2$sd <- careless::irv(data_study_2[,1:7])
data_study_2$longstring <- longstring(data_study_2[,1:7])

...

# Weak H4: Adding the gibberish scale from Study 1

# import data
gibberish_study1 <- import(""gibberish.csv"")

for (i in 1:7) {
  gibberish_study1[,i] <- ifelse(gibberish_study1[,i] == 3, 2, gibberish_study1[,i])
  gibberish_study1[,i] <- ifelse(gibberish_study1[,i] == 4, 3, gibberish_study1[,i])
  gibberish_study1[,i] <- ifelse(gibberish_study1[,i] == 5 | gibberish_study1[,i] == 6, 4, gibberish_study1[,i])
  gibberish_study1[,i] <- ifelse(gibberish_study1[,i] == 7, 5, gibberish_study1[,i])
}
gibberish_study1 <- na.omit(gibberish_study1[,1:7])
# merging the gibberish scale into a long format with the study 2 data

gibberish_study1$condition <- ""gibberish_S1""
colnames(gibberish_study1)[1:7] <- colnames(data_study_2)[1:7]
data_study_2.1 <- rbind(data_study_2[,c(1:7,9)], gibberish_study1)

# Calculation of within-subject indices to identify careless responses 
# (indices also based on the responses of all respondents in the sample 
# will be calculated later, after splitting the data into training and testing)
data_study_2.1$sd <- careless::irv(data_study_2.1[,1:7])
data_study_2.1$longstring <- longstring(data_study_2.1[,1:7])

# Calculating personal reliability index
data_study_2.1$personal_relialibity <- NA
for (i in 1:nrow(data_study_2.1)) {
  data_study_2.1[i,""personal_relialibity""] <- cor(as.numeric(data_study_2.1[i,c(1,3,5)]), as.numeric(data_study_2.1[i,c(2,4,6)]))
}
data_study_2.1$personal_relialibity <- ifelse(is.na(data_study_2.1$personal_relialibity), 1, data_study_2.1$personal_relialibity) 

...

# Paired t-tests between gibberish and content
t.test(data = data_study_2, longstring ~ condition, paired = T)
cohen.d(data = data_study_2, longstring ~ condition, paired = T)",,1,
10,variable specification,Long string,2,"t.test(data = data_study_2, longstring ~ condition, paired = T)
cohen.d(data = data_study_2, longstring ~ condition, paired = T)",code_new_Study2.R:724-725,1,"In Study 2, a paired-samples t-test compared the long-string index between gibberish and content responses across participants. This analysis tested whether gibberish items showed longer runs of identical responses (M = 4.43) than content items (M = 3.03), consistent with careless straightlining. The difference was significant, t(537) = 12.46, p < .001, Cohen’s d = 0.75.","To evaluate Hypothesis 1, we compared the means of gibberish and content scales across various classification metrics. Table 4 presents the results of the paired-samples t test, indicating significant differences for all examined metrics.

Table 4.  Comparison of Classification Metrics Between Gibberish and Content Responses Using Paired-Samples t  Test
Method M gibberish M content Difference 95% CI t(df = 537) p value Cohen’s d
...
Long string 4.43 3.03 1.4 [1.18, 1.62] 12.46 < .001 0.75",,"a <- data_study_2[,c(1:7,15)]
b <- data_study_2[,c(8:15)]
a$condition <- ""gibberish""; b$condition <- ""content""
colnames(b) <- colnames(a)
data_study_2 <- rbind(b,a)
...
# Calculation of within-subject indices to identify careless responses 
# (indices also based on the responses of all respondents in the sample 
# will be calculated later, after splitting the data into training and testing)

data_study_2$sd <- careless::irv(data_study_2[,1:7])
data_study_2$longstring <- longstring(data_study_2[,1:7])
...
# Paired t-tests between gibberish and content
...
t.test(data = data_study_2, longstring ~ condition, paired = T)
cohen.d(data = data_study_2, longstring ~ condition, paired = T)",,1,1
10,transformation,"First, we calculated six indexes  of careless responses for each row: long string, standard  deviation, the correlation between two half scales,  Mahalanobis distance by the R package careless (Yentes  & Wilhelm, 2021), and two person-fit indices by the  R package PerFit (Tendeiro et al., 2016).",0,"data_study_2 <- import(""Data_Study_2.sav"")
# Extracting two datasets of content and gibberish, and merging them into a long format
a <- data_study_2[,c(1:7,15)]
b <- data_study_2[,c(8:15)]
a$condition <- ""gibberish""; b$condition <- ""content""
colnames(b) <- colnames(a)
data_study_2 <- rbind(b,a)[…] data_study_2$longstring <- longstring(data_study_2[,1:7]) [...] t.test(data = data_study_2, longstring ~ condition, paired = T)
cohen.d(data = data_study_2, longstring ~ condition, paired = T)",code_new_Study2.R:31-38;46;724-725,1,"In Study 2, a paired-samples t-test compared the long-string index between gibberish and content responses across participants. This analysis tested whether gibberish items showed longer runs of identical responses (M = 4.43) than content items (M = 3.03), consistent with careless straightlining. The difference was significant, t(537) = 12.46, p < .001, Cohen’s d = 0.75.","To examine Hypothesis 4, we preprocessed the data set to conform to the shape of the 7-point gibberish-scale data from Study 1 and selected the first seven items from the questionnaire. Because the scale ranges in the current study differ from those in Study 1, we applied a transformation to all responses.4 To minimize the influence of response styles, such as extreme- or central-tendency bias, we collapsed the original 7-point scale into a 5-point scale that preserved both central and extreme positions. Responses of 7 were recoded as 5, and midpoint responses of 4 were recoded as 3. Responses of 2 and 3 (moderate disagreement) were recoded as 2, and responses of 5 and 6 (moderate agreement) were recoded as 4. As a result, the new scale ranged from 1 to 5 such that extreme and midpoint responses were preserved and moderate responses were clustered.

The data set originally contained 32 columns comprising two types of scales: 16 columns with gibberish questions and 16 columns with content questions. We transformed the data into long format by stacking the 32 columns into 16 columns representing the questions and adding a 17th column to indicate whether each row originated from the gibberish or content scale. The analysis included six steps. First, we calculated six indexes of careless responses for each row: long string, standard deviation, the correlation between two half scales, Mahalanobis distance by the R package careless (Yentes & Wilhelm, 2021), and two person-fit indices by the R package PerFit (Tendeiro et al., 2016).",,"# Removing respondents with excessively high correlations between the two 7-item scales
data_study_2$id <- 1000:(999+nrow(data_study_2))
for (i in 1:nrow(data_study_2)) {
  a1 <- as.integer(data_study_2[i,1:7])
  a2 <- as.integer(data_study_2[i,8:14])
  data_study_2[i,""cor""] <- cor(a2,a1,use = ""pairwise.complete.obs"")
}
# Create a dichotomous variable to identify excessively high correlations
data_study_2$corDIC <- ifelse(!is.na(data_study_2$cor) & data_study_2$cor*data_study_2$cor > 0.64, 1, 0)
...
data_study_2 <- data_study_2[data_study_2$corDIC == 0,1:15]

# Extracting two datasets of content and gibberish, and merging them into a long format
a <- data_study_2[,c(1:7,15)]
b <- data_study_2[,c(8:15)]
a$condition <- ""gibberish""; b$condition <- ""content""
colnames(b) <- colnames(a)
data_study_2 <- rbind(b,a)

# Calculation of within-subject indices to identify careless responses 
# (uses only the first seven items in each row)
data_study_2$sd <- careless::irv(data_study_2[,1:7])
data_study_2$longstring <- longstring(data_study_2[,1:7])

...

# Weak H4: Adding the gibberish scale from Study 1

# import data
gibberish_study1 <- import(""gibberish.csv"")

for (i in 1:7) {
  gibberish_study1[,i] <- ifelse(gibberish_study1[,i] == 3, 2, gibberish_study1[,i])
  gibberish_study1[,i] <- ifelse(gibberish_study1[,i] == 4, 3, gibberish_study1[,i])
  gibberish_study1[,i] <- ifelse(gibberish_study1[,i] == 5 | gibberish_study1[,i] == 6, 4, gibberish_study1[,i])
  gibberish_study1[,i] <- ifelse(gibberish_study1[,i] == 7, 5, gibberish_study1[,i])
}
gibberish_study1 <- na.omit(gibberish_study1[,1:7])
# merging the gibberish scale into a long format with the study 2 data

gibberish_study1$condition <- ""gibberish_S1""
colnames(gibberish_study1)[1:7] <- colnames(data_study_2)[1:7]
data_study_2.1 <- rbind(data_study_2[,c(1:7,9)], gibberish_study1)

# Calculation of within-subject indices to identify careless responses 
# (indices also based on the responses of all respondents in the sample 
# will be calculated later, after splitting the data into training and testing)
data_study_2.1$sd <- careless::irv(data_study_2.1[,1:7])
data_study_2.1$longstring <- longstring(data_study_2.1[,1:7])

# Calculating personal reliability index
data_study_2.1$personal_relialibity <- NA
for (i in 1:nrow(data_study_2.1)) {
  data_study_2.1[i,""personal_relialibity""] <- cor(as.numeric(data_study_2.1[i,c(1,3,5)]), as.numeric(data_study_2.1[i,c(2,4,6)]))
}
data_study_2.1$personal_relialibity <- ifelse(is.na(data_study_2.1$personal_relialibity), 1, data_study_2.1$personal_relialibity) 

...

# Paired t-tests between gibberish and content
t.test(data = data_study_2, longstring ~ condition, paired = T)
cohen.d(data = data_study_2, longstring ~ condition, paired = T)",,1,1
10,inference criterion,95% CI,2,"t.test(data = data_study_2, longstring ~ condition, paired = T)
cohen.d(data = data_study_2, longstring ~ condition, paired = T)",code_new_Study2.R:724-725,1,"In Study 2, a paired-samples t-test compared the long-string index between gibberish and content responses across participants. This analysis tested whether gibberish items showed longer runs of identical responses (M = 4.43) than content items (M = 3.03), consistent with careless straightlining. The difference was significant, t(537) = 12.46, p < .001, Cohen’s d = 0.75.","Table 4 presents the results of the paired-samples t test, indicating significant differences for all examined metrics. Consistent with Hypothesis 1, all measures were significantly different between the gibberish and content scales.

""Table 4.  Comparison of Classification Metrics Between Gibberish and Content Responses Using Paired-Samples t  Test
Method M gibberish M content Difference 95% CI t(df = 537) p value Cohen’s d
...
Long string 4.43 3.03 1.4 [1.18, 1.62] 12.46 < .001 0.75""",,"# Paired t-tests between gibberish and content
...
t.test(data = data_study_2, longstring ~ condition, paired = T)
cohen.d(data = data_study_2, longstring ~ condition, paired = T)
...",,1,1
11,model specification,"To evaluate Hypothesis 1, we 
compared the means of gibberish and content scales 
across various classification metrics. Table 4 presents the 
results of the paired-samples t test, […] Cohen's d",0;2,"t.test(data = data_study_2, mahalanobis_d ~ condition, paired = T)
cohen.d(data = data_study_2, mahalanobis_d ~ condition, paired = T)",code_new_Study2.R:726-727,1,"A paired-samples t-test in Study 2 evaluated whether Mahalanobis distance differed between gibberish and content scales for each respondent. The test assessed whether gibberish responses (M = 5.52) were closer to the multivariate mean than content responses (M = 8.47), paralleling the Study 1 analysis. Results showed a significant difference, t(537) = -9.46, p < .001, Cohen’s d = -0.55.","“Table 4 presents the results of the paired-samples t test, indicating significant differences for all examined metrics.”

“Table 4.  Comparison of Classification Metrics Between Gibberish and Content Responses Using Paired-Samples t  Test”",,"# Paired t-tests between gibberish and content
t.test(data = data_study_2, mahalanobis_d ~ condition, paired = T)
cohen.d(data = data_study_2, mahalanobis_d ~ condition, paired = T)",,1,1
11,variable specification,"all measures were significantly different 
between the gibberish and content scales.",0,"data_study_2 <- import(""Data_Study_2.sav"") [...] t.test(data = data_study_2, sd ~ condition, paired = T)
cohen.d(data = data_study_2, sd ~ condition, paired = T)
# Extracting two datasets of content and gibberish, and merging them into a long format
a <- data_study_2[,c(1:7,15)]
b <- data_study_2[,c(8:15)]
a$condition <- ""gibberish""; b$condition <- ""content"" 
colnames(b) <- colnames(a)
data_study_2 <- rbind(b,a) [...] t.test(data = data_study_2, mahalanobis_d ~ condition, paired = T)
cohen.d(data = data_study_2, mahalanobis_d ~ condition, paired = T)",code_new_Study2.R:31-38;726-727,1,"A paired-samples t-test in Study 2 evaluated whether Mahalanobis distance differed between gibberish and content scales for each respondent. The test assessed whether gibberish responses (M = 5.52) were closer to the multivariate mean than content responses (M = 8.47), paralleling the Study 1 analysis. Results showed a significant difference, t(537) = -9.46, p < .001, Cohen’s d = -0.55.","Quantitative analysis. To evaluate Hypothesis 1, we compared the means of gibberish and content scales across various classification metrics. Table 4 presents the results of the paired-samples t test, indicating significant differences for all examined metrics. Table 4.  Comparison of Classification Metrics Between Gibberish and Content Responses Using Paired-Samples t  Test. Method M gibberish M content Difference 95% CI t(df = 537) p value Cohen’s d ... Mahalanobis distance 5.52 8.47 −2.94 [−3.56, −2.33] −9.46 < .001 −0.55",,"# Extracting two datasets of content and gibberish, and merging them into a long format
a <- data_study_2[,c(1:7,15)]
b <- data_study_2[,c(8:15)]
a$condition <- ""gibberish""; b$condition <- ""content""
colnames(b) <- colnames(a)
data_study_2 <- rbind(b,a)
...
# Calculating the metrics that were calculated only on the training and test sets again, on the full data

data_study_2$mahalanobis_d <- mahad(data_study_2[, 1:7])
...
# Paired t-tests between gibberish and content
...
t.test(data = data_study_2, mahalanobis_d ~ condition, paired = T)
cohen.d(data = data_study_2, mahalanobis_d ~ condition, paired = T)",,1,1
11,transformation,,,,,,"A paired-samples t-test in Study 2 evaluated whether Mahalanobis distance differed between gibberish and content scales for each respondent. The test assessed whether gibberish responses (M = 5.52) were closer to the multivariate mean than content responses (M = 8.47), paralleling the Study 1 analysis. Results showed a significant difference, t(537) = -9.46, p < .001, Cohen’s d = -0.55.","Because the scale ranges in the current study differ from those in Study 1, we applied a transformation to all responses. To minimize the influence of response styles, such as extreme- or central-tendency bias, we collapsed the original 7-point scale into a 5-point scale that preserved both central and extreme positions. Responses of 7 were recoded as 5, and midpoint responses of 4 were recoded as 3. Responses of 2 and 3 (moderate disagreement) were recoded as 2, and responses of 5 and 6 (moderate agreement) were recoded as 4. As a result, the new scale ranged from 1 to 5 such that extreme and midpoint responses were preserved and moderate responses were clustered.",,"for (i in 1:7) {
  gibberish_study1[,i] <- ifelse(gibberish_study1[,i] == 3, 2, gibberish_study1[,i])
  gibberish_study1[,i] <- ifelse(gibberish_study1[,i] == 4, 3, gibberish_study1[,i])
  gibberish_study1[,i] <- ifelse(gibberish_study1[,i] == 5 | gibberish_study1[,i] == 6, 4, gibberish_study1[,i])
  gibberish_study1[,i] <- ifelse(gibberish_study1[,i] == 7, 5, gibberish_study1[,i])
}
gibberish_study1 <- na.omit(gibberish_study1[,1:7])",,1,
11,variable specification,Mahalanobis distance,2,"t.test(data = data_study_2, mahalanobis_d ~ condition, paired = T)
cohen.d(data = data_study_2, mahalanobis_d ~ condition, paired = T)",code_new_Study2.R:726-727,1,"A paired-samples t-test in Study 2 evaluated whether Mahalanobis distance differed between gibberish and content scales for each respondent. The test assessed whether gibberish responses (M = 5.52) were closer to the multivariate mean than content responses (M = 8.47), paralleling the Study 1 analysis. Results showed a significant difference, t(537) = -9.46, p < .001, Cohen’s d = -0.55.","Quantitative analysis. To evaluate Hypothesis 1, we compared the means of gibberish and content scales across various classification metrics. Table 4 presents the results of the paired-samples t test, indicating significant differences for all examined metrics. Table 4.  Comparison of Classification Metrics Between Gibberish and Content Responses Using Paired-Samples t  Test. Method M gibberish M content Difference 95% CI t(df = 537) p value Cohen’s d ... Mahalanobis distance 5.52 8.47 −2.94 [−3.56, −2.33] −9.46 < .001 −0.55",,"# Extracting two datasets of content and gibberish, and merging them into a long format
a <- data_study_2[,c(1:7,15)]
b <- data_study_2[,c(8:15)]
a$condition <- ""gibberish""; b$condition <- ""content""
colnames(b) <- colnames(a)
data_study_2 <- rbind(b,a)
...
# Calculating the metrics that were calculated only on the training and test sets again, on the full data

data_study_2$mahalanobis_d <- mahad(data_study_2[, 1:7])
...
# Paired t-tests between gibberish and content
...
t.test(data = data_study_2, mahalanobis_d ~ condition, paired = T)
cohen.d(data = data_study_2, mahalanobis_d ~ condition, paired = T)",,1,1
11,transformation,"First, we calculated six indexes  of careless responses for each row: long string, standard  deviation, the correlation between two half scales,  Mahalanobis distance by the R package careless (Yentes  & Wilhelm, 2021), and two person-fit indices by the  R package PerFit (Tendeiro et al., 2016).",0,"data_study_2 <- import(""Data_Study_2.sav"")
# Extracting two datasets of content and gibberish, and merging them into a long format
a <- data_study_2[,c(1:7,15)]
b <- data_study_2[,c(8:15)]
a$condition <- ""gibberish""; b$condition <- ""content""
colnames(b) <- colnames(a)
data_study_2 <- rbind(b,a)[…] data_study_2$mahalanobis_d <- mahad(data_study_2[, 1:7]) [...]t.test(data = data_study_2, mahalanobis_d ~ condition, paired = T)
cohen.d(data = data_study_2, mahalanobis_d ~ condition, paired = T)",code_new_Study2.R:31-38;465;726-727,1,"A paired-samples t-test in Study 2 evaluated whether Mahalanobis distance differed between gibberish and content scales for each respondent. The test assessed whether gibberish responses (M = 5.52) were closer to the multivariate mean than content responses (M = 8.47), paralleling the Study 1 analysis. Results showed a significant difference, t(537) = -9.46, p < .001, Cohen’s d = -0.55.","Because the scale ranges in the current study differ from those in Study 1, we applied a transformation to all responses. To minimize the influence of response styles, such as extreme- or central-tendency bias, we collapsed the original 7-point scale into a 5-point scale that preserved both central and extreme positions. Responses of 7 were recoded as 5, and midpoint responses of 4 were recoded as 3. Responses of 2 and 3 (moderate disagreement) were recoded as 2, and responses of 5 and 6 (moderate agreement) were recoded as 4. As a result, the new scale ranged from 1 to 5 such that extreme and midpoint responses were preserved and moderate responses were clustered.",,"for (i in 1:7) {
  gibberish_study1[,i] <- ifelse(gibberish_study1[,i] == 3, 2, gibberish_study1[,i])
  gibberish_study1[,i] <- ifelse(gibberish_study1[,i] == 4, 3, gibberish_study1[,i])
  gibberish_study1[,i] <- ifelse(gibberish_study1[,i] == 5 | gibberish_study1[,i] == 6, 4, gibberish_study1[,i])
  gibberish_study1[,i] <- ifelse(gibberish_study1[,i] == 7, 5, gibberish_study1[,i])
}
gibberish_study1 <- na.omit(gibberish_study1[,1:7])",,1,1
11,inference criterion,95% CI,2,"t.test(data = data_study_2, mahalanobis_d ~ condition, paired = T)
cohen.d(data = data_study_2, mahalanobis_d ~ condition, paired = T)",code_new_Study2.R:726-727,1,"A paired-samples t-test in Study 2 evaluated whether Mahalanobis distance differed between gibberish and content scales for each respondent. The test assessed whether gibberish responses (M = 5.52) were closer to the multivariate mean than content responses (M = 8.47), paralleling the Study 1 analysis. Results showed a significant difference, t(537) = -9.46, p < .001, Cohen’s d = -0.55.","Table 4.  Comparison of Classification Metrics Between Gibberish and Content Responses Using Paired-Samples t  Test
Method M gibberish M content Difference 95% CI t(df = 537) p value Cohen’s d
...
Mahalanobis distance 5.52 8.47 −2.94 [−3.56, −2.33] −9.46 < .001 −0.55
...

""Table 4 presents the results of the paired-samples t test, indicating significant differences for all examined metrics. Consistent with Hypothesis 1, all measures were significantly different between the gibberish and content scales.""",,"# Paired t-tests between gibberish and content
t.test(data = data_study_2, mahalanobis_d ~ condition, paired = T)
cohen.d(data = data_study_2, mahalanobis_d ~ condition, paired = T)",,1,1
12,model specification,"To evaluate Hypothesis 1, we 
compared the means of gibberish and content scales 
across various classification metrics. Table 4 presents the 
results of the paired-samples t test, […] Cohen's d",0;2,"t.test(data = data_study_2, personal_relialibity ~ condition, paired = T)
cohen.d(data = data_study_2, personal_relialibity ~ condition, paired = T)",code_new_Study2.R:728-729,1,"In Study 2, a paired-samples t-test compared personal reliability (even–odd item correlation) between gibberish and content scales. This analysis tested whether gibberish responses showed higher internal consistency (M = 0.58) than the content scale (M = 0.29), similar to Study 1 findings. The difference was statistically significant, t(537) = 6.61, p < .001, Cohen’s d = 0.40.","To evaluate Hypothesis 1, we compared the means of gibberish and content scales across various classification metrics. Table 4 presents the results of the paired-samples t test, indicating significant differences for all examined metrics.

Table 4.  Comparison of Classification Metrics Between Gibberish and Content Responses Using Paired-Samples t  Test
...
Personal reliability 0.58 0.29 0.29 [0.20, 0.38] 6.61 < .001 0.40",,"# Paired t-tests between gibberish and content
t.test(data = data_study_2, sd ~ condition, paired = T)
cohen.d(data = data_study_2, sd ~ condition, paired = T)
t.test(data = data_study_2, longstring ~ condition, paired = T)
cohen.d(data = data_study_2, longstring ~ condition, paired = T)
t.test(data = data_study_2, mahalanobis_d ~ condition, paired = T)
cohen.d(data = data_study_2, mahalanobis_d ~ condition, paired = T)
t.test(data = data_study_2, personal_relialibity ~ condition, paired = T)
cohen.d(data = data_study_2, personal_relialibity ~ condition, paired = T)
data_study_2$gpoly <- unlist(data_study_2$gpoly); data_study_2$lzpoly <- unlist(data_study_2$lzpoly)
t.test(data = data_study_2, unlist(gpoly) ~ condition, paired = T)
cohen.d(data = data_study_2, unlist(gpoly) ~ condition, paired = T)
t.test(data = data_study_2, unlist(lzpoly) ~ condition, paired = T)
cohen.d(data = data_study_2, unlist(lzpoly) ~ condition, paired = T)",,1,1
12,variable specification,"all measures were significantly different 
between the gibberish and content scales.",0,"data_study_2 <- import(""Data_Study_2.sav"") [...] t.test(data = data_study_2, sd ~ condition, paired = T)
cohen.d(data = data_study_2, sd ~ condition, paired = T)
# Extracting two datasets of content and gibberish, and merging them into a long format
a <- data_study_2[,c(1:7,15)]
b <- data_study_2[,c(8:15)]
a$condition <- ""gibberish""; b$condition <- ""content"" 
colnames(b) <- colnames(a)
data_study_2 <- rbind(b,a) [...]t.test(data = data_study_2, personal_relialibity ~ condition, paired = T)
cohen.d(data = data_study_2, personal_relialibity ~ condition, paired = T)",code_new_Study2.R:31-38;728-729,1,"In Study 2, a paired-samples t-test compared personal reliability (even–odd item correlation) between gibberish and content scales. This analysis tested whether gibberish responses showed higher internal consistency (M = 0.58) than the content scale (M = 0.29), similar to Study 1 findings. The difference was statistically significant, t(537) = 6.61, p < .001, Cohen’s d = 0.40.","To evaluate Hypothesis 1, we compared the means of gibberish and content scales across various classification metrics. Table 4 presents the results of the paired-samples t test, indicating significant differences for all examined metrics. Consistent with Hypothesis 1, all measures were significantly different between the gibberish and content scales.

Table 4.  Comparison of Classification Metrics Between Gibberish and Content Responses Using Paired-Samples t  Test

Method M gibberish M content Difference 95% CI t(df = 537) p value Cohen’s d
...
Personal reliability 0.58 0.29 0.29 [0.20, 0.38] 6.61 < .001 0.40",,"# Extracting two datasets of content and gibberish, and merging them into a long format
a <- data_study_2[,c(1:7,15)]
b <- data_study_2[,c(8:15)]
a$condition <- ""gibberish""; b$condition <- ""content""
colnames(b) <- colnames(a)
data_study_2 <- rbind(b,a)

# Calculating personal reliability index
data_study_2$personal_relialibity <- NA
for (i in 1:nrow(data_study_2)) {
  data_study_2[i,""personal_relialibity""] <- cor(as.numeric(data_study_2[i,c(1,3,5)]), as.numeric(data_study_2[i,c(2,4,6)]))
}
data_study_2$personal_relialibity <- ifelse(is.na(data_study_2$personal_relialibity), 1, data_study_2$personal_relialibity) 

# Paired t-tests between gibberish and content
...
t.test(data = data_study_2, personal_relialibity ~ condition, paired = T)
cohen.d(data = data_study_2, personal_relialibity ~ condition, paired = T)",,1,1
12,transformation,,,,,,"In Study 2, a paired-samples t-test compared personal reliability (even–odd item correlation) between gibberish and content scales. This analysis tested whether gibberish responses showed higher internal consistency (M = 0.58) than the content scale (M = 0.29), similar to Study 1 findings. The difference was statistically significant, t(537) = 6.61, p < .001, Cohen’s d = 0.40.","Because the scale ranges in the current study differ from those in Study 1, we applied a transformation to all responses.

To minimize the influence of response styles, such as extreme- or central-tendency bias, we collapsed the original 7-point scale into a 5-point scale that preserved both central and extreme positions. Responses of 7 were recoded as 5, and midpoint responses of 4 were recoded as 3. Responses of 2 and 3 (moderate disagreement) were recoded as 2, and responses of 5 and 6 (moderate agreement) were recoded as 4. As a result, the new scale ranged from 1 to 5 such that extreme and midpoint responses were preserved and moderate responses were clustered. Finally, we combined the Hebrew gibberish scale from Study 1 with the English content scale from the current study.",,"# import data
gibberish_study1 <- import(""gibberish.csv"")

# Removing respondents who answered 6 or 7
#for (i in 1:7) {
#  gibberish_study1[,i] <- ifelse(gibberish_study1[,i] > 5, NA, gibberish_study1[,i])
#}
#gibberish_study1 <- na.omit(gibberish_study1[,1:7])

for (i in 1:7) {
  gibberish_study1[,i] <- ifelse(gibberish_study1[,i] == 3, 2, gibberish_study1[,i])
  gibberish_study1[,i] <- ifelse(gibberish_study1[,i] == 4, 3, gibberish_study1[,i])
  gibberish_study1[,i] <- ifelse(gibberish_study1[,i] == 5 | gibberish_study1[,i] == 6, 4, gibberish_study1[,i])
  gibberish_study1[,i] <- ifelse(gibberish_study1[,i] == 7, 5, gibberish_study1[,i])
}
gibberish_study1 <- na.omit(gibberish_study1[,1:7])
# merging the gibberish scale into a long format with the study 2 data

gibberish_study1$condition <- ""gibberish_S1""
colnames(gibberish_study1)[1:7] <- colnames(data_study_2)[1:7]
data_study_2.1 <- rbind(data_study_2[,c(1:7,9)], gibberish_study1)",,1,
12,variable specification,Personal reliability,2,"t.test(data = data_study_2, personal_relialibity ~ condition, paired = T)
cohen.d(data = data_study_2, personal_relialibity ~ condition, paired = T)",code_new_Study2.R:728-729,1,"In Study 2, a paired-samples t-test compared personal reliability (even–odd item correlation) between gibberish and content scales. This analysis tested whether gibberish responses showed higher internal consistency (M = 0.58) than the content scale (M = 0.29), similar to Study 1 findings. The difference was statistically significant, t(537) = 6.61, p < .001, Cohen’s d = 0.40.","To evaluate Hypothesis 1, we compared the means of gibberish and content scales across various classification metrics. Table 4 presents the results of the paired-samples t test, indicating significant differences for all examined metrics. Consistent with Hypothesis 1, all measures were significantly different between the gibberish and content scales.

Table 4.  Comparison of Classification Metrics Between Gibberish and Content Responses Using Paired-Samples t  Test

Method M gibberish M content Difference 95% CI t(df = 537) p value Cohen’s d
...
Personal reliability 0.58 0.29 0.29 [0.20, 0.38] 6.61 < .001 0.40",,"# Extracting two datasets of content and gibberish, and merging them into a long format
a <- data_study_2[,c(1:7,15)]
b <- data_study_2[,c(8:15)]
a$condition <- ""gibberish""; b$condition <- ""content""
colnames(b) <- colnames(a)
data_study_2 <- rbind(b,a)

# Calculating personal reliability index
data_study_2$personal_relialibity <- NA
for (i in 1:nrow(data_study_2)) {
  data_study_2[i,""personal_relialibity""] <- cor(as.numeric(data_study_2[i,c(1,3,5)]), as.numeric(data_study_2[i,c(2,4,6)]))
}
data_study_2$personal_relialibity <- ifelse(is.na(data_study_2$personal_relialibity), 1, data_study_2$personal_relialibity) 

# Paired t-tests between gibberish and content
...
t.test(data = data_study_2, personal_relialibity ~ condition, paired = T)
cohen.d(data = data_study_2, personal_relialibity ~ condition, paired = T)",,1,1
12,transformation,"First, we calculated six indexes  of careless responses for each row: long string, standard  deviation, the correlation between two half scales,  Mahalanobis distance by the R package careless (Yentes  & Wilhelm, 2021), and two person-fit indices by the  R package PerFit (Tendeiro et al., 2016).",0,"data_study_2 <- import(""Data_Study_2.sav"")
# Extracting two datasets of content and gibberish, and merging them into a long format
a <- data_study_2[,c(1:7,15)]
b <- data_study_2[,c(8:15)]
a$condition <- ""gibberish""; b$condition <- ""content""
colnames(b) <- colnames(a)
data_study_2 <- rbind(b,a)[…] # Calculating personal reliability index
data_study_2$personal_relialibity <- NA
for (i in 1:nrow(data_study_2)) {
  data_study_2[i,""personal_relialibity""] <- cor(as.numeric(data_study_2[i,c(1,3,5)]), as.numeric(data_study_2[i,c(2,4,6)]))
}
data_study_2$personal_relialibity <- ifelse(is.na(data_study_2$personal_relialibity), 1, data_study_2$personal_relialibity)  [...] t.test(data = data_study_2, personal_relialibity ~ condition, paired = T)
cohen.d(data = data_study_2, personal_relialibity ~ condition, paired = T)",code_new_Study2.R:31-38;48-53;728-729,1,"In Study 2, a paired-samples t-test compared personal reliability (even–odd item correlation) between gibberish and content scales. This analysis tested whether gibberish responses showed higher internal consistency (M = 0.58) than the content scale (M = 0.29), similar to Study 1 findings. The difference was statistically significant, t(537) = 6.61, p < .001, Cohen’s d = 0.40.","Because the scale ranges in the current study differ from those in Study 1, we applied a transformation to all responses.

To minimize the influence of response styles, such as extreme- or central-tendency bias, we collapsed the original 7-point scale into a 5-point scale that preserved both central and extreme positions. Responses of 7 were recoded as 5, and midpoint responses of 4 were recoded as 3. Responses of 2 and 3 (moderate disagreement) were recoded as 2, and responses of 5 and 6 (moderate agreement) were recoded as 4. As a result, the new scale ranged from 1 to 5 such that extreme and midpoint responses were preserved and moderate responses were clustered. Finally, we combined the Hebrew gibberish scale from Study 1 with the English content scale from the current study.",,"# import data
gibberish_study1 <- import(""gibberish.csv"")

# Removing respondents who answered 6 or 7
#for (i in 1:7) {
#  gibberish_study1[,i] <- ifelse(gibberish_study1[,i] > 5, NA, gibberish_study1[,i])
#}
#gibberish_study1 <- na.omit(gibberish_study1[,1:7])

for (i in 1:7) {
  gibberish_study1[,i] <- ifelse(gibberish_study1[,i] == 3, 2, gibberish_study1[,i])
  gibberish_study1[,i] <- ifelse(gibberish_study1[,i] == 4, 3, gibberish_study1[,i])
  gibberish_study1[,i] <- ifelse(gibberish_study1[,i] == 5 | gibberish_study1[,i] == 6, 4, gibberish_study1[,i])
  gibberish_study1[,i] <- ifelse(gibberish_study1[,i] == 7, 5, gibberish_study1[,i])
}
gibberish_study1 <- na.omit(gibberish_study1[,1:7])
# merging the gibberish scale into a long format with the study 2 data

gibberish_study1$condition <- ""gibberish_S1""
colnames(gibberish_study1)[1:7] <- colnames(data_study_2)[1:7]
data_study_2.1 <- rbind(data_study_2[,c(1:7,9)], gibberish_study1)",,1,1
12,inference criterion,95% CI,2,"t.test(data = data_study_2, personal_relialibity ~ condition, paired = T)
cohen.d(data = data_study_2, personal_relialibity ~ condition, paired = T)",code_new_Study2.R:728-729,1,"In Study 2, a paired-samples t-test compared personal reliability (even–odd item correlation) between gibberish and content scales. This analysis tested whether gibberish responses showed higher internal consistency (M = 0.58) than the content scale (M = 0.29), similar to Study 1 findings. The difference was statistically significant, t(537) = 6.61, p < .001, Cohen’s d = 0.40.","To evaluate Hypothesis 1, we compared the means of gibberish and content scales across various classification metrics. Table 4 presents the results of the paired-samples t test, indicating significant differences for all examined metrics. Consistent with Hypothesis 1, all measures were significantly different between the gibberish and content scales.

Table 4.  Comparison of Classification Metrics Between Gibberish and Content Responses Using Paired-Samples t  Test
Method M gibberish M content Difference 95% CI t(df = 537) p value Cohen’s d
...
Personal reliability 0.58 0.29 0.29 [0.20, 0.38] 6.61 < .001 0.40",,"# Paired t-tests between gibberish and content
 t.test(data = data_study_2, sd ~ condition, paired = T)
 cohen.d(data = data_study_2, sd ~ condition, paired = T)
 t.test(data = data_study_2, longstring ~ condition, paired = T)
 cohen.d(data = data_study_2, longstring ~ condition, paired = T)
 t.test(data = data_study_2, mahalanobis_d ~ condition, paired = T)
 cohen.d(data = data_study_2, mahalanobis_d ~ condition, paired = T)
 t.test(data = data_study_2, personal_relialibity ~ condition, paired = T)
 cohen.d(data = data_study_2, personal_relialibity ~ condition, paired = T)
 data_study_2$gpoly <- unlist(data_study_2$gpoly); data_study_2$lzpoly <- unlist(data_study_2$lzpoly)
 t.test(data = data_study_2, unlist(gpoly) ~ condition, paired = T)
 cohen.d(data = data_study_2, unlist(gpoly) ~ condition, paired = T)
 t.test(data = data_study_2, unlist(lzpoly) ~ condition, paired = T)
 cohen.d(data = data_study_2, unlist(lzpoly) ~ condition, paired = T)",,1,1
13,model specification,"To evaluate Hypothesis 1, we 
compared the means of gibberish and content scales 
across various classification metrics. Table 4 presents the 
results of the paired-samples t test, […] Cohen's d",0;2,"t.test(data = data_study_2, unlist(lzpoly) ~ condition, paired = T)
cohen.d(data = data_study_2, unlist(lzpoly) ~ condition, paired = T)",code_new_Study2.R:733-734,1,"Study 2 also used a paired-samples t-test to compare the person-fit lpzm index between gibberish and content responses. The goal was to determine whether gibberish items produced response patterns with higher model-based likelihood (M = 0.63) relative to content items (M = -0.12), again challenging assumptions that misfit reflects careless responding. The test showed a significant difference, t(537) = 8.80, p < .001, Cohen’s d = 0.53.","“Table 4 presents the results of the paired-samples t test, indicating significant differences for all examined metrics.”",,"# Paired t-tests between gibberish and content
t.test(data = data_study_2, sd ~ condition, paired = T)
cohen.d(data = data_study_2, sd ~ condition, paired = T)
t.test(data = data_study_2, longstring ~ condition, paired = T)
cohen.d(data = data_study_2, longstring ~ condition, paired = T)
t.test(data = data_study_2, mahalanobis_d ~ condition, paired = T)
cohen.d(data = data_study_2, mahalanobis_d ~ condition, paired = T)
t.test(data = data_study_2, personal_relialibity ~ condition, paired = T)
cohen.d(data = data_study_2, personal_relialibity ~ condition, paired = T)
data_study_2$gpoly <- unlist(data_study_2$gpoly); data_study_2$lzpoly <- unlist(data_study_2$lzpoly)
t.test(data = data_study_2, unlist(gpoly) ~ condition, paired = T)
cohen.d(data = data_study_2, unlist(gpoly) ~ condition, paired = T)
t.test(data = data_study_2, unlist(lzpoly) ~ condition, paired = T)
cohen.d(data = data_study_2, unlist(lzpoly) ~ condition, paired = T)",,1,1
13,variable specification,"all measures were significantly different 
between the gibberish and content scales.",0,"data_study_2 <- import(""Data_Study_2.sav"") [...] t.test(data = data_study_2, sd ~ condition, paired = T)
cohen.d(data = data_study_2, sd ~ condition, paired = T)
# Extracting two datasets of content and gibberish, and merging them into a long format
a <- data_study_2[,c(1:7,15)]
b <- data_study_2[,c(8:15)]
a$condition <- ""gibberish""; b$condition <- ""content"" 
colnames(b) <- colnames(a)
data_study_2 <- rbind(b,a) [...]data_study_2$gpoly <- unlist(data_study_2$gpoly); data_study_2$lzpoly <- unlist(data_study_2$lzpoly) [...] t.test(data = data_study_2, unlist(lzpoly) ~ condition, paired = T)
cohen.d(data = data_study_2, unlist(lzpoly) ~ condition, paired = T)",code_new_Study2.R:31-38;730;733-734,1,"Study 2 also used a paired-samples t-test to compare the person-fit lpzm index between gibberish and content responses. The goal was to determine whether gibberish items produced response patterns with higher model-based likelihood (M = 0.63) relative to content items (M = -0.12), again challenging assumptions that misfit reflects careless responding. The test showed a significant difference, t(537) = 8.80, p < .001, Cohen’s d = 0.53.","Table 4.  Comparison of Classification Metrics Between Gibberish and Content Responses Using Paired-Samples t  Test
Method M gibberish M content Difference 95% CI t(df = 537) p value Cohen’s d
...
Person-fit lp
zm 0.63 −0.12 0.74 [0.58, 0.91] 8.80 < .001 0.53",,"# Extracting two datasets of content and gibberish, and merging them into a long format

a <- data_study_2[,c(1:7,15)]
b <- data_study_2[,c(8:15)]
a$condition <- ""gibberish""; b$condition <- ""content""
colnames(b) <- colnames(a)
data_study_2 <- rbind(b,a)
colnames(data_study_2)
...
# Calculating the metrics that were calculated only on the training and test sets again, on the full data

data_study_2$mahalanobis_d <- mahad(data_study_2[, 1:7])

irtdata <- data_study_2[, 1:7]-1
data_study_2$gpoly <- Gpoly(matrix = irtdata,
                              Ncat = 5)$PFscores
data_study_2$lzpoly <- lzpoly(matrix = irtdata,
                                       Ncat = 5)$PFscores
...
# Paired t-tests between gibberish and content
...
data_study_2$gpoly <- unlist(data_study_2$gpoly); data_study_2$lzpoly <- unlist(data_study_2$lzpoly)
t.test(data = data_study_2, unlist(gpoly) ~ condition, paired = T)
cohen.d(data = data_study_2, unlist(gpoly) ~ condition, paired = T)
t.test(data = data_study_2, unlist(lzpoly) ~ condition, paired = T)
cohen.d(data = data_study_2, unlist(lzpoly) ~ condition, paired = T)",,1,1
13,transformation,,,,,,"Study 2 also used a paired-samples t-test to compare the person-fit lpzm index between gibberish and content responses. The goal was to determine whether gibberish items produced response patterns with higher model-based likelihood (M = 0.63) relative to content items (M = -0.12), again challenging assumptions that misfit reflects careless responding. The test showed a significant difference, t(537) = 8.80, p < .001, Cohen’s d = 0.53.","Because the scale ranges in the current study differ from those in Study 1, we applied a transformation to all responses.4 To minimize the influence of response styles, such as extreme- or central-tendency bias, we collapsed the original 7-point scale into a 5-point scale that preserved both central and extreme positions. Responses of 7 were recoded as 5, and midpoint responses of 4 were recoded as 3. Responses of 2 and 3 (moderate disagreement) were recoded as 2, and responses of 5 and 6 (moderate agreement) were recoded as 4. As a result, the new scale ranged from 1 to 5 such that extreme and midpoint responses were preserved and moderate responses were clustered.",,"# Calculating correlation between pairs of values for each respondent
for (i in 1:nrow(data_study_2)) {
  a1 <- as.integer(data_study_2[i,1:7])
  a2 <- as.integer(data_study_2[i,8:14])
  data_study_2[i,""cor""] <- cor(a2,a1,use = ""pairwise.complete.obs"")
}
# Create a dichotomous variable to identify excessively high correlations
data_study_2$corDIC <- ifelse(!is.na(data_study_2$cor) & data_study_2$cor*data_study_2$cor > 0.64, 1, 0)
table(data_study_2$corDIC)
data_study_2 <- data_study_2[data_study_2$corDIC == 0,1:15]
...
irtdata <- data_study_2[, 1:7]-1
data_study_2$gpoly <- Gpoly(matrix = irtdata,
                              Ncat = 5)$PFscores
data_study_2$lzpoly <- lzpoly(matrix = irtdata,
                                       Ncat = 5)$PFscores
...
data_study_2$gpoly <- unlist(data_study_2$gpoly); data_study_2$lzpoly <- unlist(data_study_2$lzpoly)",,,
13,variable specification,Person-fit lpzm,2,"data_study_2$gpoly <- unlist(data_study_2$gpoly); data_study_2$lzpoly <- unlist(data_study_2$lzpoly) [...] t.test(data = data_study_2, unlist(lzpoly) ~ condition, paired = T)
cohen.d(data = data_study_2, unlist(lzpoly) ~ condition, paired = T)",code_new_Study2.R:730; 733-734,1,"Study 2 also used a paired-samples t-test to compare the person-fit lpzm index between gibberish and content responses. The goal was to determine whether gibberish items produced response patterns with higher model-based likelihood (M = 0.63) relative to content items (M = -0.12), again challenging assumptions that misfit reflects careless responding. The test showed a significant difference, t(537) = 8.80, p < .001, Cohen’s d = 0.53.","Table 4.  Comparison of Classification Metrics Between Gibberish and Content Responses Using Paired-Samples t  Test
Method M gibberish M content Difference 95% CI t(df = 537) p value Cohen’s d
...
Person-fit lp
zm 0.63 −0.12 0.74 [0.58, 0.91] 8.80 < .001 0.53",,"# Extracting two datasets of content and gibberish, and merging them into a long format

a <- data_study_2[,c(1:7,15)]
b <- data_study_2[,c(8:15)]
a$condition <- ""gibberish""; b$condition <- ""content""
colnames(b) <- colnames(a)
data_study_2 <- rbind(b,a)
colnames(data_study_2)
...
# Calculating the metrics that were calculated only on the training and test sets again, on the full data

data_study_2$mahalanobis_d <- mahad(data_study_2[, 1:7])

irtdata <- data_study_2[, 1:7]-1
data_study_2$gpoly <- Gpoly(matrix = irtdata,
                              Ncat = 5)$PFscores
data_study_2$lzpoly <- lzpoly(matrix = irtdata,
                                       Ncat = 5)$PFscores
...
# Paired t-tests between gibberish and content
...
data_study_2$gpoly <- unlist(data_study_2$gpoly); data_study_2$lzpoly <- unlist(data_study_2$lzpoly)
t.test(data = data_study_2, unlist(gpoly) ~ condition, paired = T)
cohen.d(data = data_study_2, unlist(gpoly) ~ condition, paired = T)
t.test(data = data_study_2, unlist(lzpoly) ~ condition, paired = T)
cohen.d(data = data_study_2, unlist(lzpoly) ~ condition, paired = T)",,1,1
13,transformation,"First, we calculated six indexes  of careless responses for each row: long string, standard  deviation, the correlation between two half scales,  Mahalanobis distance by the R package careless (Yentes  & Wilhelm, 2021), and two person-fit indices by the  R package PerFit (Tendeiro et al., 2016).",0,"data_study_2 <- import(""Data_Study_2.sav"")
# Extracting two datasets of content and gibberish, and merging them into a long format
a <- data_study_2[,c(1:7,15)]
b <- data_study_2[,c(8:15)]
a$condition <- ""gibberish""; b$condition <- ""content""
colnames(b) <- colnames(a)
data_study_2 <- rbind(b,a)[…] # Calculating personal reliability index
data_study_2$personal_relialibity <- NA
for (i in 1:nrow(data_study_2)) {
  data_study_2[i,""personal_relialibity""] <- cor(as.numeric(data_study_2[i,c(1,3,5)]), as.numeric(data_study_2[i,c(2,4,6)]))
}
data_study_2$personal_relialibity <- ifelse(is.na(data_study_2$personal_relialibity), 1, data_study_2$personal_relialibity)  [...] t.test(data = data_study_2, personal_relialibity ~ condition, paired = T)
cohen.d(data = data_study_2, personal_relialibity ~ condition, paired = T)",code_new_Study2.R:31-38;48-53;733-734,1,"Study 2 also used a paired-samples t-test to compare the person-fit lpzm index between gibberish and content responses. The goal was to determine whether gibberish items produced response patterns with higher model-based likelihood (M = 0.63) relative to content items (M = -0.12), again challenging assumptions that misfit reflects careless responding. The test showed a significant difference, t(537) = 8.80, p < .001, Cohen’s d = 0.53.","Because the scale ranges in the current study differ from those in Study 1, we applied a transformation to all responses.4 To minimize the influence of response styles, such as extreme- or central-tendency bias, we collapsed the original 7-point scale into a 5-point scale that preserved both central and extreme positions. Responses of 7 were recoded as 5, and midpoint responses of 4 were recoded as 3. Responses of 2 and 3 (moderate disagreement) were recoded as 2, and responses of 5 and 6 (moderate agreement) were recoded as 4. As a result, the new scale ranged from 1 to 5 such that extreme and midpoint responses were preserved and moderate responses were clustered.",,"# Calculating correlation between pairs of values for each respondent
for (i in 1:nrow(data_study_2)) {
  a1 <- as.integer(data_study_2[i,1:7])
  a2 <- as.integer(data_study_2[i,8:14])
  data_study_2[i,""cor""] <- cor(a2,a1,use = ""pairwise.complete.obs"")
}
# Create a dichotomous variable to identify excessively high correlations
data_study_2$corDIC <- ifelse(!is.na(data_study_2$cor) & data_study_2$cor*data_study_2$cor > 0.64, 1, 0)
table(data_study_2$corDIC)
data_study_2 <- data_study_2[data_study_2$corDIC == 0,1:15]
...
irtdata <- data_study_2[, 1:7]-1
data_study_2$gpoly <- Gpoly(matrix = irtdata,
                              Ncat = 5)$PFscores
data_study_2$lzpoly <- lzpoly(matrix = irtdata,
                                       Ncat = 5)$PFscores
...
data_study_2$gpoly <- unlist(data_study_2$gpoly); data_study_2$lzpoly <- unlist(data_study_2$lzpoly)",,,
13,inference criterion,95% CI,2,"t.test(data = data_study_2, unlist(lzpoly) ~ condition, paired = T)
cohen.d(data = data_study_2, unlist(lzpoly) ~ condition, paired = T)",code_new_Study2.R:733-734,1,"Study 2 also used a paired-samples t-test to compare the person-fit lpzm index between gibberish and content responses. The goal was to determine whether gibberish items produced response patterns with higher model-based likelihood (M = 0.63) relative to content items (M = -0.12), again challenging assumptions that misfit reflects careless responding. The test showed a significant difference, t(537) = 8.80, p < .001, Cohen’s d = 0.53.","Table 4.  Comparison of Classification Metrics Between Gibberish and Content Responses Using Paired-Samples t  Test
Method M gibberish M content Difference 95% CI t(df = 537) p value Cohen’s d
...
Person-fit lpzm 0.63 −0.12 0.74 [0.58, 0.91] 8.80 < .001 0.53",,"# Paired t-tests between gibberish and content
...
t.test(data = data_study_2, unlist(lzpoly) ~ condition, paired = T)
cohen.d(data = data_study_2, unlist(lzpoly) ~ condition, paired = T)",,1,1
14,model specification,"To evaluate Hypothesis 1, we 
compared the means of gibberish and content scales 
across various classification metrics. Table 4 presents the 
results of the paired-samples t test, […] Cohen's d",0;2,"data_study_2$gpoly <- unlist(data_study_2$gpoly); data_study_2$lzpoly <- unlist(data_study_2$lzpoly)
t.test(data = data_study_2, unlist(gpoly) ~ condition, paired = T)
cohen.d(data = data_study_2, unlist(gpoly) ~ condition, paired = T)",code_new_Study2.R:730-732,1,,,,,,,
14,variable specification,"all measures were significantly different 
between the gibberish and content scales.",0,"data_study_2 <- import(""Data_Study_2.sav"") [...] t.test(data = data_study_2, sd ~ condition, paired = T)
cohen.d(data = data_study_2, sd ~ condition, paired = T)
# Extracting two datasets of content and gibberish, and merging them into a long format
a <- data_study_2[,c(1:7,15)]
b <- data_study_2[,c(8:15)]
a$condition <- ""gibberish""; b$condition <- ""content"" 
colnames(b) <- colnames(a)
data_study_2 <- rbind(b,a) [...]data_study_2$gpoly <- unlist(data_study_2$gpoly); data_study_2$lzpoly <- unlist(data_study_2$lzpoly)
t.test(data = data_study_2, unlist(gpoly) ~ condition, paired = T)
cohen.d(data = data_study_2, unlist(gpoly) ~ condition, paired = T)",code_new_Study2.R:31-38;730-732,1,,,,,,,
14,transformation,,,,,,,,,,,,
14,variable specification,Person-fit Gpm,2,"data_study_2$gpoly <- unlist(data_study_2$gpoly); data_study_2$lzpoly <- unlist(data_study_2$lzpoly)
t.test(data = data_study_2, unlist(gpoly) ~ condition, paired = T)
cohen.d(data = data_study_2, unlist(gpoly) ~ condition, paired = T)",code_new_Study2.R:730-732,1,,,,,,,
14,transformation,"First, we calculated six indexes  of careless responses for each row: long string, standard  deviation, the correlation between two half scales,  Mahalanobis distance by the R package careless (Yentes  & Wilhelm, 2021), and two person-fit indices by the  R package PerFit (Tendeiro et al., 2016).",0,"data_study_2 <- import(""Data_Study_2.sav"")
# Extracting two datasets of content and gibberish, and merging them into a long format
a <- data_study_2[,c(1:7,15)]
b <- data_study_2[,c(8:15)]
a$condition <- ""gibberish""; b$condition <- ""content""
colnames(b) <- colnames(a)
data_study_2 <- rbind(b,a)[…] # Calculating personal reliability index
data_study_2$personal_relialibity <- NA
for (i in 1:nrow(data_study_2)) {
  data_study_2[i,""personal_relialibity""] <- cor(as.numeric(data_study_2[i,c(1,3,5)]), as.numeric(data_study_2[i,c(2,4,6)]))
}
data_study_2$personal_relialibity <- ifelse(is.na(data_study_2$personal_relialibity), 1, data_study_2$personal_relialibity)  [...]data_study_2$gpoly <- unlist(data_study_2$gpoly); data_study_2$lzpoly <- unlist(data_study_2$lzpoly)
t.test(data = data_study_2, unlist(gpoly) ~ condition, paired = T)
cohen.d(data = data_study_2, unlist(gpoly) ~ condition, paired = T)data_study_2$gpoly <- unlist(data_study_2$gpoly); data_study_2$lzpoly <- unlist(data_study_2$lzpoly)
t.test(data = data_study_2, unlist(gpoly) ~ condition, paired = T)
cohen.d(data = data_study_2, unlist(gpoly) ~ condition, paired = T)",code_new_Study2.R:31-38;48-53;730-732,1,,,,,,,
14,inference criterion,95% CI,2,"t.test(data = data_study_2, unlist(lzpoly) ~ condition, paired = T)
cohen.d(data = data_study_2, unlist(lzpoly) ~ condition, paired = T)",code_new_Study2.R:733-734,1,,,,,,,
15,model specification,"We ran t tests that examined  the differences in the careless-responding indicators  between the 15% classified as gibberish from the content  scales compared with the 85% classified correctly. The results support Hypothesis 3: The average standard deviation of the content responses classified as gibberish, M = 0.68, is smaller than the standard deviation of the content responses classified correctly, M = 0.89, difference = −0.21, 95% CI = [−0.30, −0.12], t(111.6) = −4.66, p < .001, Cohen’s d = −0.56[…] All other methods—Mahalanobis distance, personal  reliability of each respondent, and person fit in both indices—presented results contrary to their assumptions and thus were not examined.",0,"t.test(data = data_study_2[data_study_2$condition == ""content"",], sd ~ GibML > 0.52)
cohen.d(data = data_study_2[data_study_2$condition == ""content"",], sd ~ GibML > 0.52)",code_new_Study2.R:738-739,1,"To test concurrent validity of GibML in Study 2, an independent-samples Welch t-test compared the standard deviation of content-scale responses between respondents whose content responses were classified as gibberish-like versus those classified as normal. The analysis assessed whether the 15% of content responses labeled gibberish-like had lower within-person variability (M = 0.68) than the correctly classified group (M = 0.89). The difference was statistically significant and moderate in size, t(111.6) = -4.66, p < .001, Cohen’s d = -0.56.","We examined whether Type II errors (content scales misclassified as gibberish) indicated careless responding. Specifically, we tested concurrent validity. We ran t tests that examined the differences in the careless-responding indicators between the 15% classified as gibberish from the content scales compared with the 85% classified correctly. The results support Hypothesis 3: The average standard devi-
ation of the content responses classified as gibberish, M = 0.68, is smaller than the standard deviation of the content responses classified correctly, M  = 0.89, differ-
ence = −0.21, 95% CI =  [−0.30, −0.12], t(111.6) = −4.66, p < .001, Cohen’s d = −0.56.",,"# T-tests between respondents on content scales classified as careless and classified as content responders
t.test(data = data_study_2[data_study_2$condition == ""content"",], sd ~ GibML > 0.52)
cohen.d(data = data_study_2[data_study_2$condition == ""content"",], sd ~ GibML > 0.52)",,1,1
15,variable specification,"We ran t tests that examined  the differences in the careless-responding indicators  between the 15% classified as gibberish from the content  scales compared with the 85% classified correctly. The results support Hypothesis 3: The average standard deviation of the content responses classified as gibberish, M = 0.68, is smaller than the standard deviation of the content responses classified correctly, M = 0.89, difference = −0.21, 95% CI = [−0.30, −0.12], t(111.6) = −4.66, p < .001, Cohen’s d = −0.56[…] All other methods—Mahalanobis distance, personal  reliability of each respondent, and person fit in both indices—presented results contrary to their assumptions and thus were not examined.",0,"data_study_2 <- import(""Data_Study_2.sav"") [...] a <- data_study_2[,c(1:7,15)]
b <- data_study_2[,c(8:15)]
a$condition <- ""gibberish""; b$condition <- ""content""
colnames(b) <- colnames(a)
data_study_2 <- rbind(b,a) [...] tune.out <- tune.svm(as.factor(condition) ~ ., data = data_study_2[, c(1:7, 8)], kernel = 'radial', probability = TRUE)
prob.GibML <- predict(tune.out$best.model, data_study_2[, 1:7], probability = TRUE)
data_study_2$GibML <- attr(prob.GibML, ""probabilities"")[,2] [...] t.test(data = data_study_2[data_study_2$condition == ""content"",], sd ~ GibML > 0.52)
cohen.d(data = data_study_2[data_study_2$condition == ""content"",], sd ~ GibML > 0.52)",code_new_Study2.R:20;34-38738-739;473-475;738-739,1,"To test concurrent validity of GibML in Study 2, an independent-samples Welch t-test compared the standard deviation of content-scale responses between respondents whose content responses were classified as gibberish-like versus those classified as normal. The analysis assessed whether the 15% of content responses labeled gibberish-like had lower within-person variability (M = 0.68) than the correctly classified group (M = 0.89). The difference was statistically significant and moderate in size, t(111.6) = -4.66, p < .001, Cohen’s d = -0.56.","Running the GibML on the full data set as training and test-set data simultaneously reduced Type I and Type II errors to 13% and 15%, respectively. We examined whether Type II errors (content scales misclassified as gibberish) indicated careless responding. Specifically, we tested concurrent validity. We ran t  tests that examined the differences in the careless-responding indicators between the 15% classified as gibberish from the content scales compared with the 85% classified correctly. The results support Hypothesis 3: The average standard deviation of the content responses classified as gibberish, M = 0.68, is smaller than the standard deviation of the content responses classified correctly, M  = 0.89, difference = −0.21, 95% CI =  [−0.30, −0.12], t(111.6) = −4.66, p < .001, Cohen’s d = −0.56.",,"# T-tests between respondents on content scales classified as careless and classified as content responders
t.test(data = data_study_2[data_study_2$condition == ""content"",], sd ~ GibML > 0.52)
cohen.d(data = data_study_2[data_study_2$condition == ""content"",], sd ~ GibML > 0.52)
t.test(data = data_study_2[data_study_2$condition == ""content"",], longstring ~ GibML > 0.52)
cohen.d(data = data_study_2[data_study_2$condition == ""content"",], longstring ~ GibML > 0.52)
t.test(data = data_study_2[data_study_2$condition == ""content"",], mahalanobis_d ~ GibML > 0.52)
cohen.d(data = data_study_2[data_study_2$condition == ""content"",], mahalanobis_d ~ GibML > 0.52)
t.test(data = data_study_2[data_study_2$condition == ""content"",], personal_relialibity ~ GibML > 0.52)
cohen.d(data = data_study_2[data_study_2$condition == ""content"",], personal_relialibity ~ GibML > 0.52)
t.test(data = data_study_2[data_study_2$condition == ""content"",], personal_relialibity ~ GibML > 0.52)
cohen.d(data = data_study_2[data_study_2$condition == ""content"",], personal_relialibity ~ GibML > 0.52)
data_study_2$gpoly <- unlist(data_study_2$gpoly); data_study_2$lzpoly <- unlist(data_study_2$lzpoly)
t.test(data = data_study_2[data_study_2$condition == ""content"",], gpoly ~ GibML > 0.52)
cohen.d(data = data_study_2[data_study_2$condition == ""content"",], gpoly ~ GibML > 0.52)
t.test(data = data_study_2[data_study_2$condition == ""content"",], lzpoly ~ GibML > 0.52)
cohen.d(data = data_study_2[data_study_2$condition == ""content"",], lzpoly ~ GibML > 0.52)",,1,1
15,transformation,"First, we calculated six indexes  of careless responses for each row: long string, standard  deviation, the correlation between two half scales,  Mahalanobis distance by the R package careless (Yentes  & Wilhelm, 2021), and two person-fit indices by the  R package PerFit (Tendeiro et al., 2016). [...] Finally, we used the GibML method to classify respondents into normal and anomalous groups in their content scales and used a t test to examine the difference in the careless-response score obtained with all quantitative methods (standard deviation, long string, personal reliability, Mahalanobis distance, and two indices of person-fit). [...]First, we calculated six indexes  of careless responses for each row: long string, standard  deviation, the correlation between two half scales,  Mahalanobis distance by the R package careless (Yentes  & Wilhelm, 2021), and two person-fit indices by the  R package PerFit (Tendeiro et al., 2016). [...] Finally, we used the GibML method to classify respondents into normal and anomalous groups in their content scales and used a t test to examine the difference in the careless-response score obtained with all quantitative methods (standard deviation, long string, personal reliability, Mahalanobis distance, and two indices of person-fit). [...We ran t tests that examined  the differences in the careless-responding indicators  between the 15% classified as gibberish from the content  scales compared with the 85% classified correctly. The results support Hypothesis 3: The average standard deviation of the content responses classified as gibberish, M = 0.68, is smaller than the standard deviation of the content responses classified correctly, M = 0.89, difference = −0.21, 95% CI = [−0.30, −0.12], t(111.6) = −4.66, p < .001, Cohen’s d = −0.56[…] All other methods—Mahalanobis distance, personal  reliability of each respondent, and person fit in both indices—presented results contrary to their assumptions and thus were not examined.",,"tune.out <- tune.svm(as.factor(condition) ~ ., data = data_study_2[, c(1:7, 8)], kernel = 'radial', probability = TRUE)
prob.GibML <- predict(tune.out$best.model, data_study_2[, 1:7], probability = TRUE)
data_study_2$GibML <- attr(prob.GibML, ""probabilities"")[,2]",code_new_Study2.R:473-475,1,"To test concurrent validity of GibML in Study 2, an independent-samples Welch t-test compared the standard deviation of content-scale responses between respondents whose content responses were classified as gibberish-like versus those classified as normal. The analysis assessed whether the 15% of content responses labeled gibberish-like had lower within-person variability (M = 0.68) than the correctly classified group (M = 0.89). The difference was statistically significant and moderate in size, t(111.6) = -4.66, p < .001, Cohen’s d = -0.56.","To examine Hypothesis 4, we preprocessed the data set to conform to the shape of the 7-point gibberish-scale data from Study 1 and selected the first seven items from the questionnaire. Because the scale ranges in the current study differ from those in Study 1, we applied a trans-
formation to all responses.4 To minimize the influence of response styles, such as extreme- or central-tendency bias, we collapsed the original 7-point scale into a 5-point scale that preserved both central and extreme positions. Responses of 7 were recoded as 5, and midpoint responses of 4 were recoded as 3. Responses of 2 and 3 (moderate disagreement) were recoded as 2, and responses of 5 and 6 (moderate agreement) were recoded as 4. As a result, the new scale ranged from 1 to 5 such that extreme and midpoint responses were preserved and moderate responses were clustered.",,"data_study_2$sd <- careless::irv(data_study_2[,1:7])

...

# T-tests between respondents on content scales classified as careless and classified as content responders

tune.out <- tune.svm(as.factor(condition) ~ ., data = data_study_2[, c(1:7, 8)], kernel = 'radial', probability = TRUE)
prob.GibML <- predict(tune.out$best.model, data_study_2[, 1:7], probability = TRUE)
data_study_2$GibML <- attr(prob.GibML, ""probabilities"")[,2]

# T-tests between respondents on content scales classified as careless and classified as content responders

t.test(data = data_study_2[data_study_2$condition == ""content"",], sd ~ GibML > 0.52)
cohen.d(data = data_study_2[data_study_2$condition == ""content"",], sd ~ GibML > 0.52)

...

# Weak H4: Adding the gibberish scale from Study 1

# import data
gibberish_study1 <- import(""gibberish.csv"")

for (i in 1:7) {
  gibberish_study1[,i] <- ifelse(gibberish_study1[,i] == 3, 2, gibberish_study1[,i])
  gibberish_study1[,i] <- ifelse(gibberish_study1[,i] == 4, 3, gibberish_study1[,i])
  gibberish_study1[,i] <- ifelse(gibberish_study1[,i] == 5 | gibberish_study1[,i] == 6, 4, gibberish_study1[,i])
  gibberish_study1[,i] <- ifelse(gibberish_study1[,i] == 7, 5, gibberish_study1[,i])
}
gibberish_study1 <- na.omit(gibberish_study1[,1:7])",,,
15,variable specification,"We ran t tests that examined  the differences in the careless-responding indicators  between the 15% classified as gibberish from the content  scales compared with the 85% classified correctly. The results support Hypothesis 3: The average standard deviation of the content responses classified as gibberish, M = 0.68, is smaller than the standard deviation of the content responses classified correctly, M = 0.89, difference = −0.21, 95% CI = [−0.30, −0.12], t(111.6) = −4.66, p < .001, Cohen’s d = −0.56[…] All other methods—Mahalanobis distance, personal  reliability of each respondent, and person fit in both indices—presented results contrary to their assumptions and thus were not examined.",0,"data_study_2 <- import(""Data_Study_2.sav"") […] a <- data_study_2[,c(1:7,15)]
b <- data_study_2[,c(8:15)]
a$condition <- ""gibberish""; b$condition <- ""content""
colnames(b) <- colnames(a)
data_study_2 <- rbind(b,a) [...] t.test(data = data_study_2[data_study_2$condition == ""content"",], sd ~ GibML > 0.52)
cohen.d(data = data_study_2[data_study_2$condition == ""content"",], sd ~ GibML > 0.52)",code_new_Study2.R:20;34-38;738-739,1,"To test concurrent validity of GibML in Study 2, an independent-samples Welch t-test compared the standard deviation of content-scale responses between respondents whose content responses were classified as gibberish-like versus those classified as normal. The analysis assessed whether the 15% of content responses labeled gibberish-like had lower within-person variability (M = 0.68) than the correctly classified group (M = 0.89). The difference was statistically significant and moderate in size, t(111.6) = -4.66, p < .001, Cohen’s d = -0.56.","Running the GibML on the full data set as training and test-set data simultaneously reduced Type I and Type II errors to 13% and 15%, respectively. We examined whether Type II errors (content scales misclassified as gibberish) indicated careless responding. Specifically, we tested concurrent validity. We ran t  tests that examined the differences in the careless-responding indicators between the 15% classified as gibberish from the content scales compared with the 85% classified correctly. The results support Hypothesis 3: The average standard deviation of the content responses classified as gibberish, M = 0.68, is smaller than the standard deviation of the content responses classified correctly, M  = 0.89, difference = −0.21, 95% CI =  [−0.30, −0.12], t(111.6) = −4.66, p < .001, Cohen’s d = −0.56.",,"# T-tests between respondents on content scales classified as careless and classified as content responders
t.test(data = data_study_2[data_study_2$condition == ""content"",], sd ~ GibML > 0.52)
cohen.d(data = data_study_2[data_study_2$condition == ""content"",], sd ~ GibML > 0.52)
t.test(data = data_study_2[data_study_2$condition == ""content"",], longstring ~ GibML > 0.52)
cohen.d(data = data_study_2[data_study_2$condition == ""content"",], longstring ~ GibML > 0.52)
t.test(data = data_study_2[data_study_2$condition == ""content"",], mahalanobis_d ~ GibML > 0.52)
cohen.d(data = data_study_2[data_study_2$condition == ""content"",], mahalanobis_d ~ GibML > 0.52)
t.test(data = data_study_2[data_study_2$condition == ""content"",], personal_relialibity ~ GibML > 0.52)
cohen.d(data = data_study_2[data_study_2$condition == ""content"",], personal_relialibity ~ GibML > 0.52)
t.test(data = data_study_2[data_study_2$condition == ""content"",], personal_relialibity ~ GibML > 0.52)
cohen.d(data = data_study_2[data_study_2$condition == ""content"",], personal_relialibity ~ GibML > 0.52)
data_study_2$gpoly <- unlist(data_study_2$gpoly); data_study_2$lzpoly <- unlist(data_study_2$lzpoly)
t.test(data = data_study_2[data_study_2$condition == ""content"",], gpoly ~ GibML > 0.52)
cohen.d(data = data_study_2[data_study_2$condition == ""content"",], gpoly ~ GibML > 0.52)
t.test(data = data_study_2[data_study_2$condition == ""content"",], lzpoly ~ GibML > 0.52)
cohen.d(data = data_study_2[data_study_2$condition == ""content"",], lzpoly ~ GibML > 0.52)",,1,1
15,transformation,"First, we calculated six indexes  of careless responses for each row: long string, standard  deviation, the correlation between two half scales,  Mahalanobis distance by the R package careless (Yentes  & Wilhelm, 2021), and two person-fit indices by the  R package PerFit (Tendeiro et al., 2016).",0,"data_study_2$sd <- careless::irv(data_study_2[,1:7])",code_new_Study2.R:45,1,"To test concurrent validity of GibML in Study 2, an independent-samples Welch t-test compared the standard deviation of content-scale responses between respondents whose content responses were classified as gibberish-like versus those classified as normal. The analysis assessed whether the 15% of content responses labeled gibberish-like had lower within-person variability (M = 0.68) than the correctly classified group (M = 0.89). The difference was statistically significant and moderate in size, t(111.6) = -4.66, p < .001, Cohen’s d = -0.56.","To examine Hypothesis 4, we preprocessed the data set to conform to the shape of the 7-point gibberish-scale data from Study 1 and selected the first seven items from the questionnaire. Because the scale ranges in the current study differ from those in Study 1, we applied a trans-
formation to all responses.4 To minimize the influence of response styles, such as extreme- or central-tendency bias, we collapsed the original 7-point scale into a 5-point scale that preserved both central and extreme positions. Responses of 7 were recoded as 5, and midpoint responses of 4 were recoded as 3. Responses of 2 and 3 (moderate disagreement) were recoded as 2, and responses of 5 and 6 (moderate agreement) were recoded as 4. As a result, the new scale ranged from 1 to 5 such that extreme and midpoint responses were preserved and moderate responses were clustered.",,"data_study_2$sd <- careless::irv(data_study_2[,1:7])

...

# T-tests between respondents on content scales classified as careless and classified as content responders

tune.out <- tune.svm(as.factor(condition) ~ ., data = data_study_2[, c(1:7, 8)], kernel = 'radial', probability = TRUE)
prob.GibML <- predict(tune.out$best.model, data_study_2[, 1:7], probability = TRUE)
data_study_2$GibML <- attr(prob.GibML, ""probabilities"")[,2]

# T-tests between respondents on content scales classified as careless and classified as content responders

t.test(data = data_study_2[data_study_2$condition == ""content"",], sd ~ GibML > 0.52)
cohen.d(data = data_study_2[data_study_2$condition == ""content"",], sd ~ GibML > 0.52)

...

# Weak H4: Adding the gibberish scale from Study 1

# import data
gibberish_study1 <- import(""gibberish.csv"")

for (i in 1:7) {
  gibberish_study1[,i] <- ifelse(gibberish_study1[,i] == 3, 2, gibberish_study1[,i])
  gibberish_study1[,i] <- ifelse(gibberish_study1[,i] == 4, 3, gibberish_study1[,i])
  gibberish_study1[,i] <- ifelse(gibberish_study1[,i] == 5 | gibberish_study1[,i] == 6, 4, gibberish_study1[,i])
  gibberish_study1[,i] <- ifelse(gibberish_study1[,i] == 7, 5, gibberish_study1[,i])
}
gibberish_study1 <- na.omit(gibberish_study1[,1:7])",,,
15,inference criterion,"We ran t tests that examined  the differences in the careless-responding indicators  between the 15% classified as gibberish from the content  scales compared with the 85% classified correctly. The results support Hypothesis 3: The average standard deviation of the content responses classified as gibberish, M = 0.68, is smaller than the standard deviation of the content responses classified correctly, M = 0.89, difference = −0.21, 95% CI = [−0.30, −0.12], t(111.6) = −4.66, p < .001, Cohen’s d = −0.56[…] All other methods—Mahalanobis distance, personal  reliability of each respondent, and person fit in both indices—presented results contrary to their assumptions and thus were not examined.",0,"t.test(data = data_study_2[data_study_2$condition == ""content"",], sd ~ GibML > 0.52)
cohen.d(data = data_study_2[data_study_2$condition == ""content"",], sd ~ GibML > 0.52)",code_new_Study2.R:738-739,1,"To test concurrent validity of GibML in Study 2, an independent-samples Welch t-test compared the standard deviation of content-scale responses between respondents whose content responses were classified as gibberish-like versus those classified as normal. The analysis assessed whether the 15% of content responses labeled gibberish-like had lower within-person variability (M = 0.68) than the correctly classified group (M = 0.89). The difference was statistically significant and moderate in size, t(111.6) = -4.66, p < .001, Cohen’s d = -0.56.","We ran t tests that examined the differences in the careless-responding indicators between the 15% classified as gibberish from the content scales compared with the 85% classified correctly. The results support Hypothesis 3: The average standard devi-
ation of the content responses classified as gibberish, M = 0.68, is smaller than the standard deviation of the content responses classified correctly, M  = 0.89, differ-
ence = −0.21, 95% CI =  [−0.30, −0.12], t(111.6) = −4.66, p < .001, Cohen’s d = −0.56.",,"# T-tests between respondents on content scales classified as careless and classified as content responders
t.test(data = data_study_2[data_study_2$condition == ""content"",], sd ~ GibML > 0.52)
cohen.d(data = data_study_2[data_study_2$condition == ""content"",], sd ~ GibML > 0.52)",,1,1
16,model specification,"We ran t tests that examined  the differences in the careless-responding indicators  between the 15% classified as gibberish from the content  scales compared with the 85% classified correctly. […] The average long string of the content responses classified as gibberish, M = 3.46, is greater than the long string of the content responses classified correctly, M = 2.96, difference = 0.50, 95% CI = [0.07, 0.94], t(98.82) = 2.32, p = .022, Cohen’s d = 0.32. All other methods—Mahalanobis distance, personal  reliability of each respondent, and person fit in both indices—presented results contrary to their assumptions and thus were not examined.",0,"t.test(data = data_study_2[data_study_2$condition == ""content"",], longstring ~ GibML > 0.52)
cohen.d(data = data_study_2[data_study_2$condition == ""content"",], longstring ~ GibML > 0.52)",code_new_Study2.R:740-741,1,"In Study 2, an independent-samples Welch t-test further examined concurrent validity of GibML by comparing the long-string index on content items between those labeled as gibberish-like and those labeled as normal. The test evaluated whether the gibberish-like group showed longer runs of identical answers (M = 3.46) than the correctly classified group (M = 2.96). The result was statistically significant, t(98.82) = 2.32, p = .022, Cohen’s d = 0.32.","We ran t tests that examined the differences in the careless-responding indicators between the 15% classified as gibberish from the content scales compared with the 85% classified correctly. ... The average long string of the content responses classified as gibberish, M = 3.46, is greater than the long string of the content responses classified correctly, M  = 2.96, difference =  0.50, 95%  CI = [0.07, 0.94], t (98.82) = 2.32, p  = .022, Cohen’s d = 0.32.",,"# T-tests between respondents on content scales classified as careless and classified as content responders
t.test(data = data_study_2[data_study_2$condition == ""content"",], sd ~ GibML > 0.52)
cohen.d(data = data_study_2[data_study_2$condition == ""content"",], sd ~ GibML > 0.52)
t.test(data = data_study_2[data_study_2$condition == ""content"",], longstring ~ GibML > 0.52)
cohen.d(data = data_study_2[data_study_2$condition == ""content"",], longstring ~ GibML > 0.52)",,1,1
16,variable specification,"We ran t tests that examined  the differences in the careless-responding indicators  between the 15% classified as gibberish from the content  scales compared with the 85% classified correctly. […] The average long string of the content responses classified as gibberish, M = 3.46, is greater than the long string of the content responses classified correctly, M = 2.96, difference = 0.50, 95% CI = [0.07, 0.94], t(98.82) = 2.32, p = .022, Cohen’s d = 0.32. All other methods—Mahalanobis distance, personal  reliability of each respondent, and person fit in both indices—presented results contrary to their assumptions and thus were not examined.",0,"data_study_2 <- import(""Data_Study_2.sav"")[…] a <- data_study_2[,c(1:7,15)]
b <- data_study_2[,c(8:15)]
a$condition <- ""gibberish""; b$condition <- ""content""
colnames(b) <- colnames(a)
data_study_2 <- rbind(b,a) [...] t.test(data = data_study_2[data_study_2$condition == ""content"",], longstring ~ GibML > 0.52)
cohen.d(data = data_study_2[data_study_2$condition == ""content"",], longstring ~ GibML > 0.52)",code_new_Study2.R:20;34-38;740-741,1,"In Study 2, an independent-samples Welch t-test further examined concurrent validity of GibML by comparing the long-string index on content items between those labeled as gibberish-like and those labeled as normal. The test evaluated whether the gibberish-like group showed longer runs of identical answers (M = 3.46) than the correctly classified group (M = 2.96). The result was statistically significant, t(98.82) = 2.32, p = .022, Cohen’s d = 0.32.","We examined whether reducing the proportion of gibberish responses improves detection using survey-
response-based indices, we repeated the analysis in this 
study as well, randomly removing 90% of the gibberish 
responses across 100 iterations. The detection perfor-
mance of the indices improved, particularly for the per-
son-fit index l
p
zm (see Table D1 in Appendix D in the 
Supplemental Material). However, the success rates of 
GibML remained significantly higher.
Running the GibML on the full data set as training and 
test-set data simultaneously reduced Type I and Type II 
errors to 13% and 15%, respectively. We examined 
whether Type II errors (content scales misclassified as 
gibberish) indicated careless responding. Specifically, we 
tested concurrent validity. We ran t  tests that examined 
the differences in the careless-responding indicators 
between the 15% classified as gibberish from the content 
scales compared with the 85% classified correctly. The 
results support Hypothesis 3: ... The average long string of 
the content responses classified as gibberish, M = 3.46, 
is greater than the long string of the content responses 
classified correctly, M  = 2.96, difference =  0.50, 95%  
CI = [0.07, 0.94], t (98.82) = 2.32, p  = .022, Cohen’s d = 
0.32.",,"# Calculation of within-subject indices to identify careless responses 
# (indices also based on the responses of all respondents in the sample 
# will be calculated later, after splitting the data into training and testing)

data_study_2$sd <- careless::irv(data_study_2[,1:7])
data_study_2$longstring <- longstring(data_study_2[,1:7])
...
# T-tests between respondents on content scales classified as careless and classified as content responders
...
t.test(data = data_study_2[data_study_2$condition == ""content"",], longstring ~ GibML > 0.52)
cohen.d(data = data_study_2[data_study_2$condition == ""content"",], longstring ~ GibML > 0.52)",,1,1
16,transformation,"First, we calculated six indexes  of careless responses for each row: long string, standard  deviation, the correlation between two half scales,  Mahalanobis distance by the R package careless (Yentes  & Wilhelm, 2021), and two person-fit indices by the  R package PerFit (Tendeiro et al., 2016). [...] Finally, we used the GibML method to classify respondents into normal and anomalous groups in their content scales and used a t test to examine the difference in the careless-response score obtained with all quantitative methods (standard deviation, long string, personal reliability, Mahalanobis distance, and two indices of person-fit). [...] We ran t tests that examined  the differences in the careless-responding indicators  between the 15% classified as gibberish from the content  scales compared with the 85% classified correctly. […] The average long string of the content responses classified as gibberish, M = 3.46, is greater than the long string of the content responses classified correctly, M = 2.96, difference = 0.50, 95% CI = [0.07, 0.94], t(98.82) = 2.32, p = .022, Cohen’s d = 0.32. All other methods—Mahalanobis distance, personal  reliability of each respondent, and person fit in both indices—presented results contrary to their assumptions and thus were not examined.",,"tune.out <- tune.svm(as.factor(condition) ~ ., data = data_study_2[, c(1:7, 8)], kernel = 'radial', probability = TRUE)
prob.GibML <- predict(tune.out$best.model, data_study_2[, 1:7], probability = TRUE)
data_study_2$GibML <- attr(prob.GibML, ""probabilities"")[,2]",code_new_Study2.R:473-475,1,"In Study 2, an independent-samples Welch t-test further examined concurrent validity of GibML by comparing the long-string index on content items between those labeled as gibberish-like and those labeled as normal. The test evaluated whether the gibberish-like group showed longer runs of identical answers (M = 3.46) than the correctly classified group (M = 2.96). The result was statistically significant, t(98.82) = 2.32, p = .022, Cohen’s d = 0.32.","Because the scale ranges in the current study differ from those in Study 1, we applied a transformation to all responses.4 To minimize the influence of response styles, such as extreme- or central-tendency bias, we collapsed the original 7-point scale into a 5-point scale that preserved both central and extreme positions. Responses of 7 were recoded as 5, and midpoint responses of 4 were recoded as 3. Responses of 2 and 3 (moderate disagreement) were recoded as 2, and responses of 5 and 6 (moderate agreement) were recoded as 4. As a result, the new scale ranged from 1 to 5 such that extreme and midpoint responses were preserved and moderate responses were clustered.",,"# Weak H4: Adding the gibberish scale from Study 1

# import data
gibberish_study1 <- import(""gibberish.csv"")

# Removing respondents who answered 6 or 7
#for (i in 1:7) {
#  gibberish_study1[,i] <- ifelse(gibberish_study1[,i] > 5, NA, gibberish_study1[,i])
#}
#gibberish_study1 <- na.omit(gibberish_study1[,1:7])

for (i in 1:7) {
  gibberish_study1[,i] <- ifelse(gibberish_study1[,i] == 3, 2, gibberish_study1[,i])
  gibberish_study1[,i] <- ifelse(gibberish_study1[,i] == 4, 3, gibberish_study1[,i])
  gibberish_study1[,i] <- ifelse(gibberish_study1[,i] == 5 | gibberish_study1[,i] == 6, 4, gibberish_study1[,i])
  gibberish_study1[,i] <- ifelse(gibberish_study1[,i] == 7, 5, gibberish_study1[,i])
}
gibberish_study1 <- na.omit(gibberish_study1[,1:7])",,1,1
16,variable specification,"We ran t tests that examined  the differences in the careless-responding indicators  between the 15% classified as gibberish from the content  scales compared with the 85% classified correctly. […] The average long string of the content responses classified as gibberish, M = 3.46, is greater than the long string of the content responses classified correctly, M = 2.96, difference = 0.50, 95% CI = [0.07, 0.94], t(98.82) = 2.32, p = .022, Cohen’s d = 0.32. All other methods—Mahalanobis distance, personal  reliability of each respondent, and person fit in both indices—presented results contrary to their assumptions and thus were not examined.",0,"data_study_2 <- import(""Data_Study_2.sav"") […] a <- data_study_2[,c(1:7,15)]
b <- data_study_2[,c(8:15)]
a$condition <- ""gibberish""; b$condition <- ""content""
colnames(b) <- colnames(a)
data_study_2 <- rbind(b,a) [...]  t.test(data = data_study_2[data_study_2$condition == ""content"",], longstring ~ GibML > 0.52)
cohen.d(data = data_study_2[data_study_2$condition == ""content"",], longstring ~ GibML > 0.52)",code_new_Study2.R:20;34-38; 740-741,1,"In Study 2, an independent-samples Welch t-test further examined concurrent validity of GibML by comparing the long-string index on content items between those labeled as gibberish-like and those labeled as normal. The test evaluated whether the gibberish-like group showed longer runs of identical answers (M = 3.46) than the correctly classified group (M = 2.96). The result was statistically significant, t(98.82) = 2.32, p = .022, Cohen’s d = 0.32.","We examined whether reducing the proportion of gibberish responses improves detection using survey-
response-based indices, we repeated the analysis in this 
study as well, randomly removing 90% of the gibberish 
responses across 100 iterations. The detection perfor-
mance of the indices improved, particularly for the per-
son-fit index l
p
zm (see Table D1 in Appendix D in the 
Supplemental Material). However, the success rates of 
GibML remained significantly higher.
Running the GibML on the full data set as training and 
test-set data simultaneously reduced Type I and Type II 
errors to 13% and 15%, respectively. We examined 
whether Type II errors (content scales misclassified as 
gibberish) indicated careless responding. Specifically, we 
tested concurrent validity. We ran t  tests that examined 
the differences in the careless-responding indicators 
between the 15% classified as gibberish from the content 
scales compared with the 85% classified correctly. The 
results support Hypothesis 3: ... The average long string of 
the content responses classified as gibberish, M = 3.46, 
is greater than the long string of the content responses 
classified correctly, M  = 2.96, difference =  0.50, 95%  
CI = [0.07, 0.94], t (98.82) = 2.32, p  = .022, Cohen’s d = 
0.32.",,"# Calculation of within-subject indices to identify careless responses 
# (indices also based on the responses of all respondents in the sample 
# will be calculated later, after splitting the data into training and testing)

data_study_2$sd <- careless::irv(data_study_2[,1:7])
data_study_2$longstring <- longstring(data_study_2[,1:7])
...
# T-tests between respondents on content scales classified as careless and classified as content responders
...
t.test(data = data_study_2[data_study_2$condition == ""content"",], longstring ~ GibML > 0.52)
cohen.d(data = data_study_2[data_study_2$condition == ""content"",], longstring ~ GibML > 0.52)",,1,1
16,transformation,"First, we calculated six indexes  of careless responses for each row: long string, standard  deviation, the correlation between two half scales,  Mahalanobis distance by the R package careless (Yentes  & Wilhelm, 2021), and two person-fit indices by the  R package PerFit (Tendeiro et al., 2016).",0,"data_study_2$longstring <- longstring(data_study_2[,1:7])",code_new_Study2.R:46,1,"In Study 2, an independent-samples Welch t-test further examined concurrent validity of GibML by comparing the long-string index on content items between those labeled as gibberish-like and those labeled as normal. The test evaluated whether the gibberish-like group showed longer runs of identical answers (M = 3.46) than the correctly classified group (M = 2.96). The result was statistically significant, t(98.82) = 2.32, p = .022, Cohen’s d = 0.32.","Because the scale ranges in the current study differ from those in Study 1, we applied a transformation to all responses.4 To minimize the influence of response styles, such as extreme- or central-tendency bias, we collapsed the original 7-point scale into a 5-point scale that preserved both central and extreme positions. Responses of 7 were recoded as 5, and midpoint responses of 4 were recoded as 3. Responses of 2 and 3 (moderate disagreement) were recoded as 2, and responses of 5 and 6 (moderate agreement) were recoded as 4. As a result, the new scale ranged from 1 to 5 such that extreme and midpoint responses were preserved and moderate responses were clustered.",,"# Weak H4: Adding the gibberish scale from Study 1

# import data
gibberish_study1 <- import(""gibberish.csv"")

# Removing respondents who answered 6 or 7
#for (i in 1:7) {
#  gibberish_study1[,i] <- ifelse(gibberish_study1[,i] > 5, NA, gibberish_study1[,i])
#}
#gibberish_study1 <- na.omit(gibberish_study1[,1:7])

for (i in 1:7) {
  gibberish_study1[,i] <- ifelse(gibberish_study1[,i] == 3, 2, gibberish_study1[,i])
  gibberish_study1[,i] <- ifelse(gibberish_study1[,i] == 4, 3, gibberish_study1[,i])
  gibberish_study1[,i] <- ifelse(gibberish_study1[,i] == 5 | gibberish_study1[,i] == 6, 4, gibberish_study1[,i])
  gibberish_study1[,i] <- ifelse(gibberish_study1[,i] == 7, 5, gibberish_study1[,i])
}
gibberish_study1 <- na.omit(gibberish_study1[,1:7])",,1,1
16,inference criterion,"We ran t tests that examined  the differences in the careless-responding indicators  between the 15% classified as gibberish from the content  scales compared with the 85% classified correctly. […] The average long string of the content responses classified as gibberish, M = 3.46, is greater than the long string of the content responses classified correctly, M = 2.96, difference = 0.50, 95% CI = [0.07, 0.94], t(98.82) = 2.32, p = .022, Cohen’s d = 0.32. All other methods—Mahalanobis distance, personal  reliability of each respondent, and person fit in both indices—presented results contrary to their assumptions and thus were not examined.",0,"t.test(data = data_study_2[data_study_2$condition == ""content"",], longstring ~ GibML > 0.52)
cohen.d(data = data_study_2[data_study_2$condition == ""content"",], longstring ~ GibML > 0.52)",code_new_Study2.R:740-741,1,"In Study 2, an independent-samples Welch t-test further examined concurrent validity of GibML by comparing the long-string index on content items between those labeled as gibberish-like and those labeled as normal. The test evaluated whether the gibberish-like group showed longer runs of identical answers (M = 3.46) than the correctly classified group (M = 2.96). The result was statistically significant, t(98.82) = 2.32, p = .022, Cohen’s d = 0.32.","“The average long string of the content responses classified as gibberish, M = 3.46, is greater than the long string of the content responses classified correctly, M  = 2.96, difference =  0.50, 95%  CI = [0.07, 0.94], t (98.82) = 2.32, p  = .022, Cohen’s d = 0.32.”",,"# T-tests between respondents on content scales classified as careless and classified as content responders
t.test(data = data_study_2[data_study_2$condition == ""content"",], sd ~ GibML > 0.52)
cohen.d(data = data_study_2[data_study_2$condition == ""content"",], sd ~ GibML > 0.52)
t.test(data = data_study_2[data_study_2$condition == ""content"",], longstring ~ GibML > 0.52)
cohen.d(data = data_study_2[data_study_2$condition == ""content"",], longstring ~ GibML > 0.52)",,1,1
17,model specification,"This comparison revealed that 81% of content responses were classified as content by both models, 6% were classified as gibberish by both models, 4% were classified as gibberish only by the GibML-trained model on the 7-point Hebrew scale (Hypothesis 4), and 9% were classified as gibberish only by the GibML-trained model on the 5-point English scale (Hypothesis 2). These results  were statistically significant, χ2 (1) = 95.59, p < .001.",0,"chisq.test(data_study_2.1[data_study_2.1$condition == ""content"",]$GibML, data_study_2[data_study_2$condition == ""content"",]$GibML)",code_new_Study2.R:1208,1,"To compare the agreement between two GibML models in Study 2—one trained on a 7-point Hebrew gibberish scale and one on a 5-point English gibberish scale—a chi-square test of independence was conducted on the classification of archival content responses. The contingency table contrasted whether each content response was labeled as content versus gibberish by each model, resulting in four classification combinations (both content, both gibberish, gibberish-only by one model, etc.). The chi-square test indicated significant dependence between the two classification schemes, χ²(1) = 95.59, p < .001.","These results were statistically significant, χ 2(1) = 95.59, p < .001.

Although the χ2 test indicated agreement between the classifications by GibML using the 7-point scale in Hebrew from Study 1 and the archival 5-point scale in English, this agreement was primarily observed in content classification and less in identifying respondents as gibberish (only 6% agreement, compared with 4% and 9% classified as gibberish by only one of the methods).",,"CrossTable(data_study_2.1[data_study_2.1$condition == ""content"",]$GibML, data_study_2[data_study_2$condition == ""content"",]$GibML, prop.r = F, prop.c = F, prop.chisq = F)
chisq.test(data_study_2.1[data_study_2.1$condition == ""content"",]$GibML, data_study_2[data_study_2$condition == ""content"",]$GibML)",,1,1
17,variable specification,"Finally, consistent with both the weak and strong forms of Hypothesis 4, we compared the classification of content responses in the archival data set between two versions of GibML: (a) the model trained using the archival 5-point gibberish scale in English (Hypothesis 2), which had the most reliable classification because of its low Type I and Type II error rates, and (b) the model trained using the 7-point gibberish scale in Hebrew from Study 1, in which GibML was trained on a combination of Study 1 and archival data (Hypothesis 4, both weak and strong). This comparison revealed that 81% of content responses were classified as content by both models, 6% were classified as gibberish by both models, 4% were classified as gibberish only by the GibML-trained model on the 7-point Hebrew scale (Hypothesis 4), and 9% were classified as gibberish only by the GibML-trained model on the 5-point English scale (Hypothesis 2). These results  were statistically significant, χ2 (1) = 95.59, p < .001.",0,"data_study_2 <- import(""Data_Study_2.sav"") […] a <- data_study_2[,c(1:7,15)]
b <- data_study_2[,c(8:15)]
a$condition <- ""gibberish""; b$condition <- ""content""
colnames(b) <- colnames(a)
data_study_2 <- rbind(b,a) [...]tune.out <- tune.svm(as.factor(condition) ~., data=data_study_2[,c(1:7,9)],
                     kernel='radial')
GibML <- predict(tune.out$best.model, data_study_2[,1:7])
data_study_2$GibML <- GibML […] chisq.test(data_study_2.1[data_study_2.1$condition == ""content"",]$GibML, data_study_2[data_study_2$condition == ""content"",]$GibML)",code_new_Study2.R:20;34-38; 1199-1202;1208,1,"To compare the agreement between two GibML models in Study 2—one trained on a 7-point Hebrew gibberish scale and one on a 5-point English gibberish scale—a chi-square test of independence was conducted on the classification of archival content responses. The contingency table contrasted whether each content response was labeled as content versus gibberish by each model, resulting in four classification combinations (both content, both gibberish, gibberish-only by one model, etc.). The chi-square test indicated significant dependence between the two classification schemes, χ²(1) = 95.59, p < .001.","Finally, consistent with both the weak and strong forms of Hypothesis 4, we compared the classification of content responses in the archival data set between two versions of GibML: (a) the model trained using the archival 5-point gibberish scale in English (Hypothesis 2), which had the most reliable classification because of its low Type I and Type II error rates, and (b) the model trained using the 7-point gibberish scale in Hebrew from Study 1, in which GibML was trained on a combination of Study 1 and archival data (Hypothesis 4, both weak and strong). This comparison revealed that 81% of content responses were classified as content by both models, 6% were classified as gibberish by both models, 4% were classified as gibberish only by the GibML-trained model on the 7-point Hebrew scale (Hypothesis 4), and 9% were classified as gibberish only by the GibML-trained model on the 5-point English scale (Hypothesis 2). These results were statistically significant, χ 2(1) = 95.59, p < .001.",,"tune.out <- tune.svm(as.factor(condition) ~., data=data_study_2.1[,c(1:8)],
                     kernel='radial')
GibML <- predict(tune.out$best.model, data_study_2.1[,1:7])
data_study_2.1$GibML <- GibML


# Repeating H2 to compare the classifications:

tune.out <- tune.svm(as.factor(condition) ~., data=data_study_2[,c(1:7,9)],
                     kernel='radial')
GibML <- predict(tune.out$best.model, data_study_2[,1:7])
data_study_2$GibML <- GibML



CrossTable(data_study_2.1$GibML, data_study_2.1$condition, prop.r = F, prop.t = F, prop.chisq = F)
CrossTable(data_study_2.1[data_study_2.1$condition == ""content"",]$GibML, data_study_2[data_study_2$condition == ""content"",]$GibML, prop.r = F, prop.c = F, prop.chisq = F)
chisq.test(data_study_2.1[data_study_2.1$condition == ""content"",]$GibML, data_study_2[data_study_2$condition == ""content"",]$GibML)",,1,1
17,transformation,"Finally, we used the GibML method to classify respondents into normal and anomalous groups in their content scales",0,"data_study_2 <- import(""Data_Study_2.sav"") […] a <- data_study_2[,c(1:7,15)]
b <- data_study_2[,c(8:15)]
a$condition <- ""gibberish""; b$condition <- ""content""
colnames(b) <- colnames(a)
data_study_2 <- rbind(b,a) [...]tune.out <- tune.svm(as.factor(condition) ~., data=data_study_2[,c(1:7,9)],
                     kernel='radial')
GibML <- predict(tune.out$best.model, data_study_2[,1:7])
data_study_2$GibML <- GibML […] chisq.test(data_study_2.1[data_study_2.1$condition == ""content"",]$GibML, data_study_2[data_study_2$condition == ""content"",]$GibML)",code_new_Study2.R:20;34-38; 1199-1202;1208,1,"To compare the agreement between two GibML models in Study 2—one trained on a 7-point Hebrew gibberish scale and one on a 5-point English gibberish scale—a chi-square test of independence was conducted on the classification of archival content responses. The contingency table contrasted whether each content response was labeled as content versus gibberish by each model, resulting in four classification combinations (both content, both gibberish, gibberish-only by one model, etc.). The chi-square test indicated significant dependence between the two classification schemes, χ²(1) = 95.59, p < .001.","Because the scale ranges in the current study differ from those in Study 1, we applied a transformation to all responses.4 To minimize the influence of response styles, such as extreme- or central-tendency bias, we collapsed the original 7-point scale into a 5-point scale that preserved both central and extreme positions. Responses of 7 were recoded as 5, and midpoint responses of 4 were recoded as 3. Responses of 2 and 3 (moderate disagreement) were recoded as 2, and responses of 5 and 6 (moderate agreement) were recoded as 4. As a result, the new scale ranged from 1 to 5 such that extreme and midpoint responses were preserved and moderate responses were clustered. Finally, we combined the Hebrew gibberish scale from Study 1 with the English content scale from the current study.",,"# Weak H4: Adding the gibberish scale from Study 1

# import data
gibberish_study1 <- import(""gibberish.csv"")

# Removing respondents who answered 6 or 7
#for (i in 1:7) {
#  gibberish_study1[,i] <- ifelse(gibberish_study1[,i] > 5, NA, gibberish_study1[,i])
#}
#gibberish_study1 <- na.omit(gibberish_study1[,1:7])

for (i in 1:7) {
  gibberish_study1[,i] <- ifelse(gibberish_study1[,i] == 3, 2, gibberish_study1[,i])
  gibberish_study1[,i] <- ifelse(gibberish_study1[,i] == 4, 3, gibberish_study1[,i])
  gibberish_study1[,i] <- ifelse(gibberish_study1[,i] == 5 | gibberish_study1[,i] == 6, 4, gibberish_study1[,i])
  gibberish_study1[,i] <- ifelse(gibberish_study1[,i] == 7, 5, gibberish_study1[,i])
}
gibberish_study1 <- na.omit(gibberish_study1[,1:7])
# merging the gibberish scale into a long format with the study 2 data

gibberish_study1$condition <- ""gibberish_S1""
colnames(gibberish_study1)[1:7] <- colnames(data_study_2)[1:7]
data_study_2.1 <- rbind(data_study_2[,c(1:7,9)], gibberish_study1)",,1,1
17,variable specification,"Finally, consistent with both the weak and strong forms of Hypothesis 4, we compared the classification of content responses in the archival data set between two versions of GibML: (a) the model trained using the archival 5-point gibberish scale in English (Hypothesis 2), which had the most reliable classification because of its low Type I and Type II error rates, and (b) the model trained using the 7-point gibberish scale in Hebrew from Study 1, in which GibML was trained on a combination of Study 1 and archival data (Hypothesis 4, both weak and strong). This comparison revealed that 81% of content responses were classified as content by both models, 6% were classified as gibberish by both models, 4% were classified as gibberish only by the GibML-trained model on the 7-point Hebrew scale (Hypothesis 4), and 9% were classified as gibberish only by the GibML-trained model on the 5-point English scale (Hypothesis 2). These results  were statistically significant, χ2 (1) = 95.59, p < .001.",0,"data_study_2 <- import(""Data_Study_2.sav"") […] a <- data_study_2[,c(1:7,15)]
b <- data_study_2[,c(8:15)]
a$condition <- ""gibberish""; b$condition <- ""content""
colnames(b) <- colnames(a)
data_study_2 <- rbind(b,a) [...]# Weak H4: Adding the gibberish scale from Study 1

# import data
gibberish_study1 <- import(""gibberish.csv"")

# Removing respondents who answered 6 or 7
#for (i in 1:7) {
#  gibberish_study1[,i] <- ifelse(gibberish_study1[,i] > 5, NA, gibberish_study1[,i])
#}
#gibberish_study1 <- na.omit(gibberish_study1[,1:7])

for (i in 1:7) {
  gibberish_study1[,i] <- ifelse(gibberish_study1[,i] == 3, 2, gibberish_study1[,i])
  gibberish_study1[,i] <- ifelse(gibberish_study1[,i] == 4, 3, gibberish_study1[,i])
  gibberish_study1[,i] <- ifelse(gibberish_study1[,i] == 5 | gibberish_study1[,i] == 6, 4, gibberish_study1[,i])
  gibberish_study1[,i] <- ifelse(gibberish_study1[,i] == 7, 5, gibberish_study1[,i])
}
gibberish_study1 <- na.omit(gibberish_study1[,1:7])
# merging the gibberish scale into a long format with the study 2 data

gibberish_study1$condition <- ""gibberish_S1""
colnames(gibberish_study1)[1:7] <- colnames(data_study_2)[1:7]
data_study_2.1 <- rbind(data_study_2[,c(1:7,9)], gibberish_study1)[…] tune.out <- tune.svm(as.factor(condition) ~., data=data_study_2.1[,c(1:8)],
                     kernel='radial')
GibML <- predict(tune.out$best.model, data_study_2.1[,1:7])
data_study_2.1$GibML <- GibML [...] chisq.test(data_study_2.1[data_study_2.1$condition == ""content"",]$GibML, data_study_2[data_study_2$condition == ""content"",]$GibML)",code_new_Study2.R:20;34-38; 758-780;1171-1174;1208,1,"To compare the agreement between two GibML models in Study 2—one trained on a 7-point Hebrew gibberish scale and one on a 5-point English gibberish scale—a chi-square test of independence was conducted on the classification of archival content responses. The contingency table contrasted whether each content response was labeled as content versus gibberish by each model, resulting in four classification combinations (both content, both gibberish, gibberish-only by one model, etc.). The chi-square test indicated significant dependence between the two classification schemes, χ²(1) = 95.59, p < .001.","Finally, consistent with both the weak and strong forms of Hypothesis 4, we compared the classification of content responses in the archival data set between two versions of GibML: (a) the model trained using the archival 5-point gibberish scale in English (Hypothesis 2), which had the most reliable classification because of its low Type I and Type II error rates, and (b) the model trained using the 7-point gibberish scale in Hebrew from Study 1, in which GibML was trained on a combination of Study 1 and archival data (Hypothesis 4, both weak and strong). This comparison revealed that 81% of content responses were classified as content by both models, 6% were classified as gibberish by both models, 4% were classified as gibberish only by the GibML-trained model on the 7-point Hebrew scale (Hypothesis 4), and 9% were classified as gibberish only by the GibML-trained model on the 5-point English scale (Hypothesis 2). These results were statistically significant, χ 2(1) = 95.59, p < .001.",,"tune.out <- tune.svm(as.factor(condition) ~., data=data_study_2.1[,c(1:8)],
                     kernel='radial')
GibML <- predict(tune.out$best.model, data_study_2.1[,1:7])
data_study_2.1$GibML <- GibML


# Repeating H2 to compare the classifications:

tune.out <- tune.svm(as.factor(condition) ~., data=data_study_2[,c(1:7,9)],
                     kernel='radial')
GibML <- predict(tune.out$best.model, data_study_2[,1:7])
data_study_2$GibML <- GibML



CrossTable(data_study_2.1$GibML, data_study_2.1$condition, prop.r = F, prop.t = F, prop.chisq = F)
CrossTable(data_study_2.1[data_study_2.1$condition == ""content"",]$GibML, data_study_2[data_study_2$condition == ""content"",]$GibML, prop.r = F, prop.c = F, prop.chisq = F)
chisq.test(data_study_2.1[data_study_2.1$condition == ""content"",]$GibML, data_study_2[data_study_2$condition == ""content"",]$GibML)",,1,1
17,transformation,"Finally, we used the GibML method to classify respondents into normal and anomalous groups in their content scales",0,"data_study_2 <- import(""Data_Study_2.sav"") […] a <- data_study_2[,c(1:7,15)]
b <- data_study_2[,c(8:15)]
a$condition <- ""gibberish""; b$condition <- ""content""
colnames(b) <- colnames(a)
data_study_2 <- rbind(b,a) [...]# Weak H4: Adding the gibberish scale from Study 1

# import data
gibberish_study1 <- import(""gibberish.csv"")

# Removing respondents who answered 6 or 7
#for (i in 1:7) {
#  gibberish_study1[,i] <- ifelse(gibberish_study1[,i] > 5, NA, gibberish_study1[,i])
#}
#gibberish_study1 <- na.omit(gibberish_study1[,1:7])

for (i in 1:7) {
  gibberish_study1[,i] <- ifelse(gibberish_study1[,i] == 3, 2, gibberish_study1[,i])
  gibberish_study1[,i] <- ifelse(gibberish_study1[,i] == 4, 3, gibberish_study1[,i])
  gibberish_study1[,i] <- ifelse(gibberish_study1[,i] == 5 | gibberish_study1[,i] == 6, 4, gibberish_study1[,i])
  gibberish_study1[,i] <- ifelse(gibberish_study1[,i] == 7, 5, gibberish_study1[,i])
}
gibberish_study1 <- na.omit(gibberish_study1[,1:7])
# merging the gibberish scale into a long format with the study 2 data

gibberish_study1$condition <- ""gibberish_S1""
colnames(gibberish_study1)[1:7] <- colnames(data_study_2)[1:7]
data_study_2.1 <- rbind(data_study_2[,c(1:7,9)], gibberish_study1)[…] tune.out <- tune.svm(as.factor(condition) ~., data=data_study_2.1[,c(1:8)],
                     kernel='radial')
GibML <- predict(tune.out$best.model, data_study_2.1[,1:7])
data_study_2.1$GibML <- GibML [...] chisq.test(data_study_2.1[data_study_2.1$condition == ""content"",]$GibML, data_study_2[data_study_2$condition == ""content"",]$GibML)",code_new_Study2.R:20;34-38; 758-780;1171-1174;1208,1,"To compare the agreement between two GibML models in Study 2—one trained on a 7-point Hebrew gibberish scale and one on a 5-point English gibberish scale—a chi-square test of independence was conducted on the classification of archival content responses. The contingency table contrasted whether each content response was labeled as content versus gibberish by each model, resulting in four classification combinations (both content, both gibberish, gibberish-only by one model, etc.). The chi-square test indicated significant dependence between the two classification schemes, χ²(1) = 95.59, p < .001.","Because the scale ranges in the current study differ from those in Study 1, we applied a transformation to all responses.4 To minimize the influence of response styles, such as extreme- or central-tendency bias, we collapsed the original 7-point scale into a 5-point scale that preserved both central and extreme positions. Responses of 7 were recoded as 5, and midpoint responses of 4 were recoded as 3. Responses of 2 and 3 (moderate disagreement) were recoded as 2, and responses of 5 and 6 (moderate agreement) were recoded as 4. As a result, the new scale ranged from 1 to 5 such that extreme and midpoint responses were preserved and moderate responses were clustered. Finally, we combined the Hebrew gibberish scale from Study 1 with the English content scale from the current study.",,"# Weak H4: Adding the gibberish scale from Study 1

# import data
gibberish_study1 <- import(""gibberish.csv"")

# Removing respondents who answered 6 or 7
#for (i in 1:7) {
#  gibberish_study1[,i] <- ifelse(gibberish_study1[,i] > 5, NA, gibberish_study1[,i])
#}
#gibberish_study1 <- na.omit(gibberish_study1[,1:7])

for (i in 1:7) {
  gibberish_study1[,i] <- ifelse(gibberish_study1[,i] == 3, 2, gibberish_study1[,i])
  gibberish_study1[,i] <- ifelse(gibberish_study1[,i] == 4, 3, gibberish_study1[,i])
  gibberish_study1[,i] <- ifelse(gibberish_study1[,i] == 5 | gibberish_study1[,i] == 6, 4, gibberish_study1[,i])
  gibberish_study1[,i] <- ifelse(gibberish_study1[,i] == 7, 5, gibberish_study1[,i])
}
gibberish_study1 <- na.omit(gibberish_study1[,1:7])
# merging the gibberish scale into a long format with the study 2 data

gibberish_study1$condition <- ""gibberish_S1""
colnames(gibberish_study1)[1:7] <- colnames(data_study_2)[1:7]
data_study_2.1 <- rbind(data_study_2[,c(1:7,9)], gibberish_study1)",,1,1
17,inference criterion,,,,,,"To compare the agreement between two GibML models in Study 2—one trained on a 7-point Hebrew gibberish scale and one on a 5-point English gibberish scale—a chi-square test of independence was conducted on the classification of archival content responses. The contingency table contrasted whether each content response was labeled as content versus gibberish by each model, resulting in four classification combinations (both content, both gibberish, gibberish-only by one model, etc.). The chi-square test indicated significant dependence between the two classification schemes, χ²(1) = 95.59, p < .001.","“These results were statistically significant, χ 2(1) = 95.59, p < .001.”",,"CrossTable(data_study_2.1[data_study_2.1$condition == ""content"",]$GibML, data_study_2[data_study_2$condition == ""content"",]$GibML, prop.r = F, prop.c = F, prop.chisq = F)
chisq.test(data_study_2.1[data_study_2.1$condition == ""content"",]$GibML, data_study_2[data_study_2$condition == ""content"",]$GibML)",,1,
