analysis_id,dimension,human_manuscript_content,human_manuscript_location,human_code_content,human_code_location,human_match_judgement,codebot_brief_description,codebot_manuscript_content,codebot_manuscript_location,codebot_code_content,codebot_code_location,codebot_match_judgement,codebot_human_agreement
1,model specification,"First, descriptive statistics (means and standard deviations) and omega coefficients were
presented alongside a correlation matrix.",0.0,"#Correlation matrix
#Creates an APA correlation matrix and saves it in your working directory as a document
table1 <- apa.cor.table(DataCorr,
                        filename = ""Table3.doc"",
                        table.number = 3)",Data_Analysis_Script.R:104-108,1,"A Pearson correlation quantified the association between manager influence condition and unethical behavioural intentions in the direct replication. The small positive correlation (r = .07, p < .01) indicates that exposure to an unethical manager vignette was associated with slightly higher intentions to inflate expenses.","Second, descriptive statistics (means and standard deviations) and omega coefficients were presented within a correlation matrix.

""Table 3. Direct replication: means, standard deviations, and correlations (* = p < .05; **= p < .01).""",,"#Correlation matrix
#Creates an APA correlation matrix and saves it in your working directory as a document
table1 <- apa.cor.table(DataCorr,
                        filename = ""Table3.doc"",
                        table.number = 3)
...
#FIRST WE MAKE A FUNCTION WHICH CREATES A DATAFRAME OF CORRELATIONS 
#BY OUTCOMES AND DATA COLLECTION GROUP
corrfunc <- function(Data)
{
  return(data.frame(cbind(n = rcorr(Data$BehIntTot, Data$LOCTot, type=c(""pearson""))$n[1,2]),
                    Sex = round(rcorr(Data$BehIntTot, Data$Sex, type=c(""pearson""))$r[1,2], digits=3),
                    Machiavellianism = round(rcorr(Data$BehIntTot, Data$MachTot, type=c(""pearson""))$r[1,2], digits = 3),
                    Locus = round(rcorr(Data$BehIntTot, Data$LOCTot, type=c(""pearson""))$r[1,2], digits=3),
                    Peer = round(rcorr(Data$BehIntTot, Data$PI, type=c(""pearson""))$r[1,2], digits=3),
                    Manager = round(rcorr(Data$BehIntTot, Data$MI, type=c(""pearson""))$r[1,2], digits=3),
                    Quality = round(rcorr(Data$BehIntTot, Data$QWE, type=c(""pearson""))$r[1,2], digits=3)
  ))
}",,1,1
1,variable specification,Manager Influence,2.0,"#Change column order so it presents correlation matrix in original order
col_order <- c(""QWE"", ""MI"", ""PI"", ""LOCTot"", ""MachTot"",
               ""Sex"", ""SocDesTot"", ""BehIntTot"")
DataCorr <- Data[, col_order]

#Correlation matrix
#Creates an APA correlation matrix and saves it in your working directory as a document
table1 <- apa.cor.table(DataCorr,
                        filename = ""Table3.doc"",
                        table.number = 3)",Data_Analysis_Script.R:99-108,1,"A Pearson correlation quantified the association between manager influence condition and unethical behavioural intentions in the direct replication. The small positive correlation (r = .07, p < .01) indicates that exposure to an unethical manager vignette was associated with slightly higher intentions to inflate expenses.","Participants were then randomly allocated to one of eight manipulated vignettes and asked to report their intention to inflate an expense request. These vignettes purportedly differed in three ways: whether they reported a low or high-quality work experience, ethical or unethical peer influence, and ethical or unethical manager influence (see Table 2 ).

Unethical Behavioural Intention was captured by four items assessed through a 5-point likert scale.

Third, to test the primary hypotheses, a multiple regression was conducted. The categorical independent variables (quality of work experience, peer influence, managerial influence and gender) were dummy coded before being regressed upon behavioural intention alongside Machiavellianism and locus of control total scores.",,"#Change column order so it presents correlation matrix in original order
col_order <- c(""QWE"", ""MI"", ""PI"", ""LOCTot"", ""MachTot"",
               ""Sex"", ""SocDesTot"", ""BehIntTot"")
DataCorr <- Data[, col_order]

#Correlation matrix
#Creates an APA correlation matrix and saves it in your working directory as a document
table1 <- apa.cor.table(DataCorr,
                        filename = ""Table3.doc"",
                        table.number = 3)
...
#FIRST WE MAKE A FUNCTION WHICH CREATES A DATAFRAME OF CORRELATIONS 
#BY OUTCOMES AND DATA COLLECTION GROUP
corrfunc <- function(Data)
{
  return(data.frame(cbind(n = rcorr(Data$BehIntTot, Data$LOCTot, type=c(""pearson""))$n[1,2]),
                    Sex = round(rcorr(Data$BehIntTot, Data$Sex, type=c(""pearson""))$r[1,2], digits=3),
                    Machiavellianism = round(rcorr(Data$BehIntTot, Data$MachTot, type=c(""pearson""))$r[1,2], digits = 3),
                    Locus = round(rcorr(Data$BehIntTot, Data$LOCTot, type=c(""pearson""))$r[1,2], digits=3),
                    Peer = round(rcorr(Data$BehIntTot, Data$PI, type=c(""pearson""))$r[1,2], digits=3),
                    Manager = round(rcorr(Data$BehIntTot, Data$MI, type=c(""pearson""))$r[1,2], digits=3),
                    Quality = round(rcorr(Data$BehIntTot, Data$QWE, type=c(""pearson""))$r[1,2], digits=3)
  ))
}",,1,1
1,transformation,,,,,,"A Pearson correlation quantified the association between manager influence condition and unethical behavioural intentions in the direct replication. The small positive correlation (r = .07, p < .01) indicates that exposure to an unethical manager vignette was associated with slightly higher intentions to inflate expenses.","“The categorical independent variables (quality of work experience, peer influence, managerial influence and gender) were dummy coded before being regressed upon behavioural intention alongside Machiavellianism and locus of control total scores.”",,"#recode data suitable for analysis
Data <- Data %>% filter(Sex == ""Male"" | Sex == ""Female"")

#recode Sex variable from labels to numeric values
Data <- Data %>% mutate_at(vars(Sex),
                           list(
                             ~ recode(.,
                                      `Male` = 0,
                                      `I do not wish to identify as either` = 0.5,
                                      `Female` = 1)))

#recode quality of workplace variable from labels to numeric values
Data <- Data %>% mutate_at(vars(QWE),
                           list(
                             ~ recode(.,
                                      `low` = 0,
                                      `high` = 1)))
#recode both manager influence and peer influence variables from labels to numeric values
Data <- Data %>% mutate_at(vars(MI, PI),
                           list(
                             ~ recode(.,
                                      `ethical` = 0,
                                      `unethical` = 1)))

#Change column order so it presents correlation matrix in original order
col_order <- c(""QWE"", ""MI"", ""PI"", ""LOCTot"", ""MachTot"",
               ""Sex"", ""SocDesTot"", ""BehIntTot"")
DataCorr <- Data[, col_order]

#Correlation matrix
#Creates an APA correlation matrix and saves it in your working directory as a document
table1 <- apa.cor.table(DataCorr,
                        filename = ""Table3.doc"",
                        table.number = 3)
...
#BY OUTCOMES AND DATA COLLECTION GROUP
corrfunc <- function(Data)
{
  return(data.frame(cbind(n = rcorr(Data$BehIntTot, Data$LOCTot, type=c(""pearson""))$n[1,2]),
                    Sex = round(rcorr(Data$BehIntTot, Data$Sex, type=c(""pearson""))$r[1,2], digits=3),
                    Machiavellianism = round(rcorr(Data$BehIntTot, Data$MachTot, type=c(""pearson""))$r[1,2], digits = 3),
                    Locus = round(rcorr(Data$BehIntTot, Data$LOCTot, type=c(""pearson""))$r[1,2], digits=3),
                    Peer = round(rcorr(Data$BehIntTot, Data$PI, type=c(""pearson""))$r[1,2], digits=3),
                    Manager = round(rcorr(Data$BehIntTot, Data$MI, type=c(""pearson""))$r[1,2], digits=3),
                    Quality = round(rcorr(Data$BehIntTot, Data$QWE, type=c(""pearson""))$r[1,2], digits=3)
  ))
}",,1,
1,variable specification,Quality of Work Environment,2.0,"#Change column order so it presents correlation matrix in original order
col_order <- c(""QWE"", ""MI"", ""PI"", ""LOCTot"", ""MachTot"",
               ""Sex"", ""SocDesTot"", ""BehIntTot"")
DataCorr <- Data[, col_order]

#Correlation matrix
#Creates an APA correlation matrix and saves it in your working directory as a document
table1 <- apa.cor.table(DataCorr,
                        filename = ""Table3.doc"",
                        table.number = 3)",Data_Analysis_Script.R:99-108,1,"A Pearson correlation quantified the association between manager influence condition and unethical behavioural intentions in the direct replication. The small positive correlation (r = .07, p < .01) indicates that exposure to an unethical manager vignette was associated with slightly higher intentions to inflate expenses.","Participants were then randomly allocated to one of eight manipulated vignettes and asked to report their intention to inflate an expense request. These vignettes purportedly differed in three ways: whether they reported a low or high-quality work experience, ethical or unethical peer influence, and ethical or unethical manager influence (see Table 2 ).

Unethical Behavioural Intention was captured by four items assessed through a 5-point likert scale.

Third, to test the primary hypotheses, a multiple regression was conducted. The categorical independent variables (quality of work experience, peer influence, managerial influence and gender) were dummy coded before being regressed upon behavioural intention alongside Machiavellianism and locus of control total scores.",,"#Change column order so it presents correlation matrix in original order
col_order <- c(""QWE"", ""MI"", ""PI"", ""LOCTot"", ""MachTot"",
               ""Sex"", ""SocDesTot"", ""BehIntTot"")
DataCorr <- Data[, col_order]

#Correlation matrix
#Creates an APA correlation matrix and saves it in your working directory as a document
table1 <- apa.cor.table(DataCorr,
                        filename = ""Table3.doc"",
                        table.number = 3)
...
#FIRST WE MAKE A FUNCTION WHICH CREATES A DATAFRAME OF CORRELATIONS 
#BY OUTCOMES AND DATA COLLECTION GROUP
corrfunc <- function(Data)
{
  return(data.frame(cbind(n = rcorr(Data$BehIntTot, Data$LOCTot, type=c(""pearson""))$n[1,2]),
                    Sex = round(rcorr(Data$BehIntTot, Data$Sex, type=c(""pearson""))$r[1,2], digits=3),
                    Machiavellianism = round(rcorr(Data$BehIntTot, Data$MachTot, type=c(""pearson""))$r[1,2], digits = 3),
                    Locus = round(rcorr(Data$BehIntTot, Data$LOCTot, type=c(""pearson""))$r[1,2], digits=3),
                    Peer = round(rcorr(Data$BehIntTot, Data$PI, type=c(""pearson""))$r[1,2], digits=3),
                    Manager = round(rcorr(Data$BehIntTot, Data$MI, type=c(""pearson""))$r[1,2], digits=3),
                    Quality = round(rcorr(Data$BehIntTot, Data$QWE, type=c(""pearson""))$r[1,2], digits=3)
  ))
}",,1,1
1,transformation,,,,,,"A Pearson correlation quantified the association between manager influence condition and unethical behavioural intentions in the direct replication. The small positive correlation (r = .07, p < .01) indicates that exposure to an unethical manager vignette was associated with slightly higher intentions to inflate expenses.","“The categorical independent variables (quality of work experience, peer influence, managerial influence and gender) were dummy coded before being regressed upon behavioural intention alongside Machiavellianism and locus of control total scores.”",,"#recode data suitable for analysis
Data <- Data %>% filter(Sex == ""Male"" | Sex == ""Female"")

#recode Sex variable from labels to numeric values
Data <- Data %>% mutate_at(vars(Sex),
                           list(
                             ~ recode(.,
                                      `Male` = 0,
                                      `I do not wish to identify as either` = 0.5,
                                      `Female` = 1)))

#recode quality of workplace variable from labels to numeric values
Data <- Data %>% mutate_at(vars(QWE),
                           list(
                             ~ recode(.,
                                      `low` = 0,
                                      `high` = 1)))
#recode both manager influence and peer influence variables from labels to numeric values
Data <- Data %>% mutate_at(vars(MI, PI),
                           list(
                             ~ recode(.,
                                      `ethical` = 0,
                                      `unethical` = 1)))

#Change column order so it presents correlation matrix in original order
col_order <- c(""QWE"", ""MI"", ""PI"", ""LOCTot"", ""MachTot"",
               ""Sex"", ""SocDesTot"", ""BehIntTot"")
DataCorr <- Data[, col_order]

#Correlation matrix
#Creates an APA correlation matrix and saves it in your working directory as a document
table1 <- apa.cor.table(DataCorr,
                        filename = ""Table3.doc"",
                        table.number = 3)
...
#BY OUTCOMES AND DATA COLLECTION GROUP
corrfunc <- function(Data)
{
  return(data.frame(cbind(n = rcorr(Data$BehIntTot, Data$LOCTot, type=c(""pearson""))$n[1,2]),
                    Sex = round(rcorr(Data$BehIntTot, Data$Sex, type=c(""pearson""))$r[1,2], digits=3),
                    Machiavellianism = round(rcorr(Data$BehIntTot, Data$MachTot, type=c(""pearson""))$r[1,2], digits = 3),
                    Locus = round(rcorr(Data$BehIntTot, Data$LOCTot, type=c(""pearson""))$r[1,2], digits=3),
                    Peer = round(rcorr(Data$BehIntTot, Data$PI, type=c(""pearson""))$r[1,2], digits=3),
                    Manager = round(rcorr(Data$BehIntTot, Data$MI, type=c(""pearson""))$r[1,2], digits=3),
                    Quality = round(rcorr(Data$BehIntTot, Data$QWE, type=c(""pearson""))$r[1,2], digits=3)
  ))
}",,1,
1,inference criterion,(* = p < .05; **= p < .01).,2.0,"#Correlation matrix
#Creates an APA correlation matrix and saves it in your working directory as a document
table1 <- apa.cor.table(DataCorr,
                        filename = ""Table3.doc"",
                        table.number = 3)",Data_Analysis_Script.R:104-108,1,"A Pearson correlation quantified the association between manager influence condition and unethical behavioural intentions in the direct replication. The small positive correlation (r = .07, p < .01) indicates that exposure to an unethical manager vignette was associated with slightly higher intentions to inflate expenses.","Using a power calculation in R, as reported in the power analysis code document on the OSF project page, the number of participants required to observe this effect with 80% power and alpha of .05 is 1799.

Each of the effects associated with the six independent variables are considered repli-
cated in the context of the LeBel et al. ( 2019 ) replication criteria. The results were
considered “consistent” where confidence intervals overlapped with the main effects
previously reported in each of the original two experiments (for the direct replication)
or the direct replication (for the conceptual replication). Similarly, where the confidence
intervals did not overlap with 0, a signal was considered “detected.”

Table 3. Direct replication: means, standard deviations, and correlations (* = p < .05; **= p < .01).",,,,,
2,model specification,"First, descriptive statistics (means and standard deviations) and omega coefficients were
presented alongside a correlation matrix.",0.0,"#Correlation matrix
#Creates an APA correlation matrix and saves it in your working directory as a document
table1 <- apa.cor.table(DataCorr,
                        filename = ""Table3.doc"",
                        table.number = 3)",Data_Analysis_Script.R:104-108,1,,,,,,,
2,variable specification,Peer Influence,2.0,"#Change column order so it presents correlation matrix in original order
col_order <- c(""QWE"", ""MI"", ""PI"", ""LOCTot"", ""MachTot"",
               ""Sex"", ""SocDesTot"", ""BehIntTot"")
DataCorr <- Data[, col_order]

#Correlation matrix
#Creates an APA correlation matrix and saves it in your working directory as a document
table1 <- apa.cor.table(DataCorr,
                        filename = ""Table3.doc"",
                        table.number = 3)",Data_Analysis_Script.R:99-108,1,,,,,,,
2,transformation,,,,,,,,,,,,
2,variable specification,Quality of Work Environment,2.0,"#Change column order so it presents correlation matrix in original order
col_order <- c(""QWE"", ""MI"", ""PI"", ""LOCTot"", ""MachTot"",
               ""Sex"", ""SocDesTot"", ""BehIntTot"")
DataCorr <- Data[, col_order]

#Correlation matrix
#Creates an APA correlation matrix and saves it in your working directory as a document
table1 <- apa.cor.table(DataCorr,
                        filename = ""Table3.doc"",
                        table.number = 3)",Data_Analysis_Script.R:99-108,1,,,,,,,
2,transformation,,,,,,,,,,,,
2,inference criterion,(* = p < .05; **= p < .01).,2.0,"#Correlation matrix
#Creates an APA correlation matrix and saves it in your working directory as a document
table1 <- apa.cor.table(DataCorr,
                        filename = ""Table3.doc"",
                        table.number = 3)",Data_Analysis_Script.R:104-108,1,,,,,,,
3,model specification,"First, descriptive statistics (means and standard deviations) and omega coefficients were
presented alongside a correlation matrix.",0.0,"#Correlation matrix
#Creates an APA correlation matrix and saves it in your working directory as a document
table1 <- apa.cor.table(DataCorr,
                        filename = ""Table3.doc"",
                        table.number = 3)",Data_Analysis_Script.R:104-108,1,,,,,,,
3,variable specification,Peer Influence,2.0,"#Change column order so it presents correlation matrix in original order
col_order <- c(""QWE"", ""MI"", ""PI"", ""LOCTot"", ""MachTot"",
               ""Sex"", ""SocDesTot"", ""BehIntTot"")
DataCorr <- Data[, col_order]

#Correlation matrix
#Creates an APA correlation matrix and saves it in your working directory as a document
table1 <- apa.cor.table(DataCorr,
                        filename = ""Table3.doc"",
                        table.number = 3)",Data_Analysis_Script.R:99-108,1,,,,,,,
3,transformation,,,,,,,,,,,,
3,variable specification,Manager Influence,2.0,"#Change column order so it presents correlation matrix in original order
col_order <- c(""QWE"", ""MI"", ""PI"", ""LOCTot"", ""MachTot"",
               ""Sex"", ""SocDesTot"", ""BehIntTot"")
DataCorr <- Data[, col_order]

#Correlation matrix
#Creates an APA correlation matrix and saves it in your working directory as a document
table1 <- apa.cor.table(DataCorr,
                        filename = ""Table3.doc"",
                        table.number = 3)",Data_Analysis_Script.R:99-108,1,,,,,,,
3,transformation,,,,,,,,,,,,
3,inference criterion,(* = p < .05; **= p < .01).,2.0,"#Correlation matrix
#Creates an APA correlation matrix and saves it in your working directory as a document
table1 <- apa.cor.table(DataCorr,
                        filename = ""Table3.doc"",
                        table.number = 3)",Data_Analysis_Script.R:104-108,1,,,,,,,
4,model specification,"First, descriptive statistics (means and standard deviations) and omega coefficients were
presented alongside a correlation matrix.",0.0,"#Correlation matrix
#Creates an APA correlation matrix and saves it in your working directory as a document
table1 <- apa.cor.table(DataCorr,
                        filename = ""Table3.doc"",
                        table.number = 3)",Data_Analysis_Script.R:104-108,1,,,,,,,
4,variable specification,Locus of Control,2.0,"#Change column order so it presents correlation matrix in original order
col_order <- c(""QWE"", ""MI"", ""PI"", ""LOCTot"", ""MachTot"",
               ""Sex"", ""SocDesTot"", ""BehIntTot"")
DataCorr <- Data[, col_order]

#Correlation matrix
#Creates an APA correlation matrix and saves it in your working directory as a document
table1 <- apa.cor.table(DataCorr,
                        filename = ""Table3.doc"",
                        table.number = 3)",Data_Analysis_Script.R:99-108,1,,,,,,,
4,transformation,,,,,,,,,,,,
4,variable specification,Quality of Work Environment,2.0,"#Change column order so it presents correlation matrix in original order
col_order <- c(""QWE"", ""MI"", ""PI"", ""LOCTot"", ""MachTot"",
               ""Sex"", ""SocDesTot"", ""BehIntTot"")
DataCorr <- Data[, col_order]

#Correlation matrix
#Creates an APA correlation matrix and saves it in your working directory as a document
table1 <- apa.cor.table(DataCorr,
                        filename = ""Table3.doc"",
                        table.number = 3)",Data_Analysis_Script.R:99-108,1,,,,,,,
4,transformation,,,,,,,,,,,,
4,inference criterion,(* = p < .05; **= p < .01).,2.0,"#Correlation matrix
#Creates an APA correlation matrix and saves it in your working directory as a document
table1 <- apa.cor.table(DataCorr,
                        filename = ""Table3.doc"",
                        table.number = 3)",Data_Analysis_Script.R:104-108,1,,,,,,,
5,model specification,"First, descriptive statistics (means and standard deviations) and omega coefficients were
presented alongside a correlation matrix.",0.0,"#Correlation matrix
#Creates an APA correlation matrix and saves it in your working directory as a document
table1 <- apa.cor.table(DataCorr,
                        filename = ""Table3.doc"",
                        table.number = 3)",Data_Analysis_Script.R:104-108,1,,,,,,,
5,variable specification,Locus of Control,2.0,"#Change column order so it presents correlation matrix in original order
col_order <- c(""QWE"", ""MI"", ""PI"", ""LOCTot"", ""MachTot"",
               ""Sex"", ""SocDesTot"", ""BehIntTot"")
DataCorr <- Data[, col_order]

#Correlation matrix
#Creates an APA correlation matrix and saves it in your working directory as a document
table1 <- apa.cor.table(DataCorr,
                        filename = ""Table3.doc"",
                        table.number = 3)",Data_Analysis_Script.R:99-108,1,,,,,,,
5,transformation,,,,,,,,,,,,
5,variable specification,Manager Influence,2.0,"#Change column order so it presents correlation matrix in original order
col_order <- c(""QWE"", ""MI"", ""PI"", ""LOCTot"", ""MachTot"",
               ""Sex"", ""SocDesTot"", ""BehIntTot"")
DataCorr <- Data[, col_order]

#Correlation matrix
#Creates an APA correlation matrix and saves it in your working directory as a document
table1 <- apa.cor.table(DataCorr,
                        filename = ""Table3.doc"",
                        table.number = 3)",Data_Analysis_Script.R:99-108,1,,,,,,,
5,transformation,,,,,,,,,,,,
5,inference criterion,(* = p < .05; **= p < .01).,2.0,"#Correlation matrix
#Creates an APA correlation matrix and saves it in your working directory as a document
table1 <- apa.cor.table(DataCorr,
                        filename = ""Table3.doc"",
                        table.number = 3)",Data_Analysis_Script.R:104-108,1,,,,,,,
6,model specification,"First, descriptive statistics (means and standard deviations) and omega coefficients were
presented alongside a correlation matrix.",0.0,"#Correlation matrix
#Creates an APA correlation matrix and saves it in your working directory as a document
table1 <- apa.cor.table(DataCorr,
                        filename = ""Table3.doc"",
                        table.number = 3)",Data_Analysis_Script.R:104-108,1,,,,,,,
6,variable specification,Locus of Control,2.0,"#Change column order so it presents correlation matrix in original order
col_order <- c(""QWE"", ""MI"", ""PI"", ""LOCTot"", ""MachTot"",
               ""Sex"", ""SocDesTot"", ""BehIntTot"")
DataCorr <- Data[, col_order]

#Correlation matrix
#Creates an APA correlation matrix and saves it in your working directory as a document
table1 <- apa.cor.table(DataCorr,
                        filename = ""Table3.doc"",
                        table.number = 3)",Data_Analysis_Script.R:99-108,1,,,,,,,
6,transformation,,,,,,,,,,,,
6,variable specification,Peer Influence,2.0,"#Change column order so it presents correlation matrix in original order
col_order <- c(""QWE"", ""MI"", ""PI"", ""LOCTot"", ""MachTot"",
               ""Sex"", ""SocDesTot"", ""BehIntTot"")
DataCorr <- Data[, col_order]

#Correlation matrix
#Creates an APA correlation matrix and saves it in your working directory as a document
table1 <- apa.cor.table(DataCorr,
                        filename = ""Table3.doc"",
                        table.number = 3)",Data_Analysis_Script.R:99-108,1,,,,,,,
6,transformation,,,,,,,,,,,,
6,inference criterion,(* = p < .05; **= p < .01).,2.0,"#Correlation matrix
#Creates an APA correlation matrix and saves it in your working directory as a document
table1 <- apa.cor.table(DataCorr,
                        filename = ""Table3.doc"",
                        table.number = 3)",Data_Analysis_Script.R:104-108,1,,,,,,,
7,model specification,"First, descriptive statistics (means and standard deviations) and omega coefficients were
presented alongside a correlation matrix.",0.0,"#Correlation matrix
#Creates an APA correlation matrix and saves it in your working directory as a document
table1 <- apa.cor.table(DataCorr,
                        filename = ""Table3.doc"",
                        table.number = 3)",Data_Analysis_Script.R:104-108,1,"A Pearson correlation evaluated the relationship between quality of work environment and Machiavellianism scores in the direct replication. The correlation was negligible (r = .01), suggesting that trait Machiavellianism did not differ meaningfully by assigned work-quality condition.","Second, descriptive statistics (means and standard deviations) and omega coefficients were presented within a correlation matrix.

Table 3. Direct replication: means, standard deviations, and correlations (* = p < .05; **= p < .01).",,"#Change column order so it presents correlation matrix in original order
col_order <- c(""QWE"", ""MI"", ""PI"", ""LOCTot"", ""MachTot"",
               ""Sex"", ""SocDesTot"", ""BehIntTot"")
DataCorr <- Data[, col_order]

#Correlation matrix
#Creates an APA correlation matrix and saves it in your working directory as a document
table1 <- apa.cor.table(DataCorr,
                        filename = ""Table3.doc"",
                        table.number = 3)
...
#FIRST WE MAKE A FUNCTION WHICH CREATES A DATAFRAME OF CORRELATIONS 
#BY OUTCOMES AND DATA COLLECTION GROUP
corrfunc <- function(Data)
{
  return(data.frame(cbind(n = rcorr(Data$BehIntTot, Data$LOCTot, type=c(""pearson""))$n[1,2]),
                    Sex = round(rcorr(Data$BehIntTot, Data$Sex, type=c(""pearson""))$r[1,2], digits=3),
                    Machiavellianism = round(rcorr(Data$BehIntTot, Data$MachTot, type=c(""pearson""))$r[1,2], digits = 3),
                    Locus = round(rcorr(Data$BehIntTot, Data$LOCTot, type=c(""pearson""))$r[1,2], digits=3),
                    Peer = round(rcorr(Data$BehIntTot, Data$PI, type=c(""pearson""))$r[1,2], digits=3),
                    Manager = round(rcorr(Data$BehIntTot, Data$MI, type=c(""pearson""))$r[1,2], digits=3),
                    Quality = round(rcorr(Data$BehIntTot, Data$QWE, type=c(""pearson""))$r[1,2], digits=3)
  ))
}",,1,1
7,variable specification,Machiavellianism,2.0,"#Change column order so it presents correlation matrix in original order
col_order <- c(""QWE"", ""MI"", ""PI"", ""LOCTot"", ""MachTot"",
               ""Sex"", ""SocDesTot"", ""BehIntTot"")
DataCorr <- Data[, col_order]

#Correlation matrix
#Creates an APA correlation matrix and saves it in your working directory as a document
table1 <- apa.cor.table(DataCorr,
                        filename = ""Table3.doc"",
                        table.number = 3)",Data_Analysis_Script.R:99-108,1,"A Pearson correlation evaluated the relationship between quality of work environment and Machiavellianism scores in the direct replication. The correlation was negligible (r = .01), suggesting that trait Machiavellianism did not differ meaningfully by assigned work-quality condition.","Participants were then randomly allocated to one of eight manipulated vignettes and asked to report their intention to inflate an expense request. These vignettes purportedly differed in three ways: whether they reported a low or high-quality work experience, ethical or unethical peer influence, and ethical or unethical manager influence (see Table 2).

Locus of Control, Machiavellianism, and Social Desirability – Concurrent with the original study, ten items of the Rotter (1966), Christie and Geis (1970) and Crowne and Marlowe (1960) scales (respectively) were adopted using a 5-point likert scale response.

The categorical independent variables (quality of work experience, peer influence, managerial influence and gender) were dummy coded before being regressed upon behavioural intention alongside Machiavellianism and locus of control total scores.

Table 3. Direct replication: means, standard deviations, and correlations (* = p < .05; **= p < .01).
Variable  M   SD   Omega  1   2   3   4   5   6   7
1. Quality of Work Environment  0.49  0.50
...
5. Machiavellianism  26.20  4.93  .74  .01  .01  .03  .33**",,"#recode quality of workplace variable from labels to numeric values
Data <- Data %>% mutate_at(vars(QWE),
                           list(
                             ~ recode(.,
                                      `low` = 0,
                                      `high` = 1)))
...
#Change column order so it presents correlation matrix in original order
col_order <- c(""QWE"", ""MI"", ""PI"", ""LOCTot"", ""MachTot"",
               ""Sex"", ""SocDesTot"", ""BehIntTot"")
DataCorr <- Data[, col_order]

#Correlation matrix
#Creates an APA correlation matrix and saves it in your working directory as a document
table1 <- apa.cor.table(DataCorr,
                        filename = ""Table3.doc"",
                        table.number = 3)",,1,1
7,transformation,,,,,,"A Pearson correlation evaluated the relationship between quality of work environment and Machiavellianism scores in the direct replication. The correlation was negligible (r = .01), suggesting that trait Machiavellianism did not differ meaningfully by assigned work-quality condition.","“The categorical independent variables (quality of work experience, peer influence, managerial influence and gender) were dummy coded before being regressed upon behavioural intention alongside Machiavellianism and locus of control total scores.”",,"#recode data suitable for analysis
Data <- Data %>% filter(Sex == ""Male"" | Sex == ""Female"")

#recode Sex variable from labels to numeric values
Data <- Data %>% mutate_at(vars(Sex),
                           list(
                             ~ recode(.,
                                      `Male` = 0,
                                      `I do not wish to identify as either` = 0.5,
                                      `Female` = 1)))

#recode quality of workplace variable from labels to numeric values
Data <- Data %>% mutate_at(vars(QWE),
                           list(
                             ~ recode(.,
                                      `low` = 0,
                                      `high` = 1)))
#recode both manager influence and peer influence variables from labels to numeric values
Data <- Data %>% mutate_at(vars(MI, PI),
                           list(
                             ~ recode(.,
                                      `ethical` = 0,
                                      `unethical` = 1)))

#Change column order so it presents correlation matrix in original order
col_order <- c(""QWE"", ""MI"", ""PI"", ""LOCTot"", ""MachTot"",
               ""Sex"", ""SocDesTot"", ""BehIntTot"")
DataCorr <- Data[, col_order]

#Correlation matrix
#Creates an APA correlation matrix and saves it in your working directory as a document
table1 <- apa.cor.table(DataCorr,
                        filename = ""Table3.doc"",
                        table.number = 3)",,1,
7,variable specification,Quality of Work Environment,2.0,"#Change column order so it presents correlation matrix in original order
col_order <- c(""QWE"", ""MI"", ""PI"", ""LOCTot"", ""MachTot"",
               ""Sex"", ""SocDesTot"", ""BehIntTot"")
DataCorr <- Data[, col_order]

#Correlation matrix
#Creates an APA correlation matrix and saves it in your working directory as a document
table1 <- apa.cor.table(DataCorr,
                        filename = ""Table3.doc"",
                        table.number = 3)",Data_Analysis_Script.R:99-108,1,"A Pearson correlation evaluated the relationship between quality of work environment and Machiavellianism scores in the direct replication. The correlation was negligible (r = .01), suggesting that trait Machiavellianism did not differ meaningfully by assigned work-quality condition.","Participants were then randomly allocated to one of eight manipulated vignettes and asked to report their intention to inflate an expense request. These vignettes purportedly differed in three ways: whether they reported a low or high-quality work experience, ethical or unethical peer influence, and ethical or unethical manager influence (see Table 2).

Locus of Control, Machiavellianism, and Social Desirability – Concurrent with the original study, ten items of the Rotter (1966), Christie and Geis (1970) and Crowne and Marlowe (1960) scales (respectively) were adopted using a 5-point likert scale response.

The categorical independent variables (quality of work experience, peer influence, managerial influence and gender) were dummy coded before being regressed upon behavioural intention alongside Machiavellianism and locus of control total scores.

Table 3. Direct replication: means, standard deviations, and correlations (* = p < .05; **= p < .01).
Variable  M   SD   Omega  1   2   3   4   5   6   7
1. Quality of Work Environment  0.49  0.50
...
5. Machiavellianism  26.20  4.93  .74  .01  .01  .03  .33**",,"#recode quality of workplace variable from labels to numeric values
Data <- Data %>% mutate_at(vars(QWE),
                           list(
                             ~ recode(.,
                                      `low` = 0,
                                      `high` = 1)))
...
#Change column order so it presents correlation matrix in original order
col_order <- c(""QWE"", ""MI"", ""PI"", ""LOCTot"", ""MachTot"",
               ""Sex"", ""SocDesTot"", ""BehIntTot"")
DataCorr <- Data[, col_order]

#Correlation matrix
#Creates an APA correlation matrix and saves it in your working directory as a document
table1 <- apa.cor.table(DataCorr,
                        filename = ""Table3.doc"",
                        table.number = 3)",,1,1
7,transformation,,,,,,"A Pearson correlation evaluated the relationship between quality of work environment and Machiavellianism scores in the direct replication. The correlation was negligible (r = .01), suggesting that trait Machiavellianism did not differ meaningfully by assigned work-quality condition.","“The categorical independent variables (quality of work experience, peer influence, managerial influence and gender) were dummy coded before being regressed upon behavioural intention alongside Machiavellianism and locus of control total scores.”",,"#recode data suitable for analysis
Data <- Data %>% filter(Sex == ""Male"" | Sex == ""Female"")

#recode Sex variable from labels to numeric values
Data <- Data %>% mutate_at(vars(Sex),
                           list(
                             ~ recode(.,
                                      `Male` = 0,
                                      `I do not wish to identify as either` = 0.5,
                                      `Female` = 1)))

#recode quality of workplace variable from labels to numeric values
Data <- Data %>% mutate_at(vars(QWE),
                           list(
                             ~ recode(.,
                                      `low` = 0,
                                      `high` = 1)))
#recode both manager influence and peer influence variables from labels to numeric values
Data <- Data %>% mutate_at(vars(MI, PI),
                           list(
                             ~ recode(.,
                                      `ethical` = 0,
                                      `unethical` = 1)))

#Change column order so it presents correlation matrix in original order
col_order <- c(""QWE"", ""MI"", ""PI"", ""LOCTot"", ""MachTot"",
               ""Sex"", ""SocDesTot"", ""BehIntTot"")
DataCorr <- Data[, col_order]

#Correlation matrix
#Creates an APA correlation matrix and saves it in your working directory as a document
table1 <- apa.cor.table(DataCorr,
                        filename = ""Table3.doc"",
                        table.number = 3)",,1,
7,inference criterion,(* = p < .05; **= p < .01).,2.0,"#Correlation matrix
#Creates an APA correlation matrix and saves it in your working directory as a document
table1 <- apa.cor.table(DataCorr,
                        filename = ""Table3.doc"",
                        table.number = 3)",Data_Analysis_Script.R:104-108,1,"A Pearson correlation evaluated the relationship between quality of work environment and Machiavellianism scores in the direct replication. The correlation was negligible (r = .01), suggesting that trait Machiavellianism did not differ meaningfully by assigned work-quality condition.","Table 3. Direct replication: means, standard deviations, and correlations (* = p < .05; **= p < .01).",,"#Correlation matrix
#Creates an APA correlation matrix and saves it in your working directory as a document
table1 <- apa.cor.table(DataCorr,
                        filename = ""Table3.doc"",
                        table.number = 3)",,1,1
8,model specification,"First, descriptive statistics (means and standard deviations) and omega coefficients were
presented alongside a correlation matrix.",0.0,"#Correlation matrix
#Creates an APA correlation matrix and saves it in your working directory as a document
table1 <- apa.cor.table(DataCorr,
                        filename = ""Table3.doc"",
                        table.number = 3)",Data_Analysis_Script.R:104-108,1,,,,,,,
8,variable specification,Machiavellianism,2.0,"#Change column order so it presents correlation matrix in original order
col_order <- c(""QWE"", ""MI"", ""PI"", ""LOCTot"", ""MachTot"",
               ""Sex"", ""SocDesTot"", ""BehIntTot"")
DataCorr <- Data[, col_order]

#Correlation matrix
#Creates an APA correlation matrix and saves it in your working directory as a document
table1 <- apa.cor.table(DataCorr,
                        filename = ""Table3.doc"",
                        table.number = 3)",Data_Analysis_Script.R:99-108,1,,,,,,,
8,transformation,,,,,,,,,,,,
8,variable specification,Manager Influence,2.0,"#Change column order so it presents correlation matrix in original order
col_order <- c(""QWE"", ""MI"", ""PI"", ""LOCTot"", ""MachTot"",
               ""Sex"", ""SocDesTot"", ""BehIntTot"")
DataCorr <- Data[, col_order]

#Correlation matrix
#Creates an APA correlation matrix and saves it in your working directory as a document
table1 <- apa.cor.table(DataCorr,
                        filename = ""Table3.doc"",
                        table.number = 3)",Data_Analysis_Script.R:99-108,1,,,,,,,
8,transformation,,,,,,,,,,,,
8,inference criterion,(* = p < .05; **= p < .01).,2.0,"#Correlation matrix
#Creates an APA correlation matrix and saves it in your working directory as a document
table1 <- apa.cor.table(DataCorr,
                        filename = ""Table3.doc"",
                        table.number = 3)",Data_Analysis_Script.R:104-108,1,,,,,,,
9,model specification,"First, descriptive statistics (means and standard deviations) and omega coefficients were
presented alongside a correlation matrix.",0.0,"#Correlation matrix
#Creates an APA correlation matrix and saves it in your working directory as a document
table1 <- apa.cor.table(DataCorr,
                        filename = ""Table3.doc"",
                        table.number = 3)",Data_Analysis_Script.R:104-108,1,"A Pearson correlation examined the association between peer influence condition and Machiavellianism in the direct replication. The effect was very small (r = .03), indicating near-independence between peer ethicality condition and trait Machiavellianism.","Table 3. Direct replication: means, standard deviations, and correlations (* = p < .05; **= p < .01).",,"#Change column order so it presents correlation matrix in original order
col_order <- c(""QWE"", ""MI"", ""PI"", ""LOCTot"", ""MachTot"",
               ""Sex"", ""SocDesTot"", ""BehIntTot"")
DataCorr <- Data[, col_order]

#Correlation matrix
#Creates an APA correlation matrix and saves it in your working directory as a document
table1 <- apa.cor.table(DataCorr,
                        filename = ""Table3.doc"",
                        table.number = 3)",,1,1
9,variable specification,Machiavellianism,2.0,"#Change column order so it presents correlation matrix in original order
col_order <- c(""QWE"", ""MI"", ""PI"", ""LOCTot"", ""MachTot"",
               ""Sex"", ""SocDesTot"", ""BehIntTot"")
DataCorr <- Data[, col_order]

#Correlation matrix
#Creates an APA correlation matrix and saves it in your working directory as a document
table1 <- apa.cor.table(DataCorr,
                        filename = ""Table3.doc"",
                        table.number = 3)",Data_Analysis_Script.R:99-108,1,"A Pearson correlation examined the association between peer influence condition and Machiavellianism in the direct replication. The effect was very small (r = .03), indicating near-independence between peer ethicality condition and trait Machiavellianism.","Third, to test the primary hypotheses, a multiple regression was conducted. The categorical independent variables (quality of work experience, peer influence, managerial influence and gender) were dummy coded before being regressed upon behavioural intention alongside Machiavellianism and locus of control total scores.",,"#Change column order so it presents correlation matrix in original order
col_order <- c(""QWE"", ""MI"", ""PI"", ""LOCTot"", ""MachTot"",
               ""Sex"", ""SocDesTot"", ""BehIntTot"")
DataCorr <- Data[, col_order]

#Correlation matrix
#Creates an APA correlation matrix and saves it in your working directory as a document
table1 <- apa.cor.table(DataCorr,
                        filename = ""Table3.doc"",
                        table.number = 3)",,1,1
9,transformation,,,,,,"A Pearson correlation examined the association between peer influence condition and Machiavellianism in the direct replication. The effect was very small (r = .03), indicating near-independence between peer ethicality condition and trait Machiavellianism.","Locus of Control, Machiavellianism, and Social Desirability – Concurrent with the original study, ten items of the Rotter (1966), Christie and Geis (1970) and Crowne and Marlowe (1960) scales (respectively) were adopted using a 5-point likert scale response.

The categorical independent variables (quality of work experience, peer influence, managerial influence and gender) were dummy coded before being regressed upon behavioural intention alongside Machiavellianism and locus of control total scores.",,"#recode data suitable for analysis
Data <- Data %>% filter(Sex == ""Male"" | Sex == ""Female"")

#recode Sex variable from labels to numeric values
Data <- Data %>% mutate_at(vars(Sex),
                           list(
                             ~ recode(.,
                                      `Male` = 0,
                                      `I do not wish to identify as either` = 0.5,
                                      `Female` = 1)))

#recode quality of workplace variable from labels to numeric values
Data <- Data %>% mutate_at(vars(QWE),
                           list(
                             ~ recode(.,
                                      `low` = 0,
                                      `high` = 1)))
#recode both manager influence and peer influence variables from labels to numeric values
Data <- Data %>% mutate_at(vars(MI, PI),
                           list(
                             ~ recode(.,
                                      `ethical` = 0,
                                      `unethical` = 1)))

#Change column order so it presents correlation matrix in original order
col_order <- c(""QWE"", ""MI"", ""PI"", ""LOCTot"", ""MachTot"",
               ""Sex"", ""SocDesTot"", ""BehIntTot"")
DataCorr <- Data[, col_order]

#Correlation matrix
#Creates an APA correlation matrix and saves it in your working directory as a document
table1 <- apa.cor.table(DataCorr,
                        filename = ""Table3.doc"",
                        table.number = 3)",,1,
9,variable specification,Peer Influence,2.0,"#Change column order so it presents correlation matrix in original order
col_order <- c(""QWE"", ""MI"", ""PI"", ""LOCTot"", ""MachTot"",
               ""Sex"", ""SocDesTot"", ""BehIntTot"")
DataCorr <- Data[, col_order]

#Correlation matrix
#Creates an APA correlation matrix and saves it in your working directory as a document
table1 <- apa.cor.table(DataCorr,
                        filename = ""Table3.doc"",
                        table.number = 3)",Data_Analysis_Script.R:99-108,1,"A Pearson correlation examined the association between peer influence condition and Machiavellianism in the direct replication. The effect was very small (r = .03), indicating near-independence between peer ethicality condition and trait Machiavellianism.","Third, to test the primary hypotheses, a multiple regression was conducted. The categorical independent variables (quality of work experience, peer influence, managerial influence and gender) were dummy coded before being regressed upon behavioural intention alongside Machiavellianism and locus of control total scores.",,"#Change column order so it presents correlation matrix in original order
col_order <- c(""QWE"", ""MI"", ""PI"", ""LOCTot"", ""MachTot"",
               ""Sex"", ""SocDesTot"", ""BehIntTot"")
DataCorr <- Data[, col_order]

#Correlation matrix
#Creates an APA correlation matrix and saves it in your working directory as a document
table1 <- apa.cor.table(DataCorr,
                        filename = ""Table3.doc"",
                        table.number = 3)",,1,1
9,transformation,,,,,,"A Pearson correlation examined the association between peer influence condition and Machiavellianism in the direct replication. The effect was very small (r = .03), indicating near-independence between peer ethicality condition and trait Machiavellianism.","Locus of Control, Machiavellianism, and Social Desirability – Concurrent with the original study, ten items of the Rotter (1966), Christie and Geis (1970) and Crowne and Marlowe (1960) scales (respectively) were adopted using a 5-point likert scale response.

The categorical independent variables (quality of work experience, peer influence, managerial influence and gender) were dummy coded before being regressed upon behavioural intention alongside Machiavellianism and locus of control total scores.",,"#recode data suitable for analysis
Data <- Data %>% filter(Sex == ""Male"" | Sex == ""Female"")

#recode Sex variable from labels to numeric values
Data <- Data %>% mutate_at(vars(Sex),
                           list(
                             ~ recode(.,
                                      `Male` = 0,
                                      `I do not wish to identify as either` = 0.5,
                                      `Female` = 1)))

#recode quality of workplace variable from labels to numeric values
Data <- Data %>% mutate_at(vars(QWE),
                           list(
                             ~ recode(.,
                                      `low` = 0,
                                      `high` = 1)))
#recode both manager influence and peer influence variables from labels to numeric values
Data <- Data %>% mutate_at(vars(MI, PI),
                           list(
                             ~ recode(.,
                                      `ethical` = 0,
                                      `unethical` = 1)))

#Change column order so it presents correlation matrix in original order
col_order <- c(""QWE"", ""MI"", ""PI"", ""LOCTot"", ""MachTot"",
               ""Sex"", ""SocDesTot"", ""BehIntTot"")
DataCorr <- Data[, col_order]

#Correlation matrix
#Creates an APA correlation matrix and saves it in your working directory as a document
table1 <- apa.cor.table(DataCorr,
                        filename = ""Table3.doc"",
                        table.number = 3)",,1,
9,inference criterion,(* = p < .05; **= p < .01).,2.0,"#Correlation matrix
#Creates an APA correlation matrix and saves it in your working directory as a document
table1 <- apa.cor.table(DataCorr,
                        filename = ""Table3.doc"",
                        table.number = 3)",Data_Analysis_Script.R:104-108,1,"A Pearson correlation examined the association between peer influence condition and Machiavellianism in the direct replication. The effect was very small (r = .03), indicating near-independence between peer ethicality condition and trait Machiavellianism.","Each of the effects associated with the six independent variables are considered repli‑cated in the context of the LeBel et al. ( 2019 ) replication criteria. The results were considered “consistent” where confidence intervals overlapped with the main effects previously reported in each of the original two experiments (for the direct replication) or the direct replication (for the conceptual replication). Similarly, where the confidence intervals did not overlap with 0, a signal was considered “detected.”

Statistically significant ( p < .05) relationships were found between the unethical behavioural intentions outcome and all predictors.

Table 3. Direct replication: means, standard deviations, and correlations (* = p < .05; **= p < .01).",,,,,
10,model specification,"First, descriptive statistics (means and standard deviations) and omega coefficients were
presented alongside a correlation matrix.",0.0,"#Correlation matrix
#Creates an APA correlation matrix and saves it in your working directory as a document
table1 <- apa.cor.table(DataCorr,
                        filename = ""Table3.doc"",
                        table.number = 3)",Data_Analysis_Script.R:104-108,1,"A Pearson correlation tested the relationship between quality of work environment and social desirability scores in the direct replication sample. The small, non-significant correlation (r = −.02) suggests that perceived work quality in the vignette was not meaningfully associated with participants' tendency to respond in a socially desirable manner.","Second, descriptive statistics (means and standard deviations) and omega coefficients were presented within a correlation matrix.

Table 3. Direct replication: means, standard deviations, and correlations (* = p < .05; **= p < .01).",,"#Change column order so it presents correlation matrix in original order
col_order <- c(""QWE"", ""MI"", ""PI"", ""LOCTot"", ""MachTot"",
               ""Sex"", ""SocDesTot"", ""BehIntTot"")
DataCorr <- Data[, col_order]

#Correlation matrix
#Creates an APA correlation matrix and saves it in your working directory as a document
table1 <- apa.cor.table(DataCorr,
                        filename = ""Table3.doc"",
                        table.number = 3)
...
#FIRST WE MAKE A FUNCTION WHICH CREATES A DATAFRAME OF CORRELATIONS 
#BY OUTCOMES AND DATA COLLECTION GROUP
corrfunc <- function(Data)
{
  return(data.frame(cbind(n = rcorr(Data$BehIntTot, Data$LOCTot, type=c(""pearson""))$n[1,2]),
                    Sex = round(rcorr(Data$BehIntTot, Data$Sex, type=c(""pearson""))$r[1,2], digits=3),
                    Machiavellianism = round(rcorr(Data$BehIntTot, Data$MachTot, type=c(""pearson""))$r[1,2], digits = 3),
                    Locus = round(rcorr(Data$BehIntTot, Data$LOCTot, type=c(""pearson""))$r[1,2], digits=3),
                    Peer = round(rcorr(Data$BehIntTot, Data$PI, type=c(""pearson""))$r[1,2], digits=3),
                    Manager = round(rcorr(Data$BehIntTot, Data$MI, type=c(""pearson""))$r[1,2], digits=3),
                    Quality = round(rcorr(Data$BehIntTot, Data$QWE, type=c(""pearson""))$r[1,2], digits=3)
  ))
}",,1,1
10,variable specification,Machiavellianism,2.0,"#Change column order so it presents correlation matrix in original order
col_order <- c(""QWE"", ""MI"", ""PI"", ""LOCTot"", ""MachTot"",
               ""Sex"", ""SocDesTot"", ""BehIntTot"")
DataCorr <- Data[, col_order]

#Correlation matrix
#Creates an APA correlation matrix and saves it in your working directory as a document
table1 <- apa.cor.table(DataCorr,
                        filename = ""Table3.doc"",
                        table.number = 3)",Data_Analysis_Script.R:99-108,1,"A Pearson correlation tested the relationship between quality of work environment and social desirability scores in the direct replication sample. The small, non-significant correlation (r = −.02) suggests that perceived work quality in the vignette was not meaningfully associated with participants' tendency to respond in a socially desirable manner.","Participants were then randomly allocated to one of eight manipulated vignettes and asked to report their intention to inflate an expense request. These vignettes purportedly differed in three ways: whether they reported a low or high-quality work experience, ethical or unethical peer influence, and ethical or unethical manager influence (see Table 2 ).

Locus of Control, Machiavellianism, and Social Desirability – Concurrent with the original study, ten items of the Rotter ( 1966 ), Christie and Geis ( 1970 ) and Crowne and Marlowe ( 1960 ) scales (respectively) were adopted using a 5-point likert scale response.",,"#Change column order so it presents correlation matrix in original order
col_order <- c(""QWE"", ""MI"", ""PI"", ""LOCTot"", ""MachTot"",
               ""Sex"", ""SocDesTot"", ""BehIntTot"")
DataCorr <- Data[, col_order]

#Correlation matrix
#Creates an APA correlation matrix and saves it in your working directory as a document
table1 <- apa.cor.table(DataCorr,
                        filename = ""Table3.doc"",
                        table.number = 3)",,1,1
10,transformation,,,,,,"A Pearson correlation tested the relationship between quality of work environment and social desirability scores in the direct replication sample. The small, non-significant correlation (r = −.02) suggests that perceived work quality in the vignette was not meaningfully associated with participants' tendency to respond in a socially desirable manner.","“The categorical independent variables (quality of work experience, peer influence, managerial influence and gender) were dummy coded before being regressed upon behavioural intention alongside Machiavellianism and locus of control total scores.”",,"#recode data suitable for analysis
Data <- Data %>% filter(Sex == ""Male"" | Sex == ""Female"")

#recode Sex variable from labels to numeric values
Data <- Data %>% mutate_at(vars(Sex),
                           list(
                             ~ recode(.,
                                      `Male` = 0,
                                      `I do not wish to identify as either` = 0.5,
                                      `Female` = 1)))

#recode quality of workplace variable from labels to numeric values
Data <- Data %>% mutate_at(vars(QWE),
                           list(
                             ~ recode(.,
                                      `low` = 0,
                                      `high` = 1)))
#recode both manager influence and peer influence variables from labels to numeric values
Data <- Data %>% mutate_at(vars(MI, PI),
                           list(
                             ~ recode(.,
                                      `ethical` = 0,
                                      `unethical` = 1)))

#Change column order so it presents correlation matrix in original order
col_order <- c(""QWE"", ""MI"", ""PI"", ""LOCTot"", ""MachTot"",
               ""Sex"", ""SocDesTot"", ""BehIntTot"")
DataCorr <- Data[, col_order]",,1,
10,variable specification,Locus of Control,2.0,"#Change column order so it presents correlation matrix in original order
col_order <- c(""QWE"", ""MI"", ""PI"", ""LOCTot"", ""MachTot"",
               ""Sex"", ""SocDesTot"", ""BehIntTot"")
DataCorr <- Data[, col_order]

#Correlation matrix
#Creates an APA correlation matrix and saves it in your working directory as a document
table1 <- apa.cor.table(DataCorr,
                        filename = ""Table3.doc"",
                        table.number = 3)",Data_Analysis_Script.R:99-108,1,"A Pearson correlation tested the relationship between quality of work environment and social desirability scores in the direct replication sample. The small, non-significant correlation (r = −.02) suggests that perceived work quality in the vignette was not meaningfully associated with participants' tendency to respond in a socially desirable manner.","Participants were then randomly allocated to one of eight manipulated vignettes and asked to report their intention to inflate an expense request. These vignettes purportedly differed in three ways: whether they reported a low or high-quality work experience, ethical or unethical peer influence, and ethical or unethical manager influence (see Table 2 ).

Locus of Control, Machiavellianism, and Social Desirability – Concurrent with the original study, ten items of the Rotter ( 1966 ), Christie and Geis ( 1970 ) and Crowne and Marlowe ( 1960 ) scales (respectively) were adopted using a 5-point likert scale response.",,"#Change column order so it presents correlation matrix in original order
col_order <- c(""QWE"", ""MI"", ""PI"", ""LOCTot"", ""MachTot"",
               ""Sex"", ""SocDesTot"", ""BehIntTot"")
DataCorr <- Data[, col_order]

#Correlation matrix
#Creates an APA correlation matrix and saves it in your working directory as a document
table1 <- apa.cor.table(DataCorr,
                        filename = ""Table3.doc"",
                        table.number = 3)",,1,1
10,transformation,,,,,,"A Pearson correlation tested the relationship between quality of work environment and social desirability scores in the direct replication sample. The small, non-significant correlation (r = −.02) suggests that perceived work quality in the vignette was not meaningfully associated with participants' tendency to respond in a socially desirable manner.","“The categorical independent variables (quality of work experience, peer influence, managerial influence and gender) were dummy coded before being regressed upon behavioural intention alongside Machiavellianism and locus of control total scores.”",,"#recode data suitable for analysis
Data <- Data %>% filter(Sex == ""Male"" | Sex == ""Female"")

#recode Sex variable from labels to numeric values
Data <- Data %>% mutate_at(vars(Sex),
                           list(
                             ~ recode(.,
                                      `Male` = 0,
                                      `I do not wish to identify as either` = 0.5,
                                      `Female` = 1)))

#recode quality of workplace variable from labels to numeric values
Data <- Data %>% mutate_at(vars(QWE),
                           list(
                             ~ recode(.,
                                      `low` = 0,
                                      `high` = 1)))
#recode both manager influence and peer influence variables from labels to numeric values
Data <- Data %>% mutate_at(vars(MI, PI),
                           list(
                             ~ recode(.,
                                      `ethical` = 0,
                                      `unethical` = 1)))

#Change column order so it presents correlation matrix in original order
col_order <- c(""QWE"", ""MI"", ""PI"", ""LOCTot"", ""MachTot"",
               ""Sex"", ""SocDesTot"", ""BehIntTot"")
DataCorr <- Data[, col_order]",,1,
10,inference criterion,(* = p < .05; **= p < .01).,2.0,"#Correlation matrix
#Creates an APA correlation matrix and saves it in your working directory as a document
table1 <- apa.cor.table(DataCorr,
                        filename = ""Table3.doc"",
                        table.number = 3)",Data_Analysis_Script.R:104-108,1,"A Pearson correlation tested the relationship between quality of work environment and social desirability scores in the direct replication sample. The small, non-significant correlation (r = −.02) suggests that perceived work quality in the vignette was not meaningfully associated with participants' tendency to respond in a socially desirable manner.","Using a power calculation in R, as reported in the power analysis code document on the OSF project page, the number of participants required to observe this effect with 80% power and alpha of .05 is 1799. ... Statistically significant ( p < .05) relationships were found between the unethical behavioural intentions outcome and all predictors. ... Table 3. Direct replication: means, standard deviations, and correlations (* = p < .05; **= p < .01).",,"#Change column order so it presents correlation matrix in original order
col_order <- c(""QWE"", ""MI"", ""PI"", ""LOCTot"", ""MachTot"",
               ""Sex"", ""SocDesTot"", ""BehIntTot"")
DataCorr <- Data[, col_order]

#Correlation matrix
#Creates an APA correlation matrix and saves it in your working directory as a document
table1 <- apa.cor.table(DataCorr,
                        filename = ""Table3.doc"",
                        table.number = 3)",,1,1
11,model specification,"First, descriptive statistics (means and standard deviations) and omega coefficients were
presented alongside a correlation matrix.",0.0,"#Correlation matrix
#Creates an APA correlation matrix and saves it in your working directory as a document
table1 <- apa.cor.table(DataCorr,
                        filename = ""Table3.doc"",
                        table.number = 3)",Data_Analysis_Script.R:104-108,1,,,,,,,
11,variable specification,Gender,2.0,"#Change column order so it presents correlation matrix in original order
col_order <- c(""QWE"", ""MI"", ""PI"", ""LOCTot"", ""MachTot"",
               ""Sex"", ""SocDesTot"", ""BehIntTot"")
DataCorr <- Data[, col_order]

#Correlation matrix
#Creates an APA correlation matrix and saves it in your working directory as a document
table1 <- apa.cor.table(DataCorr,
                        filename = ""Table3.doc"",
                        table.number = 3)",Data_Analysis_Script.R:99-108,1,,,,,,,
11,transformation,,,,,,,,,,,,
11,variable specification,Quality of Work Environment,2.0,"#Change column order so it presents correlation matrix in original order
col_order <- c(""QWE"", ""MI"", ""PI"", ""LOCTot"", ""MachTot"",
               ""Sex"", ""SocDesTot"", ""BehIntTot"")
DataCorr <- Data[, col_order]

#Correlation matrix
#Creates an APA correlation matrix and saves it in your working directory as a document
table1 <- apa.cor.table(DataCorr,
                        filename = ""Table3.doc"",
                        table.number = 3)",Data_Analysis_Script.R:99-108,1,,,,,,,
11,transformation,,,,,,,,,,,,
11,inference criterion,(* = p < .05; **= p < .01).,2.0,"#Correlation matrix
#Creates an APA correlation matrix and saves it in your working directory as a document
table1 <- apa.cor.table(DataCorr,
                        filename = ""Table3.doc"",
                        table.number = 3)",Data_Analysis_Script.R:104-108,1,,,,,,,
12,model specification,"First, descriptive statistics (means and standard deviations) and omega coefficients were
presented alongside a correlation matrix.",0.0,"#Correlation matrix
#Creates an APA correlation matrix and saves it in your working directory as a document
table1 <- apa.cor.table(DataCorr,
                        filename = ""Table3.doc"",
                        table.number = 3)",Data_Analysis_Script.R:104-108,1,,,,,,,
12,variable specification,Gender,2.0,"#Change column order so it presents correlation matrix in original order
col_order <- c(""QWE"", ""MI"", ""PI"", ""LOCTot"", ""MachTot"",
               ""Sex"", ""SocDesTot"", ""BehIntTot"")
DataCorr <- Data[, col_order]

#Correlation matrix
#Creates an APA correlation matrix and saves it in your working directory as a document
table1 <- apa.cor.table(DataCorr,
                        filename = ""Table3.doc"",
                        table.number = 3)",Data_Analysis_Script.R:99-108,1,,,,,,,
12,transformation,,,,,,,,,,,,
12,variable specification,Manager Influence,2.0,"#Change column order so it presents correlation matrix in original order
col_order <- c(""QWE"", ""MI"", ""PI"", ""LOCTot"", ""MachTot"",
               ""Sex"", ""SocDesTot"", ""BehIntTot"")
DataCorr <- Data[, col_order]

#Correlation matrix
#Creates an APA correlation matrix and saves it in your working directory as a document
table1 <- apa.cor.table(DataCorr,
                        filename = ""Table3.doc"",
                        table.number = 3)",Data_Analysis_Script.R:99-108,1,,,,,,,
12,transformation,,,,,,,,,,,,
12,inference criterion,(* = p < .05; **= p < .01).,2.0,"#Correlation matrix
#Creates an APA correlation matrix and saves it in your working directory as a document
table1 <- apa.cor.table(DataCorr,
                        filename = ""Table3.doc"",
                        table.number = 3)",Data_Analysis_Script.R:104-108,1,,,,,,,
13,model specification,"First, descriptive statistics (means and standard deviations) and omega coefficients were
presented alongside a correlation matrix.",0.0,"#Correlation matrix
#Creates an APA correlation matrix and saves it in your working directory as a document
table1 <- apa.cor.table(DataCorr,
                        filename = ""Table3.doc"",
                        table.number = 3)",Data_Analysis_Script.R:104-108,1,,,,,,,
13,variable specification,Gender,2.0,"#Change column order so it presents correlation matrix in original order
col_order <- c(""QWE"", ""MI"", ""PI"", ""LOCTot"", ""MachTot"",
               ""Sex"", ""SocDesTot"", ""BehIntTot"")
DataCorr <- Data[, col_order]

#Correlation matrix
#Creates an APA correlation matrix and saves it in your working directory as a document
table1 <- apa.cor.table(DataCorr,
                        filename = ""Table3.doc"",
                        table.number = 3)",Data_Analysis_Script.R:99-108,1,,,,,,,
13,transformation,,,,,,,,,,,,
13,variable specification,Peer Influence,2.0,"#Change column order so it presents correlation matrix in original order
col_order <- c(""QWE"", ""MI"", ""PI"", ""LOCTot"", ""MachTot"",
               ""Sex"", ""SocDesTot"", ""BehIntTot"")
DataCorr <- Data[, col_order]

#Correlation matrix
#Creates an APA correlation matrix and saves it in your working directory as a document
table1 <- apa.cor.table(DataCorr,
                        filename = ""Table3.doc"",
                        table.number = 3)",Data_Analysis_Script.R:99-108,1,,,,,,,
13,transformation,,,,,,,,,,,,
13,inference criterion,(* = p < .05; **= p < .01).,2.0,"#Correlation matrix
#Creates an APA correlation matrix and saves it in your working directory as a document
table1 <- apa.cor.table(DataCorr,
                        filename = ""Table3.doc"",
                        table.number = 3)",Data_Analysis_Script.R:104-108,1,,,,,,,
14,model specification,"First, descriptive statistics (means and standard deviations) and omega coefficients were
presented alongside a correlation matrix.",0.0,"#Correlation matrix
#Creates an APA correlation matrix and saves it in your working directory as a document
table1 <- apa.cor.table(DataCorr,
                        filename = ""Table3.doc"",
                        table.number = 3)",Data_Analysis_Script.R:104-108,1,,,,,,,
14,variable specification,Gender,2.0,"#Change column order so it presents correlation matrix in original order
col_order <- c(""QWE"", ""MI"", ""PI"", ""LOCTot"", ""MachTot"",
               ""Sex"", ""SocDesTot"", ""BehIntTot"")
DataCorr <- Data[, col_order]

#Correlation matrix
#Creates an APA correlation matrix and saves it in your working directory as a document
table1 <- apa.cor.table(DataCorr,
                        filename = ""Table3.doc"",
                        table.number = 3)",Data_Analysis_Script.R:99-108,1,,,,,,,
14,transformation,,,,,,,,,,,,
14,variable specification,Locus of Control,2.0,"#Change column order so it presents correlation matrix in original order
col_order <- c(""QWE"", ""MI"", ""PI"", ""LOCTot"", ""MachTot"",
               ""Sex"", ""SocDesTot"", ""BehIntTot"")
DataCorr <- Data[, col_order]

#Correlation matrix
#Creates an APA correlation matrix and saves it in your working directory as a document
table1 <- apa.cor.table(DataCorr,
                        filename = ""Table3.doc"",
                        table.number = 3)",Data_Analysis_Script.R:99-108,1,,,,,,,
14,transformation,,,,,,,,,,,,
14,inference criterion,(* = p < .05; **= p < .01).,2.0,"#Correlation matrix
#Creates an APA correlation matrix and saves it in your working directory as a document
table1 <- apa.cor.table(DataCorr,
                        filename = ""Table3.doc"",
                        table.number = 3)",Data_Analysis_Script.R:104-108,1,,,,,,,
15,model specification,"First, descriptive statistics (means and standard deviations) and omega coefficients were
presented alongside a correlation matrix.",0.0,"#Correlation matrix
#Creates an APA correlation matrix and saves it in your working directory as a document
table1 <- apa.cor.table(DataCorr,
                        filename = ""Table3.doc"",
                        table.number = 3)",Data_Analysis_Script.R:104-108,1,,,,,,,
15,variable specification,Gender,2.0,"#Change column order so it presents correlation matrix in original order
col_order <- c(""QWE"", ""MI"", ""PI"", ""LOCTot"", ""MachTot"",
               ""Sex"", ""SocDesTot"", ""BehIntTot"")
DataCorr <- Data[, col_order]

#Correlation matrix
#Creates an APA correlation matrix and saves it in your working directory as a document
table1 <- apa.cor.table(DataCorr,
                        filename = ""Table3.doc"",
                        table.number = 3)",Data_Analysis_Script.R:99-108,1,,,,,,,
15,transformation,,,,,,,,,,,,
15,variable specification,Machiavellianism,2.0,"#Change column order so it presents correlation matrix in original order
col_order <- c(""QWE"", ""MI"", ""PI"", ""LOCTot"", ""MachTot"",
               ""Sex"", ""SocDesTot"", ""BehIntTot"")
DataCorr <- Data[, col_order]

#Correlation matrix
#Creates an APA correlation matrix and saves it in your working directory as a document
table1 <- apa.cor.table(DataCorr,
                        filename = ""Table3.doc"",
                        table.number = 3)",Data_Analysis_Script.R:99-108,1,,,,,,,
15,transformation,,,,,,,,,,,,
15,inference criterion,(* = p < .05; **= p < .01).,2.0,"#Correlation matrix
#Creates an APA correlation matrix and saves it in your working directory as a document
table1 <- apa.cor.table(DataCorr,
                        filename = ""Table3.doc"",
                        table.number = 3)",Data_Analysis_Script.R:104-108,1,,,,,,,
16,model specification,"First, descriptive statistics (means and standard deviations) and omega coefficients were
presented alongside a correlation matrix.",0.0,"#Correlation matrix
#Creates an APA correlation matrix and saves it in your working directory as a document
table1 <- apa.cor.table(DataCorr,
                        filename = ""Table3.doc"",
                        table.number = 3)",Data_Analysis_Script.R:104-108,1,,,,,,,
16,variable specification,Social Desirability,2.0,"#Change column order so it presents correlation matrix in original order
col_order <- c(""QWE"", ""MI"", ""PI"", ""LOCTot"", ""MachTot"",
               ""Sex"", ""SocDesTot"", ""BehIntTot"")
DataCorr <- Data[, col_order]

#Correlation matrix
#Creates an APA correlation matrix and saves it in your working directory as a document
table1 <- apa.cor.table(DataCorr,
                        filename = ""Table3.doc"",
                        table.number = 3)",Data_Analysis_Script.R:99-108,1,,,,,,,
16,transformation,,,,,,,,,,,,
16,variable specification,Quality of Work Environment,2.0,"#Change column order so it presents correlation matrix in original order
col_order <- c(""QWE"", ""MI"", ""PI"", ""LOCTot"", ""MachTot"",
               ""Sex"", ""SocDesTot"", ""BehIntTot"")
DataCorr <- Data[, col_order]

#Correlation matrix
#Creates an APA correlation matrix and saves it in your working directory as a document
table1 <- apa.cor.table(DataCorr,
                        filename = ""Table3.doc"",
                        table.number = 3)",Data_Analysis_Script.R:99-108,1,,,,,,,
16,transformation,,,,,,,,,,,,
16,inference criterion,(* = p < .05; **= p < .01).,2.0,"#Correlation matrix
#Creates an APA correlation matrix and saves it in your working directory as a document
table1 <- apa.cor.table(DataCorr,
                        filename = ""Table3.doc"",
                        table.number = 3)",Data_Analysis_Script.R:104-108,1,,,,,,,
17,model specification,"First, descriptive statistics (means and standard deviations) and omega coefficients were
presented alongside a correlation matrix.",0.0,"#Correlation matrix
#Creates an APA correlation matrix and saves it in your working directory as a document
table1 <- apa.cor.table(DataCorr,
                        filename = ""Table3.doc"",
                        table.number = 3)",Data_Analysis_Script.R:104-108,1,,,,,,,
17,variable specification,Social Desirability,2.0,"#Change column order so it presents correlation matrix in original order
col_order <- c(""QWE"", ""MI"", ""PI"", ""LOCTot"", ""MachTot"",
               ""Sex"", ""SocDesTot"", ""BehIntTot"")
DataCorr <- Data[, col_order]

#Correlation matrix
#Creates an APA correlation matrix and saves it in your working directory as a document
table1 <- apa.cor.table(DataCorr,
                        filename = ""Table3.doc"",
                        table.number = 3)",Data_Analysis_Script.R:99-108,1,,,,,,,
17,transformation,,,,,,,,,,,,
17,variable specification,Manager Influence,2.0,"#Change column order so it presents correlation matrix in original order
col_order <- c(""QWE"", ""MI"", ""PI"", ""LOCTot"", ""MachTot"",
               ""Sex"", ""SocDesTot"", ""BehIntTot"")
DataCorr <- Data[, col_order]

#Correlation matrix
#Creates an APA correlation matrix and saves it in your working directory as a document
table1 <- apa.cor.table(DataCorr,
                        filename = ""Table3.doc"",
                        table.number = 3)",Data_Analysis_Script.R:99-108,1,,,,,,,
17,transformation,,,,,,,,,,,,
17,inference criterion,(* = p < .05; **= p < .01).,2.0,"#Correlation matrix
#Creates an APA correlation matrix and saves it in your working directory as a document
table1 <- apa.cor.table(DataCorr,
                        filename = ""Table3.doc"",
                        table.number = 3)",Data_Analysis_Script.R:104-108,1,,,,,,,
18,model specification,"First, descriptive statistics (means and standard deviations) and omega coefficients were
presented alongside a correlation matrix.",0.0,"#Correlation matrix
#Creates an APA correlation matrix and saves it in your working directory as a document
table1 <- apa.cor.table(DataCorr,
                        filename = ""Table3.doc"",
                        table.number = 3)",Data_Analysis_Script.R:104-108,1,"A Pearson correlation assessed the relationship between peer influence condition (ethical vs unethical) and locus of control in the direct replication. The correlation was small and non-significant (r = .04), suggesting little association between assigned peer influence and locus of control scores.","Table 3. Direct replication: means, standard deviations, and correlations (* = p < .05; **= p < .01).",,"#Change column order so it presents correlation matrix in original order
col_order <- c(""QWE"", ""MI"", ""PI"", ""LOCTot"", ""MachTot"",
               ""Sex"", ""SocDesTot"", ""BehIntTot"")
DataCorr <- Data[, col_order]

#Correlation matrix
#Creates an APA correlation matrix and saves it in your working directory as a document
table1 <- apa.cor.table(DataCorr,
                        filename = ""Table3.doc"",
                        table.number = 3)",,1,1
18,variable specification,Social Desirability,2.0,"#Change column order so it presents correlation matrix in original order
col_order <- c(""QWE"", ""MI"", ""PI"", ""LOCTot"", ""MachTot"",
               ""Sex"", ""SocDesTot"", ""BehIntTot"")
DataCorr <- Data[, col_order]

#Correlation matrix
#Creates an APA correlation matrix and saves it in your working directory as a document
table1 <- apa.cor.table(DataCorr,
                        filename = ""Table3.doc"",
                        table.number = 3)",Data_Analysis_Script.R:99-108,1,"A Pearson correlation assessed the relationship between peer influence condition (ethical vs unethical) and locus of control in the direct replication. The correlation was small and non-significant (r = .04), suggesting little association between assigned peer influence and locus of control scores.","Participants were then randomly allocated to one of eight manipulated vignettes and asked to report their intention to inflate an expense request. These vignettes purportedly differed in three ways: whether they reported a low or high-quality work experience, ethical or unethical peer influence, and ethical or unethical manager influence. ... Locus of Control, Machiavellianism, and Social Desirability – Concurrent with the original study, ten items of the Rotter (1966), Christie and Geis (1970) and Crowne and Marlowe (1960) scales (respectively) were adopted using a 5-point likert scale response. ... The categorical independent variables (quality of work experience, peer influence, managerial influence and gender) were dummy coded before being regressed upon behavioural intention alongside Machiavellianism and locus of control total scores.",,"#Change column order so it presents correlation matrix in original order
col_order <- c(""QWE"", ""MI"", ""PI"", ""LOCTot"", ""MachTot"",
               ""Sex"", ""SocDesTot"", ""BehIntTot"")
DataCorr <- Data[, col_order]

#Correlation matrix
#Creates an APA correlation matrix and saves it in your working directory as a document
table1 <- apa.cor.table(DataCorr,
                        filename = ""Table3.doc"",
                        table.number = 3)",,1,1
18,transformation,,,,,,"A Pearson correlation assessed the relationship between peer influence condition (ethical vs unethical) and locus of control in the direct replication. The correlation was small and non-significant (r = .04), suggesting little association between assigned peer influence and locus of control scores.","The categorical independent variables (quality of work experience, peer influence, managerial influence and gender) were dummy coded before being regressed upon behavioural intention alongside Machiavellianism and locus of control total scores.",,"#recode data suitable for analysis
Data <- Data %>% filter(Sex == ""Male"" | Sex == ""Female"")

#recode Sex variable from labels to numeric values
Data <- Data %>% mutate_at(vars(Sex),
                           list(
                             ~ recode(.,
                                      `Male` = 0,
                                      `I do not wish to identify as either` = 0.5,
                                      `Female` = 1)))

#recode quality of workplace variable from labels to numeric values
Data <- Data %>% mutate_at(vars(QWE),
                           list(
                             ~ recode(.,
                                      `low` = 0,
                                      `high` = 1)))
#recode both manager influence and peer influence variables from labels to numeric values
Data <- Data %>% mutate_at(vars(MI, PI),
                           list(
                             ~ recode(.,
                                      `ethical` = 0,
                                      `unethical` = 1)))

#Change column order so it presents correlation matrix in original order
col_order <- c(""QWE"", ""MI"", ""PI"", ""LOCTot"", ""MachTot"",
               ""Sex"", ""SocDesTot"", ""BehIntTot"")
DataCorr <- Data[, col_order]

#Correlation matrix
#Creates an APA correlation matrix and saves it in your working directory as a document
table1 <- apa.cor.table(DataCorr,
                        filename = ""Table3.doc"",
                        table.number = 3)",,1,
18,variable specification,Peer Influence,2.0,"#Change column order so it presents correlation matrix in original order
col_order <- c(""QWE"", ""MI"", ""PI"", ""LOCTot"", ""MachTot"",
               ""Sex"", ""SocDesTot"", ""BehIntTot"")
DataCorr <- Data[, col_order]

#Correlation matrix
#Creates an APA correlation matrix and saves it in your working directory as a document
table1 <- apa.cor.table(DataCorr,
                        filename = ""Table3.doc"",
                        table.number = 3)",Data_Analysis_Script.R:99-108,1,"A Pearson correlation assessed the relationship between peer influence condition (ethical vs unethical) and locus of control in the direct replication. The correlation was small and non-significant (r = .04), suggesting little association between assigned peer influence and locus of control scores.","Participants were then randomly allocated to one of eight manipulated vignettes and asked to report their intention to inflate an expense request. These vignettes purportedly differed in three ways: whether they reported a low or high-quality work experience, ethical or unethical peer influence, and ethical or unethical manager influence. ... Locus of Control, Machiavellianism, and Social Desirability – Concurrent with the original study, ten items of the Rotter (1966), Christie and Geis (1970) and Crowne and Marlowe (1960) scales (respectively) were adopted using a 5-point likert scale response. ... The categorical independent variables (quality of work experience, peer influence, managerial influence and gender) were dummy coded before being regressed upon behavioural intention alongside Machiavellianism and locus of control total scores.",,"#Change column order so it presents correlation matrix in original order
col_order <- c(""QWE"", ""MI"", ""PI"", ""LOCTot"", ""MachTot"",
               ""Sex"", ""SocDesTot"", ""BehIntTot"")
DataCorr <- Data[, col_order]

#Correlation matrix
#Creates an APA correlation matrix and saves it in your working directory as a document
table1 <- apa.cor.table(DataCorr,
                        filename = ""Table3.doc"",
                        table.number = 3)",,1,1
18,transformation,,,,,,"A Pearson correlation assessed the relationship between peer influence condition (ethical vs unethical) and locus of control in the direct replication. The correlation was small and non-significant (r = .04), suggesting little association between assigned peer influence and locus of control scores.","The categorical independent variables (quality of work experience, peer influence, managerial influence and gender) were dummy coded before being regressed upon behavioural intention alongside Machiavellianism and locus of control total scores.",,"#recode data suitable for analysis
Data <- Data %>% filter(Sex == ""Male"" | Sex == ""Female"")

#recode Sex variable from labels to numeric values
Data <- Data %>% mutate_at(vars(Sex),
                           list(
                             ~ recode(.,
                                      `Male` = 0,
                                      `I do not wish to identify as either` = 0.5,
                                      `Female` = 1)))

#recode quality of workplace variable from labels to numeric values
Data <- Data %>% mutate_at(vars(QWE),
                           list(
                             ~ recode(.,
                                      `low` = 0,
                                      `high` = 1)))
#recode both manager influence and peer influence variables from labels to numeric values
Data <- Data %>% mutate_at(vars(MI, PI),
                           list(
                             ~ recode(.,
                                      `ethical` = 0,
                                      `unethical` = 1)))

#Change column order so it presents correlation matrix in original order
col_order <- c(""QWE"", ""MI"", ""PI"", ""LOCTot"", ""MachTot"",
               ""Sex"", ""SocDesTot"", ""BehIntTot"")
DataCorr <- Data[, col_order]

#Correlation matrix
#Creates an APA correlation matrix and saves it in your working directory as a document
table1 <- apa.cor.table(DataCorr,
                        filename = ""Table3.doc"",
                        table.number = 3)",,1,
18,inference criterion,(* = p < .05; **= p < .01).,2.0,"#Correlation matrix
#Creates an APA correlation matrix and saves it in your working directory as a document
table1 <- apa.cor.table(DataCorr,
                        filename = ""Table3.doc"",
                        table.number = 3)",Data_Analysis_Script.R:104-108,1,"A Pearson correlation assessed the relationship between peer influence condition (ethical vs unethical) and locus of control in the direct replication. The correlation was small and non-significant (r = .04), suggesting little association between assigned peer influence and locus of control scores.","Using a power calculation in R, as reported in the power analysis code document on the OSF project page, the number of participants required to observe this effect with 80% power and alpha of .05 is 1799.

""Each of the effects associated with the six independent variables are considered repli-
cated in the context of the LeBel et al. (2019) replication criteria. The results were
considered ‘consistent’ where confidence intervals overlapped with the main effects
previously reported in each of the original two experiments (for the direct replication)
or the direct replication (for the conceptual replication). Similarly, where the confidence
intervals did not overlap with 0, a signal was considered ‘detected.’""

""Table 3. Direct replication: means, standard deviations, and correlations (* = p < .05; **= p < .01).""",,"#Change column order so it presents correlation matrix in original order
col_order <- c(""QWE"", ""MI"", ""PI"", ""LOCTot"", ""MachTot"",
               ""Sex"", ""SocDesTot"", ""BehIntTot"")
DataCorr <- Data[, col_order]

#Correlation matrix
#Creates an APA correlation matrix and saves it in your working directory as a document
table1 <- apa.cor.table(DataCorr,
                        filename = ""Table3.doc"",
                        table.number = 3)",,1,1
19,model specification,"First, descriptive statistics (means and standard deviations) and omega coefficients were
presented alongside a correlation matrix.",0.0,"#Correlation matrix
#Creates an APA correlation matrix and saves it in your working directory as a document
table1 <- apa.cor.table(DataCorr,
                        filename = ""Table3.doc"",
                        table.number = 3)",Data_Analysis_Script.R:104-108,1,,,,,,,
19,variable specification,Social Desirability,2.0,"#Change column order so it presents correlation matrix in original order
col_order <- c(""QWE"", ""MI"", ""PI"", ""LOCTot"", ""MachTot"",
               ""Sex"", ""SocDesTot"", ""BehIntTot"")
DataCorr <- Data[, col_order]

#Correlation matrix
#Creates an APA correlation matrix and saves it in your working directory as a document
table1 <- apa.cor.table(DataCorr,
                        filename = ""Table3.doc"",
                        table.number = 3)",Data_Analysis_Script.R:99-108,1,,,,,,,
19,transformation,,,,,,,,,,,,
19,variable specification,Locus of Control,2.0,"#Change column order so it presents correlation matrix in original order
col_order <- c(""QWE"", ""MI"", ""PI"", ""LOCTot"", ""MachTot"",
               ""Sex"", ""SocDesTot"", ""BehIntTot"")
DataCorr <- Data[, col_order]

#Correlation matrix
#Creates an APA correlation matrix and saves it in your working directory as a document
table1 <- apa.cor.table(DataCorr,
                        filename = ""Table3.doc"",
                        table.number = 3)",Data_Analysis_Script.R:99-108,1,,,,,,,
19,transformation,,,,,,,,,,,,
19,inference criterion,(* = p < .05; **= p < .01).,2.0,"#Correlation matrix
#Creates an APA correlation matrix and saves it in your working directory as a document
table1 <- apa.cor.table(DataCorr,
                        filename = ""Table3.doc"",
                        table.number = 3)",Data_Analysis_Script.R:104-108,1,,,,,,,
20,model specification,"First, descriptive statistics (means and standard deviations) and omega coefficients were
presented alongside a correlation matrix.",0.0,"#Correlation matrix
#Creates an APA correlation matrix and saves it in your working directory as a document
table1 <- apa.cor.table(DataCorr,
                        filename = ""Table3.doc"",
                        table.number = 3)",Data_Analysis_Script.R:104-108,1,,,,,,,
20,variable specification,Social Desirability,2.0,"#Change column order so it presents correlation matrix in original order
col_order <- c(""QWE"", ""MI"", ""PI"", ""LOCTot"", ""MachTot"",
               ""Sex"", ""SocDesTot"", ""BehIntTot"")
DataCorr <- Data[, col_order]

#Correlation matrix
#Creates an APA correlation matrix and saves it in your working directory as a document
table1 <- apa.cor.table(DataCorr,
                        filename = ""Table3.doc"",
                        table.number = 3)",Data_Analysis_Script.R:99-108,1,,,,,,,
20,transformation,,,,,,,,,,,,
20,variable specification,Machiavellianism,2.0,"#Change column order so it presents correlation matrix in original order
col_order <- c(""QWE"", ""MI"", ""PI"", ""LOCTot"", ""MachTot"",
               ""Sex"", ""SocDesTot"", ""BehIntTot"")
DataCorr <- Data[, col_order]

#Correlation matrix
#Creates an APA correlation matrix and saves it in your working directory as a document
table1 <- apa.cor.table(DataCorr,
                        filename = ""Table3.doc"",
                        table.number = 3)",Data_Analysis_Script.R:99-108,1,,,,,,,
20,transformation,,,,,,,,,,,,
20,inference criterion,(* = p < .05; **= p < .01).,2.0,"#Correlation matrix
#Creates an APA correlation matrix and saves it in your working directory as a document
table1 <- apa.cor.table(DataCorr,
                        filename = ""Table3.doc"",
                        table.number = 3)",Data_Analysis_Script.R:104-108,1,,,,,,,
21,model specification,"First, descriptive statistics (means and standard deviations) and omega coefficients were
presented alongside a correlation matrix.",0.0,"#Correlation matrix
#Creates an APA correlation matrix and saves it in your working directory as a document
table1 <- apa.cor.table(DataCorr,
                        filename = ""Table3.doc"",
                        table.number = 3)",Data_Analysis_Script.R:104-108,1,,,,,,,
21,variable specification,Social Desirability,2.0,"#Change column order so it presents correlation matrix in original order
col_order <- c(""QWE"", ""MI"", ""PI"", ""LOCTot"", ""MachTot"",
               ""Sex"", ""SocDesTot"", ""BehIntTot"")
DataCorr <- Data[, col_order]

#Correlation matrix
#Creates an APA correlation matrix and saves it in your working directory as a document
table1 <- apa.cor.table(DataCorr,
                        filename = ""Table3.doc"",
                        table.number = 3)",Data_Analysis_Script.R:99-108,1,,,,,,,
21,transformation,,,,,,,,,,,,
21,variable specification,Gender,2.0,"#Change column order so it presents correlation matrix in original order
col_order <- c(""QWE"", ""MI"", ""PI"", ""LOCTot"", ""MachTot"",
               ""Sex"", ""SocDesTot"", ""BehIntTot"")
DataCorr <- Data[, col_order]

#Correlation matrix
#Creates an APA correlation matrix and saves it in your working directory as a document
table1 <- apa.cor.table(DataCorr,
                        filename = ""Table3.doc"",
                        table.number = 3)",Data_Analysis_Script.R:99-108,1,,,,,,,
21,transformation,,,,,,,,,,,,
21,inference criterion,(* = p < .05; **= p < .01).,2.0,"#Correlation matrix
#Creates an APA correlation matrix and saves it in your working directory as a document
table1 <- apa.cor.table(DataCorr,
                        filename = ""Table3.doc"",
                        table.number = 3)",Data_Analysis_Script.R:104-108,1,,,,,,,
22,model specification,"First, descriptive statistics (means and standard deviations) and omega coefficients were
presented alongside a correlation matrix.",0.0,"#Correlation matrix
#Creates an APA correlation matrix and saves it in your working directory as a document
table1 <- apa.cor.table(DataCorr,
                        filename = ""Table3.doc"",
                        table.number = 3)",Data_Analysis_Script.R:104-108,1,"A Pearson correlation examined the relationship between social desirability scores and unethical behavioural intentions in the direct replication. The small-to-moderate negative correlation (r = −.20, p < .01) indicates that individuals scoring higher on social desirability reported lower intentions to engage in unethical behaviour.","Second, descriptive statistics are presented ( Table 3 ) within a correlation matrix.",,"#Change column order so it presents correlation matrix in original order
col_order <- c(""QWE"", ""MI"", ""PI"", ""LOCTot"", ""MachTot"",
               ""Sex"", ""SocDesTot"", ""BehIntTot"")
DataCorr <- Data[, col_order]

#Correlation matrix
#Creates an APA correlation matrix and saves it in your working directory as a document
table1 <- apa.cor.table(DataCorr,
                        filename = ""Table3.doc"",
                        table.number = 3)
...
#FIRST WE MAKE A FUNCTION WHICH CREATES A DATAFRAME OF CORRELATIONS 
#BY OUTCOMES AND DATA COLLECTION GROUP
corrfunc <- function(Data)
{
  return(data.frame(cbind(n = rcorr(Data$BehIntTot, Data$LOCTot, type=c(""pearson""))$n[1,2]),
                    Sex = round(rcorr(Data$BehIntTot, Data$Sex, type=c(""pearson""))$r[1,2], digits=3),
                    Machiavellianism = round(rcorr(Data$BehIntTot, Data$MachTot, type=c(""pearson""))$r[1,2], digits = 3),
                    Locus = round(rcorr(Data$BehIntTot, Data$LOCTot, type=c(""pearson""))$r[1,2], digits=3),
                    Peer = round(rcorr(Data$BehIntTot, Data$PI, type=c(""pearson""))$r[1,2], digits=3),
                    Manager = round(rcorr(Data$BehIntTot, Data$MI, type=c(""pearson""))$r[1,2], digits=3),
                    Quality = round(rcorr(Data$BehIntTot, Data$QWE, type=c(""pearson""))$r[1,2], digits=3)
  ))
}",,1,1
22,variable specification,Unethical Behavioural Intentions,2.0,"#Change column order so it presents correlation matrix in original order
col_order <- c(""QWE"", ""MI"", ""PI"", ""LOCTot"", ""MachTot"",
               ""Sex"", ""SocDesTot"", ""BehIntTot"")
DataCorr <- Data[, col_order]

#Correlation matrix
#Creates an APA correlation matrix and saves it in your working directory as a document
table1 <- apa.cor.table(DataCorr,
                        filename = ""Table3.doc"",
                        table.number = 3)",Data_Analysis_Script.R:99-108,1,"A Pearson correlation examined the relationship between social desirability scores and unethical behavioural intentions in the direct replication. The small-to-moderate negative correlation (r = −.20, p < .01) indicates that individuals scoring higher on social desirability reported lower intentions to engage in unethical behaviour.","Table 3. Direct replication: means, standard deviations, and correlations (* = p < .05; **= p < .01).

""Variable M SD Omega 1 2 3 4 5 6 7
...
7. Social Desirability 30.51 4.31 .50 −.02 −.06* .01 −.25** −.39** −.01
8. Unethical Behavioural Intentions 9.93 3.86 .90 −.05* .07** .06* .14** .29** −.15** −.20**""

""Statistically significant ( p < .05) relationships were found between the unethical behavioural intentions outcome and all predictors.""",,"#Change column order so it presents correlation matrix in original order
col_order <- c(""QWE"", ""MI"", ""PI"", ""LOCTot"", ""MachTot"",
               ""Sex"", ""SocDesTot"", ""BehIntTot"")
DataCorr <- Data[, col_order]

#Correlation matrix
#Creates an APA correlation matrix and saves it in your working directory as a document
table1 <- apa.cor.table(DataCorr,
                        filename = ""Table3.doc"",
                        table.number = 3)",,1,1
22,transformation,,,,,,"A Pearson correlation examined the relationship between social desirability scores and unethical behavioural intentions in the direct replication. The small-to-moderate negative correlation (r = −.20, p < .01) indicates that individuals scoring higher on social desirability reported lower intentions to engage in unethical behaviour.","Locus of Control, Machiavellianism, and Social Desirability – Concurrent with the original study, ten items of the Rotter ( 1966 ), Christie and Geis ( 1970 ) and Crowne and Marlowe ( 1960 ) scales (respectively) were adopted using a 5-point likert scale response. ... Unethical Behavioural Intention was captured by four items assessed through a 5-point likert scale. Again, the specific wording of items was specified by personal communication with the original author upon request. Internal reliability was originally estimated through Cronbach’s Alpha (α = .87).",,"#load data
Data <- read_csv(""Direct_Processed_Data/Combined_Processed.csv"")

##Analysis

#recode data suitable for analysis
Data <- Data %>% filter(Sex == ""Male"" | Sex == ""Female"")

#recode Sex variable from labels to numeric values
Data <- Data %>% mutate_at(vars(Sex),
                           list(
                             ~ recode(.,
                                      `Male` = 0,
                                      `I do not wish to identify as either` = 0.5,
                                      `Female` = 1)))

#recode quality of workplace variable from labels to numeric values
Data <- Data %>% mutate_at(vars(QWE),
                           list(
                             ~ recode(.,
                                      `low` = 0,
                                      `high` = 1)))
#recode both manager influence and peer influence variables from labels to numeric values
Data <- Data %>% mutate_at(vars(MI, PI),
                           list(
                             ~ recode(.,
                                      `ethical` = 0,
                                      `unethical` = 1)))

#Change column order so it presents correlation matrix in original order
col_order <- c(""QWE"", ""MI"", ""PI"", ""LOCTot"", ""MachTot"",
               ""Sex"", ""SocDesTot"", ""BehIntTot"")
DataCorr <- Data[, col_order]

#Correlation matrix
#Creates an APA correlation matrix and saves it in your working directory as a document
table1 <- apa.cor.table(DataCorr,
                        filename = ""Table3.doc"",
                        table.number = 3)",,,
22,variable specification,Quality of Work Environment,2.0,"#Change column order so it presents correlation matrix in original order
col_order <- c(""QWE"", ""MI"", ""PI"", ""LOCTot"", ""MachTot"",
               ""Sex"", ""SocDesTot"", ""BehIntTot"")
DataCorr <- Data[, col_order]

#Correlation matrix
#Creates an APA correlation matrix and saves it in your working directory as a document
table1 <- apa.cor.table(DataCorr,
                        filename = ""Table3.doc"",
                        table.number = 3)",Data_Analysis_Script.R:99-108,1,"A Pearson correlation examined the relationship between social desirability scores and unethical behavioural intentions in the direct replication. The small-to-moderate negative correlation (r = −.20, p < .01) indicates that individuals scoring higher on social desirability reported lower intentions to engage in unethical behaviour.","Table 3. Direct replication: means, standard deviations, and correlations (* = p < .05; **= p < .01).

""Variable M SD Omega 1 2 3 4 5 6 7
...
7. Social Desirability 30.51 4.31 .50 −.02 −.06* .01 −.25** −.39** −.01
8. Unethical Behavioural Intentions 9.93 3.86 .90 −.05* .07** .06* .14** .29** −.15** −.20**""

""Statistically significant ( p < .05) relationships were found between the unethical behavioural intentions outcome and all predictors.""",,"#Change column order so it presents correlation matrix in original order
col_order <- c(""QWE"", ""MI"", ""PI"", ""LOCTot"", ""MachTot"",
               ""Sex"", ""SocDesTot"", ""BehIntTot"")
DataCorr <- Data[, col_order]

#Correlation matrix
#Creates an APA correlation matrix and saves it in your working directory as a document
table1 <- apa.cor.table(DataCorr,
                        filename = ""Table3.doc"",
                        table.number = 3)",,1,1
22,transformation,,,,,,"A Pearson correlation examined the relationship between social desirability scores and unethical behavioural intentions in the direct replication. The small-to-moderate negative correlation (r = −.20, p < .01) indicates that individuals scoring higher on social desirability reported lower intentions to engage in unethical behaviour.","Locus of Control, Machiavellianism, and Social Desirability – Concurrent with the original study, ten items of the Rotter ( 1966 ), Christie and Geis ( 1970 ) and Crowne and Marlowe ( 1960 ) scales (respectively) were adopted using a 5-point likert scale response. ... Unethical Behavioural Intention was captured by four items assessed through a 5-point likert scale. Again, the specific wording of items was specified by personal communication with the original author upon request. Internal reliability was originally estimated through Cronbach’s Alpha (α = .87).",,"#load data
Data <- read_csv(""Direct_Processed_Data/Combined_Processed.csv"")

##Analysis

#recode data suitable for analysis
Data <- Data %>% filter(Sex == ""Male"" | Sex == ""Female"")

#recode Sex variable from labels to numeric values
Data <- Data %>% mutate_at(vars(Sex),
                           list(
                             ~ recode(.,
                                      `Male` = 0,
                                      `I do not wish to identify as either` = 0.5,
                                      `Female` = 1)))

#recode quality of workplace variable from labels to numeric values
Data <- Data %>% mutate_at(vars(QWE),
                           list(
                             ~ recode(.,
                                      `low` = 0,
                                      `high` = 1)))
#recode both manager influence and peer influence variables from labels to numeric values
Data <- Data %>% mutate_at(vars(MI, PI),
                           list(
                             ~ recode(.,
                                      `ethical` = 0,
                                      `unethical` = 1)))

#Change column order so it presents correlation matrix in original order
col_order <- c(""QWE"", ""MI"", ""PI"", ""LOCTot"", ""MachTot"",
               ""Sex"", ""SocDesTot"", ""BehIntTot"")
DataCorr <- Data[, col_order]

#Correlation matrix
#Creates an APA correlation matrix and saves it in your working directory as a document
table1 <- apa.cor.table(DataCorr,
                        filename = ""Table3.doc"",
                        table.number = 3)",,,
22,inference criterion,(* = p < .05; **= p < .01).,2.0,"#Correlation matrix
#Creates an APA correlation matrix and saves it in your working directory as a document
table1 <- apa.cor.table(DataCorr,
                        filename = ""Table3.doc"",
                        table.number = 3)",Data_Analysis_Script.R:104-108,1,"A Pearson correlation examined the relationship between social desirability scores and unethical behavioural intentions in the direct replication. The small-to-moderate negative correlation (r = −.20, p < .01) indicates that individuals scoring higher on social desirability reported lower intentions to engage in unethical behaviour.","Using a power calculation in R, as reported in the power analysis code document on the OSF project page, the number of participants required to observe this effect with 80% power and alpha of .05 is 1799.

As to be expected from the sample size, statistically significant ( p < .05) relationships were found between the unethical behavioural intentions outcome and all predictors.

Table 3. Direct replication: means, standard deviations, and correlations (* = p < .05; **= p < .01).",,"col_order <- c(""QWE"", ""MI"", ""PI"", ""LOCTot"", ""MachTot"",
               ""Sex"", ""SocDesTot"", ""BehIntTot"")
DataCorr <- Data[, col_order]

#Correlation matrix
#Creates an APA correlation matrix and saves it in your working directory as a document
table1 <- apa.cor.table(DataCorr,
                        filename = ""Table3.doc"",
                        table.number = 3)",,1,1
23,model specification,"First, descriptive statistics (means and standard deviations) and omega coefficients were
presented alongside a correlation matrix.",0.0,"#Correlation matrix
#Creates an APA correlation matrix and saves it in your working directory as a document
table1 <- apa.cor.table(DataCorr,
                        filename = ""Table3.doc"",
                        table.number = 3)",Data_Analysis_Script.R:104-108,1,,,,,,,
23,variable specification,Unethical Behavioural Intentions,2.0,"#Change column order so it presents correlation matrix in original order
col_order <- c(""QWE"", ""MI"", ""PI"", ""LOCTot"", ""MachTot"",
               ""Sex"", ""SocDesTot"", ""BehIntTot"")
DataCorr <- Data[, col_order]

#Correlation matrix
#Creates an APA correlation matrix and saves it in your working directory as a document
table1 <- apa.cor.table(DataCorr,
                        filename = ""Table3.doc"",
                        table.number = 3)",Data_Analysis_Script.R:99-108,1,,,,,,,
23,transformation,,,,,,,,,,,,
23,variable specification,Manager Influence,2.0,"#Change column order so it presents correlation matrix in original order
col_order <- c(""QWE"", ""MI"", ""PI"", ""LOCTot"", ""MachTot"",
               ""Sex"", ""SocDesTot"", ""BehIntTot"")
DataCorr <- Data[, col_order]

#Correlation matrix
#Creates an APA correlation matrix and saves it in your working directory as a document
table1 <- apa.cor.table(DataCorr,
                        filename = ""Table3.doc"",
                        table.number = 3)",Data_Analysis_Script.R:99-108,1,,,,,,,
23,transformation,,,,,,,,,,,,
23,inference criterion,(* = p < .05; **= p < .01).,2.0,"#Correlation matrix
#Creates an APA correlation matrix and saves it in your working directory as a document
table1 <- apa.cor.table(DataCorr,
                        filename = ""Table3.doc"",
                        table.number = 3)",Data_Analysis_Script.R:104-108,1,,,,,,,
24,model specification,"First, descriptive statistics (means and standard deviations) and omega coefficients were
presented alongside a correlation matrix.",0.0,"#Correlation matrix
#Creates an APA correlation matrix and saves it in your working directory as a document
table1 <- apa.cor.table(DataCorr,
                        filename = ""Table3.doc"",
                        table.number = 3)",Data_Analysis_Script.R:104-108,1,,,,,,,
24,variable specification,Unethical Behavioural Intentions,2.0,"#Change column order so it presents correlation matrix in original order
col_order <- c(""QWE"", ""MI"", ""PI"", ""LOCTot"", ""MachTot"",
               ""Sex"", ""SocDesTot"", ""BehIntTot"")
DataCorr <- Data[, col_order]

#Correlation matrix
#Creates an APA correlation matrix and saves it in your working directory as a document
table1 <- apa.cor.table(DataCorr,
                        filename = ""Table3.doc"",
                        table.number = 3)",Data_Analysis_Script.R:99-108,1,,,,,,,
24,transformation,,,,,,,,,,,,
24,variable specification,Peer Influence,2.0,"#Change column order so it presents correlation matrix in original order
col_order <- c(""QWE"", ""MI"", ""PI"", ""LOCTot"", ""MachTot"",
               ""Sex"", ""SocDesTot"", ""BehIntTot"")
DataCorr <- Data[, col_order]

#Correlation matrix
#Creates an APA correlation matrix and saves it in your working directory as a document
table1 <- apa.cor.table(DataCorr,
                        filename = ""Table3.doc"",
                        table.number = 3)",Data_Analysis_Script.R:99-108,1,,,,,,,
24,transformation,,,,,,,,,,,,
24,inference criterion,(* = p < .05; **= p < .01).,2.0,"#Correlation matrix
#Creates an APA correlation matrix and saves it in your working directory as a document
table1 <- apa.cor.table(DataCorr,
                        filename = ""Table3.doc"",
                        table.number = 3)",Data_Analysis_Script.R:104-108,1,,,,,,,
25,model specification,"First, descriptive statistics (means and standard deviations) and omega coefficients were
presented alongside a correlation matrix.",0.0,"#Correlation matrix
#Creates an APA correlation matrix and saves it in your working directory as a document
table1 <- apa.cor.table(DataCorr,
                        filename = ""Table3.doc"",
                        table.number = 3)",Data_Analysis_Script.R:104-108,1,,,,,,,
25,variable specification,Unethical Behavioural Intentions,2.0,"#Change column order so it presents correlation matrix in original order
col_order <- c(""QWE"", ""MI"", ""PI"", ""LOCTot"", ""MachTot"",
               ""Sex"", ""SocDesTot"", ""BehIntTot"")
DataCorr <- Data[, col_order]

#Correlation matrix
#Creates an APA correlation matrix and saves it in your working directory as a document
table1 <- apa.cor.table(DataCorr,
                        filename = ""Table3.doc"",
                        table.number = 3)",Data_Analysis_Script.R:99-108,1,,,,,,,
25,transformation,,,,,,,,,,,,
25,variable specification,Locus of Control,2.0,"#Change column order so it presents correlation matrix in original order
col_order <- c(""QWE"", ""MI"", ""PI"", ""LOCTot"", ""MachTot"",
               ""Sex"", ""SocDesTot"", ""BehIntTot"")
DataCorr <- Data[, col_order]

#Correlation matrix
#Creates an APA correlation matrix and saves it in your working directory as a document
table1 <- apa.cor.table(DataCorr,
                        filename = ""Table3.doc"",
                        table.number = 3)",Data_Analysis_Script.R:99-108,1,,,,,,,
25,transformation,,,,,,,,,,,,
25,inference criterion,(* = p < .05; **= p < .01).,2.0,"#Correlation matrix
#Creates an APA correlation matrix and saves it in your working directory as a document
table1 <- apa.cor.table(DataCorr,
                        filename = ""Table3.doc"",
                        table.number = 3)",Data_Analysis_Script.R:104-108,1,,,,,,,
26,model specification,"First, descriptive statistics (means and standard deviations) and omega coefficients were
presented alongside a correlation matrix.",0.0,"#Correlation matrix
#Creates an APA correlation matrix and saves it in your working directory as a document
table1 <- apa.cor.table(DataCorr,
                        filename = ""Table3.doc"",
                        table.number = 3)",Data_Analysis_Script.R:104-108,1,,,,,,,
26,variable specification,Unethical Behavioural Intentions,2.0,"#Change column order so it presents correlation matrix in original order
col_order <- c(""QWE"", ""MI"", ""PI"", ""LOCTot"", ""MachTot"",
               ""Sex"", ""SocDesTot"", ""BehIntTot"")
DataCorr <- Data[, col_order]

#Correlation matrix
#Creates an APA correlation matrix and saves it in your working directory as a document
table1 <- apa.cor.table(DataCorr,
                        filename = ""Table3.doc"",
                        table.number = 3)",Data_Analysis_Script.R:99-108,1,,,,,,,
26,transformation,,,,,,,,,,,,
26,variable specification,Machiavellianism,2.0,"#Change column order so it presents correlation matrix in original order
col_order <- c(""QWE"", ""MI"", ""PI"", ""LOCTot"", ""MachTot"",
               ""Sex"", ""SocDesTot"", ""BehIntTot"")
DataCorr <- Data[, col_order]

#Correlation matrix
#Creates an APA correlation matrix and saves it in your working directory as a document
table1 <- apa.cor.table(DataCorr,
                        filename = ""Table3.doc"",
                        table.number = 3)",Data_Analysis_Script.R:99-108,1,,,,,,,
26,transformation,,,,,,,,,,,,
26,inference criterion,(* = p < .05; **= p < .01).,2.0,"#Correlation matrix
#Creates an APA correlation matrix and saves it in your working directory as a document
table1 <- apa.cor.table(DataCorr,
                        filename = ""Table3.doc"",
                        table.number = 3)",Data_Analysis_Script.R:104-108,1,,,,,,,
27,model specification,"First, descriptive statistics (means and standard deviations) and omega coefficients were
presented alongside a correlation matrix.",0.0,"#Correlation matrix
#Creates an APA correlation matrix and saves it in your working directory as a document
table1 <- apa.cor.table(DataCorr,
                        filename = ""Table3.doc"",
                        table.number = 3)",Data_Analysis_Script.R:104-108,1,,,,,,,
27,variable specification,Unethical Behavioural Intentions,2.0,"#Change column order so it presents correlation matrix in original order
col_order <- c(""QWE"", ""MI"", ""PI"", ""LOCTot"", ""MachTot"",
               ""Sex"", ""SocDesTot"", ""BehIntTot"")
DataCorr <- Data[, col_order]

#Correlation matrix
#Creates an APA correlation matrix and saves it in your working directory as a document
table1 <- apa.cor.table(DataCorr,
                        filename = ""Table3.doc"",
                        table.number = 3)",Data_Analysis_Script.R:99-108,1,,,,,,,
27,transformation,,,,,,,,,,,,
27,variable specification,Gender,2.0,"#Change column order so it presents correlation matrix in original order
col_order <- c(""QWE"", ""MI"", ""PI"", ""LOCTot"", ""MachTot"",
               ""Sex"", ""SocDesTot"", ""BehIntTot"")
DataCorr <- Data[, col_order]

#Correlation matrix
#Creates an APA correlation matrix and saves it in your working directory as a document
table1 <- apa.cor.table(DataCorr,
                        filename = ""Table3.doc"",
                        table.number = 3)",Data_Analysis_Script.R:99-108,1,,,,,,,
27,transformation,,,,,,,,,,,,
27,inference criterion,(* = p < .05; **= p < .01).,2.0,"#Correlation matrix
#Creates an APA correlation matrix and saves it in your working directory as a document
table1 <- apa.cor.table(DataCorr,
                        filename = ""Table3.doc"",
                        table.number = 3)",Data_Analysis_Script.R:104-108,1,,,,,,,
28,model specification,"First, descriptive statistics (means and standard deviations) and omega coefficients were
presented alongside a correlation matrix.",0.0,"#Correlation matrix
#Creates an APA correlation matrix and saves it in your working directory as a document
table1 <- apa.cor.table(DataCorr,
                        filename = ""Table3.doc"",
                        table.number = 3)",Data_Analysis_Script.R:104-108,1,,,,,,,
28,variable specification,Unethical Behavioural Intentions,2.0,"#Change column order so it presents correlation matrix in original order
col_order <- c(""QWE"", ""MI"", ""PI"", ""LOCTot"", ""MachTot"",
               ""Sex"", ""SocDesTot"", ""BehIntTot"")
DataCorr <- Data[, col_order]

#Correlation matrix
#Creates an APA correlation matrix and saves it in your working directory as a document
table1 <- apa.cor.table(DataCorr,
                        filename = ""Table3.doc"",
                        table.number = 3)",Data_Analysis_Script.R:99-108,1,,,,,,,
28,transformation,,,,,,,,,,,,
28,variable specification,Social Desirability,2.0,"#Change column order so it presents correlation matrix in original order
col_order <- c(""QWE"", ""MI"", ""PI"", ""LOCTot"", ""MachTot"",
               ""Sex"", ""SocDesTot"", ""BehIntTot"")
DataCorr <- Data[, col_order]

#Correlation matrix
#Creates an APA correlation matrix and saves it in your working directory as a document
table1 <- apa.cor.table(DataCorr,
                        filename = ""Table3.doc"",
                        table.number = 3)",Data_Analysis_Script.R:99-108,1,,,,,,,
28,transformation,,,,,,,,,,,,
28,inference criterion,(* = p < .05; **= p < .01).,2.0,"#Correlation matrix
#Creates an APA correlation matrix and saves it in your working directory as a document
table1 <- apa.cor.table(DataCorr,
                        filename = ""Table3.doc"",
                        table.number = 3)",Data_Analysis_Script.R:104-108,1,,,,,,,
29,model specification,"The categorical independent variables (quality of work experience, peer influence, managerial influence and gender) were dummy coded before being regressed upon behavioural intention alongside Machiavellianism and locus of control total scores. […] , interaction effects were not studied.",0.0,"#regression analysis
#One outcome of behaviour intentions, 6 predictors, no interactions 
Reg <- lm(BehIntTot ~ QWE + MI + PI + LOCTot + MachTot + Sex,
          data = DataCorr)",110-113,1,"A multiple linear regression predicted unethical behavioural intentions from quality of work experience, manager influence, peer influence, locus of control, Machiavellianism, and gender in the direct replication. All predictors showed statistically significant regression coefficients, with Machiavellianism (β ≈ .26) and gender (β ≈ −.12, male higher) emerging as the strongest predictors; the model explained about 11% of the variance in unethical intentions (R² = .112, p < .01).","“Third, to test the primary hypotheses, a multiple regression was conducted. The categorical independent variables (quality of work experience, peer influence, managerial influence and gender) were dummy coded before being regressed upon behavioural intention alongside Machiavellianism and locus of control total scores.”

“Third, a multiple regression was conducted and reported in full below in Table 4.”

“Table 4. Direct replication regression results using unethical behavioural intentions as the criterion.”",,"Reg <- lm(BehIntTot ~ QWE + MI + PI + LOCTot + MachTot + Sex,
          data = DataCorr)",,1,1
29,variable specification,"The categorical independent variables (quality of work experience, peer influence, managerial influence and gender) were dummy coded before being regressed upon behavioural intention alongside Machiavellianism and locus of control total scores.",0.0,"#regression analysis
#One outcome of behaviour intentions, 6 predictors, no interactions 
Reg <- lm(BehIntTot ~ QWE + MI + PI + LOCTot + MachTot + Sex,
          data = DataCorr)",110-113,1,"A multiple linear regression predicted unethical behavioural intentions from quality of work experience, manager influence, peer influence, locus of control, Machiavellianism, and gender in the direct replication. All predictors showed statistically significant regression coefficients, with Machiavellianism (β ≈ .26) and gender (β ≈ −.12, male higher) emerging as the strongest predictors; the model explained about 11% of the variance in unethical intentions (R² = .112, p < .01).","Third, to test the primary hypotheses, a multiple regression was conducted. The categorical independent variables (quality of work experience, peer influence, managerial influence and gender) were dummy coded before being regressed upon behavioural intention alongside Machiavellianism and locus of control total scores.",,"#Change column order so it presents correlation matrix in original order
col_order <- c(""QWE"", ""MI"", ""PI"", ""LOCTot"", ""MachTot"",
               ""Sex"", ""SocDesTot"", ""BehIntTot"")
DataCorr <- Data[, col_order]

#regression analysis
#One outcome of behaviour intentions, 6 predictors, no interactions 
Reg <- lm(BehIntTot ~ QWE + MI + PI + LOCTot + MachTot + Sex,
          data = DataCorr)
...
#RUN A MIXED EFFECTS REGRESSION MODEL WITH DATA COLLECTION GROUP AS A RANDOM EFFECT
reg_mixed <-  lmer(BehIntTot ~ QWE + MI + PI + LOCTot + MachTot + Sex + (1| Team), data = Data)",,1,1
29,transformation,"The categorical independent variables (quality of work experience, peer influence, managerial influence and gender) were dummy coded before being regressed upon behavioural intention alongside Machiavellianism and locus of control total scores.",0.0,"#recode quality of workplace variable from labels to numeric values
Data <- Data %>% mutate_at(vars(QWE),
                           list(
                             ~ recode(.,
                                      `low` = 0,
                                      `high` = 1))) [...] DataCorr <- Data[, col_order]",Data_Analysis_Script.R:86-91;102,1,"A multiple linear regression predicted unethical behavioural intentions from quality of work experience, manager influence, peer influence, locus of control, Machiavellianism, and gender in the direct replication. All predictors showed statistically significant regression coefficients, with Machiavellianism (β ≈ .26) and gender (β ≈ −.12, male higher) emerging as the strongest predictors; the model explained about 11% of the variance in unethical intentions (R² = .112, p < .01).","“The categorical independent variables (quality of work experience, peer influence, managerial influence and gender) were dummy coded before being regressed upon behavioural intention alongside Machiavellianism and locus of control total scores.”",,"#recode data suitable for analysis
Data <- Data %>% filter(Sex == ""Male"" | Sex == ""Female"")

#recode Sex variable from labels to numeric values
Data <- Data %>% mutate_at(vars(Sex),
                           list(
                             ~ recode(.,
                                      `Male` = 0,
                                      `I do not wish to identify as either` = 0.5,
                                      `Female` = 1)))

#recode quality of workplace variable from labels to numeric values
Data <- Data %>% mutate_at(vars(QWE),
                           list(
                             ~ recode(.,
                                      `low` = 0,
                                      `high` = 1)))
#recode both manager influence and peer influence variables from labels to numeric values
Data <- Data %>% mutate_at(vars(MI, PI),
                           list(
                             ~ recode(.,
                                      `ethical` = 0,
                                      `unethical` = 1)))

#Change column order so it presents correlation matrix in original order
col_order <- c(""QWE"", ""MI"", ""PI"", ""LOCTot"", ""MachTot"",
               ""Sex"", ""SocDesTot"", ""BehIntTot"")
DataCorr <- Data[, col_order]

#regression analysis
#One outcome of behaviour intentions, 6 predictors, no interactions 
Reg <- lm(BehIntTot ~ QWE + MI + PI + LOCTot + MachTot + Sex,
          data = DataCorr)",,1,1
29,variable specification,"The categorical independent variables (quality of work experience, peer influence, managerial influence and gender) were dummy coded before being regressed upon behavioural intention alongside Machiavellianism and locus of control total scores.",0.0,"#regression analysis
#One outcome of behaviour intentions, 6 predictors, no interactions 
Reg <- lm(BehIntTot ~ QWE + MI + PI + LOCTot + MachTot + Sex,
          data = DataCorr)",Data_Analysis_Script.R:110-113,1,"A multiple linear regression predicted unethical behavioural intentions from quality of work experience, manager influence, peer influence, locus of control, Machiavellianism, and gender in the direct replication. All predictors showed statistically significant regression coefficients, with Machiavellianism (β ≈ .26) and gender (β ≈ −.12, male higher) emerging as the strongest predictors; the model explained about 11% of the variance in unethical intentions (R² = .112, p < .01).","Third, to test the primary hypotheses, a multiple regression was conducted. The categorical independent variables (quality of work experience, peer influence, managerial influence and gender) were dummy coded before being regressed upon behavioural intention alongside Machiavellianism and locus of control total scores.",,"#Change column order so it presents correlation matrix in original order
col_order <- c(""QWE"", ""MI"", ""PI"", ""LOCTot"", ""MachTot"",
               ""Sex"", ""SocDesTot"", ""BehIntTot"")
DataCorr <- Data[, col_order]

#regression analysis
#One outcome of behaviour intentions, 6 predictors, no interactions 
Reg <- lm(BehIntTot ~ QWE + MI + PI + LOCTot + MachTot + Sex,
          data = DataCorr)
...
#RUN A MIXED EFFECTS REGRESSION MODEL WITH DATA COLLECTION GROUP AS A RANDOM EFFECT
reg_mixed <-  lmer(BehIntTot ~ QWE + MI + PI + LOCTot + MachTot + Sex + (1| Team), data = Data)",,1,1
29,transformation,"The categorical independent variables (quality of work experience, peer influence, managerial influence and gender) were dummy coded before being regressed upon behavioural intention alongside Machiavellianism and locus of control total scores.",0.0,"#recode both manager influence and peer influence variables from labels to numeric values
Data <- Data %>% mutate_at(vars(MI, PI),
                           list(
                             ~ recode(.,
                                      `ethical` = 0,
                                      `unethical` = 1))) [...] DataCorr <- Data[, col_order]",Data_Analysis_Script.R:92-97;102,1,"A multiple linear regression predicted unethical behavioural intentions from quality of work experience, manager influence, peer influence, locus of control, Machiavellianism, and gender in the direct replication. All predictors showed statistically significant regression coefficients, with Machiavellianism (β ≈ .26) and gender (β ≈ −.12, male higher) emerging as the strongest predictors; the model explained about 11% of the variance in unethical intentions (R² = .112, p < .01).","“The categorical independent variables (quality of work experience, peer influence, managerial influence and gender) were dummy coded before being regressed upon behavioural intention alongside Machiavellianism and locus of control total scores.”",,"#recode data suitable for analysis
Data <- Data %>% filter(Sex == ""Male"" | Sex == ""Female"")

#recode Sex variable from labels to numeric values
Data <- Data %>% mutate_at(vars(Sex),
                           list(
                             ~ recode(.,
                                      `Male` = 0,
                                      `I do not wish to identify as either` = 0.5,
                                      `Female` = 1)))

#recode quality of workplace variable from labels to numeric values
Data <- Data %>% mutate_at(vars(QWE),
                           list(
                             ~ recode(.,
                                      `low` = 0,
                                      `high` = 1)))
#recode both manager influence and peer influence variables from labels to numeric values
Data <- Data %>% mutate_at(vars(MI, PI),
                           list(
                             ~ recode(.,
                                      `ethical` = 0,
                                      `unethical` = 1)))

#Change column order so it presents correlation matrix in original order
col_order <- c(""QWE"", ""MI"", ""PI"", ""LOCTot"", ""MachTot"",
               ""Sex"", ""SocDesTot"", ""BehIntTot"")
DataCorr <- Data[, col_order]

#regression analysis
#One outcome of behaviour intentions, 6 predictors, no interactions 
Reg <- lm(BehIntTot ~ QWE + MI + PI + LOCTot + MachTot + Sex,
          data = DataCorr)",,1,1
29,variable specification,"The categorical independent variables (quality of work experience, peer influence, managerial influence and gender) were dummy coded before being regressed upon behavioural intention alongside Machiavellianism and locus of control total scores.",0.0,"#regression analysis
#One outcome of behaviour intentions, 6 predictors, no interactions 
Reg <- lm(BehIntTot ~ QWE + MI + PI + LOCTot + MachTot + Sex,
          data = DataCorr)",Data_Analysis_Script.R:110-113,1,"A multiple linear regression predicted unethical behavioural intentions from quality of work experience, manager influence, peer influence, locus of control, Machiavellianism, and gender in the direct replication. All predictors showed statistically significant regression coefficients, with Machiavellianism (β ≈ .26) and gender (β ≈ −.12, male higher) emerging as the strongest predictors; the model explained about 11% of the variance in unethical intentions (R² = .112, p < .01).","Third, to test the primary hypotheses, a multiple regression was conducted. The categorical independent variables (quality of work experience, peer influence, managerial influence and gender) were dummy coded before being regressed upon behavioural intention alongside Machiavellianism and locus of control total scores.",,"#Change column order so it presents correlation matrix in original order
col_order <- c(""QWE"", ""MI"", ""PI"", ""LOCTot"", ""MachTot"",
               ""Sex"", ""SocDesTot"", ""BehIntTot"")
DataCorr <- Data[, col_order]

#regression analysis
#One outcome of behaviour intentions, 6 predictors, no interactions 
Reg <- lm(BehIntTot ~ QWE + MI + PI + LOCTot + MachTot + Sex,
          data = DataCorr)
...
#RUN A MIXED EFFECTS REGRESSION MODEL WITH DATA COLLECTION GROUP AS A RANDOM EFFECT
reg_mixed <-  lmer(BehIntTot ~ QWE + MI + PI + LOCTot + MachTot + Sex + (1| Team), data = Data)",,1,1
29,transformation,"The categorical independent variables (quality of work experience, peer influence, managerial influence and gender) were dummy coded before being regressed upon behavioural intention alongside Machiavellianism and locus of control total scores.",0.0,"#recode both manager influence and peer influence variables from labels to numeric values
Data <- Data %>% mutate_at(vars(MI, PI),
                           list(
                             ~ recode(.,
                                      `ethical` = 0,
                                      `unethical` = 1))) [...] DataCorr <- Data[, col_order]",Data_Analysis_Script.R:92-97;102,1,"A multiple linear regression predicted unethical behavioural intentions from quality of work experience, manager influence, peer influence, locus of control, Machiavellianism, and gender in the direct replication. All predictors showed statistically significant regression coefficients, with Machiavellianism (β ≈ .26) and gender (β ≈ −.12, male higher) emerging as the strongest predictors; the model explained about 11% of the variance in unethical intentions (R² = .112, p < .01).","“The categorical independent variables (quality of work experience, peer influence, managerial influence and gender) were dummy coded before being regressed upon behavioural intention alongside Machiavellianism and locus of control total scores.”",,"#recode data suitable for analysis
Data <- Data %>% filter(Sex == ""Male"" | Sex == ""Female"")

#recode Sex variable from labels to numeric values
Data <- Data %>% mutate_at(vars(Sex),
                           list(
                             ~ recode(.,
                                      `Male` = 0,
                                      `I do not wish to identify as either` = 0.5,
                                      `Female` = 1)))

#recode quality of workplace variable from labels to numeric values
Data <- Data %>% mutate_at(vars(QWE),
                           list(
                             ~ recode(.,
                                      `low` = 0,
                                      `high` = 1)))
#recode both manager influence and peer influence variables from labels to numeric values
Data <- Data %>% mutate_at(vars(MI, PI),
                           list(
                             ~ recode(.,
                                      `ethical` = 0,
                                      `unethical` = 1)))

#Change column order so it presents correlation matrix in original order
col_order <- c(""QWE"", ""MI"", ""PI"", ""LOCTot"", ""MachTot"",
               ""Sex"", ""SocDesTot"", ""BehIntTot"")
DataCorr <- Data[, col_order]

#regression analysis
#One outcome of behaviour intentions, 6 predictors, no interactions 
Reg <- lm(BehIntTot ~ QWE + MI + PI + LOCTot + MachTot + Sex,
          data = DataCorr)",,1,1
29,variable specification,"The categorical independent variables (quality of work experience, peer influence, managerial influence and gender) were dummy coded before being regressed upon behavioural intention alongside Machiavellianism and locus of control total scores.",0.0,"#regression analysis
#One outcome of behaviour intentions, 6 predictors, no interactions 
Reg <- lm(BehIntTot ~ QWE + MI + PI + LOCTot + MachTot + Sex,
          data = DataCorr)",Data_Analysis_Script.R:110-113,1,"A multiple linear regression predicted unethical behavioural intentions from quality of work experience, manager influence, peer influence, locus of control, Machiavellianism, and gender in the direct replication. All predictors showed statistically significant regression coefficients, with Machiavellianism (β ≈ .26) and gender (β ≈ −.12, male higher) emerging as the strongest predictors; the model explained about 11% of the variance in unethical intentions (R² = .112, p < .01).","Third, to test the primary hypotheses, a multiple regression was conducted. The categorical independent variables (quality of work experience, peer influence, managerial influence and gender) were dummy coded before being regressed upon behavioural intention alongside Machiavellianism and locus of control total scores.",,"#Change column order so it presents correlation matrix in original order
col_order <- c(""QWE"", ""MI"", ""PI"", ""LOCTot"", ""MachTot"",
               ""Sex"", ""SocDesTot"", ""BehIntTot"")
DataCorr <- Data[, col_order]

#regression analysis
#One outcome of behaviour intentions, 6 predictors, no interactions 
Reg <- lm(BehIntTot ~ QWE + MI + PI + LOCTot + MachTot + Sex,
          data = DataCorr)
...
#RUN A MIXED EFFECTS REGRESSION MODEL WITH DATA COLLECTION GROUP AS A RANDOM EFFECT
reg_mixed <-  lmer(BehIntTot ~ QWE + MI + PI + LOCTot + MachTot + Sex + (1| Team), data = Data)",,1,1
29,transformation,"The categorical independent variables (quality of work experience, peer influence, managerial influence and gender) were dummy coded before being regressed upon behavioural intention alongside Machiavellianism and locus of control total scores.",1.0,"#recode data suitable for analysis
Data <- Data %>% filter(Sex == ""Male"" | Sex == ""Female"")

#recode Sex variable from labels to numeric values
Data <- Data %>% mutate_at(vars(Sex),
                           list(
                             ~ recode(.,
                                      `Male` = 0,
                                      `I do not wish to identify as either` = 0.5,
                                      `Female` = 1))) [...] 
DataCorr <- Data[, col_order]",Data_Analysis_Script.R:75-84;102,1,"A multiple linear regression predicted unethical behavioural intentions from quality of work experience, manager influence, peer influence, locus of control, Machiavellianism, and gender in the direct replication. All predictors showed statistically significant regression coefficients, with Machiavellianism (β ≈ .26) and gender (β ≈ −.12, male higher) emerging as the strongest predictors; the model explained about 11% of the variance in unethical intentions (R² = .112, p < .01).","“The categorical independent variables (quality of work experience, peer influence, managerial influence and gender) were dummy coded before being regressed upon behavioural intention alongside Machiavellianism and locus of control total scores.”",,"#recode data suitable for analysis
Data <- Data %>% filter(Sex == ""Male"" | Sex == ""Female"")

#recode Sex variable from labels to numeric values
Data <- Data %>% mutate_at(vars(Sex),
                           list(
                             ~ recode(.,
                                      `Male` = 0,
                                      `I do not wish to identify as either` = 0.5,
                                      `Female` = 1)))

#recode quality of workplace variable from labels to numeric values
Data <- Data %>% mutate_at(vars(QWE),
                           list(
                             ~ recode(.,
                                      `low` = 0,
                                      `high` = 1)))
#recode both manager influence and peer influence variables from labels to numeric values
Data <- Data %>% mutate_at(vars(MI, PI),
                           list(
                             ~ recode(.,
                                      `ethical` = 0,
                                      `unethical` = 1)))

#Change column order so it presents correlation matrix in original order
col_order <- c(""QWE"", ""MI"", ""PI"", ""LOCTot"", ""MachTot"",
               ""Sex"", ""SocDesTot"", ""BehIntTot"")
DataCorr <- Data[, col_order]

#regression analysis
#One outcome of behaviour intentions, 6 predictors, no interactions 
Reg <- lm(BehIntTot ~ QWE + MI + PI + LOCTot + MachTot + Sex,
          data = DataCorr)",,1,1
29,variable specification,"The categorical independent variables (quality of work experience, peer influence, managerial influence and gender) were dummy coded before being regressed upon behavioural intention alongside Machiavellianism and locus of control total scores.",0.0,"#regression analysis
#One outcome of behaviour intentions, 6 predictors, no interactions 
Reg <- lm(BehIntTot ~ QWE + MI + PI + LOCTot + MachTot + Sex,
          data = DataCorr)",Data_Analysis_Script.R:110-113,1,"A multiple linear regression predicted unethical behavioural intentions from quality of work experience, manager influence, peer influence, locus of control, Machiavellianism, and gender in the direct replication. All predictors showed statistically significant regression coefficients, with Machiavellianism (β ≈ .26) and gender (β ≈ −.12, male higher) emerging as the strongest predictors; the model explained about 11% of the variance in unethical intentions (R² = .112, p < .01).","Third, to test the primary hypotheses, a multiple regression was conducted. The categorical independent variables (quality of work experience, peer influence, managerial influence and gender) were dummy coded before being regressed upon behavioural intention alongside Machiavellianism and locus of control total scores.",,"#Change column order so it presents correlation matrix in original order
col_order <- c(""QWE"", ""MI"", ""PI"", ""LOCTot"", ""MachTot"",
               ""Sex"", ""SocDesTot"", ""BehIntTot"")
DataCorr <- Data[, col_order]

#regression analysis
#One outcome of behaviour intentions, 6 predictors, no interactions 
Reg <- lm(BehIntTot ~ QWE + MI + PI + LOCTot + MachTot + Sex,
          data = DataCorr)
...
#RUN A MIXED EFFECTS REGRESSION MODEL WITH DATA COLLECTION GROUP AS A RANDOM EFFECT
reg_mixed <-  lmer(BehIntTot ~ QWE + MI + PI + LOCTot + MachTot + Sex + (1| Team), data = Data)",,1,1
29,transformation,,,,,,"A multiple linear regression predicted unethical behavioural intentions from quality of work experience, manager influence, peer influence, locus of control, Machiavellianism, and gender in the direct replication. All predictors showed statistically significant regression coefficients, with Machiavellianism (β ≈ .26) and gender (β ≈ −.12, male higher) emerging as the strongest predictors; the model explained about 11% of the variance in unethical intentions (R² = .112, p < .01).","“The categorical independent variables (quality of work experience, peer influence, managerial influence and gender) were dummy coded before being regressed upon behavioural intention alongside Machiavellianism and locus of control total scores.”",,"#recode data suitable for analysis
Data <- Data %>% filter(Sex == ""Male"" | Sex == ""Female"")

#recode Sex variable from labels to numeric values
Data <- Data %>% mutate_at(vars(Sex),
                           list(
                             ~ recode(.,
                                      `Male` = 0,
                                      `I do not wish to identify as either` = 0.5,
                                      `Female` = 1)))

#recode quality of workplace variable from labels to numeric values
Data <- Data %>% mutate_at(vars(QWE),
                           list(
                             ~ recode(.,
                                      `low` = 0,
                                      `high` = 1)))
#recode both manager influence and peer influence variables from labels to numeric values
Data <- Data %>% mutate_at(vars(MI, PI),
                           list(
                             ~ recode(.,
                                      `ethical` = 0,
                                      `unethical` = 1)))

#Change column order so it presents correlation matrix in original order
col_order <- c(""QWE"", ""MI"", ""PI"", ""LOCTot"", ""MachTot"",
               ""Sex"", ""SocDesTot"", ""BehIntTot"")
DataCorr <- Data[, col_order]

#regression analysis
#One outcome of behaviour intentions, 6 predictors, no interactions 
Reg <- lm(BehIntTot ~ QWE + MI + PI + LOCTot + MachTot + Sex,
          data = DataCorr)",,1,
29,variable specification,"The categorical independent variables (quality of work experience, peer influence, managerial influence and gender) were dummy coded before being regressed upon behavioural intention alongside Machiavellianism and locus of control total scores.",0.0,"#regression analysis
#One outcome of behaviour intentions, 6 predictors, no interactions 
Reg <- lm(BehIntTot ~ QWE + MI + PI + LOCTot + MachTot + Sex,
          data = DataCorr)",Data_Analysis_Script.R:110-113,1,"A multiple linear regression predicted unethical behavioural intentions from quality of work experience, manager influence, peer influence, locus of control, Machiavellianism, and gender in the direct replication. All predictors showed statistically significant regression coefficients, with Machiavellianism (β ≈ .26) and gender (β ≈ −.12, male higher) emerging as the strongest predictors; the model explained about 11% of the variance in unethical intentions (R² = .112, p < .01).","Third, to test the primary hypotheses, a multiple regression was conducted. The categorical independent variables (quality of work experience, peer influence, managerial influence and gender) were dummy coded before being regressed upon behavioural intention alongside Machiavellianism and locus of control total scores.",,"#Change column order so it presents correlation matrix in original order
col_order <- c(""QWE"", ""MI"", ""PI"", ""LOCTot"", ""MachTot"",
               ""Sex"", ""SocDesTot"", ""BehIntTot"")
DataCorr <- Data[, col_order]

#regression analysis
#One outcome of behaviour intentions, 6 predictors, no interactions 
Reg <- lm(BehIntTot ~ QWE + MI + PI + LOCTot + MachTot + Sex,
          data = DataCorr)
...
#RUN A MIXED EFFECTS REGRESSION MODEL WITH DATA COLLECTION GROUP AS A RANDOM EFFECT
reg_mixed <-  lmer(BehIntTot ~ QWE + MI + PI + LOCTot + MachTot + Sex + (1| Team), data = Data)",,1,1
29,transformation,,,,,,"A multiple linear regression predicted unethical behavioural intentions from quality of work experience, manager influence, peer influence, locus of control, Machiavellianism, and gender in the direct replication. All predictors showed statistically significant regression coefficients, with Machiavellianism (β ≈ .26) and gender (β ≈ −.12, male higher) emerging as the strongest predictors; the model explained about 11% of the variance in unethical intentions (R² = .112, p < .01).","“The categorical independent variables (quality of work experience, peer influence, managerial influence and gender) were dummy coded before being regressed upon behavioural intention alongside Machiavellianism and locus of control total scores.”",,"#recode data suitable for analysis
Data <- Data %>% filter(Sex == ""Male"" | Sex == ""Female"")

#recode Sex variable from labels to numeric values
Data <- Data %>% mutate_at(vars(Sex),
                           list(
                             ~ recode(.,
                                      `Male` = 0,
                                      `I do not wish to identify as either` = 0.5,
                                      `Female` = 1)))

#recode quality of workplace variable from labels to numeric values
Data <- Data %>% mutate_at(vars(QWE),
                           list(
                             ~ recode(.,
                                      `low` = 0,
                                      `high` = 1)))
#recode both manager influence and peer influence variables from labels to numeric values
Data <- Data %>% mutate_at(vars(MI, PI),
                           list(
                             ~ recode(.,
                                      `ethical` = 0,
                                      `unethical` = 1)))

#Change column order so it presents correlation matrix in original order
col_order <- c(""QWE"", ""MI"", ""PI"", ""LOCTot"", ""MachTot"",
               ""Sex"", ""SocDesTot"", ""BehIntTot"")
DataCorr <- Data[, col_order]

#regression analysis
#One outcome of behaviour intentions, 6 predictors, no interactions 
Reg <- lm(BehIntTot ~ QWE + MI + PI + LOCTot + MachTot + Sex,
          data = DataCorr)",,1,
29,variable specification,"The categorical independent variables (quality of work experience, peer influence, managerial influence and gender) were dummy coded before being regressed upon behavioural intention alongside Machiavellianism and locus of control total scores.",0.0,"#regression analysis
#One outcome of behaviour intentions, 6 predictors, no interactions 
Reg <- lm(BehIntTot ~ QWE + MI + PI + LOCTot + MachTot + Sex,
          data = DataCorr)",Data_Analysis_Script.R:110-113,1,"A multiple linear regression predicted unethical behavioural intentions from quality of work experience, manager influence, peer influence, locus of control, Machiavellianism, and gender in the direct replication. All predictors showed statistically significant regression coefficients, with Machiavellianism (β ≈ .26) and gender (β ≈ −.12, male higher) emerging as the strongest predictors; the model explained about 11% of the variance in unethical intentions (R² = .112, p < .01).","Third, to test the primary hypotheses, a multiple regression was conducted. The categorical independent variables (quality of work experience, peer influence, managerial influence and gender) were dummy coded before being regressed upon behavioural intention alongside Machiavellianism and locus of control total scores.",,"#Change column order so it presents correlation matrix in original order
col_order <- c(""QWE"", ""MI"", ""PI"", ""LOCTot"", ""MachTot"",
               ""Sex"", ""SocDesTot"", ""BehIntTot"")
DataCorr <- Data[, col_order]

#regression analysis
#One outcome of behaviour intentions, 6 predictors, no interactions 
Reg <- lm(BehIntTot ~ QWE + MI + PI + LOCTot + MachTot + Sex,
          data = DataCorr)
...
#RUN A MIXED EFFECTS REGRESSION MODEL WITH DATA COLLECTION GROUP AS A RANDOM EFFECT
reg_mixed <-  lmer(BehIntTot ~ QWE + MI + PI + LOCTot + MachTot + Sex + (1| Team), data = Data)",,1,1
29,transformation,,,,,,"A multiple linear regression predicted unethical behavioural intentions from quality of work experience, manager influence, peer influence, locus of control, Machiavellianism, and gender in the direct replication. All predictors showed statistically significant regression coefficients, with Machiavellianism (β ≈ .26) and gender (β ≈ −.12, male higher) emerging as the strongest predictors; the model explained about 11% of the variance in unethical intentions (R² = .112, p < .01).","“The categorical independent variables (quality of work experience, peer influence, managerial influence and gender) were dummy coded before being regressed upon behavioural intention alongside Machiavellianism and locus of control total scores.”",,"#recode data suitable for analysis
Data <- Data %>% filter(Sex == ""Male"" | Sex == ""Female"")

#recode Sex variable from labels to numeric values
Data <- Data %>% mutate_at(vars(Sex),
                           list(
                             ~ recode(.,
                                      `Male` = 0,
                                      `I do not wish to identify as either` = 0.5,
                                      `Female` = 1)))

#recode quality of workplace variable from labels to numeric values
Data <- Data %>% mutate_at(vars(QWE),
                           list(
                             ~ recode(.,
                                      `low` = 0,
                                      `high` = 1)))
#recode both manager influence and peer influence variables from labels to numeric values
Data <- Data %>% mutate_at(vars(MI, PI),
                           list(
                             ~ recode(.,
                                      `ethical` = 0,
                                      `unethical` = 1)))

#Change column order so it presents correlation matrix in original order
col_order <- c(""QWE"", ""MI"", ""PI"", ""LOCTot"", ""MachTot"",
               ""Sex"", ""SocDesTot"", ""BehIntTot"")
DataCorr <- Data[, col_order]

#regression analysis
#One outcome of behaviour intentions, 6 predictors, no interactions 
Reg <- lm(BehIntTot ~ QWE + MI + PI + LOCTot + MachTot + Sex,
          data = DataCorr)",,1,
29,inference criterion,95% CI,2.0,"#Creates an APA regression table and saves it in your working directory as a document
table2 <- apa.reg.table(Reg,
                        filename = ""Table4.doc"",
                        table.number = 4)",Data_Analysis_Script.R:119-122,1,"A multiple linear regression predicted unethical behavioural intentions from quality of work experience, manager influence, peer influence, locus of control, Machiavellianism, and gender in the direct replication. All predictors showed statistically significant regression coefficients, with Machiavellianism (β ≈ .26) and gender (β ≈ −.12, male higher) emerging as the strongest predictors; the model explained about 11% of the variance in unethical intentions (R² = .112, p < .01).","Using a power calculation in R, as reported in the power analysis code document on the OSF project page, the number of participants required to observe this effect with 80% power and alpha of .05 is 1799.

Each of the effects associated with the six independent variables are considered replicated in the context of the LeBel et al. ( 2019 ) replication criteria. The results were considered “consistent” where confidence intervals overlapped with the main effects previously reported in each of the original two experiments (for the direct replication) or the direct replication (for the conceptual replication). Similarly, where the confidence intervals did not overlap with 0, a signal was considered “detected.”",,,,,
30,model specification,"First, descriptive statistics (means and standard deviations) and omega coefficients were
presented alongside a correlation matrix.",0.0,"DataCorr <- Data[, col_order]

#Correlation matrix
table1 <- apa.cor.table(DataCorr,
                        filename = ""Table8.doc"",
                        table.number = 8)",Data_Analysis_Script(1).R:29-34,1,"A Pearson correlation tested the relationship between locus of control and unethical behavioural intentions in the direct replication. The small-to-moderate positive correlation (r = .14, p < .01) indicates that a more external work locus of control was associated with greater intention to engage in unethical expense inflation.","Second, descriptive statistics (means and standard deviations) and omega coefficients were presented within a correlation matrix.

Table 3. Direct replication: means, standard deviations, and correlations (* = p < .05; **= p < .01).
...
4. Locus of Control 28.42 4.90 .72 −.01 .01 .04
...
8. Unethical Behavioural Intentions 9.93 3.86 .90 −.05* .07** .06* .14** .29** −.15** −.20**",,"#Correlation matrix
#Creates an APA correlation matrix and saves it in your working directory as a document
table1 <- apa.cor.table(DataCorr,
                        filename = ""Table3.doc"",
                        table.number = 3)
...
#FIRST WE MAKE A FUNCTION WHICH CREATES A DATAFRAME OF CORRELATIONS 
#BY OUTCOMES AND DATA COLLECTION GROUP
corrfunc <- function(Data)
{
  return(data.frame(cbind(n = rcorr(Data$BehIntTot, Data$LOCTot, type=c(""pearson""))$n[1,2]),
                    Sex = round(rcorr(Data$BehIntTot, Data$Sex, type=c(""pearson""))$r[1,2], digits=3),
                    Machiavellianism = round(rcorr(Data$BehIntTot, Data$MachTot, type=c(""pearson""))$r[1,2], digits = 3),
                    Locus = round(rcorr(Data$BehIntTot, Data$LOCTot, type=c(""pearson""))$r[1,2], digits=3),
                    Peer = round(rcorr(Data$BehIntTot, Data$PI, type=c(""pearson""))$r[1,2], digits=3),
                    Manager = round(rcorr(Data$BehIntTot, Data$MI, type=c(""pearson""))$r[1,2], digits=3),
                    Quality = round(rcorr(Data$BehIntTot, Data$QWE, type=c(""pearson""))$r[1,2], digits=3)
  ))
}",,1,1
30,variable specification,Manager Influence,2.0,"col_order <- c(""QualityTot"", ""ManagerTot"", ""PeerTot"", ""LocusTot"", ""MachTot"",
               ""T1_Sex"", ""SocDesTot"", ""UnBehTot"")
DataCorr <- Data[, col_order]

#Correlation matrix
table1 <- apa.cor.table(DataCorr,
                        filename = ""Table8.doc"",
                        table.number = 8)",Data_Analysis_Script(1).R:27-34,1,"A Pearson correlation tested the relationship between locus of control and unethical behavioural intentions in the direct replication. The small-to-moderate positive correlation (r = .14, p < .01) indicates that a more external work locus of control was associated with greater intention to engage in unethical expense inflation.","“Statistically significant ( p < .05) relationships were found between the unethical behavioural intentions outcome and all predictors.” (Table 3 shows that for Locus of Control, the correlation with Unethical Behavioural Intentions is r = .14, marked ** for p < .01.)

“The categorical independent variables (quality of work experience, peer influence, managerial influence and gender) were dummy coded before being regressed upon behavioural intention alongside Machiavellianism and locus of control total scores.”",,"#Change column order so it presents correlation matrix in original order
col_order <- c(""QWE"", ""MI"", ""PI"", ""LOCTot"", ""MachTot"",
               ""Sex"", ""SocDesTot"", ""BehIntTot"")
DataCorr <- Data[, col_order]

#Correlation matrix
#Creates an APA correlation matrix and saves it in your working directory as a document
table1 <- apa.cor.table(DataCorr,
                        filename = ""Table3.doc"",
                        table.number = 3)
...
#FIRST WE MAKE A FUNCTION WHICH CREATES A DATAFRAME OF CORRELATIONS 
#BY OUTCOMES AND DATA COLLECTION GROUP
corrfunc <- function(Data)
{
  return(data.frame(cbind(n = rcorr(Data$BehIntTot, Data$LOCTot, type=c(""pearson""))$n[1,2]),
                    Sex = round(rcorr(Data$BehIntTot, Data$Sex, type=c(""pearson""))$r[1,2], digits=3),
                    Machiavellianism = round(rcorr(Data$BehIntTot, Data$MachTot, type=c(""pearson""))$r[1,2], digits = 3),
                    Locus = round(rcorr(Data$BehIntTot, Data$LOCTot, type=c(""pearson""))$r[1,2], digits=3),
                    Peer = round(rcorr(Data$BehIntTot, Data$PI, type=c(""pearson""))$r[1,2], digits=3),
                    Manager = round(rcorr(Data$BehIntTot, Data$MI, type=c(""pearson""))$r[1,2], digits=3),
                    Quality = round(rcorr(Data$BehIntTot, Data$QWE, type=c(""pearson""))$r[1,2], digits=3)
  ))
}
...
#regression analysis
#One outcome of behaviour intentions, 6 predictors, no interactions 
Reg <- lm(BehIntTot ~ QWE + MI + PI + LOCTot + MachTot + Sex,
          data = DataCorr)",,1,1
30,transformation,,0.0,,,,"A Pearson correlation tested the relationship between locus of control and unethical behavioural intentions in the direct replication. The small-to-moderate positive correlation (r = .14, p < .01) indicates that a more external work locus of control was associated with greater intention to engage in unethical expense inflation.","The categorical independent variables (quality of work experience, peer influence, managerial influence and gender) were dummy coded before being regressed upon behavioural intention alongside Machiavellianism and locus of control total scores.

Locus of Control, Machiavellianism, and Social Desirability – Concurrent with the original study, ten items of the Rotter (1966), Christie and Geis (1970) and Crowne and Marlowe (1960) scales (respectively) were adopted using a 5-point likert scale response.

Unethical Behavioural Intention was captured by four items assessed through a 5-point likert scale.",,"#recode data suitable for analysis
Data <- Data %>% filter(Sex == ""Male"" | Sex == ""Female"")

#recode Sex variable from labels to numeric values
Data <- Data %>% mutate_at(vars(Sex),
                           list(
                             ~ recode(.,
                                      `Male` = 0,
                                      `I do not wish to identify as either` = 0.5,
                                      `Female` = 1)))

#recode quality of workplace variable from labels to numeric values
Data <- Data %>% mutate_at(vars(QWE),
                           list(
                             ~ recode(.,
                                      `low` = 0,
                                      `high` = 1)))
#recode both manager influence and peer influence variables from labels to numeric values
Data <- Data %>% mutate_at(vars(MI, PI),
                           list(
                             ~ recode(.,
                                      `ethical` = 0,
                                      `unethical` = 1)))

#Change column order so it presents correlation matrix in original order
col_order <- c(""QWE"", ""MI"", ""PI"", ""LOCTot"", ""MachTot"",
               ""Sex"", ""SocDesTot"", ""BehIntTot"")
DataCorr <- Data[, col_order]

#Correlation matrix
#Creates an APA correlation matrix and saves it in your working directory as a document
table1 <- apa.cor.table(DataCorr,
                        filename = ""Table3.doc"",
                        table.number = 3)
...
#BY OUTCOMES AND DATA COLLECTION GROUP
corrfunc <- function(Data)
{
  return(data.frame(cbind(n = rcorr(Data$BehIntTot, Data$LOCTot, type=c(""pearson""))$n[1,2]),
                    Sex = round(rcorr(Data$BehIntTot, Data$Sex, type=c(""pearson""))$r[1,2], digits=3),
                    Machiavellianism = round(rcorr(Data$BehIntTot, Data$MachTot, type=c(""pearson""))$r[1,2], digits = 3),
                    Locus = round(rcorr(Data$BehIntTot, Data$LOCTot, type=c(""pearson""))$r[1,2], digits=3),
                    Peer = round(rcorr(Data$BehIntTot, Data$PI, type=c(""pearson""))$r[1,2], digits=3),
                    Manager = round(rcorr(Data$BehIntTot, Data$MI, type=c(""pearson""))$r[1,2], digits=3),
                    Quality = round(rcorr(Data$BehIntTot, Data$QWE, type=c(""pearson""))$r[1,2], digits=3)
  )))
}
#NEXT WE APPLY THIS FUNCTION TO THE RAW DATA
Dyad_Data <- ddply(Data, .(Team), corrfunc)",,1,
30,variable specification,Quality of Work Environment,2.0,"col_order <- c(""QualityTot"", ""ManagerTot"", ""PeerTot"", ""LocusTot"", ""MachTot"",
               ""T1_Sex"", ""SocDesTot"", ""UnBehTot"")
DataCorr <- Data[, col_order]

#Correlation matrix
table1 <- apa.cor.table(DataCorr,
                        filename = ""Table8.doc"",
                        table.number = 8)",Data_Analysis_Script(1).R:27-34,1,"A Pearson correlation tested the relationship between locus of control and unethical behavioural intentions in the direct replication. The small-to-moderate positive correlation (r = .14, p < .01) indicates that a more external work locus of control was associated with greater intention to engage in unethical expense inflation.","“Statistically significant ( p < .05) relationships were found between the unethical behavioural intentions outcome and all predictors.” (Table 3 shows that for Locus of Control, the correlation with Unethical Behavioural Intentions is r = .14, marked ** for p < .01.)

“The categorical independent variables (quality of work experience, peer influence, managerial influence and gender) were dummy coded before being regressed upon behavioural intention alongside Machiavellianism and locus of control total scores.”",,"#Change column order so it presents correlation matrix in original order
col_order <- c(""QWE"", ""MI"", ""PI"", ""LOCTot"", ""MachTot"",
               ""Sex"", ""SocDesTot"", ""BehIntTot"")
DataCorr <- Data[, col_order]

#Correlation matrix
#Creates an APA correlation matrix and saves it in your working directory as a document
table1 <- apa.cor.table(DataCorr,
                        filename = ""Table3.doc"",
                        table.number = 3)
...
#FIRST WE MAKE A FUNCTION WHICH CREATES A DATAFRAME OF CORRELATIONS 
#BY OUTCOMES AND DATA COLLECTION GROUP
corrfunc <- function(Data)
{
  return(data.frame(cbind(n = rcorr(Data$BehIntTot, Data$LOCTot, type=c(""pearson""))$n[1,2]),
                    Sex = round(rcorr(Data$BehIntTot, Data$Sex, type=c(""pearson""))$r[1,2], digits=3),
                    Machiavellianism = round(rcorr(Data$BehIntTot, Data$MachTot, type=c(""pearson""))$r[1,2], digits = 3),
                    Locus = round(rcorr(Data$BehIntTot, Data$LOCTot, type=c(""pearson""))$r[1,2], digits=3),
                    Peer = round(rcorr(Data$BehIntTot, Data$PI, type=c(""pearson""))$r[1,2], digits=3),
                    Manager = round(rcorr(Data$BehIntTot, Data$MI, type=c(""pearson""))$r[1,2], digits=3),
                    Quality = round(rcorr(Data$BehIntTot, Data$QWE, type=c(""pearson""))$r[1,2], digits=3)
  ))
}
...
#regression analysis
#One outcome of behaviour intentions, 6 predictors, no interactions 
Reg <- lm(BehIntTot ~ QWE + MI + PI + LOCTot + MachTot + Sex,
          data = DataCorr)",,1,1
30,transformation,,,,,,"A Pearson correlation tested the relationship between locus of control and unethical behavioural intentions in the direct replication. The small-to-moderate positive correlation (r = .14, p < .01) indicates that a more external work locus of control was associated with greater intention to engage in unethical expense inflation.","The categorical independent variables (quality of work experience, peer influence, managerial influence and gender) were dummy coded before being regressed upon behavioural intention alongside Machiavellianism and locus of control total scores.

Locus of Control, Machiavellianism, and Social Desirability – Concurrent with the original study, ten items of the Rotter (1966), Christie and Geis (1970) and Crowne and Marlowe (1960) scales (respectively) were adopted using a 5-point likert scale response.

Unethical Behavioural Intention was captured by four items assessed through a 5-point likert scale.",,"#recode data suitable for analysis
Data <- Data %>% filter(Sex == ""Male"" | Sex == ""Female"")

#recode Sex variable from labels to numeric values
Data <- Data %>% mutate_at(vars(Sex),
                           list(
                             ~ recode(.,
                                      `Male` = 0,
                                      `I do not wish to identify as either` = 0.5,
                                      `Female` = 1)))

#recode quality of workplace variable from labels to numeric values
Data <- Data %>% mutate_at(vars(QWE),
                           list(
                             ~ recode(.,
                                      `low` = 0,
                                      `high` = 1)))
#recode both manager influence and peer influence variables from labels to numeric values
Data <- Data %>% mutate_at(vars(MI, PI),
                           list(
                             ~ recode(.,
                                      `ethical` = 0,
                                      `unethical` = 1)))

#Change column order so it presents correlation matrix in original order
col_order <- c(""QWE"", ""MI"", ""PI"", ""LOCTot"", ""MachTot"",
               ""Sex"", ""SocDesTot"", ""BehIntTot"")
DataCorr <- Data[, col_order]

#Correlation matrix
#Creates an APA correlation matrix and saves it in your working directory as a document
table1 <- apa.cor.table(DataCorr,
                        filename = ""Table3.doc"",
                        table.number = 3)
...
#BY OUTCOMES AND DATA COLLECTION GROUP
corrfunc <- function(Data)
{
  return(data.frame(cbind(n = rcorr(Data$BehIntTot, Data$LOCTot, type=c(""pearson""))$n[1,2]),
                    Sex = round(rcorr(Data$BehIntTot, Data$Sex, type=c(""pearson""))$r[1,2], digits=3),
                    Machiavellianism = round(rcorr(Data$BehIntTot, Data$MachTot, type=c(""pearson""))$r[1,2], digits = 3),
                    Locus = round(rcorr(Data$BehIntTot, Data$LOCTot, type=c(""pearson""))$r[1,2], digits=3),
                    Peer = round(rcorr(Data$BehIntTot, Data$PI, type=c(""pearson""))$r[1,2], digits=3),
                    Manager = round(rcorr(Data$BehIntTot, Data$MI, type=c(""pearson""))$r[1,2], digits=3),
                    Quality = round(rcorr(Data$BehIntTot, Data$QWE, type=c(""pearson""))$r[1,2], digits=3)
  )))
}
#NEXT WE APPLY THIS FUNCTION TO THE RAW DATA
Dyad_Data <- ddply(Data, .(Team), corrfunc)",,1,
30,inference criterion,"As to be expected from the sample size, statistically significant (p < .05)",0.0,"#Correlation matrix
table1 <- apa.cor.table(DataCorr,
                        filename = ""Table8.doc"",
                        table.number = 8)",Data_Analysis_Script(1).R:31-34,1,"A Pearson correlation tested the relationship between locus of control and unethical behavioural intentions in the direct replication. The small-to-moderate positive correlation (r = .14, p < .01) indicates that a more external work locus of control was associated with greater intention to engage in unethical expense inflation.","Table 3. Direct replication: means, standard deviations, and correlations (* = p < .05; **= p < .01).

""Second, descriptive statistics are presented ( Table 3 ) within a correlation matrix. Please note, from this point, participants who did not report a male or female identity were removed. Statistically significant ( p < .05) relationships were found between the unethical behavioural intentions outcome and all predictors.""",,"#Change column order so it presents correlation matrix in original order
col_order <- c(""QWE"", ""MI"", ""PI"", ""LOCTot"", ""MachTot"",
               ""Sex"", ""SocDesTot"", ""BehIntTot"")
DataCorr <- Data[, col_order]

#Correlation matrix
#Creates an APA correlation matrix and saves it in your working directory as a document
table1 <- apa.cor.table(DataCorr,
                        filename = ""Table3.doc"",
                        table.number = 3)
...
#FIRST WE MAKE A FUNCTION WHICH CREATES A DATAFRAME OF CORRELATIONS 
#BY OUTCOMES AND DATA COLLECTION GROUP
corrfunc <- function(Data)
{
  return(data.frame(cbind(n = rcorr(Data$BehIntTot, Data$LOCTot, type=c(""pearson""))$n[1,2]),
                    Sex = round(rcorr(Data$BehIntTot, Data$Sex, type=c(""pearson""))$r[1,2], digits=3),
                    Machiavellianism = round(rcorr(Data$BehIntTot, Data$MachTot, type=c(""pearson""))$r[1,2], digits = 3),
                    Locus = round(rcorr(Data$BehIntTot, Data$LOCTot, type=c(""pearson""))$r[1,2], digits=3),
                    Peer = round(rcorr(Data$BehIntTot, Data$PI, type=c(""pearson""))$r[1,2], digits=3),
                    Manager = round(rcorr(Data$BehIntTot, Data$MI, type=c(""pearson""))$r[1,2], digits=3),
                    Quality = round(rcorr(Data$BehIntTot, Data$QWE, type=c(""pearson""))$r[1,2], digits=3)
  ))
}",,1,1
31,model specification,"First, descriptive statistics (means and standard deviations) and omega coefficients were
presented alongside a correlation matrix.",0.0,"DataCorr <- Data[, col_order]

#Correlation matrix
table1 <- apa.cor.table(DataCorr,
                        filename = ""Table8.doc"",
                        table.number = 8)",Data_Analysis_Script(1).R:29-34,1,"A Pearson correlation evaluated the association between locus of control and gender in the direct replication. The correlation was essentially zero (r = −.01), suggesting no gender differences in work locus of control within this sample.","Second, descriptive statistics are presented ( Table 3 ) within a correlation matrix.

Table 3. Direct replication: means, standard deviations, and correlations (* = p < .05; **= p < .01).",,"#Correlation matrix
#Creates an APA correlation matrix and saves it in your working directory as a document
table1 <- apa.cor.table(DataCorr,
                        filename = ""Table3.doc"",
                        table.number = 3)

#FIRST WE MAKE A FUNCTION WHICH CREATES A DATAFRAME OF CORRELATIONS 
#BY OUTCOMES AND DATA COLLECTION GROUP
corrfunc <- function(Data)
{
  return(data.frame(cbind(n = rcorr(Data$BehIntTot, Data$LOCTot, type=c(""pearson""))$n[1,2]),
                    Sex = round(rcorr(Data$BehIntTot, Data$Sex, type=c(""pearson""))$r[1,2], digits=3),
                    Machiavellianism = round(rcorr(Data$BehIntTot, Data$MachTot, type=c(""pearson""))$r[1,2], digits = 3),
                    Locus = round(rcorr(Data$BehIntTot, Data$LOCTot, type=c(""pearson""))$r[1,2], digits=3),
                    Peer = round(rcorr(Data$BehIntTot, Data$PI, type=c(""pearson""))$r[1,2], digits=3),
                    Manager = round(rcorr(Data$BehIntTot, Data$MI, type=c(""pearson""))$r[1,2], digits=3),
                    Quality = round(rcorr(Data$BehIntTot, Data$QWE, type=c(""pearson""))$r[1,2], digits=3)
  ))
}",,1,1
31,variable specification,Peer Influence,2.0,"col_order <- c(""QualityTot"", ""ManagerTot"", ""PeerTot"", ""LocusTot"", ""MachTot"",
               ""T1_Sex"", ""SocDesTot"", ""UnBehTot"")
DataCorr <- Data[, col_order]

#Correlation matrix
table1 <- apa.cor.table(DataCorr,
                        filename = ""Table8.doc"",
                        table.number = 8)",Data_Analysis_Script(1).R:27-34,1,"A Pearson correlation evaluated the association between locus of control and gender in the direct replication. The correlation was essentially zero (r = −.01), suggesting no gender differences in work locus of control within this sample.","Jones and Kavanagh ( 1996 ) conducted two near-identical experiments to explore the role of situational factors (quality of work experience, manager influence, peer influence) and individual factors (locus of control, Machiavellianism and participant gender) upon unethical behavioural intentions.

""Locus of Control, Machiavellianism, and Social Desirability – Concurrent with the original study, ten items of the Rotter ( 1966 ), Christie and Geis ( 1970 ) and Crowne and Marlowe ( 1960 ) scales (respectively) were adopted using a 5-point likert scale response.""

""Gender, age, ethnicity, employment status, months of full-time work experience, industry in which they had the majority of their work experience, academic field of study, and year of study was captured.""

""The categorical independent variables (quality of work experience, peer influence, managerial influence and gender) were dummy coded before being regressed upon behavioural intention alongside Machiavellianism and locus of control total scores.""",,"#recode data suitable for analysis
Data <- Data %>% filter(Sex == ""Male"" | Sex == ""Female"")

#recode Sex variable from labels to numeric values
Data <- Data %>% mutate_at(vars(Sex),
                           list(
                             ~ recode(.,
                                      `Male` = 0,
                                      `I do not wish to identify as either` = 0.5,
                                      `Female` = 1)))
...
#Change column order so it presents correlation matrix in original order
col_order <- c(""QWE"", ""MI"", ""PI"", ""LOCTot"", ""MachTot"",
               ""Sex"", ""SocDesTot"", ""BehIntTot"")
DataCorr <- Data[, col_order]

#Correlation matrix
#Creates an APA correlation matrix and saves it in your working directory as a document
table1 <- apa.cor.table(DataCorr,
                        filename = ""Table3.doc"",
                        table.number = 3)",,1,1
31,transformation,,,,,,"A Pearson correlation evaluated the association between locus of control and gender in the direct replication. The correlation was essentially zero (r = −.01), suggesting no gender differences in work locus of control within this sample.","The categorical independent variables (quality of work experience, peer influence, managerial influence and gender) were dummy coded before being regressed upon behavioural intention alongside Machiavellianism and locus of control total scores.

Please note, from this point, participants who did not report a male or female identity were removed.",,"#recode data suitable for analysis
Data <- Data %>% filter(Sex == ""Male"" | Sex == ""Female"")

#recode Sex variable from labels to numeric values
Data <- Data %>% mutate_at(vars(Sex),
                           list(
                             ~ recode(.,
                                      `Male` = 0,
                                      `I do not wish to identify as either` = 0.5,
                                      `Female` = 1)))

#Change column order so it presents correlation matrix in original order
col_order <- c(""QWE"", ""MI"", ""PI"", ""LOCTot"", ""MachTot"",
               ""Sex"", ""SocDesTot"", ""BehIntTot"")
DataCorr <- Data[, col_order]

#Correlation matrix
#Creates an APA correlation matrix and saves it in your working directory as a document
table1 <- apa.cor.table(DataCorr,
                        filename = ""Table3.doc"",
                        table.number = 3)",,1,
31,variable specification,Quality of Work Environment,2.0,"col_order <- c(""QualityTot"", ""ManagerTot"", ""PeerTot"", ""LocusTot"", ""MachTot"",
               ""T1_Sex"", ""SocDesTot"", ""UnBehTot"")
DataCorr <- Data[, col_order]

#Correlation matrix
table1 <- apa.cor.table(DataCorr,
                        filename = ""Table8.doc"",
                        table.number = 8)",Data_Analysis_Script(1).R:27-34,1,"A Pearson correlation evaluated the association between locus of control and gender in the direct replication. The correlation was essentially zero (r = −.01), suggesting no gender differences in work locus of control within this sample.","Jones and Kavanagh ( 1996 ) conducted two near-identical experiments to explore the role of situational factors (quality of work experience, manager influence, peer influence) and individual factors (locus of control, Machiavellianism and participant gender) upon unethical behavioural intentions.

""Locus of Control, Machiavellianism, and Social Desirability – Concurrent with the original study, ten items of the Rotter ( 1966 ), Christie and Geis ( 1970 ) and Crowne and Marlowe ( 1960 ) scales (respectively) were adopted using a 5-point likert scale response.""

""Gender, age, ethnicity, employment status, months of full-time work experience, industry in which they had the majority of their work experience, academic field of study, and year of study was captured.""

""The categorical independent variables (quality of work experience, peer influence, managerial influence and gender) were dummy coded before being regressed upon behavioural intention alongside Machiavellianism and locus of control total scores.""",,"#recode data suitable for analysis
Data <- Data %>% filter(Sex == ""Male"" | Sex == ""Female"")

#recode Sex variable from labels to numeric values
Data <- Data %>% mutate_at(vars(Sex),
                           list(
                             ~ recode(.,
                                      `Male` = 0,
                                      `I do not wish to identify as either` = 0.5,
                                      `Female` = 1)))
...
#Change column order so it presents correlation matrix in original order
col_order <- c(""QWE"", ""MI"", ""PI"", ""LOCTot"", ""MachTot"",
               ""Sex"", ""SocDesTot"", ""BehIntTot"")
DataCorr <- Data[, col_order]

#Correlation matrix
#Creates an APA correlation matrix and saves it in your working directory as a document
table1 <- apa.cor.table(DataCorr,
                        filename = ""Table3.doc"",
                        table.number = 3)",,1,1
31,transformation,,,,,,"A Pearson correlation evaluated the association between locus of control and gender in the direct replication. The correlation was essentially zero (r = −.01), suggesting no gender differences in work locus of control within this sample.","The categorical independent variables (quality of work experience, peer influence, managerial influence and gender) were dummy coded before being regressed upon behavioural intention alongside Machiavellianism and locus of control total scores.

Please note, from this point, participants who did not report a male or female identity were removed.",,"#recode data suitable for analysis
Data <- Data %>% filter(Sex == ""Male"" | Sex == ""Female"")

#recode Sex variable from labels to numeric values
Data <- Data %>% mutate_at(vars(Sex),
                           list(
                             ~ recode(.,
                                      `Male` = 0,
                                      `I do not wish to identify as either` = 0.5,
                                      `Female` = 1)))

#Change column order so it presents correlation matrix in original order
col_order <- c(""QWE"", ""MI"", ""PI"", ""LOCTot"", ""MachTot"",
               ""Sex"", ""SocDesTot"", ""BehIntTot"")
DataCorr <- Data[, col_order]

#Correlation matrix
#Creates an APA correlation matrix and saves it in your working directory as a document
table1 <- apa.cor.table(DataCorr,
                        filename = ""Table3.doc"",
                        table.number = 3)",,1,
31,inference criterion,"As to be expected from the sample size, statistically significant (p < .05)",0.0,"#Correlation matrix
table1 <- apa.cor.table(DataCorr,
                        filename = ""Table8.doc"",
                        table.number = 8)",Data_Analysis_Script(1).R:31-34,1,"A Pearson correlation evaluated the association between locus of control and gender in the direct replication. The correlation was essentially zero (r = −.01), suggesting no gender differences in work locus of control within this sample.","Using a power calculation in R, as reported in the power analysis code document on the OSF project page, the number of participants required to observe this effect with 80% power and alpha of .05 is 1799. ... Each of the effects associated with the six independent variables are considered replicated in the context of the LeBel et al. ( 2019 ) replication criteria. The results were considered “consistent” where confidence intervals overlapped with the main effects previously reported in each of the original two experiments (for the direct replication) or the direct replication (for the conceptual replication). Similarly, where the confidence intervals did not overlap with 0, a signal was considered “detected.” ... Table 3. Direct replication: means, standard deviations, and correlations (* = p < .05; **= p < .01).",,"#Change column order so it presents correlation matrix in original order
col_order <- c(""QWE"", ""MI"", ""PI"", ""LOCTot"", ""MachTot"",
               ""Sex"", ""SocDesTot"", ""BehIntTot"")
DataCorr <- Data[, col_order]

#Correlation matrix
#Creates an APA correlation matrix and saves it in your working directory as a document
table1 <- apa.cor.table(DataCorr,
                        filename = ""Table3.doc"",
                        table.number = 3)",,,
32,model specification,"First, descriptive statistics (means and standard deviations) and omega coefficients were
presented alongside a correlation matrix.",0.0,"DataCorr <- Data[, col_order]

#Correlation matrix
table1 <- apa.cor.table(DataCorr,
                        filename = ""Table8.doc"",
                        table.number = 8)",Data_Analysis_Script(1).R:29-34,1,,,,,,,
32,variable specification,Peer Influence,2.0,"col_order <- c(""QualityTot"", ""ManagerTot"", ""PeerTot"", ""LocusTot"", ""MachTot"",
               ""T1_Sex"", ""SocDesTot"", ""UnBehTot"")
DataCorr <- Data[, col_order]

#Correlation matrix
table1 <- apa.cor.table(DataCorr,
                        filename = ""Table8.doc"",
                        table.number = 8)",Data_Analysis_Script(1).R:27-34,1,,,,,,,
32,transformation,,,,,,,,,,,,
32,variable specification,Manager Influence,2.0,"col_order <- c(""QualityTot"", ""ManagerTot"", ""PeerTot"", ""LocusTot"", ""MachTot"",
               ""T1_Sex"", ""SocDesTot"", ""UnBehTot"")
DataCorr <- Data[, col_order]

#Correlation matrix
table1 <- apa.cor.table(DataCorr,
                        filename = ""Table8.doc"",
                        table.number = 8)",Data_Analysis_Script(1).R:27-34,1,,,,,,,
32,transformation,,,,,,,,,,,,
32,inference criterion,"As to be expected from the sample size, statistically significant (p < .05)",0.0,"#Correlation matrix
table1 <- apa.cor.table(DataCorr,
                        filename = ""Table8.doc"",
                        table.number = 8)",Data_Analysis_Script(1).R:31-34,1,,,,,,,
33,model specification,"First, descriptive statistics (means and standard deviations) and omega coefficients were
presented alongside a correlation matrix.",0.0,"DataCorr <- Data[, col_order]

#Correlation matrix
table1 <- apa.cor.table(DataCorr,
                        filename = ""Table8.doc"",
                        table.number = 8)",Data_Analysis_Script(1).R:29-34,1,,,,,,,
33,variable specification,Locus of Control,2.0,"col_order <- c(""QualityTot"", ""ManagerTot"", ""PeerTot"", ""LocusTot"", ""MachTot"",
               ""T1_Sex"", ""SocDesTot"", ""UnBehTot"")
DataCorr <- Data[, col_order]

#Correlation matrix
table1 <- apa.cor.table(DataCorr,
                        filename = ""Table8.doc"",
                        table.number = 8)",Data_Analysis_Script(1).R:27-34,1,,,,,,,
33,transformation,,,,,,,,,,,,
33,variable specification,Quality of Work Environment,2.0,"col_order <- c(""QualityTot"", ""ManagerTot"", ""PeerTot"", ""LocusTot"", ""MachTot"",
               ""T1_Sex"", ""SocDesTot"", ""UnBehTot"")
DataCorr <- Data[, col_order]

#Correlation matrix
table1 <- apa.cor.table(DataCorr,
                        filename = ""Table8.doc"",
                        table.number = 8)",Data_Analysis_Script(1).R:27-34,1,,,,,,,
33,transformation,,,,,,,,,,,,
33,inference criterion,"As to be expected from the sample size, statistically significant (p < .05)",0.0,"#Correlation matrix
table1 <- apa.cor.table(DataCorr,
                        filename = ""Table8.doc"",
                        table.number = 8)",Data_Analysis_Script(1).R:31-34,1,,,,,,,
34,model specification,"First, descriptive statistics (means and standard deviations) and omega coefficients were
presented alongside a correlation matrix.",0.0,"DataCorr <- Data[, col_order]

#Correlation matrix
table1 <- apa.cor.table(DataCorr,
                        filename = ""Table8.doc"",
                        table.number = 8)",Data_Analysis_Script(1).R:29-34,1,,,,,,,
34,variable specification,Locus of Control,2.0,"col_order <- c(""QualityTot"", ""ManagerTot"", ""PeerTot"", ""LocusTot"", ""MachTot"",
               ""T1_Sex"", ""SocDesTot"", ""UnBehTot"")
DataCorr <- Data[, col_order]

#Correlation matrix
table1 <- apa.cor.table(DataCorr,
                        filename = ""Table8.doc"",
                        table.number = 8)",Data_Analysis_Script(1).R:27-34,1,,,,,,,
34,transformation,,,,,,,,,,,,
34,variable specification,Manager Influence,2.0,"col_order <- c(""QualityTot"", ""ManagerTot"", ""PeerTot"", ""LocusTot"", ""MachTot"",
               ""T1_Sex"", ""SocDesTot"", ""UnBehTot"")
DataCorr <- Data[, col_order]

#Correlation matrix
table1 <- apa.cor.table(DataCorr,
                        filename = ""Table8.doc"",
                        table.number = 8)",Data_Analysis_Script(1).R:27-34,1,,,,,,,
34,transformation,,,,,,,,,,,,
34,inference criterion,"As to be expected from the sample size, statistically significant (p < .05)",0.0,"#Correlation matrix
table1 <- apa.cor.table(DataCorr,
                        filename = ""Table8.doc"",
                        table.number = 8)",Data_Analysis_Script(1).R:31-34,1,,,,,,,
35,model specification,"First, descriptive statistics (means and standard deviations) and omega coefficients were
presented alongside a correlation matrix.",0.0,"DataCorr <- Data[, col_order]

#Correlation matrix
table1 <- apa.cor.table(DataCorr,
                        filename = ""Table8.doc"",
                        table.number = 8)",Data_Analysis_Script(1).R:29-34,1,"A Pearson correlation assessed the link between locus of control and social desirability scores in the direct replication. The negative correlation (r = −.25, p < .01) shows that a more external locus of control was associated with lower social desirability responding.","Second, descriptive statistics (means and standard deviations) and omega coefficients were presented within a correlation matrix.

""Table 3. Direct replication: means, standard deviations, and correlations (* = p < .05; **= p < .01).""",,"#Change column order so it presents correlation matrix in original order
col_order <- c(""QWE"", ""MI"", ""PI"", ""LOCTot"", ""MachTot"",
               ""Sex"", ""SocDesTot"", ""BehIntTot"")
DataCorr <- Data[, col_order]

#Correlation matrix
#Creates an APA correlation matrix and saves it in your working directory as a document
table1 <- apa.cor.table(DataCorr,
                        filename = ""Table3.doc"",
                        table.number = 3)

#FIRST WE MAKE A FUNCTION WHICH CREATES A DATAFRAME OF CORRELATIONS 
#BY OUTCOMES AND DATA COLLECTION GROUP
corrfunc <- function(Data)
{
  return(data.frame(cbind(n = rcorr(Data$BehIntTot, Data$LOCTot, type=c(""pearson""))$n[1,2]),
                    Sex = round(rcorr(Data$BehIntTot, Data$Sex, type=c(""pearson""))$r[1,2], digits=3),
                    Machiavellianism = round(rcorr(Data$BehIntTot, Data$MachTot, type=c(""pearson""))$r[1,2], digits = 3),
                    Locus = round(rcorr(Data$BehIntTot, Data$LOCTot, type=c(""pearson""))$r[1,2], digits=3),
                    Peer = round(rcorr(Data$BehIntTot, Data$PI, type=c(""pearson""))$r[1,2], digits=3),
                    Manager = round(rcorr(Data$BehIntTot, Data$MI, type=c(""pearson""))$r[1,2], digits=3),
                    Quality = round(rcorr(Data$BehIntTot, Data$QWE, type=c(""pearson""))$r[1,2], digits=3)
  ))
}",,1,1
35,variable specification,Locus of Control,2.0,"col_order <- c(""QualityTot"", ""ManagerTot"", ""PeerTot"", ""LocusTot"", ""MachTot"",
               ""T1_Sex"", ""SocDesTot"", ""UnBehTot"")
DataCorr <- Data[, col_order]

#Correlation matrix
table1 <- apa.cor.table(DataCorr,
                        filename = ""Table8.doc"",
                        table.number = 8)",Data_Analysis_Script(1).R:27-34,1,"A Pearson correlation assessed the link between locus of control and social desirability scores in the direct replication. The negative correlation (r = −.25, p < .01) shows that a more external locus of control was associated with lower social desirability responding.","Table 3. Direct replication: means, standard deviations, and correlations (* = p < .05; **= p < .01).

""Variable M SD Omega 1 2 3 4 5 6 7
1. Quality of Work Environment 0.49 0.50
2. Manager Influence 0.50 0.50 −.01
3. Peer Influence 0.51 0.50 .01 −.01
4. Locus of Control 28.42 4.90 .72 −.01 .01 .04
5. Machiavellianism 26.20 4.93 .74 .01 .01 .03 .33**
6. Gender 0.67 0.47 .00 −.01 −.02 −.01 −.12**
7. Social Desirability 30.51 4.31 .50 −.02 −.06* .01 −.25** −.39** −.01
8. Unethical Behavioural Intentions 9.93 3.86 .90 −.05* .07** .06* .14** .29** −.15** −.20**""",,"#Change column order so it presents correlation matrix in original order
col_order <- c(""QWE"", ""MI"", ""PI"", ""LOCTot"", ""MachTot"",
               ""Sex"", ""SocDesTot"", ""BehIntTot"")
DataCorr <- Data[, col_order]

#Correlation matrix
#Creates an APA correlation matrix and saves it in your working directory as a document
table1 <- apa.cor.table(DataCorr,
                        filename = ""Table3.doc"",
                        table.number = 3)",,1,1
35,transformation,,,,,,"A Pearson correlation assessed the link between locus of control and social desirability scores in the direct replication. The negative correlation (r = −.25, p < .01) shows that a more external locus of control was associated with lower social desirability responding.","The categorical independent variables (quality of work experience, peer influence, managerial influence and gender) were dummy coded before being regressed upon behavioural intention alongside Machiavellianism and locus of control total scores.",,"#recode data suitable for analysis
Data <- Data %>% filter(Sex == ""Male"" | Sex == ""Female"")

#recode Sex variable from labels to numeric values
Data <- Data %>% mutate_at(vars(Sex),
                           list(
                             ~ recode(.,
                                      `Male` = 0,
                                      `I do not wish to identify as either` = 0.5,
                                      `Female` = 1)))
...
#Change column order so it presents correlation matrix in original order
col_order <- c(""QWE"", ""MI"", ""PI"", ""LOCTot"", ""MachTot"",
               ""Sex"", ""SocDesTot"", ""BehIntTot"")
DataCorr <- Data[, col_order]

#Correlation matrix
#Creates an APA correlation matrix and saves it in your working directory as a document
table1 <- apa.cor.table(DataCorr,
                        filename = ""Table3.doc"",
                        table.number = 3)",,,
35,variable specification,Peer Influence,2.0,"col_order <- c(""QualityTot"", ""ManagerTot"", ""PeerTot"", ""LocusTot"", ""MachTot"",
               ""T1_Sex"", ""SocDesTot"", ""UnBehTot"")
DataCorr <- Data[, col_order]

#Correlation matrix
table1 <- apa.cor.table(DataCorr,
                        filename = ""Table8.doc"",
                        table.number = 8)",Data_Analysis_Script(1).R:27-34,1,"A Pearson correlation assessed the link between locus of control and social desirability scores in the direct replication. The negative correlation (r = −.25, p < .01) shows that a more external locus of control was associated with lower social desirability responding.","Table 3. Direct replication: means, standard deviations, and correlations (* = p < .05; **= p < .01).

""Variable M SD Omega 1 2 3 4 5 6 7
1. Quality of Work Environment 0.49 0.50
2. Manager Influence 0.50 0.50 −.01
3. Peer Influence 0.51 0.50 .01 −.01
4. Locus of Control 28.42 4.90 .72 −.01 .01 .04
5. Machiavellianism 26.20 4.93 .74 .01 .01 .03 .33**
6. Gender 0.67 0.47 .00 −.01 −.02 −.01 −.12**
7. Social Desirability 30.51 4.31 .50 −.02 −.06* .01 −.25** −.39** −.01
8. Unethical Behavioural Intentions 9.93 3.86 .90 −.05* .07** .06* .14** .29** −.15** −.20**""",,"#Change column order so it presents correlation matrix in original order
col_order <- c(""QWE"", ""MI"", ""PI"", ""LOCTot"", ""MachTot"",
               ""Sex"", ""SocDesTot"", ""BehIntTot"")
DataCorr <- Data[, col_order]

#Correlation matrix
#Creates an APA correlation matrix and saves it in your working directory as a document
table1 <- apa.cor.table(DataCorr,
                        filename = ""Table3.doc"",
                        table.number = 3)",,1,1
35,transformation,,,,,,"A Pearson correlation assessed the link between locus of control and social desirability scores in the direct replication. The negative correlation (r = −.25, p < .01) shows that a more external locus of control was associated with lower social desirability responding.","The categorical independent variables (quality of work experience, peer influence, managerial influence and gender) were dummy coded before being regressed upon behavioural intention alongside Machiavellianism and locus of control total scores.",,"#recode data suitable for analysis
Data <- Data %>% filter(Sex == ""Male"" | Sex == ""Female"")

#recode Sex variable from labels to numeric values
Data <- Data %>% mutate_at(vars(Sex),
                           list(
                             ~ recode(.,
                                      `Male` = 0,
                                      `I do not wish to identify as either` = 0.5,
                                      `Female` = 1)))
...
#Change column order so it presents correlation matrix in original order
col_order <- c(""QWE"", ""MI"", ""PI"", ""LOCTot"", ""MachTot"",
               ""Sex"", ""SocDesTot"", ""BehIntTot"")
DataCorr <- Data[, col_order]

#Correlation matrix
#Creates an APA correlation matrix and saves it in your working directory as a document
table1 <- apa.cor.table(DataCorr,
                        filename = ""Table3.doc"",
                        table.number = 3)",,,
35,inference criterion,"As to be expected from the sample size, statistically significant (p < .05)",0.0,"#Correlation matrix
table1 <- apa.cor.table(DataCorr,
                        filename = ""Table8.doc"",
                        table.number = 8)",Data_Analysis_Script(1).R:31-34,1,"A Pearson correlation assessed the link between locus of control and social desirability scores in the direct replication. The negative correlation (r = −.25, p < .01) shows that a more external locus of control was associated with lower social desirability responding.","Using a power calculation in R, as reported in the power analysis code document on the OSF project page, the number of participants required to observe this effect with 80% power and alpha of .05 is 1799.
...
Criteria for replication
Each of the effects associated with the six independent variables are considered repli-
cated in the context of the LeBel et al. ( 2019 ) replication criteria. The results were
considered “consistent” where confidence intervals overlapped with the main effects
previously reported in each of the original two experiments (for the direct replication)
or the direct replication (for the conceptual replication). Similarly, where the confidence
intervals did not overlap with 0, a signal was considered “detected.”
...
Table 3. Direct replication: means, standard deviations, and correlations (* = p < .05; **= p < .01).",,,,,
36,model specification,"First, descriptive statistics (means and standard deviations) and omega coefficients were
presented alongside a correlation matrix.",0.0,"DataCorr <- Data[, col_order]

#Correlation matrix
table1 <- apa.cor.table(DataCorr,
                        filename = ""Table8.doc"",
                        table.number = 8)",Data_Analysis_Script(1).R:29-34,1,,,,,,,
36,variable specification,Machiavellianism,2.0,"col_order <- c(""QualityTot"", ""ManagerTot"", ""PeerTot"", ""LocusTot"", ""MachTot"",
               ""T1_Sex"", ""SocDesTot"", ""UnBehTot"")
DataCorr <- Data[, col_order]

#Correlation matrix
table1 <- apa.cor.table(DataCorr,
                        filename = ""Table8.doc"",
                        table.number = 8)",Data_Analysis_Script(1).R:27-34,1,,,,,,,
36,transformation,,,,,,,,,,,,
36,variable specification,Quality of Work Environment,2.0,"col_order <- c(""QualityTot"", ""ManagerTot"", ""PeerTot"", ""LocusTot"", ""MachTot"",
               ""T1_Sex"", ""SocDesTot"", ""UnBehTot"")
DataCorr <- Data[, col_order]

#Correlation matrix
table1 <- apa.cor.table(DataCorr,
                        filename = ""Table8.doc"",
                        table.number = 8)",Data_Analysis_Script(1).R:27-34,1,,,,,,,
36,transformation,,,,,,,,,,,,
36,inference criterion,"As to be expected from the sample size, statistically significant (p < .05)",0.0,"#Correlation matrix
table1 <- apa.cor.table(DataCorr,
                        filename = ""Table8.doc"",
                        table.number = 8)",Data_Analysis_Script(1).R:31-34,1,,,,,,,
37,model specification,"First, descriptive statistics (means and standard deviations) and omega coefficients were
presented alongside a correlation matrix.",0.0,"DataCorr <- Data[, col_order]

#Correlation matrix
table1 <- apa.cor.table(DataCorr,
                        filename = ""Table8.doc"",
                        table.number = 8)",Data_Analysis_Script(1).R:29-34,1,,,,,,,
37,variable specification,Machiavellianism,2.0,"col_order <- c(""QualityTot"", ""ManagerTot"", ""PeerTot"", ""LocusTot"", ""MachTot"",
               ""T1_Sex"", ""SocDesTot"", ""UnBehTot"")
DataCorr <- Data[, col_order]

#Correlation matrix
table1 <- apa.cor.table(DataCorr,
                        filename = ""Table8.doc"",
                        table.number = 8)",Data_Analysis_Script(1).R:27-34,1,,,,,,,
37,transformation,,,,,,,,,,,,
37,variable specification,Manager Influence,2.0,"col_order <- c(""QualityTot"", ""ManagerTot"", ""PeerTot"", ""LocusTot"", ""MachTot"",
               ""T1_Sex"", ""SocDesTot"", ""UnBehTot"")
DataCorr <- Data[, col_order]

#Correlation matrix
table1 <- apa.cor.table(DataCorr,
                        filename = ""Table8.doc"",
                        table.number = 8)",Data_Analysis_Script(1).R:27-34,1,,,,,,,
37,transformation,,,,,,,,,,,,
37,inference criterion,"As to be expected from the sample size, statistically significant (p < .05)",0.0,"#Correlation matrix
table1 <- apa.cor.table(DataCorr,
                        filename = ""Table8.doc"",
                        table.number = 8)",Data_Analysis_Script(1).R:31-34,1,,,,,,,
38,model specification,"First, descriptive statistics (means and standard deviations) and omega coefficients were
presented alongside a correlation matrix.",0.0,"DataCorr <- Data[, col_order]

#Correlation matrix
table1 <- apa.cor.table(DataCorr,
                        filename = ""Table8.doc"",
                        table.number = 8)",Data_Analysis_Script(1).R:29-34,1,A Pearson correlation assessed the relationship between manager influence condition and locus of control scores in the direct replication. The near-zero correlation (r = .01) indicates no systematic association between manager-influence condition and participants' work locus of control.,"Second, descriptive statistics are presented ( Table 3 ) within a correlation matrix.

Table 3. Direct replication: means, standard deviations, and correlations (* = p < .05; **= p < .01).",,"col_order <- c(""QWE"", ""MI"", ""PI"", ""LOCTot"", ""MachTot"",
               ""Sex"", ""SocDesTot"", ""BehIntTot"")
DataCorr <- Data[, col_order]

#Correlation matrix
#Creates an APA correlation matrix and saves it in your working directory as a document
table1 <- apa.cor.table(DataCorr,
                        filename = ""Table3.doc"",
                        table.number = 3)

corrfunc <- function(Data)
{
  return(data.frame(cbind(n = rcorr(Data$BehIntTot, Data$LOCTot, type=c(""pearson""))$n[1,2]),
                    Sex = round(rcorr(Data$BehIntTot, Data$Sex, type=c(""pearson""))$r[1,2], digits=3),
                    Machiavellianism = round(rcorr(Data$BehIntTot, Data$MachTot, type=c(""pearson""))$r[1,2], digits = 3),
                    Locus = round(rcorr(Data$BehIntTot, Data$LOCTot, type=c(""pearson""))$r[1,2], digits=3),
                    Peer = round(rcorr(Data$BehIntTot, Data$PI, type=c(""pearson""))$r[1,2], digits=3),
                    Manager = round(rcorr(Data$BehIntTot, Data$MI, type=c(""pearson""))$r[1,2], digits=3),
                    Quality = round(rcorr(Data$BehIntTot, Data$QWE, type=c(""pearson""))$r[1,2], digits=3)
  ))
}",,1,1
38,variable specification,Machiavellianism,2.0,"col_order <- c(""QualityTot"", ""ManagerTot"", ""PeerTot"", ""LocusTot"", ""MachTot"",
               ""T1_Sex"", ""SocDesTot"", ""UnBehTot"")
DataCorr <- Data[, col_order]

#Correlation matrix
table1 <- apa.cor.table(DataCorr,
                        filename = ""Table8.doc"",
                        table.number = 8)",Data_Analysis_Script(1).R:27-34,1,A Pearson correlation assessed the relationship between manager influence condition and locus of control scores in the direct replication. The near-zero correlation (r = .01) indicates no systematic association between manager-influence condition and participants' work locus of control.,"Third, to test the primary hypotheses, a multiple regression was conducted. The categorical independent variables (quality of work experience, peer influence, managerial influence and gender) were dummy coded before being regressed upon behavioural intention alongside Machiavellianism and locus of control total scores.",,"#recode both manager influence and peer influence variables from labels to numeric values
Data <- Data %>% mutate_at(vars(MI, PI),
                           list(
                             ~ recode(.,
                                      `ethical` = 0,
                                      `unethical` = 1)))

#Change column order so it presents correlation matrix in original order
col_order <- c(""QWE"", ""MI"", ""PI"", ""LOCTot"", ""MachTot"",
               ""Sex"", ""SocDesTot"", ""BehIntTot"")
DataCorr <- Data[, col_order]

#Correlation matrix
#Creates an APA correlation matrix and saves it in your working directory as a document
table1 <- apa.cor.table(DataCorr,
                        filename = ""Table3.doc"",
                        table.number = 3)",,1,1
38,transformation,,,,,,A Pearson correlation assessed the relationship between manager influence condition and locus of control scores in the direct replication. The near-zero correlation (r = .01) indicates no systematic association between manager-influence condition and participants' work locus of control.,"The categorical independent variables (quality of work experience, peer influence, managerial influence and gender) were dummy coded before being regressed upon behavioural intention alongside Machiavellianism and locus of control total scores.",,"#recode data suitable for analysis
Data <- Data %>% filter(Sex == ""Male"" | Sex == ""Female"")

#recode Sex variable from labels to numeric values
Data <- Data %>% mutate_at(vars(Sex),
                           list(
                             ~ recode(.,
                                      `Male` = 0,
                                      `I do not wish to identify as either` = 0.5,
                                      `Female` = 1)))

#recode quality of workplace variable from labels to numeric values
Data <- Data %>% mutate_at(vars(QWE),
                           list(
                             ~ recode(.,
                                      `low` = 0,
                                      `high` = 1)))
#recode both manager influence and peer influence variables from labels to numeric values
Data <- Data %>% mutate_at(vars(MI, PI),
                           list(
                             ~ recode(.,
                                      `ethical` = 0,
                                      `unethical` = 1)))

#Change column order so it presents correlation matrix in original order
col_order <- c(""QWE"", ""MI"", ""PI"", ""LOCTot"", ""MachTot"",
               ""Sex"", ""SocDesTot"", ""BehIntTot"")
DataCorr <- Data[, col_order]

#Correlation matrix
#Creates an APA correlation matrix and saves it in your working directory as a document
table1 <- apa.cor.table(DataCorr,
                        filename = ""Table3.doc"",
                        table.number = 3)",,1,
38,variable specification,Peer Influence,2.0,"col_order <- c(""QualityTot"", ""ManagerTot"", ""PeerTot"", ""LocusTot"", ""MachTot"",
               ""T1_Sex"", ""SocDesTot"", ""UnBehTot"")
DataCorr <- Data[, col_order]

#Correlation matrix
table1 <- apa.cor.table(DataCorr,
                        filename = ""Table8.doc"",
                        table.number = 8)",Data_Analysis_Script(1).R:27-34,1,A Pearson correlation assessed the relationship between manager influence condition and locus of control scores in the direct replication. The near-zero correlation (r = .01) indicates no systematic association between manager-influence condition and participants' work locus of control.,"Third, to test the primary hypotheses, a multiple regression was conducted. The categorical independent variables (quality of work experience, peer influence, managerial influence and gender) were dummy coded before being regressed upon behavioural intention alongside Machiavellianism and locus of control total scores.",,"#recode both manager influence and peer influence variables from labels to numeric values
Data <- Data %>% mutate_at(vars(MI, PI),
                           list(
                             ~ recode(.,
                                      `ethical` = 0,
                                      `unethical` = 1)))

#Change column order so it presents correlation matrix in original order
col_order <- c(""QWE"", ""MI"", ""PI"", ""LOCTot"", ""MachTot"",
               ""Sex"", ""SocDesTot"", ""BehIntTot"")
DataCorr <- Data[, col_order]

#Correlation matrix
#Creates an APA correlation matrix and saves it in your working directory as a document
table1 <- apa.cor.table(DataCorr,
                        filename = ""Table3.doc"",
                        table.number = 3)",,1,1
38,transformation,,,,,,A Pearson correlation assessed the relationship between manager influence condition and locus of control scores in the direct replication. The near-zero correlation (r = .01) indicates no systematic association between manager-influence condition and participants' work locus of control.,"The categorical independent variables (quality of work experience, peer influence, managerial influence and gender) were dummy coded before being regressed upon behavioural intention alongside Machiavellianism and locus of control total scores.",,"#recode data suitable for analysis
Data <- Data %>% filter(Sex == ""Male"" | Sex == ""Female"")

#recode Sex variable from labels to numeric values
Data <- Data %>% mutate_at(vars(Sex),
                           list(
                             ~ recode(.,
                                      `Male` = 0,
                                      `I do not wish to identify as either` = 0.5,
                                      `Female` = 1)))

#recode quality of workplace variable from labels to numeric values
Data <- Data %>% mutate_at(vars(QWE),
                           list(
                             ~ recode(.,
                                      `low` = 0,
                                      `high` = 1)))
#recode both manager influence and peer influence variables from labels to numeric values
Data <- Data %>% mutate_at(vars(MI, PI),
                           list(
                             ~ recode(.,
                                      `ethical` = 0,
                                      `unethical` = 1)))

#Change column order so it presents correlation matrix in original order
col_order <- c(""QWE"", ""MI"", ""PI"", ""LOCTot"", ""MachTot"",
               ""Sex"", ""SocDesTot"", ""BehIntTot"")
DataCorr <- Data[, col_order]

#Correlation matrix
#Creates an APA correlation matrix and saves it in your working directory as a document
table1 <- apa.cor.table(DataCorr,
                        filename = ""Table3.doc"",
                        table.number = 3)",,1,
38,inference criterion,"As to be expected from the sample size, statistically significant (p < .05)",0.0,"#Correlation matrix
table1 <- apa.cor.table(DataCorr,
                        filename = ""Table8.doc"",
                        table.number = 8)",Data_Analysis_Script(1).R:31-34,1,A Pearson correlation assessed the relationship between manager influence condition and locus of control scores in the direct replication. The near-zero correlation (r = .01) indicates no systematic association between manager-influence condition and participants' work locus of control.,"Using a power calculation in R, as reported in the power analysis code document on the OSF project page, the number of participants required to observe this effect with 80% power and alpha of .05 is 1799.

Each of the effects associated with the six independent variables are considered repli‑cated in the context of the LeBel et al. ( 2019 ) replication criteria. The results were considered “consistent” where confidence intervals overlapped with the main effects previously reported in each of the original two experiments (for the direct replication) or the direct replication (for the conceptual replication). Similarly, where the confidence intervals did not overlap with 0, a signal was considered “detected.”

Table 3. Direct replication: means, standard deviations, and correlations (* = p < .05; **= p < .01).",,"#Change column order so it presents correlation matrix in original order
col_order <- c(""QWE"", ""MI"", ""PI"", ""LOCTot"", ""MachTot"",
               ""Sex"", ""SocDesTot"", ""BehIntTot"")
DataCorr <- Data[, col_order]

#Correlation matrix
#Creates an APA correlation matrix and saves it in your working directory as a document
table1 <- apa.cor.table(DataCorr,
                        filename = ""Table3.doc"",
                        table.number = 3)",,,
39,model specification,"First, descriptive statistics (means and standard deviations) and omega coefficients were
presented alongside a correlation matrix.",0.0,"DataCorr <- Data[, col_order]

#Correlation matrix
table1 <- apa.cor.table(DataCorr,
                        filename = ""Table8.doc"",
                        table.number = 8)",Data_Analysis_Script(1).R:29-34,1,,,,,,,
39,variable specification,Machiavellianism,2.0,"col_order <- c(""QualityTot"", ""ManagerTot"", ""PeerTot"", ""LocusTot"", ""MachTot"",
               ""T1_Sex"", ""SocDesTot"", ""UnBehTot"")
DataCorr <- Data[, col_order]

#Correlation matrix
table1 <- apa.cor.table(DataCorr,
                        filename = ""Table8.doc"",
                        table.number = 8)",Data_Analysis_Script(1).R:27-34,1,,,,,,,
39,transformation,,,,,,,,,,,,
39,variable specification,Locus of Control,2.0,"col_order <- c(""QualityTot"", ""ManagerTot"", ""PeerTot"", ""LocusTot"", ""MachTot"",
               ""T1_Sex"", ""SocDesTot"", ""UnBehTot"")
DataCorr <- Data[, col_order]

#Correlation matrix
table1 <- apa.cor.table(DataCorr,
                        filename = ""Table8.doc"",
                        table.number = 8)",Data_Analysis_Script(1).R:27-34,1,,,,,,,
39,transformation,,,,,,,,,,,,
39,inference criterion,"As to be expected from the sample size, statistically significant (p < .05)",0.0,"#Correlation matrix
table1 <- apa.cor.table(DataCorr,
                        filename = ""Table8.doc"",
                        table.number = 8)",Data_Analysis_Script(1).R:31-34,1,,,,,,,
40,model specification,"First, descriptive statistics (means and standard deviations) and omega coefficients were
presented alongside a correlation matrix.",0.0,"DataCorr <- Data[, col_order]

#Correlation matrix
table1 <- apa.cor.table(DataCorr,
                        filename = ""Table8.doc"",
                        table.number = 8)",Data_Analysis_Script(1).R:29-34,1,,,,,,,
40,variable specification,Gender,2.0,"col_order <- c(""QualityTot"", ""ManagerTot"", ""PeerTot"", ""LocusTot"", ""MachTot"",
               ""T1_Sex"", ""SocDesTot"", ""UnBehTot"")
DataCorr <- Data[, col_order]

#Correlation matrix
table1 <- apa.cor.table(DataCorr,
                        filename = ""Table8.doc"",
                        table.number = 8)",Data_Analysis_Script(1).R:27-34,1,,,,,,,
40,transformation,,,,,,,,,,,,
40,variable specification,Quality of Work Environment,2.0,"col_order <- c(""QualityTot"", ""ManagerTot"", ""PeerTot"", ""LocusTot"", ""MachTot"",
               ""T1_Sex"", ""SocDesTot"", ""UnBehTot"")
DataCorr <- Data[, col_order]

#Correlation matrix
table1 <- apa.cor.table(DataCorr,
                        filename = ""Table8.doc"",
                        table.number = 8)",Data_Analysis_Script(1).R:27-34,1,,,,,,,
40,transformation,,,,,,,,,,,,
40,inference criterion,"As to be expected from the sample size, statistically significant (p < .05)",0.0,"#Correlation matrix
table1 <- apa.cor.table(DataCorr,
                        filename = ""Table8.doc"",
                        table.number = 8)",Data_Analysis_Script(1).R:31-34,1,,,,,,,
41,model specification,"First, descriptive statistics (means and standard deviations) and omega coefficients were
presented alongside a correlation matrix.",0.0,"DataCorr <- Data[, col_order]

#Correlation matrix
table1 <- apa.cor.table(DataCorr,
                        filename = ""Table8.doc"",
                        table.number = 8)",Data_Analysis_Script(1).R:29-34,1,"A Pearson correlation examined the relationship between locus of control and Machiavellianism in the direct replication. The moderate positive correlation (r = .33, p < .01) indicates that a more external work locus of control was associated with higher Machiavellianism scores.","Second, descriptive statistics are presented ( Table 3 ) within a correlation matrix.

Table 3. Direct replication: means, standard deviations, and correlations (* = p < .05; **= p < .01).",,"#Change column order so it presents correlation matrix in original order
col_order <- c(""QWE"", ""MI"", ""PI"", ""LOCTot"", ""MachTot"",
               ""Sex"", ""SocDesTot"", ""BehIntTot"")
DataCorr <- Data[, col_order]

#Correlation matrix
#Creates an APA correlation matrix and saves it in your working directory as a document
table1 <- apa.cor.table(DataCorr,
                        filename = ""Table3.doc"",
                        table.number = 3)",,1,1
41,variable specification,Gender,2.0,"col_order <- c(""QualityTot"", ""ManagerTot"", ""PeerTot"", ""LocusTot"", ""MachTot"",
               ""T1_Sex"", ""SocDesTot"", ""UnBehTot"")
DataCorr <- Data[, col_order]

#Correlation matrix
table1 <- apa.cor.table(DataCorr,
                        filename = ""Table8.doc"",
                        table.number = 8)",Data_Analysis_Script(1).R:27-34,1,"A Pearson correlation examined the relationship between locus of control and Machiavellianism in the direct replication. The moderate positive correlation (r = .33, p < .01) indicates that a more external work locus of control was associated with higher Machiavellianism scores.","The categorical independent variables (quality of work experience, peer influence, managerial influence and gender) were dummy coded before being regressed upon behavioural intention alongside Machiavellianism and locus of control total scores.",,"#Change column order so it presents correlation matrix in original order
col_order <- c(""QWE"", ""MI"", ""PI"", ""LOCTot"", ""MachTot"",
               ""Sex"", ""SocDesTot"", ""BehIntTot"")
DataCorr <- Data[, col_order]

#Correlation matrix
#Creates an APA correlation matrix and saves it in your working directory as a document
table1 <- apa.cor.table(DataCorr,
                        filename = ""Table3.doc"",
                        table.number = 3)",,1,1
41,transformation,,,,,,"A Pearson correlation examined the relationship between locus of control and Machiavellianism in the direct replication. The moderate positive correlation (r = .33, p < .01) indicates that a more external work locus of control was associated with higher Machiavellianism scores.","Locus of Control, Machiavellianism, and Social Desirability – Concurrent with the original study, ten items of the Rotter ( 1966 ), Christie and Geis ( 1970 ) and Crowne and Marlowe ( 1960 ) scales (respectively) were adopted using a 5-point likert scale response. The 10 items adopted from each of the original scales were provided upon request by personal communication with one of the original authors. ... Third, to test the primary hypotheses, a multiple regression was conducted. The categorical independent variables (quality of work experience, peer influence, managerial influence and gender) were dummy coded before being regressed upon behavioural intention alongside Machiavellianism and locus of control total scores.",,"#recode data suitable for analysis
Data <- Data %>% filter(Sex == ""Male"" | Sex == ""Female"")

#recode Sex variable from labels to numeric values
Data <- Data %>% mutate_at(vars(Sex),
                           list(
                             ~ recode(.,
                                      `Male` = 0,
                                      `I do not wish to identify as either` = 0.5,
                                      `Female` = 1)))

#recode quality of workplace variable from labels to numeric values
Data <- Data %>% mutate_at(vars(QWE),
                           list(
                             ~ recode(.,
                                      `low` = 0,
                                      `high` = 1)))
#recode both manager influence and peer influence variables from labels to numeric values
Data <- Data %>% mutate_at(vars(MI, PI),
                           list(
                             ~ recode(.,
                                      `ethical` = 0,
                                      `unethical` = 1)))

#Change column order so it presents correlation matrix in original order
col_order <- c(""QWE"", ""MI"", ""PI"", ""LOCTot"", ""MachTot"",
               ""Sex"", ""SocDesTot"", ""BehIntTot"")
DataCorr <- Data[, col_order]

#Correlation matrix
#Creates an APA correlation matrix and saves it in your working directory as a document
table1 <- apa.cor.table(DataCorr,
                        filename = ""Table3.doc"",
                        table.number = 3)",,,
41,variable specification,Manager Influence,2.0,"col_order <- c(""QualityTot"", ""ManagerTot"", ""PeerTot"", ""LocusTot"", ""MachTot"",
               ""T1_Sex"", ""SocDesTot"", ""UnBehTot"")
DataCorr <- Data[, col_order]

#Correlation matrix
table1 <- apa.cor.table(DataCorr,
                        filename = ""Table8.doc"",
                        table.number = 8)",Data_Analysis_Script(1).R:27-34,1,"A Pearson correlation examined the relationship between locus of control and Machiavellianism in the direct replication. The moderate positive correlation (r = .33, p < .01) indicates that a more external work locus of control was associated with higher Machiavellianism scores.","The categorical independent variables (quality of work experience, peer influence, managerial influence and gender) were dummy coded before being regressed upon behavioural intention alongside Machiavellianism and locus of control total scores.",,"#Change column order so it presents correlation matrix in original order
col_order <- c(""QWE"", ""MI"", ""PI"", ""LOCTot"", ""MachTot"",
               ""Sex"", ""SocDesTot"", ""BehIntTot"")
DataCorr <- Data[, col_order]

#Correlation matrix
#Creates an APA correlation matrix and saves it in your working directory as a document
table1 <- apa.cor.table(DataCorr,
                        filename = ""Table3.doc"",
                        table.number = 3)",,1,1
41,transformation,,,,,,"A Pearson correlation examined the relationship between locus of control and Machiavellianism in the direct replication. The moderate positive correlation (r = .33, p < .01) indicates that a more external work locus of control was associated with higher Machiavellianism scores.","Locus of Control, Machiavellianism, and Social Desirability – Concurrent with the original study, ten items of the Rotter ( 1966 ), Christie and Geis ( 1970 ) and Crowne and Marlowe ( 1960 ) scales (respectively) were adopted using a 5-point likert scale response. The 10 items adopted from each of the original scales were provided upon request by personal communication with one of the original authors. ... Third, to test the primary hypotheses, a multiple regression was conducted. The categorical independent variables (quality of work experience, peer influence, managerial influence and gender) were dummy coded before being regressed upon behavioural intention alongside Machiavellianism and locus of control total scores.",,"#recode data suitable for analysis
Data <- Data %>% filter(Sex == ""Male"" | Sex == ""Female"")

#recode Sex variable from labels to numeric values
Data <- Data %>% mutate_at(vars(Sex),
                           list(
                             ~ recode(.,
                                      `Male` = 0,
                                      `I do not wish to identify as either` = 0.5,
                                      `Female` = 1)))

#recode quality of workplace variable from labels to numeric values
Data <- Data %>% mutate_at(vars(QWE),
                           list(
                             ~ recode(.,
                                      `low` = 0,
                                      `high` = 1)))
#recode both manager influence and peer influence variables from labels to numeric values
Data <- Data %>% mutate_at(vars(MI, PI),
                           list(
                             ~ recode(.,
                                      `ethical` = 0,
                                      `unethical` = 1)))

#Change column order so it presents correlation matrix in original order
col_order <- c(""QWE"", ""MI"", ""PI"", ""LOCTot"", ""MachTot"",
               ""Sex"", ""SocDesTot"", ""BehIntTot"")
DataCorr <- Data[, col_order]

#Correlation matrix
#Creates an APA correlation matrix and saves it in your working directory as a document
table1 <- apa.cor.table(DataCorr,
                        filename = ""Table3.doc"",
                        table.number = 3)",,,
41,inference criterion,"As to be expected from the sample size, statistically significant (p < .05)",0.0,"#Correlation matrix
table1 <- apa.cor.table(DataCorr,
                        filename = ""Table8.doc"",
                        table.number = 8)",Data_Analysis_Script(1).R:31-34,1,"A Pearson correlation examined the relationship between locus of control and Machiavellianism in the direct replication. The moderate positive correlation (r = .33, p < .01) indicates that a more external work locus of control was associated with higher Machiavellianism scores.","Each of the effects associated with the six independent variables are considered repli‐cated in the context of the LeBel et al. ( 2019 ) replication criteria. The results were
considered “consistent” where confidence intervals overlapped with the main effects
previously reported in each of the original two experiments (for the direct replication)
or the direct replication (for the conceptual replication). Similarly, where the confidence
intervals did not overlap with 0, a signal was considered “detected.”",,,,,
42,model specification,"First, descriptive statistics (means and standard deviations) and omega coefficients were
presented alongside a correlation matrix.",0.0,"DataCorr <- Data[, col_order]

#Correlation matrix
table1 <- apa.cor.table(DataCorr,
                        filename = ""Table8.doc"",
                        table.number = 8)",Data_Analysis_Script(1).R:29-34,1,,,,,,,
42,variable specification,Gender,2.0,"col_order <- c(""QualityTot"", ""ManagerTot"", ""PeerTot"", ""LocusTot"", ""MachTot"",
               ""T1_Sex"", ""SocDesTot"", ""UnBehTot"")
DataCorr <- Data[, col_order]

#Correlation matrix
table1 <- apa.cor.table(DataCorr,
                        filename = ""Table8.doc"",
                        table.number = 8)",Data_Analysis_Script(1).R:27-34,1,,,,,,,
42,transformation,,,,,,,,,,,,
42,variable specification,Peer Influence,2.0,"col_order <- c(""QualityTot"", ""ManagerTot"", ""PeerTot"", ""LocusTot"", ""MachTot"",
               ""T1_Sex"", ""SocDesTot"", ""UnBehTot"")
DataCorr <- Data[, col_order]

#Correlation matrix
table1 <- apa.cor.table(DataCorr,
                        filename = ""Table8.doc"",
                        table.number = 8)",Data_Analysis_Script(1).R:27-34,1,,,,,,,
42,transformation,,,,,,,,,,,,
42,inference criterion,"As to be expected from the sample size, statistically significant (p < .05)",0.0,"#Correlation matrix
table1 <- apa.cor.table(DataCorr,
                        filename = ""Table8.doc"",
                        table.number = 8)",Data_Analysis_Script(1).R:31-34,1,,,,,,,
43,model specification,"First, descriptive statistics (means and standard deviations) and omega coefficients were
presented alongside a correlation matrix.",0.0,"DataCorr <- Data[, col_order]

#Correlation matrix
table1 <- apa.cor.table(DataCorr,
                        filename = ""Table8.doc"",
                        table.number = 8)",Data_Analysis_Script(1).R:29-34,1,,,,,,,
43,variable specification,Gender,2.0,"col_order <- c(""QualityTot"", ""ManagerTot"", ""PeerTot"", ""LocusTot"", ""MachTot"",
               ""T1_Sex"", ""SocDesTot"", ""UnBehTot"")
DataCorr <- Data[, col_order]

#Correlation matrix
table1 <- apa.cor.table(DataCorr,
                        filename = ""Table8.doc"",
                        table.number = 8)",Data_Analysis_Script(1).R:27-34,1,,,,,,,
43,transformation,,,,,,,,,,,,
43,variable specification,Locus of Control,2.0,"col_order <- c(""QualityTot"", ""ManagerTot"", ""PeerTot"", ""LocusTot"", ""MachTot"",
               ""T1_Sex"", ""SocDesTot"", ""UnBehTot"")
DataCorr <- Data[, col_order]

#Correlation matrix
table1 <- apa.cor.table(DataCorr,
                        filename = ""Table8.doc"",
                        table.number = 8)",Data_Analysis_Script(1).R:27-34,1,,,,,,,
43,transformation,,,,,,,,,,,,
43,inference criterion,"As to be expected from the sample size, statistically significant (p < .05)",0.0,"#Correlation matrix
table1 <- apa.cor.table(DataCorr,
                        filename = ""Table8.doc"",
                        table.number = 8)",Data_Analysis_Script(1).R:31-34,1,,,,,,,
44,model specification,"First, descriptive statistics (means and standard deviations) and omega coefficients were
presented alongside a correlation matrix.",0.0,"DataCorr <- Data[, col_order]

#Correlation matrix
table1 <- apa.cor.table(DataCorr,
                        filename = ""Table8.doc"",
                        table.number = 8)",Data_Analysis_Script(1).R:29-34,1,,,,,,,
44,variable specification,Gender,2.0,"col_order <- c(""QualityTot"", ""ManagerTot"", ""PeerTot"", ""LocusTot"", ""MachTot"",
               ""T1_Sex"", ""SocDesTot"", ""UnBehTot"")
DataCorr <- Data[, col_order]

#Correlation matrix
table1 <- apa.cor.table(DataCorr,
                        filename = ""Table8.doc"",
                        table.number = 8)",Data_Analysis_Script(1).R:27-34,1,,,,,,,
44,transformation,,,,,,,,,,,,
44,variable specification,Machiavellianism,2.0,"col_order <- c(""QualityTot"", ""ManagerTot"", ""PeerTot"", ""LocusTot"", ""MachTot"",
               ""T1_Sex"", ""SocDesTot"", ""UnBehTot"")
DataCorr <- Data[, col_order]

#Correlation matrix
table1 <- apa.cor.table(DataCorr,
                        filename = ""Table8.doc"",
                        table.number = 8)",Data_Analysis_Script(1).R:27-34,1,,,,,,,
44,transformation,,,,,,,,,,,,
44,inference criterion,"As to be expected from the sample size, statistically significant (p < .05)",0.0,"#Correlation matrix
table1 <- apa.cor.table(DataCorr,
                        filename = ""Table8.doc"",
                        table.number = 8)",Data_Analysis_Script(1).R:31-34,1,,,,,,,
45,model specification,"First, descriptive statistics (means and standard deviations) and omega coefficients were
presented alongside a correlation matrix.",0.0,"DataCorr <- Data[, col_order]

#Correlation matrix
table1 <- apa.cor.table(DataCorr,
                        filename = ""Table8.doc"",
                        table.number = 8)",Data_Analysis_Script(1).R:29-34,1,,,,,,,
45,variable specification,Social Desirability,2.0,"col_order <- c(""QualityTot"", ""ManagerTot"", ""PeerTot"", ""LocusTot"", ""MachTot"",
               ""T1_Sex"", ""SocDesTot"", ""UnBehTot"")
DataCorr <- Data[, col_order]

#Correlation matrix
table1 <- apa.cor.table(DataCorr,
                        filename = ""Table8.doc"",
                        table.number = 8)",Data_Analysis_Script(1).R:27-34,1,,,,,,,
45,transformation,,,,,,,,,,,,
45,variable specification,Quality of Work Environment,2.0,"col_order <- c(""QualityTot"", ""ManagerTot"", ""PeerTot"", ""LocusTot"", ""MachTot"",
               ""T1_Sex"", ""SocDesTot"", ""UnBehTot"")
DataCorr <- Data[, col_order]

#Correlation matrix
table1 <- apa.cor.table(DataCorr,
                        filename = ""Table8.doc"",
                        table.number = 8)",Data_Analysis_Script(1).R:27-34,1,,,,,,,
45,transformation,,,,,,,,,,,,
45,inference criterion,"As to be expected from the sample size, statistically significant (p < .05)",0.0,"#Correlation matrix
table1 <- apa.cor.table(DataCorr,
                        filename = ""Table8.doc"",
                        table.number = 8)",Data_Analysis_Script(1).R:31-34,1,,,,,,,
46,model specification,"First, descriptive statistics (means and standard deviations) and omega coefficients were
presented alongside a correlation matrix.",0.0,"DataCorr <- Data[, col_order]

#Correlation matrix
table1 <- apa.cor.table(DataCorr,
                        filename = ""Table8.doc"",
                        table.number = 8)",Data_Analysis_Script(1).R:29-34,1,"A Pearson correlation quantified the association between Machiavellianism and gender in the direct replication. The small negative correlation (r = −.12, p < .01) indicates that male participants tended to report slightly higher Machiavellianism scores than female participants.","Second, descriptive statistics (means and standard deviations) and omega coefficients were presented within a correlation matrix.

Table 3. Direct replication: means, standard deviations, and correlations (* = p < .05; **= p < .01).",,"#Change column order so it presents correlation matrix in original order
col_order <- c(""QWE"", ""MI"", ""PI"", ""LOCTot"", ""MachTot"",
               ""Sex"", ""SocDesTot"", ""BehIntTot"")
DataCorr <- Data[, col_order]

#Correlation matrix
#Creates an APA correlation matrix and saves it in your working directory as a document
table1 <- apa.cor.table(DataCorr,
                        filename = ""Table3.doc"",
                        table.number = 3)
...
#FIRST WE MAKE A FUNCTION WHICH CREATES A DATAFRAME OF CORRELATIONS 
#BY OUTCOMES AND DATA COLLECTION GROUP
corrfunc <- function(Data)
{
  return(data.frame(cbind(n = rcorr(Data$BehIntTot, Data$LOCTot, type=c(""pearson""))$n[1,2]),
                    Sex = round(rcorr(Data$BehIntTot, Data$Sex, type=c(""pearson""))$r[1,2], digits=3),
                    Machiavellianism = round(rcorr(Data$BehIntTot, Data$MachTot, type=c(""pearson""))$r[1,2], digits = 3),
                    Locus = round(rcorr(Data$BehIntTot, Data$LOCTot, type=c(""pearson""))$r[1,2], digits=3),
                    Peer = round(rcorr(Data$BehIntTot, Data$PI, type=c(""pearson""))$r[1,2], digits=3),
                    Manager = round(rcorr(Data$BehIntTot, Data$MI, type=c(""pearson""))$r[1,2], digits=3),
                    Quality = round(rcorr(Data$BehIntTot, Data$QWE, type=c(""pearson""))$r[1,2], digits=3)
  ))
}",,1,1
46,variable specification,Social Desirability,2.0,"col_order <- c(""QualityTot"", ""ManagerTot"", ""PeerTot"", ""LocusTot"", ""MachTot"",
               ""T1_Sex"", ""SocDesTot"", ""UnBehTot"")
DataCorr <- Data[, col_order]

#Correlation matrix
table1 <- apa.cor.table(DataCorr,
                        filename = ""Table8.doc"",
                        table.number = 8)",Data_Analysis_Script(1).R:27-34,1,"A Pearson correlation quantified the association between Machiavellianism and gender in the direct replication. The small negative correlation (r = −.12, p < .01) indicates that male participants tended to report slightly higher Machiavellianism scores than female participants.","“Locus of Control, Machiavellianism, and Social Desirability – Concurrent with the original study, ten items of the Rotter ( 1966 ), Christie and Geis ( 1970 ) and Crowne and Marlowe ( 1960 ) scales (respectively) were adopted using a 5-point likert scale response.”

“A range of demographic questions were included to describe the sample and support secondary analyses and generalizability statements. Gender, age, ethnicity, employment status, months of full-time work experience, industry in which they had the majority of their work experience, academic field of study, and year of study was captured.”

“Table 3. Direct replication: means, standard deviations, and correlations (* = p < .05; **= p < .01).
… 5. Machiavellianism 26.20 4.93 .74 …
6. Gender 0.67 0.47 .00 −.01 −.02 −.01 −.12** …”

“The categorical independent variables (quality of work experience, peer influence, managerial influence and gender) were dummy coded before being regressed upon behavioural intention alongside Machiavellianism and locus of control total scores.”

“Gender (Male=1, Female=0)”",,"#recode data suitable for analysis
Data <- Data %>% filter(Sex == ""Male"" | Sex == ""Female"")

#recode Sex variable from labels to numeric values
Data <- Data %>% mutate_at(vars(Sex),
                           list(
                             ~ recode(.,
                                      `Male` = 0,
                                      `I do not wish to identify as either` = 0.5,
                                      `Female` = 1)))
...
#Change column order so it presents correlation matrix in original order
col_order <- c(""QWE"", ""MI"", ""PI"", ""LOCTot"", ""MachTot"",
               ""Sex"", ""SocDesTot"", ""BehIntTot"")
DataCorr <- Data[, col_order]

#Correlation matrix
#Creates an APA correlation matrix and saves it in your working directory as a document
table1 <- apa.cor.table(DataCorr,
                        filename = ""Table3.doc"",
                        table.number = 3)",,0,0
46,transformation,,,,,,"A Pearson correlation quantified the association between Machiavellianism and gender in the direct replication. The small negative correlation (r = −.12, p < .01) indicates that male participants tended to report slightly higher Machiavellianism scores than female participants.","“Locus of Control, Machiavellianism, and Social Desirability – Concurrent with the original study, ten items of the Rotter ( 1966 ), Christie and Geis ( 1970 ) and Crowne and Marlowe ( 1960 ) scales (respectively) were adopted using a 5-point likert scale response.”

“Please note, from this point, participants who did not report a male or female identity were removed.”

“The categorical independent variables (quality of work experience, peer influence, managerial influence and gender) were dummy coded before being regressed upon behavioural intention alongside Machiavellianism and locus of control total scores.”

“Gender (Male=1, Female=0)”",,"#recode data suitable for analysis
Data <- Data %>% filter(Sex == ""Male"" | Sex == ""Female"")

#recode Sex variable from labels to numeric values
Data <- Data %>% mutate_at(vars(Sex),
                           list(
                             ~ recode(.,
                                      `Male` = 0,
                                      `I do not wish to identify as either` = 0.5,
                                      `Female` = 1)))

#recode quality of workplace variable from labels to numeric values
Data <- Data %>% mutate_at(vars(QWE),
                           list(
                             ~ recode(.,
                                      `low` = 0,
                                      `high` = 1)))
#recode both manager influence and peer influence variables from labels to numeric values
Data <- Data %>% mutate_at(vars(MI, PI),
                           list(
                             ~ recode(.,
                                      `ethical` = 0,
                                      `unethical` = 1)))

#Change column order so it presents correlation matrix in original order
col_order <- c(""QWE"", ""MI"", ""PI"", ""LOCTot"", ""MachTot"",
               ""Sex"", ""SocDesTot"", ""BehIntTot"")
DataCorr <- Data[, col_order]

#Correlation matrix
#Creates an APA correlation matrix and saves it in your working directory as a document
table1 <- apa.cor.table(DataCorr,
                        filename = ""Table3.doc"",
                        table.number = 3)",,0,
46,variable specification,Manager Influence,2.0,"col_order <- c(""QualityTot"", ""ManagerTot"", ""PeerTot"", ""LocusTot"", ""MachTot"",
               ""T1_Sex"", ""SocDesTot"", ""UnBehTot"")
DataCorr <- Data[, col_order]

#Correlation matrix
table1 <- apa.cor.table(DataCorr,
                        filename = ""Table8.doc"",
                        table.number = 8)",Data_Analysis_Script(1).R:27-34,1,"A Pearson correlation quantified the association between Machiavellianism and gender in the direct replication. The small negative correlation (r = −.12, p < .01) indicates that male participants tended to report slightly higher Machiavellianism scores than female participants.","“Locus of Control, Machiavellianism, and Social Desirability – Concurrent with the original study, ten items of the Rotter ( 1966 ), Christie and Geis ( 1970 ) and Crowne and Marlowe ( 1960 ) scales (respectively) were adopted using a 5-point likert scale response.”

“A range of demographic questions were included to describe the sample and support secondary analyses and generalizability statements. Gender, age, ethnicity, employment status, months of full-time work experience, industry in which they had the majority of their work experience, academic field of study, and year of study was captured.”

“Table 3. Direct replication: means, standard deviations, and correlations (* = p < .05; **= p < .01).
… 5. Machiavellianism 26.20 4.93 .74 …
6. Gender 0.67 0.47 .00 −.01 −.02 −.01 −.12** …”

“The categorical independent variables (quality of work experience, peer influence, managerial influence and gender) were dummy coded before being regressed upon behavioural intention alongside Machiavellianism and locus of control total scores.”

“Gender (Male=1, Female=0)”",,"#recode data suitable for analysis
Data <- Data %>% filter(Sex == ""Male"" | Sex == ""Female"")

#recode Sex variable from labels to numeric values
Data <- Data %>% mutate_at(vars(Sex),
                           list(
                             ~ recode(.,
                                      `Male` = 0,
                                      `I do not wish to identify as either` = 0.5,
                                      `Female` = 1)))
...
#Change column order so it presents correlation matrix in original order
col_order <- c(""QWE"", ""MI"", ""PI"", ""LOCTot"", ""MachTot"",
               ""Sex"", ""SocDesTot"", ""BehIntTot"")
DataCorr <- Data[, col_order]

#Correlation matrix
#Creates an APA correlation matrix and saves it in your working directory as a document
table1 <- apa.cor.table(DataCorr,
                        filename = ""Table3.doc"",
                        table.number = 3)",,0,0
46,transformation,,,,,,"A Pearson correlation quantified the association between Machiavellianism and gender in the direct replication. The small negative correlation (r = −.12, p < .01) indicates that male participants tended to report slightly higher Machiavellianism scores than female participants.","“Locus of Control, Machiavellianism, and Social Desirability – Concurrent with the original study, ten items of the Rotter ( 1966 ), Christie and Geis ( 1970 ) and Crowne and Marlowe ( 1960 ) scales (respectively) were adopted using a 5-point likert scale response.”

“Please note, from this point, participants who did not report a male or female identity were removed.”

“The categorical independent variables (quality of work experience, peer influence, managerial influence and gender) were dummy coded before being regressed upon behavioural intention alongside Machiavellianism and locus of control total scores.”

“Gender (Male=1, Female=0)”",,"#recode data suitable for analysis
Data <- Data %>% filter(Sex == ""Male"" | Sex == ""Female"")

#recode Sex variable from labels to numeric values
Data <- Data %>% mutate_at(vars(Sex),
                           list(
                             ~ recode(.,
                                      `Male` = 0,
                                      `I do not wish to identify as either` = 0.5,
                                      `Female` = 1)))

#recode quality of workplace variable from labels to numeric values
Data <- Data %>% mutate_at(vars(QWE),
                           list(
                             ~ recode(.,
                                      `low` = 0,
                                      `high` = 1)))
#recode both manager influence and peer influence variables from labels to numeric values
Data <- Data %>% mutate_at(vars(MI, PI),
                           list(
                             ~ recode(.,
                                      `ethical` = 0,
                                      `unethical` = 1)))

#Change column order so it presents correlation matrix in original order
col_order <- c(""QWE"", ""MI"", ""PI"", ""LOCTot"", ""MachTot"",
               ""Sex"", ""SocDesTot"", ""BehIntTot"")
DataCorr <- Data[, col_order]

#Correlation matrix
#Creates an APA correlation matrix and saves it in your working directory as a document
table1 <- apa.cor.table(DataCorr,
                        filename = ""Table3.doc"",
                        table.number = 3)",,0,
46,inference criterion,"As to be expected from the sample size, statistically significant (p < .05)",0.0,"#Correlation matrix
table1 <- apa.cor.table(DataCorr,
                        filename = ""Table8.doc"",
                        table.number = 8)",Data_Analysis_Script(1).R:31-34,1,"A Pearson correlation quantified the association between Machiavellianism and gender in the direct replication. The small negative correlation (r = −.12, p < .01) indicates that male participants tended to report slightly higher Machiavellianism scores than female participants.","Using a power calculation in R, as reported in the power analysis code document on the OSF project page, the number of participants required to observe this effect with 80% power and alpha of .05 is 1799.

Each of the effects associated with the six independent variables are considered repli-
cated in the context of the LeBel et al. ( 2019 ) replication criteria. The results were
considered “consistent” where confidence intervals overlapped with the main effects
previously reported in each of the original two experiments (for the direct replication)
or the direct replication (for the conceptual replication). Similarly, where the confidence
intervals did not overlap with 0, a signal was considered “detected.”

Table 3. Direct replication: means, standard deviations, and correlations (* = p < .05; **= p < .01).",,"#Change column order so it presents correlation matrix in original order
col_order <- c(""QWE"", ""MI"", ""PI"", ""LOCTot"", ""MachTot"",
               ""Sex"", ""SocDesTot"", ""BehIntTot"")
DataCorr <- Data[, col_order]

#Correlation matrix
#Creates an APA correlation matrix and saves it in your working directory as a document
table1 <- apa.cor.table(DataCorr,
                        filename = ""Table3.doc"",
                        table.number = 3)",,1,1
47,model specification,"First, descriptive statistics (means and standard deviations) and omega coefficients were
presented alongside a correlation matrix.",0.0,"DataCorr <- Data[, col_order]

#Correlation matrix
table1 <- apa.cor.table(DataCorr,
                        filename = ""Table8.doc"",
                        table.number = 8)",Data_Analysis_Script(1).R:29-34,1,,,,,,,
47,variable specification,Social Desirability,2.0,"col_order <- c(""QualityTot"", ""ManagerTot"", ""PeerTot"", ""LocusTot"", ""MachTot"",
               ""T1_Sex"", ""SocDesTot"", ""UnBehTot"")
DataCorr <- Data[, col_order]

#Correlation matrix
table1 <- apa.cor.table(DataCorr,
                        filename = ""Table8.doc"",
                        table.number = 8)",Data_Analysis_Script(1).R:27-34,1,,,,,,,
47,transformation,,,,,,,,,,,,
47,variable specification,Peer Influence,2.0,"col_order <- c(""QualityTot"", ""ManagerTot"", ""PeerTot"", ""LocusTot"", ""MachTot"",
               ""T1_Sex"", ""SocDesTot"", ""UnBehTot"")
DataCorr <- Data[, col_order]

#Correlation matrix
table1 <- apa.cor.table(DataCorr,
                        filename = ""Table8.doc"",
                        table.number = 8)",Data_Analysis_Script(1).R:27-34,1,,,,,,,
47,transformation,,,,,,,,,,,,
47,inference criterion,"As to be expected from the sample size, statistically significant (p < .05)",0.0,"#Correlation matrix
table1 <- apa.cor.table(DataCorr,
                        filename = ""Table8.doc"",
                        table.number = 8)",Data_Analysis_Script(1).R:31-34,1,,,,,,,
48,model specification,"First, descriptive statistics (means and standard deviations) and omega coefficients were
presented alongside a correlation matrix.",0.0,"DataCorr <- Data[, col_order]

#Correlation matrix
table1 <- apa.cor.table(DataCorr,
                        filename = ""Table8.doc"",
                        table.number = 8)",Data_Analysis_Script(1).R:29-34,1,,,,,,,
48,variable specification,Social Desirability,2.0,"col_order <- c(""QualityTot"", ""ManagerTot"", ""PeerTot"", ""LocusTot"", ""MachTot"",
               ""T1_Sex"", ""SocDesTot"", ""UnBehTot"")
DataCorr <- Data[, col_order]

#Correlation matrix
table1 <- apa.cor.table(DataCorr,
                        filename = ""Table8.doc"",
                        table.number = 8)",Data_Analysis_Script(1).R:27-34,1,,,,,,,
48,transformation,,,,,,,,,,,,
48,variable specification,Locus of Control,2.0,"col_order <- c(""QualityTot"", ""ManagerTot"", ""PeerTot"", ""LocusTot"", ""MachTot"",
               ""T1_Sex"", ""SocDesTot"", ""UnBehTot"")
DataCorr <- Data[, col_order]

#Correlation matrix
table1 <- apa.cor.table(DataCorr,
                        filename = ""Table8.doc"",
                        table.number = 8)",Data_Analysis_Script(1).R:27-34,1,,,,,,,
48,transformation,,,,,,,,,,,,
48,inference criterion,"As to be expected from the sample size, statistically significant (p < .05)",0.0,"#Correlation matrix
table1 <- apa.cor.table(DataCorr,
                        filename = ""Table8.doc"",
                        table.number = 8)",Data_Analysis_Script(1).R:31-34,1,,,,,,,
49,model specification,"First, descriptive statistics (means and standard deviations) and omega coefficients were
presented alongside a correlation matrix.",0.0,"DataCorr <- Data[, col_order]

#Correlation matrix
table1 <- apa.cor.table(DataCorr,
                        filename = ""Table8.doc"",
                        table.number = 8)",Data_Analysis_Script(1).R:29-34,1,,,,,,,
49,variable specification,Social Desirability,2.0,"col_order <- c(""QualityTot"", ""ManagerTot"", ""PeerTot"", ""LocusTot"", ""MachTot"",
               ""T1_Sex"", ""SocDesTot"", ""UnBehTot"")
DataCorr <- Data[, col_order]

#Correlation matrix
table1 <- apa.cor.table(DataCorr,
                        filename = ""Table8.doc"",
                        table.number = 8)",Data_Analysis_Script(1).R:27-34,1,,,,,,,
49,transformation,,,,,,,,,,,,
49,variable specification,Machiavellianism,2.0,"col_order <- c(""QualityTot"", ""ManagerTot"", ""PeerTot"", ""LocusTot"", ""MachTot"",
               ""T1_Sex"", ""SocDesTot"", ""UnBehTot"")
DataCorr <- Data[, col_order]

#Correlation matrix
table1 <- apa.cor.table(DataCorr,
                        filename = ""Table8.doc"",
                        table.number = 8)",Data_Analysis_Script(1).R:27-34,1,,,,,,,
49,transformation,,,,,,,,,,,,
49,inference criterion,"As to be expected from the sample size, statistically significant (p < .05)",0.0,"#Correlation matrix
table1 <- apa.cor.table(DataCorr,
                        filename = ""Table8.doc"",
                        table.number = 8)",Data_Analysis_Script(1).R:31-34,1,,,,,,,
50,model specification,"First, descriptive statistics (means and standard deviations) and omega coefficients were
presented alongside a correlation matrix.",0.0,"DataCorr <- Data[, col_order]

#Correlation matrix
table1 <- apa.cor.table(DataCorr,
                        filename = ""Table8.doc"",
                        table.number = 8)",Data_Analysis_Script(1).R:29-34,1,,,,,,,
50,variable specification,Social Desirability,2.0,"col_order <- c(""QualityTot"", ""ManagerTot"", ""PeerTot"", ""LocusTot"", ""MachTot"",
               ""T1_Sex"", ""SocDesTot"", ""UnBehTot"")
DataCorr <- Data[, col_order]

#Correlation matrix
table1 <- apa.cor.table(DataCorr,
                        filename = ""Table8.doc"",
                        table.number = 8)",Data_Analysis_Script(1).R:27-34,1,,,,,,,
50,transformation,,,,,,,,,,,,
50,variable specification,Gender,2.0,"col_order <- c(""QualityTot"", ""ManagerTot"", ""PeerTot"", ""LocusTot"", ""MachTot"",
               ""T1_Sex"", ""SocDesTot"", ""UnBehTot"")
DataCorr <- Data[, col_order]

#Correlation matrix
table1 <- apa.cor.table(DataCorr,
                        filename = ""Table8.doc"",
                        table.number = 8)",Data_Analysis_Script(1).R:27-34,1,,,,,,,
50,transformation,,,,,,,,,,,,
50,inference criterion,"As to be expected from the sample size, statistically significant (p < .05)",0.0,"#Correlation matrix
table1 <- apa.cor.table(DataCorr,
                        filename = ""Table8.doc"",
                        table.number = 8)",Data_Analysis_Script(1).R:31-34,1,,,,,,,
51,model specification,"First, descriptive statistics (means and standard deviations) and omega coefficients were
presented alongside a correlation matrix.",0.0,"DataCorr <- Data[, col_order]

#Correlation matrix
table1 <- apa.cor.table(DataCorr,
                        filename = ""Table8.doc"",
                        table.number = 8)",Data_Analysis_Script(1).R:29-34,1,,,,,,,
51,variable specification,Unethical Behavioural Intentions,2.0,"col_order <- c(""QualityTot"", ""ManagerTot"", ""PeerTot"", ""LocusTot"", ""MachTot"",
               ""T1_Sex"", ""SocDesTot"", ""UnBehTot"")
DataCorr <- Data[, col_order]

#Correlation matrix
table1 <- apa.cor.table(DataCorr,
                        filename = ""Table8.doc"",
                        table.number = 8)",Data_Analysis_Script(1).R:27-34,1,,,,,,,
51,transformation,,,,,,,,,,,,
51,variable specification,Quality of Work Environment,2.0,"col_order <- c(""QualityTot"", ""ManagerTot"", ""PeerTot"", ""LocusTot"", ""MachTot"",
               ""T1_Sex"", ""SocDesTot"", ""UnBehTot"")
DataCorr <- Data[, col_order]

#Correlation matrix
table1 <- apa.cor.table(DataCorr,
                        filename = ""Table8.doc"",
                        table.number = 8)",Data_Analysis_Script(1).R:27-34,1,,,,,,,
51,transformation,,,,,,,,,,,,
51,inference criterion,"As to be expected from the sample size, statistically significant (p < .05)",0.0,"#Correlation matrix
table1 <- apa.cor.table(DataCorr,
                        filename = ""Table8.doc"",
                        table.number = 8)",Data_Analysis_Script(1).R:31-34,1,,,,,,,
52,model specification,"First, descriptive statistics (means and standard deviations) and omega coefficients were
presented alongside a correlation matrix.",0.0,"DataCorr <- Data[, col_order]

#Correlation matrix
table1 <- apa.cor.table(DataCorr,
                        filename = ""Table8.doc"",
                        table.number = 8)",Data_Analysis_Script(1).R:29-34,1,,,,,,,
52,variable specification,Unethical Behavioural Intentions,2.0,"col_order <- c(""QualityTot"", ""ManagerTot"", ""PeerTot"", ""LocusTot"", ""MachTot"",
               ""T1_Sex"", ""SocDesTot"", ""UnBehTot"")
DataCorr <- Data[, col_order]

#Correlation matrix
table1 <- apa.cor.table(DataCorr,
                        filename = ""Table8.doc"",
                        table.number = 8)",Data_Analysis_Script(1).R:27-34,1,,,,,,,
52,transformation,,,,,,,,,,,,
52,variable specification,Manager Influence,2.0,"col_order <- c(""QualityTot"", ""ManagerTot"", ""PeerTot"", ""LocusTot"", ""MachTot"",
               ""T1_Sex"", ""SocDesTot"", ""UnBehTot"")
DataCorr <- Data[, col_order]

#Correlation matrix
table1 <- apa.cor.table(DataCorr,
                        filename = ""Table8.doc"",
                        table.number = 8)",Data_Analysis_Script(1).R:27-34,1,,,,,,,
52,transformation,,,,,,,,,,,,
52,inference criterion,"As to be expected from the sample size, statistically significant (p < .05)",0.0,"#Correlation matrix
table1 <- apa.cor.table(DataCorr,
                        filename = ""Table8.doc"",
                        table.number = 8)",Data_Analysis_Script(1).R:31-34,1,,,,,,,
53,model specification,"First, descriptive statistics (means and standard deviations) and omega coefficients were
presented alongside a correlation matrix.",0.0,"DataCorr <- Data[, col_order]

#Correlation matrix
table1 <- apa.cor.table(DataCorr,
                        filename = ""Table8.doc"",
                        table.number = 8)",Data_Analysis_Script(1).R:29-34,1,"A Pearson correlation assessed the link between observed unethical peer behaviour and social desirability in the conceptual replication. The small negative correlation (r = −.13, p < .01) suggests that those higher in socially desirable responding tended to report somewhat fewer unethical acts among peers.",Descriptive statistics for all variables are presented below ( Table 5 ) within a correlation matrix.,,"#Change column order so it presents correlation matrix in original order
col_order <- c(""QualityTot"", ""ManagerTot"", ""PeerTot"", ""LocusTot"", ""MachTot"",
               ""T1_Sex"", ""SocDesTot"", ""UnBehTot"")
DataCorr <- Data[, col_order]

#Correlation matrix
table1 <- apa.cor.table(DataCorr,
                        filename = ""Table8.doc"",
                        table.number = 8)

...

#FIRST WE MAKE A FUNCTION WHICH CREATES A DATAFRAME OF CORRELATIONS 
#BY OUTCOMES AND DATA COLLECTION GROUP
corrfunc <- function(Data)
{
  return(data.frame(cbind(n = rcorr(Data$UnBehTot, Data$LocusTot, type=c(""pearson""))$n[1,2]),
                    Sex = round(rcorr(Data$UnBehTot, Data$T1_Sex, type=c(""pearson""))$r[1,2], digits=3),
                    Machiavellianism = round(rcorr(Data$UnBehTot, Data$MachTot, type=c(""pearson""))$r[1,2], digits = 3),
                    Locus = round(rcorr(Data$UnBehTot, Data$LocusTot, type=c(""pearson""))$r[1,2], digits=3),
                    Peer = round(rcorr(Data$UnBehTot, Data$PeerTot, type=c(""pearson""))$r[1,2], digits=3),
                    Manager = round(rcorr(Data$UnBehTot, Data$ManagerTot, type=c(""pearson""))$r[1,2], digits=3),
                    Quality = round(rcorr(Data$UnBehTot, Data$QualityTot, type=c(""pearson""))$r[1,2], digits=3)
  ))
}",,1,1
53,variable specification,Unethical Behavioural Intentions,2.0,"col_order <- c(""QualityTot"", ""ManagerTot"", ""PeerTot"", ""LocusTot"", ""MachTot"",
               ""T1_Sex"", ""SocDesTot"", ""UnBehTot"")
DataCorr <- Data[, col_order]

#Correlation matrix
table1 <- apa.cor.table(DataCorr,
                        filename = ""Table8.doc"",
                        table.number = 8)",Data_Analysis_Script(1).R:27-34,1,"A Pearson correlation assessed the link between observed unethical peer behaviour and social desirability in the conceptual replication. The small negative correlation (r = −.13, p < .01) suggests that those higher in socially desirable responding tended to report somewhat fewer unethical acts among peers.","Peer Influence was captured through five questions exploring participants’ observations or knowledge of peers’ unethical workplace behaviours. The questions represent the Unethical Behaviour Toward Employees subscale developed by Kaptein ( 2008 ), chosen due to its applicability to a wide variety of workplaces and industries, and clear differentiation in focus from the outcome measurement. Social Desirability was measured through the Balanced Inventory of Desirable Responding Short Form (Hart et al., 2015 ). This 16-item scale differentiates between self-deceptive enhancement and impression management, and using a 7-point likert produces data with good psychometric properties, unlike many short forms of alternative measures (Barger, 2002 ).",,"col_order <- c(""QualityTot"", ""ManagerTot"", ""PeerTot"", ""LocusTot"", ""MachTot"",
               ""T1_Sex"", ""SocDesTot"", ""UnBehTot"")
DataCorr <- Data[, col_order]

#Correlation matrix
table1 <- apa.cor.table(DataCorr,
                        filename = ""Table8.doc"",
                        table.number = 8)",,1,1
53,transformation,,,,,,"A Pearson correlation assessed the link between observed unethical peer behaviour and social desirability in the conceptual replication. The small negative correlation (r = −.13, p < .01) suggests that those higher in socially desirable responding tended to report somewhat fewer unethical acts among peers.","One team (25) had an unintentional error whereby their quality of work experience assessment allowed participants to pick more than one response per question. To manage this, as participants could score either No (0),? (1) or Yes (3), all conflicting scores were recoded as “1” to acknowledge a mixed response. This influenced the scores of 10 participants in total.",,"#recode data suitable for analysis
Data <- Data %>% 
  # remove ""prefer not to say"" responses due to the low numbers 
  filter(T1_Sex != 1.5) %>% 
  # recode data to more traditional dummy coding 
  mutate(T1_Sex = case_when(T1_Sex == 1 ~ 0, # males
                            T1_Sex == 2 ~ 1)) # females

#Change column order so it presents correlation matrix in original order
col_order <- c(""QualityTot"", ""ManagerTot"", ""PeerTot"", ""LocusTot"", ""MachTot"",
               ""T1_Sex"", ""SocDesTot"", ""UnBehTot"")
DataCorr <- Data[, col_order]",,0,
53,variable specification,Peer Influence,2.0,"col_order <- c(""QualityTot"", ""ManagerTot"", ""PeerTot"", ""LocusTot"", ""MachTot"",
               ""T1_Sex"", ""SocDesTot"", ""UnBehTot"")
DataCorr <- Data[, col_order]

#Correlation matrix
table1 <- apa.cor.table(DataCorr,
                        filename = ""Table8.doc"",
                        table.number = 8)",Data_Analysis_Script(1).R:27-34,1,"A Pearson correlation assessed the link between observed unethical peer behaviour and social desirability in the conceptual replication. The small negative correlation (r = −.13, p < .01) suggests that those higher in socially desirable responding tended to report somewhat fewer unethical acts among peers.","Peer Influence was captured through five questions exploring participants’ observations or knowledge of peers’ unethical workplace behaviours. The questions represent the Unethical Behaviour Toward Employees subscale developed by Kaptein ( 2008 ), chosen due to its applicability to a wide variety of workplaces and industries, and clear differentiation in focus from the outcome measurement. Social Desirability was measured through the Balanced Inventory of Desirable Responding Short Form (Hart et al., 2015 ). This 16-item scale differentiates between self-deceptive enhancement and impression management, and using a 7-point likert produces data with good psychometric properties, unlike many short forms of alternative measures (Barger, 2002 ).",,"col_order <- c(""QualityTot"", ""ManagerTot"", ""PeerTot"", ""LocusTot"", ""MachTot"",
               ""T1_Sex"", ""SocDesTot"", ""UnBehTot"")
DataCorr <- Data[, col_order]

#Correlation matrix
table1 <- apa.cor.table(DataCorr,
                        filename = ""Table8.doc"",
                        table.number = 8)",,1,1
53,transformation,,,,,,"A Pearson correlation assessed the link between observed unethical peer behaviour and social desirability in the conceptual replication. The small negative correlation (r = −.13, p < .01) suggests that those higher in socially desirable responding tended to report somewhat fewer unethical acts among peers.","One team (25) had an unintentional error whereby their quality of work experience assessment allowed participants to pick more than one response per question. To manage this, as participants could score either No (0),? (1) or Yes (3), all conflicting scores were recoded as “1” to acknowledge a mixed response. This influenced the scores of 10 participants in total.",,"#recode data suitable for analysis
Data <- Data %>% 
  # remove ""prefer not to say"" responses due to the low numbers 
  filter(T1_Sex != 1.5) %>% 
  # recode data to more traditional dummy coding 
  mutate(T1_Sex = case_when(T1_Sex == 1 ~ 0, # males
                            T1_Sex == 2 ~ 1)) # females

#Change column order so it presents correlation matrix in original order
col_order <- c(""QualityTot"", ""ManagerTot"", ""PeerTot"", ""LocusTot"", ""MachTot"",
               ""T1_Sex"", ""SocDesTot"", ""UnBehTot"")
DataCorr <- Data[, col_order]",,0,
53,inference criterion,"As to be expected from the sample size, statistically significant (p < .05)",0.0,"#Correlation matrix
table1 <- apa.cor.table(DataCorr,
                        filename = ""Table8.doc"",
                        table.number = 8)",Data_Analysis_Script(1).R:31-34,1,"A Pearson correlation assessed the link between observed unethical peer behaviour and social desirability in the conceptual replication. The small negative correlation (r = −.13, p < .01) suggests that those higher in socially desirable responding tended to report somewhat fewer unethical acts among peers.","Descriptive statistics for all variables are presented below ( Table 5 ) within a correlation matrix. As to be expected from the sample size, statistically significant ( p < .05) relationships were found between the unethical behaviour outcome and all predictors.",,"#Change column order so it presents correlation matrix in original order
col_order <- c(""QualityTot"", ""ManagerTot"", ""PeerTot"", ""LocusTot"", ""MachTot"",
               ""T1_Sex"", ""SocDesTot"", ""UnBehTot"")
DataCorr <- Data[, col_order]

#Correlation matrix
table1 <- apa.cor.table(DataCorr,
                        filename = ""Table8.doc"",
                        table.number = 8)",,1,1
54,model specification,"First, descriptive statistics (means and standard deviations) and omega coefficients were
presented alongside a correlation matrix.",0.0,"DataCorr <- Data[, col_order]

#Correlation matrix
table1 <- apa.cor.table(DataCorr,
                        filename = ""Table8.doc"",
                        table.number = 8)",Data_Analysis_Script(1).R:29-34,1,,,,,,,
54,variable specification,Unethical Behavioural Intentions,2.0,"col_order <- c(""QualityTot"", ""ManagerTot"", ""PeerTot"", ""LocusTot"", ""MachTot"",
               ""T1_Sex"", ""SocDesTot"", ""UnBehTot"")
DataCorr <- Data[, col_order]

#Correlation matrix
table1 <- apa.cor.table(DataCorr,
                        filename = ""Table8.doc"",
                        table.number = 8)",Data_Analysis_Script(1).R:27-34,1,,,,,,,
54,transformation,,,,,,,,,,,,
54,variable specification,Locus of Control,2.0,"col_order <- c(""QualityTot"", ""ManagerTot"", ""PeerTot"", ""LocusTot"", ""MachTot"",
               ""T1_Sex"", ""SocDesTot"", ""UnBehTot"")
DataCorr <- Data[, col_order]

#Correlation matrix
table1 <- apa.cor.table(DataCorr,
                        filename = ""Table8.doc"",
                        table.number = 8)",Data_Analysis_Script(1).R:27-34,1,,,,,,,
54,transformation,,,,,,,,,,,,
54,inference criterion,"As to be expected from the sample size, statistically significant (p < .05)",0.0,"#Correlation matrix
table1 <- apa.cor.table(DataCorr,
                        filename = ""Table8.doc"",
                        table.number = 8)",Data_Analysis_Script(1).R:31-34,1,,,,,,,
55,model specification,"First, descriptive statistics (means and standard deviations) and omega coefficients were
presented alongside a correlation matrix.",0.0,"DataCorr <- Data[, col_order]

#Correlation matrix
table1 <- apa.cor.table(DataCorr,
                        filename = ""Table8.doc"",
                        table.number = 8)",Data_Analysis_Script(1).R:29-34,1,,,,,,,
55,variable specification,Unethical Behavioural Intentions,2.0,"col_order <- c(""QualityTot"", ""ManagerTot"", ""PeerTot"", ""LocusTot"", ""MachTot"",
               ""T1_Sex"", ""SocDesTot"", ""UnBehTot"")
DataCorr <- Data[, col_order]

#Correlation matrix
table1 <- apa.cor.table(DataCorr,
                        filename = ""Table8.doc"",
                        table.number = 8)",Data_Analysis_Script(1).R:27-34,1,,,,,,,
55,transformation,,,,,,,,,,,,
55,variable specification,Machiavellianism,2.0,"col_order <- c(""QualityTot"", ""ManagerTot"", ""PeerTot"", ""LocusTot"", ""MachTot"",
               ""T1_Sex"", ""SocDesTot"", ""UnBehTot"")
DataCorr <- Data[, col_order]

#Correlation matrix
table1 <- apa.cor.table(DataCorr,
                        filename = ""Table8.doc"",
                        table.number = 8)",Data_Analysis_Script(1).R:27-34,1,,,,,,,
55,transformation,,,,,,,,,,,,
55,inference criterion,"As to be expected from the sample size, statistically significant (p < .05)",0.0,"#Correlation matrix
table1 <- apa.cor.table(DataCorr,
                        filename = ""Table8.doc"",
                        table.number = 8)",Data_Analysis_Script(1).R:31-34,1,,,,,,,
56,model specification,"First, descriptive statistics (means and standard deviations) and omega coefficients were
presented alongside a correlation matrix.",0.0,"DataCorr <- Data[, col_order]

#Correlation matrix
table1 <- apa.cor.table(DataCorr,
                        filename = ""Table8.doc"",
                        table.number = 8)",Data_Analysis_Script(1).R:29-34,1,"A Pearson correlation examined the relation between Machiavellianism and social desirability in the direct replication sample. The substantial negative correlation (r = −.39, p < .01) suggests that higher Machiavellianism was strongly associated with lower socially desirable responding.","Table 3. Direct replication: means, standard deviations, and correlations (* = p < .05; **= p < .01).
...
7. Social Desirability 30.51 4.31 .50 −.02 −.06* .01 −.25** −.39** −.01",,"#Correlation matrix
#Creates an APA correlation matrix and saves it in your working directory as a document
table1 <- apa.cor.table(DataCorr,
                        filename = ""Table3.doc"",
                        table.number = 3)

corrfunc <- function(Data)
{
  return(data.frame(cbind(n = rcorr(Data$BehIntTot, Data$LOCTot, type=c(""pearson""))$n[1,2]),
                    Sex = round(rcorr(Data$BehIntTot, Data$Sex, type=c(""pearson""))$r[1,2], digits=3),
                    Machiavellianism = round(rcorr(Data$BehIntTot, Data$MachTot, type=c(""pearson""))$r[1,2], digits = 3),
                    Locus = round(rcorr(Data$BehIntTot, Data$LOCTot, type=c(""pearson""))$r[1,2], digits=3),
                    Peer = round(rcorr(Data$BehIntTot, Data$PI, type=c(""pearson""))$r[1,2], digits=3),
                    Manager = round(rcorr(Data$BehIntTot, Data$MI, type=c(""pearson""))$r[1,2], digits=3),
                    Quality = round(rcorr(Data$BehIntTot, Data$QWE, type=c(""pearson""))$r[1,2], digits=3)
  ))
}",,1,1
56,variable specification,Unethical Behavioural Intentions,2.0,"col_order <- c(""QualityTot"", ""ManagerTot"", ""PeerTot"", ""LocusTot"", ""MachTot"",
               ""T1_Sex"", ""SocDesTot"", ""UnBehTot"")
DataCorr <- Data[, col_order]

#Correlation matrix
table1 <- apa.cor.table(DataCorr,
                        filename = ""Table8.doc"",
                        table.number = 8)",Data_Analysis_Script(1).R:27-34,1,"A Pearson correlation examined the relation between Machiavellianism and social desirability in the direct replication sample. The substantial negative correlation (r = −.39, p < .01) suggests that higher Machiavellianism was strongly associated with lower socially desirable responding.","Locus of Control, Machiavellianism, and Social Desirability – Concurrent with the original study, ten items of the Rotter ( 1966 ), Christie and Geis ( 1970 ) and Crowne and Marlowe ( 1960 ) scales (respectively) were adopted using a 5-point likert scale response.

Table 3. Direct replication: means, standard deviations, and correlations (* = p < .05; **= p < .01).
Variable M SD Omega 1 2 3 4 5 6 7
1. Quality of Work Environment 0.49 0.50
2. Manager Influence 0.50 0.50 −.01
3. Peer Influence 0.51 0.50 .01 −.01
4. Locus of Control 28.42 4.90 .72 −.01 .01 .04
5. Machiavellianism 26.20 4.93 .74 .01 .01 .03 .33**
6. Gender 0.67 0.47 .00 −.01 −.02 −.01 −.12**
7. Social Desirability 30.51 4.31 .50 −.02 −.06* .01 −.25** −.39** −.01
8. Unethical Behavioural Intentions 9.93 3.86 .90 −.05* .07** .06* .14** .29** −.15** −.20**",,"#Change column order so it presents correlation matrix in original order
col_order <- c(""QWE"", ""MI"", ""PI"", ""LOCTot"", ""MachTot"",
               ""Sex"", ""SocDesTot"", ""BehIntTot"")
DataCorr <- Data[, col_order]

#Correlation matrix
#Creates an APA correlation matrix and saves it in your working directory as a document
table1 <- apa.cor.table(DataCorr,
                        filename = ""Table3.doc"",
                        table.number = 3)",,1,1
56,transformation,,,,,,"A Pearson correlation examined the relation between Machiavellianism and social desirability in the direct replication sample. The substantial negative correlation (r = −.39, p < .01) suggests that higher Machiavellianism was strongly associated with lower socially desirable responding.","Concurrent with the original study, ten items of the Rotter (1966), Christie and Geis (1970) and Crowne and Marlowe (1960) scales (respectively) were adopted using a 5-point likert scale response. ... The categorical independent variables (quality of work experience, peer influence, managerial influence and gender) were dummy coded before being regressed upon behavioural intention alongside Machiavellianism and locus of control total scores.",,"##Analysis

#recode data suitable for analysis
Data <- Data %>% filter(Sex == ""Male"" | Sex == ""Female"")

#recode Sex variable from labels to numeric values
Data <- Data %>% mutate_at(vars(Sex),
                           list(
                             ~ recode(.,
                                      `Male` = 0,
                                      `I do not wish to identify as either` = 0.5,
                                      `Female` = 1)))

#recode quality of workplace variable from labels to numeric values
Data <- Data %>% mutate_at(vars(QWE),
                           list(
                             ~ recode(.,
                                      `low` = 0,
                                      `high` = 1)))
#recode both manager influence and peer influence variables from labels to numeric values
Data <- Data %>% mutate_at(vars(MI, PI),
                           list(
                             ~ recode(.,
                                      `ethical` = 0,
                                      `unethical` = 1)))

#Change column order so it presents correlation matrix in original order
col_order <- c(""QWE"", ""MI"", ""PI"", ""LOCTot"", ""MachTot"",
               ""Sex"", ""SocDesTot"", ""BehIntTot"")
DataCorr <- Data[, col_order]

#Correlation matrix
#Creates an APA correlation matrix and saves it in your working directory as a document
table1 <- apa.cor.table(DataCorr,
                        filename = ""Table3.doc"",
                        table.number = 3)",,,
56,variable specification,Gender,2.0,"col_order <- c(""QualityTot"", ""ManagerTot"", ""PeerTot"", ""LocusTot"", ""MachTot"",
               ""T1_Sex"", ""SocDesTot"", ""UnBehTot"")
DataCorr <- Data[, col_order]

#Correlation matrix
table1 <- apa.cor.table(DataCorr,
                        filename = ""Table8.doc"",
                        table.number = 8)",Data_Analysis_Script(1).R:27-34,1,"A Pearson correlation examined the relation between Machiavellianism and social desirability in the direct replication sample. The substantial negative correlation (r = −.39, p < .01) suggests that higher Machiavellianism was strongly associated with lower socially desirable responding.","Locus of Control, Machiavellianism, and Social Desirability – Concurrent with the original study, ten items of the Rotter ( 1966 ), Christie and Geis ( 1970 ) and Crowne and Marlowe ( 1960 ) scales (respectively) were adopted using a 5-point likert scale response.

Table 3. Direct replication: means, standard deviations, and correlations (* = p < .05; **= p < .01).
Variable M SD Omega 1 2 3 4 5 6 7
1. Quality of Work Environment 0.49 0.50
2. Manager Influence 0.50 0.50 −.01
3. Peer Influence 0.51 0.50 .01 −.01
4. Locus of Control 28.42 4.90 .72 −.01 .01 .04
5. Machiavellianism 26.20 4.93 .74 .01 .01 .03 .33**
6. Gender 0.67 0.47 .00 −.01 −.02 −.01 −.12**
7. Social Desirability 30.51 4.31 .50 −.02 −.06* .01 −.25** −.39** −.01
8. Unethical Behavioural Intentions 9.93 3.86 .90 −.05* .07** .06* .14** .29** −.15** −.20**",,"#Change column order so it presents correlation matrix in original order
col_order <- c(""QWE"", ""MI"", ""PI"", ""LOCTot"", ""MachTot"",
               ""Sex"", ""SocDesTot"", ""BehIntTot"")
DataCorr <- Data[, col_order]

#Correlation matrix
#Creates an APA correlation matrix and saves it in your working directory as a document
table1 <- apa.cor.table(DataCorr,
                        filename = ""Table3.doc"",
                        table.number = 3)",,1,1
56,transformation,,,,,,"A Pearson correlation examined the relation between Machiavellianism and social desirability in the direct replication sample. The substantial negative correlation (r = −.39, p < .01) suggests that higher Machiavellianism was strongly associated with lower socially desirable responding.","Concurrent with the original study, ten items of the Rotter (1966), Christie and Geis (1970) and Crowne and Marlowe (1960) scales (respectively) were adopted using a 5-point likert scale response. ... The categorical independent variables (quality of work experience, peer influence, managerial influence and gender) were dummy coded before being regressed upon behavioural intention alongside Machiavellianism and locus of control total scores.",,"##Analysis

#recode data suitable for analysis
Data <- Data %>% filter(Sex == ""Male"" | Sex == ""Female"")

#recode Sex variable from labels to numeric values
Data <- Data %>% mutate_at(vars(Sex),
                           list(
                             ~ recode(.,
                                      `Male` = 0,
                                      `I do not wish to identify as either` = 0.5,
                                      `Female` = 1)))

#recode quality of workplace variable from labels to numeric values
Data <- Data %>% mutate_at(vars(QWE),
                           list(
                             ~ recode(.,
                                      `low` = 0,
                                      `high` = 1)))
#recode both manager influence and peer influence variables from labels to numeric values
Data <- Data %>% mutate_at(vars(MI, PI),
                           list(
                             ~ recode(.,
                                      `ethical` = 0,
                                      `unethical` = 1)))

#Change column order so it presents correlation matrix in original order
col_order <- c(""QWE"", ""MI"", ""PI"", ""LOCTot"", ""MachTot"",
               ""Sex"", ""SocDesTot"", ""BehIntTot"")
DataCorr <- Data[, col_order]

#Correlation matrix
#Creates an APA correlation matrix and saves it in your working directory as a document
table1 <- apa.cor.table(DataCorr,
                        filename = ""Table3.doc"",
                        table.number = 3)",,,
56,inference criterion,"As to be expected from the sample size, statistically significant (p < .05)",0.0,"#Correlation matrix
table1 <- apa.cor.table(DataCorr,
                        filename = ""Table8.doc"",
                        table.number = 8)",Data_Analysis_Script(1).R:31-34,1,"A Pearson correlation examined the relation between Machiavellianism and social desirability in the direct replication sample. The substantial negative correlation (r = −.39, p < .01) suggests that higher Machiavellianism was strongly associated with lower socially desirable responding.","Table 3. Direct replication: means, standard deviations, and correlations (* = p < .05; **= p < .01).

""Using a power calculation in R, as reported in the power analysis code document on the OSF project page, the number of participants required to observe this effect with 80% power and alpha of .05 is 1799.""",,"#Correlation matrix
#Creates an APA correlation matrix and saves it in your working directory as a document
table1 <- apa.cor.table(DataCorr,
                        filename = ""Table3.doc"",
                        table.number = 3)",,,
57,model specification,"First, descriptive statistics (means and standard deviations) and omega coefficients were
presented alongside a correlation matrix.",0.0,"DataCorr <- Data[, col_order]

#Correlation matrix
table1 <- apa.cor.table(DataCorr,
                        filename = ""Table8.doc"",
                        table.number = 8)",Data_Analysis_Script(1).R:29-34,1,,,,,,,
57,variable specification,Unethical Behavioural Intentions,2.0,"col_order <- c(""QualityTot"", ""ManagerTot"", ""PeerTot"", ""LocusTot"", ""MachTot"",
               ""T1_Sex"", ""SocDesTot"", ""UnBehTot"")
DataCorr <- Data[, col_order]

#Correlation matrix
table1 <- apa.cor.table(DataCorr,
                        filename = ""Table8.doc"",
                        table.number = 8)",Data_Analysis_Script(1).R:27-34,1,,,,,,,
57,transformation,,,,,,,,,,,,
57,variable specification,Social Desirability,2.0,"col_order <- c(""QualityTot"", ""ManagerTot"", ""PeerTot"", ""LocusTot"", ""MachTot"",
               ""T1_Sex"", ""SocDesTot"", ""UnBehTot"")
DataCorr <- Data[, col_order]

#Correlation matrix
table1 <- apa.cor.table(DataCorr,
                        filename = ""Table8.doc"",
                        table.number = 8)",Data_Analysis_Script(1).R:27-34,1,,,,,,,
57,transformation,,,,,,,,,,,,
57,inference criterion,"As to be expected from the sample size, statistically significant (p < .05)",0.0,"#Correlation matrix
table1 <- apa.cor.table(DataCorr,
                        filename = ""Table8.doc"",
                        table.number = 8)",Data_Analysis_Script(1).R:31-34,1,,,,,,,
58,model specification,"Second, as before, a multiple regression was
conducted to predict unethical workplace behaviours from the time 1 measures. ",0.0,"#regression analysis
Reg <- lm(UnBehTot ~ QualityTot + ManagerTot + PeerTot + LocusTot + MachTot + T1_Sex,
          data = DataCorr)",Data_Analysis_Script(1).R:36-38,1,"A multiple linear regression predicted unethical workplace behaviour (self-reported frequency of 17 unethical acts) from job satisfaction, ethical leadership (manager influence), observed unethical peer behaviour, work locus of control, Machiavellianism, and gender. In this model, peer influence, Machiavellianism, and gender (male higher) had significant unique effects, whereas job satisfaction, manager influence, and locus of control confidence intervals overlapped zero; overall the model explained about 16% of the variance in unethical behaviour (R² = .163, p < .01).","Second, as before, a multiple regression was conducted to predict unethical workplace behaviours from the time 1 measures. ... Third, a multiple regression was conducted and reported in full below in Table 6.",,"#regression analysis
Reg <- lm(UnBehTot ~ QualityTot + ManagerTot + PeerTot + LocusTot + MachTot + T1_Sex,
          data = DataCorr)

...

#RUN A MIXED EFFECTS REGRESSION MODEL WITH DATA COLLECTION GROUP AS A RANDOM FACTOR 
reg_mixed = lmer(UnBehTot ~ QualityTot + ManagerTot + PeerTot + LocusTot + MachTot + T1_Sex + (1| Dyad), 
                 data = Data)",,1,1
58,variable specification,Quality of Work Experience,2.0,"#regression analysis
Reg <- lm(UnBehTot ~ QualityTot + ManagerTot + PeerTot + LocusTot + MachTot + T1_Sex,
          data = DataCorr)",Data_Analysis_Script(1).R:36-38,1,"A multiple linear regression predicted unethical workplace behaviour (self-reported frequency of 17 unethical acts) from job satisfaction, ethical leadership (manager influence), observed unethical peer behaviour, work locus of control, Machiavellianism, and gender. In this model, peer influence, Machiavellianism, and gender (male higher) had significant unique effects, whereas job satisfaction, manager influence, and locus of control confidence intervals overlapped zero; overall the model explained about 16% of the variance in unethical behaviour (R² = .163, p < .01).","Second, as before, a multiple regression was conducted to predict unethical workplace behaviours from the time 1 measures.

Table 6. Conceptual replication: regression results using unethical behaviour as the criterion.

Table 6. Conceptual replication: regression results using unethical behaviour as the criterion.
Predictor b
b 95% CI
[LL, UL] beta
beta 95% CI
[LL, UL] sr2
sr2 95% CI
[LL, UL] r Fit
(Intercept) 11.50** [5.72, 17.28]
Quality of Work Experience 0.02 [−0.03, 0.08] 0.03 [−0.03, 0.08] .00 [−.00, .00] −.14**
Manager Influence −0.04 [−0.09, 0.02] −0.04 [−0.09, 0.02] .00 [−.00, .00] −.19**
Peer Influence 0.51** [0.41, 0.61] 0.24 [0.20, 0.29] .05 [.03, .07] .30**
Locus of Control −0.03 [−0.09, 0.03] −0.03 [−0.08, 0.02] .00 [−.00, .00] .13**
Machiavellianism 0.26** [0.20, 0.32] 0.24 [0.19, 0.29] .04 [.02, .06] .30**
Gender −3.07** [−4.17, −1.98] −0.12 [−0.17, −0.08] .01 [.00, .03] −.15**
R2 = .163**",,"#Change column order so it presents correlation matrix in original order
col_order <- c(""QualityTot"", ""ManagerTot"", ""PeerTot"", ""LocusTot"", ""MachTot"",
               ""T1_Sex"", ""SocDesTot"", ""UnBehTot"")
DataCorr <- Data[, col_order]

#regression analysis
Reg <- lm(UnBehTot ~ QualityTot + ManagerTot + PeerTot + LocusTot + MachTot + T1_Sex,
          data = DataCorr)

#RUN A MIXED EFFECTS REGRESSION MODEL WITH DATA COLLECTION GROUP AS A RANDOM FACTOR 
reg_mixed = lmer(UnBehTot ~ QualityTot + ManagerTot + PeerTot + LocusTot + MachTot + T1_Sex + (1| Dyad), 
                 data = Data)",,1,1
58,transformation,,,,,,"A multiple linear regression predicted unethical workplace behaviour (self-reported frequency of 17 unethical acts) from job satisfaction, ethical leadership (manager influence), observed unethical peer behaviour, work locus of control, Machiavellianism, and gender. In this model, peer influence, Machiavellianism, and gender (male higher) had significant unique effects, whereas job satisfaction, manager influence, and locus of control confidence intervals overlapped zero; overall the model explained about 16% of the variance in unethical behaviour (R² = .163, p < .01).","Machiavellianism was presented through the Mach IV (Christie & Geis, 1970 ). There were twenty items responded to on a 7-point likert, some of which were altered from the original to refer to “people” rather than “men” (Miller et al., 2019 ). Due to the concerns surrounding factor structure, the full 20-item scale was adopted and used to create a total score, allowing the opportunity for subsequent secondary analyses to consider alternative structures (e.g. Rauthmann, 2013 ).

Quality of Work Experience was considered through the lens of job satisfaction. This was captured through the Job in General scale (Ironson et al., 1989 ), chosen due the applicability to any job type and preferable psychometric properties of the data it produces compared to alternative short job satisfaction measures (Van Saane et al., 2003 ). Eighteen adjectives to describe a participants work e.g. pleasant and enjoyable, were rated and scored according to original instructions: No (0),? (1) or Yes (3).

Unethical Workplace Behaviours were captured at time 2 through participants’ declarations of use of 17 unethical behaviours as developed by Newstrom and Ruch ( 1975 ) and commonly attributed to Akaah ( 1992 ). These items were deemed the most relevant due to their applicability to remote and face-to-face work, and a critical review of the field which declared the items to be “the most conceptually clear and comprehensive measure of employee unethical behaviours” (Wiernik & Ones, 2018 , p. 42). Responses were captured through a 7-point likert scale with only anchors of “Never” and “Frequently,” in-line with practices which maximise self-reporting of unethical work behaviours (Wouters et al., 2014 ).

One team (25) had an unintentional error whereby their quality of work experience assessment allowed participants to pick more than one response per question. To manage this, as participants could score either No (0),? (1) or Yes (3), all conflicting scores were recoded as “1” to acknowledge a mixed response. This influenced the scores of 10 participants in total.",,"#recode data suitable for analysis
Data <- Data %>% 
  # remove ""prefer not to say"" responses due to the low numbers 
  filter(T1_Sex != 1.5) %>% 
  # recode data to more traditional dummy coding 
  mutate(T1_Sex = case_when(T1_Sex == 1 ~ 0, # males
                            T1_Sex == 2 ~ 1)) # females

#Change column order so it presents correlation matrix in original order
col_order <- c(""QualityTot"", ""ManagerTot"", ""PeerTot"", ""LocusTot"", ""MachTot"",
               ""T1_Sex"", ""SocDesTot"", ""UnBehTot"")
DataCorr <- Data[, col_order]
...
#Removing data collection groups with less than 4 participants (necessary for the heatmap to work!) 
Data <- Data %>% filter(Dyad != 18)
...
#FIRST WE MAKE SURE THAT THE DATA COLLECTION GROUP VARIABLE IS A FACTOR
Data$Dyad <- factor(Data$Dyad)",,,
58,variable specification,Manager Influence,2.0,"#regression analysis
Reg <- lm(UnBehTot ~ QualityTot + ManagerTot + PeerTot + LocusTot + MachTot + T1_Sex,
          data = DataCorr)",Data_Analysis_Script(1).R:36-38,1,"A multiple linear regression predicted unethical workplace behaviour (self-reported frequency of 17 unethical acts) from job satisfaction, ethical leadership (manager influence), observed unethical peer behaviour, work locus of control, Machiavellianism, and gender. In this model, peer influence, Machiavellianism, and gender (male higher) had significant unique effects, whereas job satisfaction, manager influence, and locus of control confidence intervals overlapped zero; overall the model explained about 16% of the variance in unethical behaviour (R² = .163, p < .01).","Second, as before, a multiple regression was conducted to predict unethical workplace behaviours from the time 1 measures.

Table 6. Conceptual replication: regression results using unethical behaviour as the criterion.

Table 6. Conceptual replication: regression results using unethical behaviour as the criterion.
Predictor b
b 95% CI
[LL, UL] beta
beta 95% CI
[LL, UL] sr2
sr2 95% CI
[LL, UL] r Fit
(Intercept) 11.50** [5.72, 17.28]
Quality of Work Experience 0.02 [−0.03, 0.08] 0.03 [−0.03, 0.08] .00 [−.00, .00] −.14**
Manager Influence −0.04 [−0.09, 0.02] −0.04 [−0.09, 0.02] .00 [−.00, .00] −.19**
Peer Influence 0.51** [0.41, 0.61] 0.24 [0.20, 0.29] .05 [.03, .07] .30**
Locus of Control −0.03 [−0.09, 0.03] −0.03 [−0.08, 0.02] .00 [−.00, .00] .13**
Machiavellianism 0.26** [0.20, 0.32] 0.24 [0.19, 0.29] .04 [.02, .06] .30**
Gender −3.07** [−4.17, −1.98] −0.12 [−0.17, −0.08] .01 [.00, .03] −.15**
R2 = .163**",,"#Change column order so it presents correlation matrix in original order
col_order <- c(""QualityTot"", ""ManagerTot"", ""PeerTot"", ""LocusTot"", ""MachTot"",
               ""T1_Sex"", ""SocDesTot"", ""UnBehTot"")
DataCorr <- Data[, col_order]

#regression analysis
Reg <- lm(UnBehTot ~ QualityTot + ManagerTot + PeerTot + LocusTot + MachTot + T1_Sex,
          data = DataCorr)

#RUN A MIXED EFFECTS REGRESSION MODEL WITH DATA COLLECTION GROUP AS A RANDOM FACTOR 
reg_mixed = lmer(UnBehTot ~ QualityTot + ManagerTot + PeerTot + LocusTot + MachTot + T1_Sex + (1| Dyad), 
                 data = Data)",,1,1
58,transformation,,,,,,"A multiple linear regression predicted unethical workplace behaviour (self-reported frequency of 17 unethical acts) from job satisfaction, ethical leadership (manager influence), observed unethical peer behaviour, work locus of control, Machiavellianism, and gender. In this model, peer influence, Machiavellianism, and gender (male higher) had significant unique effects, whereas job satisfaction, manager influence, and locus of control confidence intervals overlapped zero; overall the model explained about 16% of the variance in unethical behaviour (R² = .163, p < .01).","Machiavellianism was presented through the Mach IV (Christie & Geis, 1970 ). There were twenty items responded to on a 7-point likert, some of which were altered from the original to refer to “people” rather than “men” (Miller et al., 2019 ). Due to the concerns surrounding factor structure, the full 20-item scale was adopted and used to create a total score, allowing the opportunity for subsequent secondary analyses to consider alternative structures (e.g. Rauthmann, 2013 ).

Quality of Work Experience was considered through the lens of job satisfaction. This was captured through the Job in General scale (Ironson et al., 1989 ), chosen due the applicability to any job type and preferable psychometric properties of the data it produces compared to alternative short job satisfaction measures (Van Saane et al., 2003 ). Eighteen adjectives to describe a participants work e.g. pleasant and enjoyable, were rated and scored according to original instructions: No (0),? (1) or Yes (3).

Unethical Workplace Behaviours were captured at time 2 through participants’ declarations of use of 17 unethical behaviours as developed by Newstrom and Ruch ( 1975 ) and commonly attributed to Akaah ( 1992 ). These items were deemed the most relevant due to their applicability to remote and face-to-face work, and a critical review of the field which declared the items to be “the most conceptually clear and comprehensive measure of employee unethical behaviours” (Wiernik & Ones, 2018 , p. 42). Responses were captured through a 7-point likert scale with only anchors of “Never” and “Frequently,” in-line with practices which maximise self-reporting of unethical work behaviours (Wouters et al., 2014 ).

One team (25) had an unintentional error whereby their quality of work experience assessment allowed participants to pick more than one response per question. To manage this, as participants could score either No (0),? (1) or Yes (3), all conflicting scores were recoded as “1” to acknowledge a mixed response. This influenced the scores of 10 participants in total.",,"#recode data suitable for analysis
Data <- Data %>% 
  # remove ""prefer not to say"" responses due to the low numbers 
  filter(T1_Sex != 1.5) %>% 
  # recode data to more traditional dummy coding 
  mutate(T1_Sex = case_when(T1_Sex == 1 ~ 0, # males
                            T1_Sex == 2 ~ 1)) # females

#Change column order so it presents correlation matrix in original order
col_order <- c(""QualityTot"", ""ManagerTot"", ""PeerTot"", ""LocusTot"", ""MachTot"",
               ""T1_Sex"", ""SocDesTot"", ""UnBehTot"")
DataCorr <- Data[, col_order]
...
#Removing data collection groups with less than 4 participants (necessary for the heatmap to work!) 
Data <- Data %>% filter(Dyad != 18)
...
#FIRST WE MAKE SURE THAT THE DATA COLLECTION GROUP VARIABLE IS A FACTOR
Data$Dyad <- factor(Data$Dyad)",,,
58,variable specification,Peer Influence,2.0,"#regression analysis
Reg <- lm(UnBehTot ~ QualityTot + ManagerTot + PeerTot + LocusTot + MachTot + T1_Sex,
          data = DataCorr)",Data_Analysis_Script(1).R:36-38,1,"A multiple linear regression predicted unethical workplace behaviour (self-reported frequency of 17 unethical acts) from job satisfaction, ethical leadership (manager influence), observed unethical peer behaviour, work locus of control, Machiavellianism, and gender. In this model, peer influence, Machiavellianism, and gender (male higher) had significant unique effects, whereas job satisfaction, manager influence, and locus of control confidence intervals overlapped zero; overall the model explained about 16% of the variance in unethical behaviour (R² = .163, p < .01).","Second, as before, a multiple regression was conducted to predict unethical workplace behaviours from the time 1 measures.

Table 6. Conceptual replication: regression results using unethical behaviour as the criterion.

Table 6. Conceptual replication: regression results using unethical behaviour as the criterion.
Predictor b
b 95% CI
[LL, UL] beta
beta 95% CI
[LL, UL] sr2
sr2 95% CI
[LL, UL] r Fit
(Intercept) 11.50** [5.72, 17.28]
Quality of Work Experience 0.02 [−0.03, 0.08] 0.03 [−0.03, 0.08] .00 [−.00, .00] −.14**
Manager Influence −0.04 [−0.09, 0.02] −0.04 [−0.09, 0.02] .00 [−.00, .00] −.19**
Peer Influence 0.51** [0.41, 0.61] 0.24 [0.20, 0.29] .05 [.03, .07] .30**
Locus of Control −0.03 [−0.09, 0.03] −0.03 [−0.08, 0.02] .00 [−.00, .00] .13**
Machiavellianism 0.26** [0.20, 0.32] 0.24 [0.19, 0.29] .04 [.02, .06] .30**
Gender −3.07** [−4.17, −1.98] −0.12 [−0.17, −0.08] .01 [.00, .03] −.15**
R2 = .163**",,"#Change column order so it presents correlation matrix in original order
col_order <- c(""QualityTot"", ""ManagerTot"", ""PeerTot"", ""LocusTot"", ""MachTot"",
               ""T1_Sex"", ""SocDesTot"", ""UnBehTot"")
DataCorr <- Data[, col_order]

#regression analysis
Reg <- lm(UnBehTot ~ QualityTot + ManagerTot + PeerTot + LocusTot + MachTot + T1_Sex,
          data = DataCorr)

#RUN A MIXED EFFECTS REGRESSION MODEL WITH DATA COLLECTION GROUP AS A RANDOM FACTOR 
reg_mixed = lmer(UnBehTot ~ QualityTot + ManagerTot + PeerTot + LocusTot + MachTot + T1_Sex + (1| Dyad), 
                 data = Data)",,1,1
58,transformation,,,,,,"A multiple linear regression predicted unethical workplace behaviour (self-reported frequency of 17 unethical acts) from job satisfaction, ethical leadership (manager influence), observed unethical peer behaviour, work locus of control, Machiavellianism, and gender. In this model, peer influence, Machiavellianism, and gender (male higher) had significant unique effects, whereas job satisfaction, manager influence, and locus of control confidence intervals overlapped zero; overall the model explained about 16% of the variance in unethical behaviour (R² = .163, p < .01).","Machiavellianism was presented through the Mach IV (Christie & Geis, 1970 ). There were twenty items responded to on a 7-point likert, some of which were altered from the original to refer to “people” rather than “men” (Miller et al., 2019 ). Due to the concerns surrounding factor structure, the full 20-item scale was adopted and used to create a total score, allowing the opportunity for subsequent secondary analyses to consider alternative structures (e.g. Rauthmann, 2013 ).

Quality of Work Experience was considered through the lens of job satisfaction. This was captured through the Job in General scale (Ironson et al., 1989 ), chosen due the applicability to any job type and preferable psychometric properties of the data it produces compared to alternative short job satisfaction measures (Van Saane et al., 2003 ). Eighteen adjectives to describe a participants work e.g. pleasant and enjoyable, were rated and scored according to original instructions: No (0),? (1) or Yes (3).

Unethical Workplace Behaviours were captured at time 2 through participants’ declarations of use of 17 unethical behaviours as developed by Newstrom and Ruch ( 1975 ) and commonly attributed to Akaah ( 1992 ). These items were deemed the most relevant due to their applicability to remote and face-to-face work, and a critical review of the field which declared the items to be “the most conceptually clear and comprehensive measure of employee unethical behaviours” (Wiernik & Ones, 2018 , p. 42). Responses were captured through a 7-point likert scale with only anchors of “Never” and “Frequently,” in-line with practices which maximise self-reporting of unethical work behaviours (Wouters et al., 2014 ).

One team (25) had an unintentional error whereby their quality of work experience assessment allowed participants to pick more than one response per question. To manage this, as participants could score either No (0),? (1) or Yes (3), all conflicting scores were recoded as “1” to acknowledge a mixed response. This influenced the scores of 10 participants in total.",,"#recode data suitable for analysis
Data <- Data %>% 
  # remove ""prefer not to say"" responses due to the low numbers 
  filter(T1_Sex != 1.5) %>% 
  # recode data to more traditional dummy coding 
  mutate(T1_Sex = case_when(T1_Sex == 1 ~ 0, # males
                            T1_Sex == 2 ~ 1)) # females

#Change column order so it presents correlation matrix in original order
col_order <- c(""QualityTot"", ""ManagerTot"", ""PeerTot"", ""LocusTot"", ""MachTot"",
               ""T1_Sex"", ""SocDesTot"", ""UnBehTot"")
DataCorr <- Data[, col_order]
...
#Removing data collection groups with less than 4 participants (necessary for the heatmap to work!) 
Data <- Data %>% filter(Dyad != 18)
...
#FIRST WE MAKE SURE THAT THE DATA COLLECTION GROUP VARIABLE IS A FACTOR
Data$Dyad <- factor(Data$Dyad)",,,
58,variable specification,Locus of Control,2.0,"#regression analysis
Reg <- lm(UnBehTot ~ QualityTot + ManagerTot + PeerTot + LocusTot + MachTot + T1_Sex,
          data = DataCorr)",Data_Analysis_Script(1).R:36-38,1,"A multiple linear regression predicted unethical workplace behaviour (self-reported frequency of 17 unethical acts) from job satisfaction, ethical leadership (manager influence), observed unethical peer behaviour, work locus of control, Machiavellianism, and gender. In this model, peer influence, Machiavellianism, and gender (male higher) had significant unique effects, whereas job satisfaction, manager influence, and locus of control confidence intervals overlapped zero; overall the model explained about 16% of the variance in unethical behaviour (R² = .163, p < .01).","Second, as before, a multiple regression was conducted to predict unethical workplace behaviours from the time 1 measures.

Table 6. Conceptual replication: regression results using unethical behaviour as the criterion.

Table 6. Conceptual replication: regression results using unethical behaviour as the criterion.
Predictor b
b 95% CI
[LL, UL] beta
beta 95% CI
[LL, UL] sr2
sr2 95% CI
[LL, UL] r Fit
(Intercept) 11.50** [5.72, 17.28]
Quality of Work Experience 0.02 [−0.03, 0.08] 0.03 [−0.03, 0.08] .00 [−.00, .00] −.14**
Manager Influence −0.04 [−0.09, 0.02] −0.04 [−0.09, 0.02] .00 [−.00, .00] −.19**
Peer Influence 0.51** [0.41, 0.61] 0.24 [0.20, 0.29] .05 [.03, .07] .30**
Locus of Control −0.03 [−0.09, 0.03] −0.03 [−0.08, 0.02] .00 [−.00, .00] .13**
Machiavellianism 0.26** [0.20, 0.32] 0.24 [0.19, 0.29] .04 [.02, .06] .30**
Gender −3.07** [−4.17, −1.98] −0.12 [−0.17, −0.08] .01 [.00, .03] −.15**
R2 = .163**",,"#Change column order so it presents correlation matrix in original order
col_order <- c(""QualityTot"", ""ManagerTot"", ""PeerTot"", ""LocusTot"", ""MachTot"",
               ""T1_Sex"", ""SocDesTot"", ""UnBehTot"")
DataCorr <- Data[, col_order]

#regression analysis
Reg <- lm(UnBehTot ~ QualityTot + ManagerTot + PeerTot + LocusTot + MachTot + T1_Sex,
          data = DataCorr)

#RUN A MIXED EFFECTS REGRESSION MODEL WITH DATA COLLECTION GROUP AS A RANDOM FACTOR 
reg_mixed = lmer(UnBehTot ~ QualityTot + ManagerTot + PeerTot + LocusTot + MachTot + T1_Sex + (1| Dyad), 
                 data = Data)",,1,1
58,transformation,,,,,,"A multiple linear regression predicted unethical workplace behaviour (self-reported frequency of 17 unethical acts) from job satisfaction, ethical leadership (manager influence), observed unethical peer behaviour, work locus of control, Machiavellianism, and gender. In this model, peer influence, Machiavellianism, and gender (male higher) had significant unique effects, whereas job satisfaction, manager influence, and locus of control confidence intervals overlapped zero; overall the model explained about 16% of the variance in unethical behaviour (R² = .163, p < .01).","Machiavellianism was presented through the Mach IV (Christie & Geis, 1970 ). There were twenty items responded to on a 7-point likert, some of which were altered from the original to refer to “people” rather than “men” (Miller et al., 2019 ). Due to the concerns surrounding factor structure, the full 20-item scale was adopted and used to create a total score, allowing the opportunity for subsequent secondary analyses to consider alternative structures (e.g. Rauthmann, 2013 ).

Quality of Work Experience was considered through the lens of job satisfaction. This was captured through the Job in General scale (Ironson et al., 1989 ), chosen due the applicability to any job type and preferable psychometric properties of the data it produces compared to alternative short job satisfaction measures (Van Saane et al., 2003 ). Eighteen adjectives to describe a participants work e.g. pleasant and enjoyable, were rated and scored according to original instructions: No (0),? (1) or Yes (3).

Unethical Workplace Behaviours were captured at time 2 through participants’ declarations of use of 17 unethical behaviours as developed by Newstrom and Ruch ( 1975 ) and commonly attributed to Akaah ( 1992 ). These items were deemed the most relevant due to their applicability to remote and face-to-face work, and a critical review of the field which declared the items to be “the most conceptually clear and comprehensive measure of employee unethical behaviours” (Wiernik & Ones, 2018 , p. 42). Responses were captured through a 7-point likert scale with only anchors of “Never” and “Frequently,” in-line with practices which maximise self-reporting of unethical work behaviours (Wouters et al., 2014 ).

One team (25) had an unintentional error whereby their quality of work experience assessment allowed participants to pick more than one response per question. To manage this, as participants could score either No (0),? (1) or Yes (3), all conflicting scores were recoded as “1” to acknowledge a mixed response. This influenced the scores of 10 participants in total.",,"#recode data suitable for analysis
Data <- Data %>% 
  # remove ""prefer not to say"" responses due to the low numbers 
  filter(T1_Sex != 1.5) %>% 
  # recode data to more traditional dummy coding 
  mutate(T1_Sex = case_when(T1_Sex == 1 ~ 0, # males
                            T1_Sex == 2 ~ 1)) # females

#Change column order so it presents correlation matrix in original order
col_order <- c(""QualityTot"", ""ManagerTot"", ""PeerTot"", ""LocusTot"", ""MachTot"",
               ""T1_Sex"", ""SocDesTot"", ""UnBehTot"")
DataCorr <- Data[, col_order]
...
#Removing data collection groups with less than 4 participants (necessary for the heatmap to work!) 
Data <- Data %>% filter(Dyad != 18)
...
#FIRST WE MAKE SURE THAT THE DATA COLLECTION GROUP VARIABLE IS A FACTOR
Data$Dyad <- factor(Data$Dyad)",,,
58,variable specification,Machiavellianism,2.0,"#regression analysis
Reg <- lm(UnBehTot ~ QualityTot + ManagerTot + PeerTot + LocusTot + MachTot + T1_Sex,
          data = DataCorr)",Data_Analysis_Script(1).R:36-38,1,"A multiple linear regression predicted unethical workplace behaviour (self-reported frequency of 17 unethical acts) from job satisfaction, ethical leadership (manager influence), observed unethical peer behaviour, work locus of control, Machiavellianism, and gender. In this model, peer influence, Machiavellianism, and gender (male higher) had significant unique effects, whereas job satisfaction, manager influence, and locus of control confidence intervals overlapped zero; overall the model explained about 16% of the variance in unethical behaviour (R² = .163, p < .01).","Second, as before, a multiple regression was conducted to predict unethical workplace behaviours from the time 1 measures.

Table 6. Conceptual replication: regression results using unethical behaviour as the criterion.

Table 6. Conceptual replication: regression results using unethical behaviour as the criterion.
Predictor b
b 95% CI
[LL, UL] beta
beta 95% CI
[LL, UL] sr2
sr2 95% CI
[LL, UL] r Fit
(Intercept) 11.50** [5.72, 17.28]
Quality of Work Experience 0.02 [−0.03, 0.08] 0.03 [−0.03, 0.08] .00 [−.00, .00] −.14**
Manager Influence −0.04 [−0.09, 0.02] −0.04 [−0.09, 0.02] .00 [−.00, .00] −.19**
Peer Influence 0.51** [0.41, 0.61] 0.24 [0.20, 0.29] .05 [.03, .07] .30**
Locus of Control −0.03 [−0.09, 0.03] −0.03 [−0.08, 0.02] .00 [−.00, .00] .13**
Machiavellianism 0.26** [0.20, 0.32] 0.24 [0.19, 0.29] .04 [.02, .06] .30**
Gender −3.07** [−4.17, −1.98] −0.12 [−0.17, −0.08] .01 [.00, .03] −.15**
R2 = .163**",,"#Change column order so it presents correlation matrix in original order
col_order <- c(""QualityTot"", ""ManagerTot"", ""PeerTot"", ""LocusTot"", ""MachTot"",
               ""T1_Sex"", ""SocDesTot"", ""UnBehTot"")
DataCorr <- Data[, col_order]

#regression analysis
Reg <- lm(UnBehTot ~ QualityTot + ManagerTot + PeerTot + LocusTot + MachTot + T1_Sex,
          data = DataCorr)

#RUN A MIXED EFFECTS REGRESSION MODEL WITH DATA COLLECTION GROUP AS A RANDOM FACTOR 
reg_mixed = lmer(UnBehTot ~ QualityTot + ManagerTot + PeerTot + LocusTot + MachTot + T1_Sex + (1| Dyad), 
                 data = Data)",,1,1
58,transformation,,,,,,"A multiple linear regression predicted unethical workplace behaviour (self-reported frequency of 17 unethical acts) from job satisfaction, ethical leadership (manager influence), observed unethical peer behaviour, work locus of control, Machiavellianism, and gender. In this model, peer influence, Machiavellianism, and gender (male higher) had significant unique effects, whereas job satisfaction, manager influence, and locus of control confidence intervals overlapped zero; overall the model explained about 16% of the variance in unethical behaviour (R² = .163, p < .01).","Machiavellianism was presented through the Mach IV (Christie & Geis, 1970 ). There were twenty items responded to on a 7-point likert, some of which were altered from the original to refer to “people” rather than “men” (Miller et al., 2019 ). Due to the concerns surrounding factor structure, the full 20-item scale was adopted and used to create a total score, allowing the opportunity for subsequent secondary analyses to consider alternative structures (e.g. Rauthmann, 2013 ).

Quality of Work Experience was considered through the lens of job satisfaction. This was captured through the Job in General scale (Ironson et al., 1989 ), chosen due the applicability to any job type and preferable psychometric properties of the data it produces compared to alternative short job satisfaction measures (Van Saane et al., 2003 ). Eighteen adjectives to describe a participants work e.g. pleasant and enjoyable, were rated and scored according to original instructions: No (0),? (1) or Yes (3).

Unethical Workplace Behaviours were captured at time 2 through participants’ declarations of use of 17 unethical behaviours as developed by Newstrom and Ruch ( 1975 ) and commonly attributed to Akaah ( 1992 ). These items were deemed the most relevant due to their applicability to remote and face-to-face work, and a critical review of the field which declared the items to be “the most conceptually clear and comprehensive measure of employee unethical behaviours” (Wiernik & Ones, 2018 , p. 42). Responses were captured through a 7-point likert scale with only anchors of “Never” and “Frequently,” in-line with practices which maximise self-reporting of unethical work behaviours (Wouters et al., 2014 ).

One team (25) had an unintentional error whereby their quality of work experience assessment allowed participants to pick more than one response per question. To manage this, as participants could score either No (0),? (1) or Yes (3), all conflicting scores were recoded as “1” to acknowledge a mixed response. This influenced the scores of 10 participants in total.",,"#recode data suitable for analysis
Data <- Data %>% 
  # remove ""prefer not to say"" responses due to the low numbers 
  filter(T1_Sex != 1.5) %>% 
  # recode data to more traditional dummy coding 
  mutate(T1_Sex = case_when(T1_Sex == 1 ~ 0, # males
                            T1_Sex == 2 ~ 1)) # females

#Change column order so it presents correlation matrix in original order
col_order <- c(""QualityTot"", ""ManagerTot"", ""PeerTot"", ""LocusTot"", ""MachTot"",
               ""T1_Sex"", ""SocDesTot"", ""UnBehTot"")
DataCorr <- Data[, col_order]
...
#Removing data collection groups with less than 4 participants (necessary for the heatmap to work!) 
Data <- Data %>% filter(Dyad != 18)
...
#FIRST WE MAKE SURE THAT THE DATA COLLECTION GROUP VARIABLE IS A FACTOR
Data$Dyad <- factor(Data$Dyad)",,,
58,variable specification,Gender,2.0,"#regression analysis
Reg <- lm(UnBehTot ~ QualityTot + ManagerTot + PeerTot + LocusTot + MachTot + T1_Sex,
          data = DataCorr)",Data_Analysis_Script(1).R:36-38,1,"A multiple linear regression predicted unethical workplace behaviour (self-reported frequency of 17 unethical acts) from job satisfaction, ethical leadership (manager influence), observed unethical peer behaviour, work locus of control, Machiavellianism, and gender. In this model, peer influence, Machiavellianism, and gender (male higher) had significant unique effects, whereas job satisfaction, manager influence, and locus of control confidence intervals overlapped zero; overall the model explained about 16% of the variance in unethical behaviour (R² = .163, p < .01).","Second, as before, a multiple regression was conducted to predict unethical workplace behaviours from the time 1 measures.

Table 6. Conceptual replication: regression results using unethical behaviour as the criterion.

Table 6. Conceptual replication: regression results using unethical behaviour as the criterion.
Predictor b
b 95% CI
[LL, UL] beta
beta 95% CI
[LL, UL] sr2
sr2 95% CI
[LL, UL] r Fit
(Intercept) 11.50** [5.72, 17.28]
Quality of Work Experience 0.02 [−0.03, 0.08] 0.03 [−0.03, 0.08] .00 [−.00, .00] −.14**
Manager Influence −0.04 [−0.09, 0.02] −0.04 [−0.09, 0.02] .00 [−.00, .00] −.19**
Peer Influence 0.51** [0.41, 0.61] 0.24 [0.20, 0.29] .05 [.03, .07] .30**
Locus of Control −0.03 [−0.09, 0.03] −0.03 [−0.08, 0.02] .00 [−.00, .00] .13**
Machiavellianism 0.26** [0.20, 0.32] 0.24 [0.19, 0.29] .04 [.02, .06] .30**
Gender −3.07** [−4.17, −1.98] −0.12 [−0.17, −0.08] .01 [.00, .03] −.15**
R2 = .163**",,"#Change column order so it presents correlation matrix in original order
col_order <- c(""QualityTot"", ""ManagerTot"", ""PeerTot"", ""LocusTot"", ""MachTot"",
               ""T1_Sex"", ""SocDesTot"", ""UnBehTot"")
DataCorr <- Data[, col_order]

#regression analysis
Reg <- lm(UnBehTot ~ QualityTot + ManagerTot + PeerTot + LocusTot + MachTot + T1_Sex,
          data = DataCorr)

#RUN A MIXED EFFECTS REGRESSION MODEL WITH DATA COLLECTION GROUP AS A RANDOM FACTOR 
reg_mixed = lmer(UnBehTot ~ QualityTot + ManagerTot + PeerTot + LocusTot + MachTot + T1_Sex + (1| Dyad), 
                 data = Data)",,1,1
58,transformation,,,,,,"A multiple linear regression predicted unethical workplace behaviour (self-reported frequency of 17 unethical acts) from job satisfaction, ethical leadership (manager influence), observed unethical peer behaviour, work locus of control, Machiavellianism, and gender. In this model, peer influence, Machiavellianism, and gender (male higher) had significant unique effects, whereas job satisfaction, manager influence, and locus of control confidence intervals overlapped zero; overall the model explained about 16% of the variance in unethical behaviour (R² = .163, p < .01).","Machiavellianism was presented through the Mach IV (Christie & Geis, 1970 ). There were twenty items responded to on a 7-point likert, some of which were altered from the original to refer to “people” rather than “men” (Miller et al., 2019 ). Due to the concerns surrounding factor structure, the full 20-item scale was adopted and used to create a total score, allowing the opportunity for subsequent secondary analyses to consider alternative structures (e.g. Rauthmann, 2013 ).

Quality of Work Experience was considered through the lens of job satisfaction. This was captured through the Job in General scale (Ironson et al., 1989 ), chosen due the applicability to any job type and preferable psychometric properties of the data it produces compared to alternative short job satisfaction measures (Van Saane et al., 2003 ). Eighteen adjectives to describe a participants work e.g. pleasant and enjoyable, were rated and scored according to original instructions: No (0),? (1) or Yes (3).

Unethical Workplace Behaviours were captured at time 2 through participants’ declarations of use of 17 unethical behaviours as developed by Newstrom and Ruch ( 1975 ) and commonly attributed to Akaah ( 1992 ). These items were deemed the most relevant due to their applicability to remote and face-to-face work, and a critical review of the field which declared the items to be “the most conceptually clear and comprehensive measure of employee unethical behaviours” (Wiernik & Ones, 2018 , p. 42). Responses were captured through a 7-point likert scale with only anchors of “Never” and “Frequently,” in-line with practices which maximise self-reporting of unethical work behaviours (Wouters et al., 2014 ).

One team (25) had an unintentional error whereby their quality of work experience assessment allowed participants to pick more than one response per question. To manage this, as participants could score either No (0),? (1) or Yes (3), all conflicting scores were recoded as “1” to acknowledge a mixed response. This influenced the scores of 10 participants in total.",,"#recode data suitable for analysis
Data <- Data %>% 
  # remove ""prefer not to say"" responses due to the low numbers 
  filter(T1_Sex != 1.5) %>% 
  # recode data to more traditional dummy coding 
  mutate(T1_Sex = case_when(T1_Sex == 1 ~ 0, # males
                            T1_Sex == 2 ~ 1)) # females

#Change column order so it presents correlation matrix in original order
col_order <- c(""QualityTot"", ""ManagerTot"", ""PeerTot"", ""LocusTot"", ""MachTot"",
               ""T1_Sex"", ""SocDesTot"", ""UnBehTot"")
DataCorr <- Data[, col_order]
...
#Removing data collection groups with less than 4 participants (necessary for the heatmap to work!) 
Data <- Data %>% filter(Dyad != 18)
...
#FIRST WE MAKE SURE THAT THE DATA COLLECTION GROUP VARIABLE IS A FACTOR
Data$Dyad <- factor(Data$Dyad)",,,
58,inference criterion,95% CI,2.0,"Reg <- lm(UnBehTot ~ QualityTot + ManagerTot + PeerTot + LocusTot + MachTot + T1_Sex,
          data = DataCorr)

table2 <- apa.reg.table(Reg,
                        filename = ""Table9.doc"",
                        table.number = 9)",Data_Analysis_Script(1).R:37-42,1,"A multiple linear regression predicted unethical workplace behaviour (self-reported frequency of 17 unethical acts) from job satisfaction, ethical leadership (manager influence), observed unethical peer behaviour, work locus of control, Machiavellianism, and gender. In this model, peer influence, Machiavellianism, and gender (male higher) had significant unique effects, whereas job satisfaction, manager influence, and locus of control confidence intervals overlapped zero; overall the model explained about 16% of the variance in unethical behaviour (R² = .163, p < .01).","Each of the effects associated with the six independent variables are considered repli-
cated in the context of the LeBel et al. ( 2019 ) replication criteria. The results were 
considered “consistent” where confidence intervals overlapped with the main effects 
previously reported in each of the original two experiments (for the direct replication) 
or the direct replication (for the conceptual replication). Similarly, where the confidence 
intervals did not overlap with 0, a signal was considered “detected.”",,"Reg <- lm(UnBehTot ~ QualityTot + ManagerTot + PeerTot + LocusTot + MachTot + T1_Sex,
          data = DataCorr)

table2 <- apa.reg.table(Reg,
                        filename = ""Table9.doc"",
                        table.number = 9)
...
#RUN A MIXED EFFECTS REGRESSION MODEL WITH DATA COLLECTION GROUP AS A RANDOM FACTOR 
reg_mixed = lmer(UnBehTot ~ QualityTot + ManagerTot + PeerTot + LocusTot + MachTot + T1_Sex + (1| Dyad), 
                 data = Data)

summary(reg_mixed)

#GET CONFIDENCE INTERVALS FOR THIS MODEL
confint(reg_mixed)",,,
