analysis_id,brief_description,dimension,paper_text,code_text,match_status,explanation,dimension_norm
1,"Welch independent-samples t-test comparing mean positive affect change scores (Time 2 – Time 1 PANAS positive mean scores) between participants who saw the anchor item before versus after the PANAS, among those who answered “a little more positive” on the positive anchor item.",Model Specification,"In the analyses I used Welch's independent samples t-tests.[...]For those who said they felt a little more positive, there was a slight difference in the average change score between those who saw the anchor before (M = 0.20, SD = 0.53) and those who saw the anchor after (M = 0.15, SD = 0.63), but this was not a statistically significant difference, t(351.87) = 0.83, p = .409, mean difference = 0.05, CI 95%[-0.07, 0.17], d = 0.09, CI 95%[-0.12, 0.29].","# SDs & test for ""a little more positive"" before vs after
t.test(data_after$PA_change[data_after$AnchorPA==4], data_before$PA_change[data_before$AnchorPA==4])",match,"The paper specifies a Welch independent-samples t-test comparing change scores between before vs after anchor positions for the 'a little more positive' group, and the code implements this with an R t.test on two separate PA_change vectors for that subgroup (which uses Welch's two-sample t-test by default). Thus, the model specification in the code matches the test described in the paper.",model
1,"Welch independent-samples t-test comparing mean positive affect change scores (Time 2 – Time 1 PANAS positive mean scores) between participants who saw the anchor item before versus after the PANAS, among those who answered “a little more positive” on the positive anchor item.",Variable Specification,"“For positive affect, the average change scores for people who said they felt a little less positive converged almost perfectly, regardless of whether people saw the anchor before (M = -0.54, SD = 0.68) the PANAS or after (M = -0.56, SD = 0.69), mean difference = 0.02, CI 95%[-0.21, 0.26], d = 0.03, CI 95%[-0.31, 0.38]; although the confidence intervals are wide due to the relatively small number of people who said that they felt ""a little less positive"". For those who said they felt a little more positive, there was a slight difference in the average change score between those who saw the anchor before (M = 0.20, SD = 0.53) and those who saw the anchor after (M = 0.15, SD = 0.63), but this was not a statistically significant difference, t(351.87) = 0.83, p = .409, mean difference = 0.05, CI 95%[-0.07, 0.17], d = 0.09, CI 95%[-0.12, 0.29].”[...]“To calculate each participant's change score for positive affect, I subtracted the mean score for positive affect at Time 1 from the mean score for positive affect at Time 2.”[...]“In the survey at Time 2, I included an anchoritem for positive affect and an anchor-item for negative affect. Importantly, participants were randomly allocated to respond to the anchor item either before the PANAS or after.”[...]“The anchor items for positive and negative affect included in the survey at Time 2 asked participants, ""Overall, compared to the time when you did this survey yesterday, how positive/negative do you feel right now?"". Participants had five response options for each anchor item: much less positive/negative, a little less positive/negative, the same, a little more positive/negative, and much more positive/negative.”","data$AnchorPA <- paste(data$PA.Anchor.Before, data$PA.Anchor.After)
[...]
data[data == "" A little more positive""] <- 4
data[data == ""A little more positive ""] <- 4
[...]
data$PANAS_PA_D1mean = rowMeans(data[ , c('PANASD1_1_Attentive', 'PANASD1_2_Interested', 
  'PANASD1_3_Alert', 'PANASD1_4_Excited', 'PANASD1_5_Enthusiastic', 'PANASD1_6_Inspired', 
  'PANASD1_7_Proud', 'PANASD1_8_Determined', 'PANASD1_9_Strong', 'PANASD1_10_Active')], na.rm=TRUE)

data$PANAS_PA_D2mean = rowMeans(data[ , c('PANASD2_1_Attentive', 'PANASD2_2_Interested', 
  'PANASD2_3_Alert', 'PANASD2_4_Excited', 'PANASD2_5_Enthusiastic', 'PANASD2_6_Inspired', 
  'PANASD2_7_Proud', 'PANASD2_8_Determined', 'PANASD2_9_Strong', 'PANASD2_10_Active')], na.rm=TRUE)

data$PA_change = data$PANAS_PA_D2mean - data$PANAS_PA_D1mean
[...]
data_before = data[data$Anchor.Position==""Anchor Before"", ]
[...]
data_after = data[data$Anchor.Position==""Anchor After"", ]
[...]
# SDs & test for ""a little more positive"" before vs after

t.test(data_after$PA_change[data_after$AnchorPA==4], data_before$PA_change[data_before$AnchorPA==4])
sd(data_before$PA_change[data_before$AnchorPA==4])
sd(data_after$PA_change[data_after$AnchorPA==4])
cohen.d(data_after$PA_change[data_after$AnchorPA==4],
        data_before$PA_change[data_before$AnchorPA==4],
        pooled=TRUE,paired=FALSE,
        na.rm=TRUE, hedges.correction=FALSE,
        conf.level=0.95)",match,"In the paper, the outcome is the positive affect change score (Time 2 minus Time 1 PANAS positive mean) and the grouping variable is anchor position (before vs after PANAS) among those reporting ""a little more positive"" on the positive anchor. The code implements this by computing PA_change as PANAS_PA_D2mean − PANAS_PA_D1mean and running an independent-samples t-test comparing data_before vs data_after restricted to cases with AnchorPA==4 (coded from ""A little more positive"").",variables
1,"Welch independent-samples t-test comparing mean positive affect change scores (Time 2 – Time 1 PANAS positive mean scores) between participants who saw the anchor item before versus after the PANAS, among those who answered “a little more positive” on the positive anchor item.",Transformation Specification,"“For Time 1 and Time 2 separately, I averaged the positive affect items for each participant to produce a mean score for positive affect, and I did the same for the negative affect items to produce a mean score for negative affect. To calculate each participant's change score for positive affect, I subtracted the mean score for positive affect at Time 1 from the mean score for positive affect at Time 2. I did the same to calculate the change scores for negative affect. Thus, each participant had a change score for positive affect and a change score for negative affect.” [...] “As per the anchor-based approach for determining the smallest subjectively experienced difference in affect (Anvari & Lakens, 2021), I subcategorized partic-ipants into five groups based on their responses to the anchor item and, for each subcategory, I calculated the average change score from Time 1 to Time 2. I did this separately for participants who saw the anchor-item before the PANAS and those who saw the anchor-item after.” [...] “I excluded participants for (i) having missing responses on any measures or (ii) giving the same response to all items across the three measures in either the first or second survey... The final dataset for this paper consisted of 903 participants who completed the PANAS on both Time 1 and Time 2.”","data$AnchorPA <- paste(data$PA.Anchor.Before, data$PA.Anchor.After)
data$AnchorNA <- paste(data$NA.Anchor.Before, data$NA.Anchor.After)
[...]
data$PANAS_PA_D1mean = rowMeans(data[ , c('PANASD1_1_Attentive', 'PANASD1_2_Interested', 
  'PANASD1_3_Alert', 'PANASD1_4_Excited', 'PANASD1_5_Enthusiastic', 'PANASD1_6_Inspired', 
  'PANASD1_7_Proud', 'PANASD1_8_Determined', 'PANASD1_9_Strong', 'PANASD1_10_Active')], na.rm=TRUE)

data$PANAS_PA_D2mean = rowMeans(data[ , c('PANASD2_1_Attentive', 'PANASD2_2_Interested', 
  'PANASD2_3_Alert', 'PANASD2_4_Excited', 'PANASD2_5_Enthusiastic', 'PANASD2_6_Inspired', 
  'PANASD2_7_Proud', 'PANASD2_8_Determined', 'PANASD2_9_Strong', 'PANASD2_10_Active')], na.rm=TRUE)
[...]
data$PA_change = data$PANAS_PA_D2mean - data$PANAS_PA_D1mean
[...]
data_before = data[data$Anchor.Position==""Anchor Before"", ]
[...]
data_after = data[data$Anchor.Position==""Anchor After"", ]
[...]
# SDs & test for ""a little more positive"" before vs after
t.test(data_after$PA_change[data_after$AnchorPA==4], data_before$PA_change[data_before$AnchorPA==4])",match,"Both the paper and the code aggregate PANAS positive items into mean scores at each time point, compute Time 2 minus Time 1 change scores, and compare anchor-before versus anchor-after groups within the “a little more positive” anchor category. The code’s additional details (numeric recoding of anchors, use of na.rm=TRUE) are implementation choices consistent with the described transformations rather than deviations.",transform
1,"Welch independent-samples t-test comparing mean positive affect change scores (Time 2 – Time 1 PANAS positive mean scores) between participants who saw the anchor item before versus after the PANAS, among those who answered “a little more positive” on the positive anchor item.",Inference Specification,"In the analyses I used Welch's independent samples t-tests.[...]For those who said they felt a little more positive, there was a slight difference in the average change score between those who saw the anchor before (M = 0.20, SD = 0.53) and those who saw the anchor after (M = 0.15, SD = 0.63), but this was not a statistically significant difference, t(351.87) = 0.83, p = .409, mean difference = 0.05, CI 95%[-0.07, 0.17], d = 0.09, CI 95%[-0.12, 0.29].","# SDs & test for ""a little more positive"" before vs after
t.test(data_after$PA_change[data_after$AnchorPA==4], data_before$PA_change[data_before$AnchorPA==4])
[...]
cohen.d(data_after$PA_change[data_after$AnchorPA==4],
        data_before$PA_change[data_before$AnchorPA==4],
        pooled=TRUE,paired=FALSE,
        na.rm=TRUE, hedges.correction=FALSE,
        conf.level=0.95)",match,"The paper describes using Welch independent-samples t-tests with p-values, 95% confidence intervals, and effect size d (with its 95% CI) to judge statistical significance, and the code implements a Welch two-sample t-test plus cohen.d with conf.level=0.95 on the same subgroup comparison. Both thus use the same inferential framework of p-values and 95% CIs without specifying a different alpha level.",inference
2,"Welch independent-samples t-test comparing mean negative affect change scores between participants who saw the anchor item before versus after the PANAS, among those who answered “a little less negative” on the negative anchor item.",Model Specification,"“In the analyses I used Welch's independent samples t-tests.” [...] “For negative affect, of the people who said they felt a little less negative, those who saw the anchor before (M = -0.22, SD = 0.50) the PANAS had a slightly lower change score, in absolute terms, as compared to those who saw the anchor after (M = -0.29, SD = 0.56), though this difference wasn't statistically significant, t(347.49) = 1.10, p = .272, mean difference = 0.07, CI 95%[-0.05, 0.17], d = 0.12, CI 95%[-0.09, 0.33].”","# SDs & test for ""a little less negative"" before vs after
t.test(data_after$NA_change[data_after$AnchorNA==2], data_before$NA_change[data_before$AnchorNA==2])",match,"The paper specifies using Welch’s independent-samples t-tests for this comparison, and the code uses R’s t.test with two groups (which implements the Welch Two Sample t-test by default) on the negative-affect change scores for the “a little less negative” before vs after groups. Thus, the model specification matches between paper and code.",model
2,"Welch independent-samples t-test comparing mean negative affect change scores between participants who saw the anchor item before versus after the PANAS, among those who answered “a little less negative” on the negative anchor item.",Variable Specification,"“To calculate each participant's change score for positive affect, I subtracted the mean score for positive affect at Time 1 from the mean score for positive affect at Time 2. I did the same to calculate the change scores for negative affect. Thus, each participant had a change score for positive affect and a change score for negative affect.”[...]“For negative affect, of the people who said they felt a little less negative, those who saw the anchor before (M = -0.22, SD = 0.50) the PANAS had a slightly lower change score, in absolute terms, as compared to those who saw the anchor after (M = -0.29, SD = 0.56), though this difference wasn't statistically significant, t(347.49) = 1.10, p = .272, mean difference = 0.07, CI 95%[-0.05, 0.17], d = 0.12, CI 95%[-0.09, 0.33].”","data[data == "" A little less negative""] <- 2
[...]
data$PANAS_NA_D1mean = rowMeans(data[ , c('PANASD1_11_Distressed', 'PANASD1_12_Upset', 
  'PANASD1_13_Hostile', 'PANASD1_14_Irritable', 'PANASD1_15_Scared', 'PANASD1_16_Afraid', 
  'PANASD1_17_Ashamed', 'PANASD1_18_Guilty', 'PANASD1_19_Nervous', 'PANASD1_20_Jittery')], na.rm=TRUE)

data$PANAS_NA_D2mean = rowMeans(data[ , c('PANASD2_11_Distressed', 'PANASD2_12_Upset', 
  'PANASD2_13_Hostile', 'PANASD2_14_Irritable', 'PANASD2_15_Scared', 'PANASD2_16_Afraid', 
  'PANASD2_17_Ashamed', 'PANASD2_18_Guilty', 'PANASD2_19_Nervous', 'PANASD2_20_Jittery')], na.rm=TRUE)

data$NA_change = data$PANAS_NA_D2mean - data$PANAS_NA_D1mean
[...]
data_before = data[data$Anchor.Position==""Anchor Before"", ]
[...]
data_after = data[data$Anchor.Position==""Anchor After"", ]
[...]
# SDs & test for ""a little less negative"" before vs after
 t.test(data_after$NA_change[data_after$AnchorNA==2], data_before$NA_change[data_before$AnchorNA==2])
 sd(data_before$NA_change[data_before$AnchorNA==2])
 sd(data_after$NA_change[data_after$AnchorNA==2])
 cohen.d(data_after$NA_change[data_after$AnchorNA==2],
        data_before$NA_change[data_before$AnchorNA==2],
        pooled=TRUE,paired=FALSE,
        na.rm=TRUE, hedges.correction=FALSE,
        conf.level=0.95)",match,"The paper specifies a comparison of negative affect change scores between before- vs after-anchor groups among participants who reported feeling “a little less negative,” and the code implements this using `NA_change` as the outcome, subsetting to `AnchorNA==2` and splitting by `Anchor.Position` (before vs after). Thus, the roles and definitions of the dependent and grouping variables align between paper and code.",variables
2,"Welch independent-samples t-test comparing mean negative affect change scores between participants who saw the anchor item before versus after the PANAS, among those who answered “a little less negative” on the negative anchor item.",Transformation Specification,"“For Time 1 and Time 2 separately, I averaged the positive affect items for each participant to produce a mean score for positive affect, and I did the same for the negative affect items to produce a mean score for negative affect. To calculate each participant's change score for positive affect, I subtracted the mean score for positive affect at Time 1 from the mean score for positive affect at Time 2. I did the same to calculate the change scores for negative affect. Thus, each participant had a change score for positive affect and a change score for negative affect.” [...] “I excluded participants for (i) having missing responses on any measures or (ii) giving the same response to all items across the three measures in either the first or second survey. [...] The final dataset for this paper consisted of 903 participants who completed the PANAS on both Time 1 and Time 2.” [...] “As per the anchor-based approach for determining the smallest subjectively experienced difference in affect (Anvari & Lakens, 2021), I subcategorized partic-ipants into five groups based on their responses to the anchor item and, for each subcategory, I calculated the average change score from Time 1 to Time 2. I did this separately for participants who saw the anchor-item before the PANAS and those who saw the anchor-item after.” [...] “For negative affect, of the people who said they felt a little less negative, those who saw the anchor before (M = -0.22, SD = 0.50) the PANAS had a slightly lower change score, in absolute terms, as compared to those who saw the anchor after (M = -0.29, SD = 0.56)… ”","data$AnchorNA <- paste(data$NA.Anchor.Before, data$NA.Anchor.After) data$AnchorNA = as.character(data$AnchorNA) [...] data[data == "" Much less negative""] <- 1 data[data == ""Much less negative ""] <- 1 data[data == "" A little less negative""] <- 2 data[data == ""A little less negative ""] <- 2 data[data == "" A little more negative""] <- 4 data[data == ""A little more negative ""] <- 4 data[data == "" Much more negative""] <- 5 data[data == ""Much more negative ""] <- 5 [...] data[, 77:78] <- sapply(data[, 77:78], as.integer) [...] data$PANAS_NA_D1mean = rowMeans(data[ , c('PANASD1_11_Distressed', 'PANASD1_12_Upset',   'PANASD1_13_Hostile', 'PANASD1_14_Irritable', 'PANASD1_15_Scared', 'PANASD1_16_Afraid',   'PANASD1_17_Ashamed', 'PANASD1_18_Guilty', 'PANASD1_19_Nervous', 'PANASD1_20_Jittery')], na.rm=TRUE) data$PANAS_NA_D2mean = rowMeans(data[ , c('PANASD2_11_Distressed', 'PANASD2_12_Upset',   'PANASD2_13_Hostile', 'PANASD2_14_Irritable', 'PANASD2_15_Scared', 'PANASD2_16_Afraid',   'PANASD2_17_Ashamed', 'PANASD2_18_Guilty', 'PANASD2_19_Nervous', 'PANASD2_20_Jittery')], na.rm=TRUE) [...] data$NA_change = data$PANAS_NA_D2mean - data$PANAS_NA_D1mean [...] data_before = data[data$Anchor.Position==""Anchor Before"", ] [...] data_after = data[data$Anchor.Position==""Anchor After"", ] [...] t.test(data_after$NA_change[data_after$AnchorNA==2], data_before$NA_change[data_before$AnchorNA==2])",match,"Both paper and code construct negative affect mean scores at each time point, compute change scores as Time 2 minus Time 1, recode anchor responses into ordered categories, and subset to the “a little less negative” group split by anchor position before comparing their negative affect change scores. There is no evident transformation step in the code that contradicts or omits a transformation described for this specific analysis in the paper.",transform
2,"Welch independent-samples t-test comparing mean negative affect change scores between participants who saw the anchor item before versus after the PANAS, among those who answered “a little less negative” on the negative anchor item.",Inference Specification,"For negative affect, of the people who said they felt a little less negative, those who saw the anchor before (M = -0.22, SD = 0.50) the PANAS had a slightly lower change score, in absolute terms, as compared to those who saw the anchor after (M = -0.29, SD = 0.56), though this difference wasn't statistically significant, t(347.49) = 1.10, p = .272, mean difference = 0.07, CI 95%[-0.05, 0.17], d = 0.12, CI 95%[-0.09, 0.33].","# SDs & test for ""a little less negative"" before vs after
t.test(data_after$NA_change[data_after$AnchorNA==2], data_before$NA_change[data_before$AnchorNA==2])
sd(data_before$NA_change[data_before$AnchorNA==2])
sd(data_after$NA_change[data_after$AnchorNA==2])
cohen.d(data_after$NA_change[data_after$AnchorNA==2],
        data_before$NA_change[data_before$AnchorNA==2],
        pooled=TRUE,paired=FALSE,
        na.rm=TRUE, hedges.correction=FALSE,
        conf.level=0.95)",match,"The paper reports inference from a Welch independent-samples t-test with a p-value, a 95% confidence interval for the mean difference, and an effect size d with its 95% CI, and the code implements an (R default Welch) t.test and cohen.d with conf.level=0.95 for this same comparison. Both thus use 95% confidence intervals and standard null-hypothesis significance testing without specifying any different inferential criterion.",inference
3,"Welch independent-samples t-test comparing mean negative affect change scores between participants who saw the anchor item before versus after the PANAS, among those who answered “a little more negative” on the negative anchor item.",Model Specification,"“In the analyses I used Welch's independent samples t-tests.”[...]“For people who said they felt a little more negative, those who saw the anchor before (M = 0.41, SD = 0.58) the PANAS had a slightly higher change score as compared to those who saw the anchor after (M = 0.26, SD = 0.67), though this difference was also not statistically significant, t(133.53) = 1.40, p = .165, mean difference = 0.15, CI 95%[-0.03, 0.36], d = 0.24, CI 95%[-0.10, 0.58].”","# SDs & test for ""a little more negative"" before vs after
t.test(data_after$NA_change[data_after$AnchorNA==4], data_before$NA_change[data_before$AnchorNA==4])
sd(data_before$NA_change[data_before$AnchorNA==4])
sd(data_after$NA_change[data_after$AnchorNA==4])
cohen.d(data_after$NA_change[data_after$AnchorNA==4],
        data_before$NA_change[data_before$AnchorNA==4],
        pooled=TRUE,paired=FALSE,
        na.rm=TRUE, hedges.correction=FALSE,
        conf.level=0.95)",match,"The paper specifies a “Welch's independent samples t-test” for this comparison, and the code uses R's two-sample t.test (which by default is Welch) on the two independent NA_change groups for AnchorNA == 4. Thus, the implemented model specification matches the one described in the paper for this analysis.",model
3,"Welch independent-samples t-test comparing mean negative affect change scores between participants who saw the anchor item before versus after the PANAS, among those who answered “a little more negative” on the negative anchor item.",Variable Specification,"For people who said they felt a little more negative, those who saw the anchor before (M = 0.41, SD = 0.58) the PANAS had a slightly higher change score as compared to those who saw the anchor after (M = 0.26, SD = 0.67), though this difference was also not statistically significant, t(133.53) = 1.40, p = .165, mean difference = 0.15, CI 95%[-0.03, 0.36], d = 0.24, CI 95%[-0.10, 0.58].[...]I did the same to calculate the change scores for negative affect. Thus, each participant had a change score for positive affect and a change score for negative affect.[...]Importantly, participants were randomly allocated to respond to the anchor item either before the PANAS or after.[...]Participants had five response options for each anchor item: much less positive/negative, a little less positive/negative, the same, a little more positive/negative, and much more positive/negative.","data$NA_change = data$PANAS_NA_D2mean - data$PANAS_NA_D1mean[...]data[data == "" A little more negative""] <- 4[...]data[data == ""A little more negative ""] <- 4[...]t.test(data_after$NA_change[data_after$AnchorNA==4], data_before$NA_change[data_before$AnchorNA==4])",match,"In both the paper and the code, the dependent variable is the negative affect change score (NA_change), and the comparison is between anchor-before versus anchor-after groups within the subgroup who responded ""a little more negative"" on the negative anchor. The code implements this by subsetting NA_change to AnchorNA==4 (coded from ""A little more negative"") for the before and after groups and running an independent-samples t-test on these two groups.",variables
3,"Welch independent-samples t-test comparing mean negative affect change scores between participants who saw the anchor item before versus after the PANAS, among those who answered “a little more negative” on the negative anchor item.",Transformation Specification,"“For Time 1 and Time 2 separately, I averaged the positive affect items for each participant to produce a mean score for positive affect, and I did the same for the negative affect items to produce a mean score for negative affect. To calculate each participant's change score for positive affect, I subtracted the mean score for positive affect at Time 1 from the mean score for positive affect at Time 2. I did the same to calculate the change scores for negative affect. Thus, each participant had a change score for positive affect and a change score for negative affect.”[...]“As per the anchor-based approach for determining the smallest subjectively experienced difference in affect (Anvari & Lakens, 2021), I subcategorized partic-ipants into five groups based on their responses to the anchor item and, for each subcategory, I calculated the average change score from Time 1 to Time 2. I did this separately for participants who saw the anchor-item before the PANAS and those who saw the anchor-item after.”[...]“I excluded participants for (i) having missing responses on any measures or (ii) giving the same response to all items across the three measures in either the first or second survey. [...] The final dataset for this paper consisted of 903 participants who completed the PANAS on both Time 1 and Time 2.”","data$AnchorNA <- paste(data$NA.Anchor.Before, data$NA.Anchor.After)
data$AnchorNA = as.character(data$AnchorNA)
[...]data[data == "" A little more negative""] <- 4
data[data == ""A little more negative ""] <- 4
[...]data[, 77:78] <- sapply(data[, 77:78], as.integer)
[...]data$PANAS_NA_D1mean = rowMeans(data[ , c('PANASD1_11_Distressed', 'PANASD1_12_Upset', 
  'PANASD1_13_Hostile', 'PANASD1_14_Irritable', 'PANASD1_15_Scared', 'PANASD1_16_Afraid', 
  'PANASD1_17_Ashamed', 'PANASD1_18_Guilty', 'PANASD1_19_Nervous', 'PANASD1_20_Jittery')], na.rm=TRUE)

data$PANAS_NA_D2mean = rowMeans(data[ , c('PANASD2_11_Distressed', 'PANASD2_12_Upset', 
  'PANASD2_13_Hostile', 'PANASD2_14_Irritable', 'PANASD2_15_Scared', 'PANASD2_16_Afraid', 
  'PANASD2_17_Ashamed', 'PANASD2_18_Guilty', 'PANASD2_19_Nervous', 'PANASD2_20_Jittery')], na.rm=TRUE)

## each person's change score for PA and NA from D1 to D2
[...]data$NA_change = data$PANAS_NA_D2mean - data$PANAS_NA_D1mean
[...]data_before = data[data$Anchor.Position==""Anchor Before"", ]
[...]data_after = data[data$Anchor.Position==""Anchor After"", ]
[...]# direct test comparing the ""a little more"" groups for NA after vs before
t.test(data_after$NA_change[data_after$AnchorNA==4], data_before$NA_change[data_before$AnchorNA==4])",match,"Both the paper and code compute mean negative affect scores at each time point, form negative affect change scores as Time 2 minus Time 1, then compare these change scores between anchor-before and anchor-after groups within the “a little more negative” anchor-response subgroup. The code’s transformations (rowMeans for NA items, NA_change difference, subsetting by Anchor.Position and AnchorNA==4) implement the transformations described in the paper for this analysis.",transform
3,"Welch independent-samples t-test comparing mean negative affect change scores between participants who saw the anchor item before versus after the PANAS, among those who answered “a little more negative” on the negative anchor item.",Inference Specification,"""For people who said they felt a little more negative, those who saw the anchor before (M = 0.41, SD = 0.58) the PANAS had a slightly higher change score as compared to those who saw the anchor after (M = 0.26, SD = 0.67), though this difference was also not statistically significant, t(133.53) = 1.40, p = .165, mean difference = 0.15, CI 95%[-0.03, 0.36], d = 0.24, CI 95%[-0.10, 0.58].""","# direct test comparing the ""a little more"" groups for NA after vs before
t.test(data_after$NA_change[data_after$AnchorNA==4], data_before$NA_change[data_before$AnchorNA==4])
cohen.d(data_after$NA_change[data_after$AnchorNA==4],
        data_before$NA_change[data_before$AnchorNA==4],
        pooled=TRUE,paired=FALSE,
        na.rm=TRUE, hedges.correction=FALSE,
        conf.level=0.95)",match,"The paper interprets the result using a p-value and 95% confidence intervals, and the corresponding code uses a Welch two-sample t-test together with Cohen's d and a specified 95% confidence level. There is no indication of any different alpha level or alternative inferential criterion in the code.",inference
4,"Welch independent-samples t-test comparing mean negative affect change scores between participants who saw the anchor item before versus after the PANAS, among those who answered “the same” on the negative anchor item.",Model Specification,"“In the analyses I used Welch's independent samples t-tests.” [...] “However, of these participants, those who saw the anchor before (M = -0.09, SD = 0.50) the PANAS had a slightly larger absolute change score than those who saw the anchor after (M = -0.02, SD = 0.47), though this difference was small and not statistically significant, t(235.93) = 1.12, p = .262, mean difference = 0.07, CI 95%[-0.05, 0.19], d = 0.15"" CI 95% [-0.11, 0.40].”","# direct test comparing the ""same"" groups for NA after vs before
t.test(data_after$NA_change[data_after$AnchorNA==3], data_before$NA_change[data_before$AnchorNA==3])",match,"The paper specifies using “Welch's independent samples t-tests” for these comparisons, and the code implements this comparison with R’s two-sample t.test (using its default Welch unequal-variance test) on NA change scores for the “same” groups before vs after. Thus, the implemented model specification matches the one described in the paper.",model
4,"Welch independent-samples t-test comparing mean negative affect change scores between participants who saw the anchor item before versus after the PANAS, among those who answered “the same” on the negative anchor item.",Variable Specification,"“For negative affect, of the people who said they felt a little less negative, those who saw the anchor before (M = -0.22, SD = 0.50) the PANAS had a slightly lower change score, in absolute terms, as compared to those who saw the anchor after (M = -0.29, SD = 0.56), though this difference wasn't statistically significant, t(347.49) = 1.10, p = .272, mean difference = 0.07, CI 95%[-0.05, 0.17], d = 0.12, CI 95%[-0.09, 0.33]. [...] Moreover, people who said that they felt ""the same"" in negative affect showed an average change score that was in the negative direction regardless of whether they saw the anchor before or after the PANAS. However, of these participants, those who saw the anchor before (M = -0.09, SD = 0.50) the PANAS had a slightly larger absolute change score than those who saw the anchor after (M = -0.02, SD = 0.47), though this difference was small and not statistically significant, t(235.93) = 1.12, p = .262, mean difference = 0.07, CI 95%[-0.05, 0.19], d = 0.15 [...]”[...] “To calculate each participant's change score for positive affect, I subtracted the mean score for positive affect at Time 1 from the mean score for positive affect at Time 2. I did the same to calculate the change scores for negative affect.”[...] “Importantly, participants were randomly allocated to respond to the anchor item either before the PANAS or after.”","data$PANAS_NA_D1mean = rowMeans(data[ , c('PANASD1_11_Distressed', 'PANASD1_12_Upset', 
  'PANASD1_13_Hostile', 'PANASD1_14_Irritable', 'PANASD1_15_Scared', 'PANASD1_16_Afraid', 
  'PANASD1_17_Ashamed', 'PANASD1_18_Guilty', 'PANASD1_19_Nervous', 'PANASD1_20_Jittery')], na.rm=TRUE)

data$PANAS_NA_D2mean = rowMeans(data[ , c('PANASD2_11_Distressed', 'PANASD2_12_Upset', 
  'PANASD2_13_Hostile', 'PANASD2_14_Irritable', 'PANASD2_15_Scared', 'PANASD2_16_Afraid', 
  'PANASD2_17_Ashamed', 'PANASD2_18_Guilty', 'PANASD2_19_Nervous', 'PANASD2_20_Jittery')], na.rm=TRUE)

## each person's change score for PA and NA from D1 to D2
data$PA_change = data$PANAS_PA_D2mean - data$PANAS_PA_D1mean
data$NA_change = data$PANAS_NA_D2mean - data$PANAS_NA_D1mean[...]data_before = data[data$Anchor.Position==""Anchor Before"", ]
[...]data_after = data[data$Anchor.Position==""Anchor After"", ][...]# direct test comparing the ""same"" groups for NA after vs before
t.test(data_after$NA_change[data_after$AnchorNA==3], data_before$NA_change[data_before$AnchorNA==3])
sd(data_before$NA_change[data_before$AnchorNA==3])
sd(data_after$NA_change[data_after$AnchorNA==3])
cohen.d(data_after$NA_change[data_after$AnchorNA==3],
        data_before$NA_change[data_before$AnchorNA==3],
        pooled=TRUE,paired=FALSE,
        na.rm=TRUE, hedges.correction=FALSE,
        conf.level=0.95)",match,"Both paper and code use the negative affect change score as the outcome and compare participants who saw the anchor before versus after the PANAS, restricting to those whose negative anchor response was “the same.” There are no additional variables or different groupings introduced in the code implementation for this comparison.",variables
4,"Welch independent-samples t-test comparing mean negative affect change scores between participants who saw the anchor item before versus after the PANAS, among those who answered “the same” on the negative anchor item.",Transformation Specification,"“For Time 1 and Time 2 separately, I averaged the positive affect items for each participant to produce a mean score for positive affect, and I did the same for the negative affect items to produce a mean score for negative affect. To calculate each participant's change score for positive affect, I subtracted the mean score for positive affect at Time 1 from the mean score for positive affect at Time 2. I did the same to calculate the change scores for negative affect. Thus, each participant had a change score for positive affect and a change score for negative affect.”[...]“As per the anchor-based approach for determining the smallest subjectively experienced difference in affect (Anvari & Lakens, 2021), I subcategorized partic-ipants into five groups based on their responses to the anchor item and, for each subcategory, I calculated the average change score from Time 1 to Time 2. I did this separately for participants who saw the anchor-item before the PANAS and those who saw the anchor-item after.”[...]“The anchor items for positive and negative affect included in the survey at Time 2 asked participants, “Overall, compared to the time when you did this survey yesterday, how positive/negative do you feel right now?”. Participants had five response options for each anchor item: much less positive/negative, a little less positive/negative, the same, a little more positive/negative, and much more positive/negative.”","“## create new variables for PA and NA anchor items so responses for the anchors are
# in the same columns for both the people who saw the anchor before the PANAS 
# and those who saw the anchor after the PANAS
data$AnchorPA <- paste(data$PA.Anchor.Before, data$PA.Anchor.After)
data$AnchorNA <- paste(data$NA.Anchor.Before, data$NA.Anchor.After)
data$AnchorPA = as.character(data$AnchorPA)
data$AnchorNA = as.character(data$AnchorNA)

# rename character values on the anchors to numbers
# some had a space in front and some had a space after
data[data == "" Much less positive""] <- 1
[...]data[data == "" The same""] <- 3
data[data == ""The same ""] <- 3
[...]data[data == "" Much less negative""] <- 1
[...]data[data == "" A little more negative""] <- 4
[...]data[data == "" Much more negative""] <- 5
data[data == ""Much more negative ""] <- 5

# Save relevant columns as integer
data[, 77:78] <- sapply(data[, 77:78], as.integer)

#### mean of D1/T1 and D2/T2 scores for PA and NA ####

data$PANAS_PA_D1mean = rowMeans(data[ , c('PANASD1_1_Attentive', 'PANASD1_2_Interested', 
  'PANASD1_3_Alert', 'PANASD1_4_Excited', 'PANASD1_5_Enthusiastic', 'PANASD1_6_Inspired', 
  'PANASD1_7_Proud', 'PANASD1_8_Determined', 'PANASD1_9_Strong', 'PANASD1_10_Active')], na.rm=TRUE)
[...]data$PANAS_NA_D1mean = rowMeans(data[ , c('PANASD1_11_Distressed', 'PANASD1_12_Upset', 
  'PANASD1_13_Hostile', 'PANASD1_14_Irritable', 'PANASD1_15_Scared', 'PANASD1_16_Afraid', 
  'PANASD1_17_Ashamed', 'PANASD1_18_Guilty', 'PANASD1_19_Nervous', 'PANASD1_20_Jittery')], na.rm=TRUE)

data$PANAS_NA_D2mean = rowMeans(data[ , c('PANASD2_11_Distressed', 'PANASD2_12_Upset', 
  'PANASD2_13_Hostile', 'PANASD2_14_Irritable', 'PANASD2_15_Scared', 'PANASD2_16_Afraid', 
  'PANASD2_17_Ashamed', 'PANASD2_18_Guilty', 'PANASD2_19_Nervous', 'PANASD2_20_Jittery')], na.rm=TRUE)

## each person's change score for PA and NA from D1 to D2
data$PA_change = data$PANAS_PA_D2mean - data$PANAS_PA_D1mean
data$NA_change = data$PANAS_NA_D2mean - data$PANAS_NA_D1mean

#### estimates for anchor before ####
data_before = data[data$Anchor.Position==""Anchor Before"", ]
[...]#### estimates for anchor after ####
data_after = data[data$Anchor.Position==""Anchor After"", ]

# direct test comparing the ""same"" groups for NA after vs before
t.test(data_after$NA_change[data_after$AnchorNA==3], data_before$NA_change[data_before$AnchorNA==3])
sd(data_before$NA_change[data_before$AnchorNA==3])
sd(data_after$NA_change[data_after$AnchorNA==3])
[...]# SDs for before and after PA and NA, who said felt the same
sd(data_before$PA_change[data_before$AnchorPA==3])
sd(data_after$PA_change[data_after$AnchorPA==3])
sd(data_before$NA_change[data_before$AnchorNA==3])
sd(data_after$NA_change[data_after$AnchorNA==3])
cohen.d(data_after$NA_change[data_after$AnchorNA==3],
        data_before$NA_change[data_before$AnchorNA==3],
        pooled=TRUE,paired=FALSE,
        na.rm=TRUE, hedges.correction=FALSE,
        conf.level=0.95)”",match,"Both paper and code average the ten negative affect PANAS items at each time point, compute a negative affect change score as Time 2 minus Time 1, and then compare this change score between anchor-position groups within the “the same” negative anchor-response category. The code implements the described subsetting by anchor response (AnchorNA == 3) and anchor position (before vs after) using these computed change scores, matching the paper’s transformation description.",transform
4,"Welch independent-samples t-test comparing mean negative affect change scores between participants who saw the anchor item before versus after the PANAS, among those who answered “the same” on the negative anchor item.",Inference Specification,"„However, of these participants, those who saw the anchor before (M = -0.09, SD = 0.50) the PANAS had a slightly larger absolute change score than those who saw the anchor after (M = -0.02, SD = 0.47), though this difference was small and not statistically significant, t(235.93) = 1.12, p = .262, mean difference = 0.07, CI 95%[-0.05, 0.19], d = 0.15"" CI 95% [-0.11, 0.40].“","t.test(data_after$NA_change[data_after$AnchorNA==3], data_before$NA_change[data_before$AnchorNA==3])
...
cohen.d(data_after$NA_change[data_after$AnchorNA==3],
        data_before$NA_change[data_before$AnchorNA==3],
        pooled=TRUE,paired=FALSE,
        na.rm=TRUE, hedges.correction=FALSE,
        conf.level=0.95)",match,"The paper interprets the between-group difference as “not statistically significant” and reports 95% confidence intervals, and the code implements a Welch two-sample t-test (R’s default with 95% CI) plus Cohen’s d with `conf.level=0.95`. Both use conventional null-hypothesis significance testing with a 95% confidence level, so the inferential criteria align.",inference
5,"Welch independent-samples t-test comparing Time 2 mean positive affect PANAS scores between participants who saw the anchor items before versus after the PANAS, using the full sample.",Model Specification,"“In the analyses I used Welch's independent samples t-tests.” [...] “For positive affect, people who saw the anchor-items before the PANAS (M = 2.84, SD = 0.91) had statistically nonsignificant differences in their Time 2 ratings compared to people who saw the anchor-items after (M = 2.78, SD = 0.91), t(898.27) = 1.03, p = .305, mean difference = 0.06, CI 95%[-0.06, 0.18], d = 0.07, CI 95% [-0.06, 0.20].”","t.test(data$PANAS_PA_D2mean[data$Anchor.Position==""Anchor Before""], 
  data$PANAS_PA_D2mean[data$Anchor.Position==""Anchor After""])",match,"The paper specifies that Welch's independent-samples t-tests were used for these comparisons, and the code implements an R t.test between two independent groups, which by default is a Welch two-sample t-test. Thus, the model specification in the paper and code both correspond to a Welch independent-samples t-test comparing Time 2 positive affect means between anchor-before and anchor-after groups.",model
5,"Welch independent-samples t-test comparing Time 2 mean positive affect PANAS scores between participants who saw the anchor items before versus after the PANAS, using the full sample.",Variable Specification,"“For positive affect, people who saw the anchor-items before the PANAS (M = 2.84, SD = 0.91) had statistically nonsignificant differences in their Time 2 ratings compared to people who saw the anchor-items after (M = 2.78, SD = 0.91)…"" [...] ""For Time 1 and Time 2 separately, I averaged the positive affect items for each participant to produce a mean score for positive affect…"" [...] ""Importantly, participants were randomly allocated to respond to the anchor item either before the PANAS or after."" [...] ""These analyses provide two benefits beyond the analyses reported in the preceding paragraphs. First, the results speak more generally to the question of whether people's self-reports and self-perceptions of change vary as a function of the anchor-item's position. This is because the following analyses examine the full sample, rather than focusing only on the 'a little less/more' groups.""","data$PANAS_PA_D2mean = rowMeans(data[ , c('PANASD2_1_Attentive', 'PANASD2_2_Interested', 
  'PANASD2_3_Alert', 'PANASD2_4_Excited', 'PANASD2_5_Enthusiastic', 'PANASD2_6_Inspired', 
  'PANASD2_7_Proud', 'PANASD2_8_Determined', 'PANASD2_9_Strong', 'PANASD2_10_Active')], na.rm=TRUE)
[...] #### comparing before vs after groups on PA and NA at Time 2 and change scores ####
t.test(data$PANAS_PA_D2mean[data$Anchor.Position==""Anchor Before""], 
  data$PANAS_PA_D2mean[data$Anchor.Position==""Anchor After""])",match,"The paper specifies a comparison of Time 2 mean positive affect PANAS scores between participants who saw the anchor before vs after, using the full sample, and the code implements a t-test of PANAS_PA_D2mean between groups defined by Anchor.Position == ""Anchor Before"" vs ""Anchor After"". Both treat the Time 2 positive affect mean as the outcome and anchor-item position (before vs after) as the independent grouping variable without additional covariates or subgrouping.",variables
5,"Welch independent-samples t-test comparing Time 2 mean positive affect PANAS scores between participants who saw the anchor items before versus after the PANAS, using the full sample.",Transformation Specification,"""For Time 1 and Time 2 separately, I averaged the positive affect items for each participant to produce a mean score for positive affect, and I did the same for the negative affect items to produce a mean score for negative affect.[...]I excluded participants for (i) having missing responses on any measures or (ii) giving the same response to all items across the three measures in either the first or second survey.[...]I also conducted t-tests on the Time 2 ratings and on the change scores, without subcategorizing participants based on their anchor-responses.""","""data$PANAS_PA_D2mean = rowMeans(data[ , c('PANASD2_1_Attentive', 'PANASD2_2_Interested', 
  'PANASD2_3_Alert', 'PANASD2_4_Excited', 'PANASD2_5_Enthusiastic', 'PANASD2_6_Inspired', 
  'PANASD2_7_Proud', 'PANASD2_8_Determined', 'PANASD2_9_Strong', 'PANASD2_10_Active')], na.rm=TRUE)
[...]
t.test(data$PANAS_PA_D2mean[data$Anchor.Position==""Anchor Before""], 
  data$PANAS_PA_D2mean[data$Anchor.Position==""Anchor After""])""",match,"The paper describes averaging the 10 positive affect items at Time 2 to form a mean score and then running t‑tests on these Time 2 ratings without subcategorizing by anchor response, and the code computes a Time 2 positive affect mean via rowMeans of the same 10 items and compares these means between anchor‑before and anchor‑after groups. Any exclusions described in the paper likely occurred when creating the input CSV, so the transformations visible for this specific test align.",transform
5,"Welch independent-samples t-test comparing Time 2 mean positive affect PANAS scores between participants who saw the anchor items before versus after the PANAS, using the full sample.",Inference Specification,"For positive affect, people who saw the anchor-items before the PANAS (M = 2.84, SD = 0.91) had statistically nonsignificant differences in their Time 2 ratings compared to people who saw the anchor-items after (M = 2.78, SD = 0.91), t(898.27) = 1.03, p = .305, mean difference = 0.06, CI 95%[-0.06, 0.18], d = 0.07, CI 95% [-0.06, 0.20].","#### comparing before vs after groups on PA and NA at Time 2 and change scores ####
t.test(data$PANAS_PA_D2mean[data$Anchor.Position==""Anchor Before""], 
  data$PANAS_PA_D2mean[data$Anchor.Position==""Anchor After""]) [...] cohen.d(data$PANAS_PA_D2mean[data$Anchor.Position==""Anchor Before""],
        data$PANAS_PA_D2mean[data$Anchor.Position==""Anchor After""],
        pooled=TRUE,paired=FALSE,
        na.rm=TRUE, hedges.correction=FALSE,
        conf.level=0.95)",match,"The paper reports inference for this comparison using a Welch t-test with p-value and 95% confidence intervals for both the mean difference and Cohen’s d, labeling the result “statistically nonsignificant.” The code implements the same comparison with R’s t.test (Welch by default, returning a p-value and 95% CI) and cohen.d with conf.level=0.95, matching the paper’s 95% CI–based inference specification.",inference
6,"Welch independent-samples t-test comparing positive affect change scores (Time 2 – Time 1) between participants who saw the anchor items before versus after the PANAS, using the full sample.",Model Specification,"In the analyses I used Welch's independent samples t-tests.[...]Similarly, change scores in positive affect for people who saw the anchor items before the PANAS (M = 0.02, SD = 0.70) were not statistically significantly different from change scores for people who saw the anchor items after (M = -0.04, SD = 0.78), t(898.40) = 1.07, p = .283, mean difference = 0.02, CI 95%[-0.04, 0.15], d = 0.07, CI 95% [-0.06, 0.20].","t.test(data$PA_change[data$Anchor.Position==""Anchor Before""], 
  data$PA_change[data$Anchor.Position==""Anchor After""])",match,"The paper specifies using ""Welch's independent samples t-tests"" for this comparison, and the code implements an R two-sample t.test on PA_change between the two anchor-position groups, which by default is Welch’s unequal-variance independent-samples t-test. Thus, the model specification in the paper and code align.",model
6,"Welch independent-samples t-test comparing positive affect change scores (Time 2 – Time 1) between participants who saw the anchor items before versus after the PANAS, using the full sample.",Variable Specification,"“Similarly, change scores in positive affect for people who saw the anchor items before the PANAS (M = 0.02, SD = 0.70) were not statistically significantly different from change scores for people who saw the anchor items after (M = -0.04, SD = 0.78), t(898.40) = 1.07, p = .283, mean difference = 0.02, CI 95%[-0.04, 0.15], d = 0.07, CI 95% [-0.06, 0.20].”[...]“I also conducted t-tests on the Time 2 ratings and on the change scores, without subcategorizing participants based on their anchor-responses.”","data$PA_change = data$PANAS_PA_D2mean - data$PANAS_PA_D1mean
...
#### comparing before vs after groups on PA and NA at Time 2 and change scores ####
t.test(data$PANAS_PA_D2mean[data$Anchor.Position==""Anchor Before""], 
  data$PANAS_PA_D2mean[data$Anchor.Position==""Anchor After""])
...
t.test(data$PA_change[data$Anchor.Position==""Anchor Before""], 
  data$PA_change[data$Anchor.Position==""Anchor After""])",match,"In both the paper and the code, the dependent variable is the positive affect change score (Time 2 minus Time 1 PANAS positive mean), and the grouping variable is anchor position (""Anchor Before"" vs ""Anchor After"") applied to the full sample without subcategorization by anchor response. Thus, the variable specification in the implementation matches the description in the paper.",variables
6,"Welch independent-samples t-test comparing positive affect change scores (Time 2 – Time 1) between participants who saw the anchor items before versus after the PANAS, using the full sample.",Transformation Specification,"“For Time 1 and Time 2 separately, I averaged the positive affect items for each participant to produce a mean score for positive affect, and I did the same for the negative affect items to produce a mean score for negative affect.”[...]“To calculate each participant's change score for positive affect, I subtracted the mean score for positive affect at Time 1 from the mean score for positive affect at Time 2. I did the same to calculate the change scores for negative affect.”[...]“I excluded participants for (i) having missing responses on any measures or (ii) giving the same response to all items across the three measures in either the first or second survey. [...] The final dataset for this paper consisted of 903 participants who completed the PANAS on both Time 1 and Time 2.”[...]“To further examine any potential differences between Note.Total N = 903. Change Score = Average Change Score. Before = anchor-item presented before the PANAS. After = anchor-item presented after the PANAS. T1 = Time 1. T2 = Time 2.Sometimes, the difference in means and standard deviations presented for T1 and T2 do not exactly match with the presented mean difference because they are rounded to the nearest 2 decimals. Note.Total N = 903. Change Score = Average Change Score. Before = anchor-item presented before the PANAS. After = anchor-item presented after the PANAS. T1 = Time 1. T2 = Time 2.Sometimes, the difference in means and standard deviations presented for T1 and T2 do not exactly match with the presented mean difference because they are rounded to the nearest 2 decimals. people who saw the anchor before vs after the Time 2 measurement, I also conducted t-tests on the Time 2 ratings and on the change scores, without subcategorizing participants based on their anchor-responses.”","data$PANAS_PA_D1mean = rowMeans(data[ , c('PANASD1_1_Attentive', 'PANASD1_2_Interested', 
  'PANASD1_3_Alert', 'PANASD1_4_Excited', 'PANASD1_5_Enthusiastic', 'PANASD1_6_Inspired', 
  'PANASD1_7_Proud', 'PANASD1_8_Determined', 'PANASD1_9_Strong', 'PANASD1_10_Active')], na.rm=TRUE)

data$PANAS_PA_D2mean = rowMeans(data[ , c('PANASD2_1_Attentive', 'PANASD2_2_Interested', 
  'PANASD2_3_Alert', 'PANASD2_4_Excited', 'PANASD2_5_Enthusiastic', 'PANASD2_6_Inspired', 
  'PANASD2_7_Proud', 'PANASD2_8_Determined', 'PANASD2_9_Strong', 'PANASD2_10_Active')], na.rm=TRUE)

## each person's change score for PA and NA from D1 to D2
data$PA_change = data$PANAS_PA_D2mean - data$PANAS_PA_D1mean[...]#### comparing before vs after groups on PA and NA at Time 2 and change scores ####
t.test(data$PANAS_PA_D2mean[data$Anchor.Position==""Anchor Before""], 
  data$PANAS_PA_D2mean[data$Anchor.Position==""Anchor After""])
[...]
t.test(data$PA_change[data$Anchor.Position==""Anchor Before""], 
  data$PA_change[data$Anchor.Position==""Anchor After""])",unknown,"The code computes Time 1 and Time 2 positive affect means and a change score exactly as described and compares change scores between anchor-before and anchor-after groups without subcategorizing by anchor response, but the participant exclusion steps described in the paper are not visible in this script (they may be applied upstream in the CSV). Because the cleaning/exclusion transformation cannot be verified from the provided code, alignment of the full transformation specification is uncertain.",transform
6,"Welch independent-samples t-test comparing positive affect change scores (Time 2 – Time 1) between participants who saw the anchor items before versus after the PANAS, using the full sample.",Inference Specification,"“In the analyses I used Welch's independent samples t-tests.” [...] “Similarly, change scores in positive affect for people who saw the anchor items before the PANAS (M = 0.02, SD = 0.70) were not statistically significantly different from change scores for people who saw the anchor items after (M = -0.04, SD = 0.78), t(898.40) = 1.07, p = .283, mean difference = 0.02, CI 95%[-0.04, 0.15], d = 0.07, CI 95% [-0.06, 0.20]. In both cases, the observed raw and standardized effect sizes are quite tiny.”","“#### comparing before vs after groups on PA and NA at Time 2 and change scores ####
 t.test(data$PANAS_PA_D2mean[data$Anchor.Position==""Anchor Before""], 
   data$PANAS_PA_D2mean[data$Anchor.Position==""Anchor After""]) [...] 
 t.test(data$PA_change[data$Anchor.Position==""Anchor Before""], 
   data$PA_change[data$Anchor.Position==""Anchor After""]) [...] 
 cohen.d(data$PA_change[data$Anchor.Position==""Anchor Before""],
         data$PA_change[data$Anchor.Position==""Anchor After""],
         pooled=TRUE,paired=FALSE,
         na.rm=TRUE, hedges.correction=FALSE,
         conf.level=0.95)”",match,"The paper interprets the Welch independent-samples t-test via p-values, 95% confidence intervals, and effect size with 95% CIs, and the code implements a two-sample t.test (Welch by default) plus cohen.d with conf.level=0.95 on the same change scores. Both use 95% confidence intervals and significance language without specifying a different alpha, so the inferential specification aligns.",inference
7,"Welch independent-samples t-test comparing Time 2 mean negative affect PANAS scores between participants who saw the anchor items before versus after the PANAS, using the full sample.",Model Specification,"“In the analyses I used Welch's independent samples t-tests.” [...] “For negative affect, people who saw the anchor-items before (M = 1.81, SD = 0.79) had statistically nonsignificant differences in Time 2 scores compared to people who saw the anchor-items after (M = 1.80, SD = 0.77), t(896.97) = 0.11, p = .910, mean difference = 0.01, CI 95%[-0.10, 0.11], d = 0.01, CI 95%[-0.12, 0.14]-this difference was centred almost exactly on zero.”","#### comparing before vs after groups on PA and NA at Time 2 and change scores ####
...
t.test(data$PANAS_NA_D2mean[data$Anchor.Position==""Anchor Before""], 
  data$PANAS_NA_D2mean[data$Anchor.Position==""Anchor After""])
...",match,"The paper specifies that Welch’s independent-samples t-tests were used, and the code implements this comparison with R’s two-sample t.test function on the two independent groups’ Time 2 negative affect means, which by default is a Welch unequal-variance t-test. Thus, the model specification in the paper and code align.",model
7,"Welch independent-samples t-test comparing Time 2 mean negative affect PANAS scores between participants who saw the anchor items before versus after the PANAS, using the full sample.",Variable Specification,"""For negative affect, people who saw the anchor-items before (M = 1.81, SD = 0.79) had statistically nonsignificant differences in Time 2 scores compared to people who saw the anchor-items after (M = 1.80, SD = 0.77), t(896.97) = 0.11, p = .910, mean difference = 0.01, CI 95%[-0.10, 0.11], d = 0.01, CI 95%[-0.12, 0.14]-this difference was centred almost exactly on zero.""[...]""I also conducted t-tests on the Time 2 ratings and on the change scores, without subcategorizing participants based on their anchor-responses.""[...]""For Time 1 and Time 2 separately, I averaged the positive affect items for each participant to produce a mean score for positive affect, and I did the same for the negative affect items to produce a mean score for negative affect.""","data$PANAS_NA_D2mean = rowMeans(data[ , c('PANASD2_11_Distressed', 'PANASD2_12_Upset', 
  'PANASD2_13_Hostile', 'PANASD2_14_Irritable', 'PANASD2_15_Scared', 'PANASD2_16_Afraid', 
  'PANASD2_17_Ashamed', 'PANASD2_18_Guilty', 'PANASD2_19_Nervous', 'PANASD2_20_Jittery')], na.rm=TRUE)
[...]
t.test(data$PANAS_NA_D2mean[data$Anchor.Position==""Anchor Before""], 
  data$PANAS_NA_D2mean[data$Anchor.Position==""Anchor After""])",match,"The paper describes a t-test comparing Time 2 mean negative affect PANAS scores between participants who saw the anchor before versus after, using the full sample without subcategorization, and the code implements exactly this by testing data$PANAS_NA_D2mean between Anchor.Position == ""Anchor Before"" and ""Anchor After"". Thus, the outcome and grouping variables and their roles match between paper and code.",variables
7,"Welch independent-samples t-test comparing Time 2 mean negative affect PANAS scores between participants who saw the anchor items before versus after the PANAS, using the full sample.",Transformation Specification,"“For Time 1 and Time 2 separately, I averaged the positive affect items for each participant to produce a mean score for positive affect, and I did the same for the negative affect items to produce a mean score for negative affect.”[...]“I excluded participants for (i) having missing responses on any measures or (ii) giving the same response to all items across the three measures in either the first or second survey. The participants with missing responses had no data for any of the PANAS items at all, and giving the same response to all items indicates inattentive or unthoughtful responses. The final dataset for this paper consisted of 903 participants who completed the PANAS on both Time 1 and Time 2.”[...]“I also conducted t-tests on the Time 2 ratings and on the change scores, without subcategorizing participants based on their anchor-responses.”","data$PANAS_NA_D2mean = rowMeans(data[ , c('PANASD2_11_Distressed', 'PANASD2_12_Upset', 
  'PANASD2_13_Hostile', 'PANASD2_14_Irritable', 'PANASD2_15_Scared', 'PANASD2_16_Afraid', 
  'PANASD2_17_Ashamed', 'PANASD2_18_Guilty', 'PANASD2_19_Nervous', 'PANASD2_20_Jittery')], na.rm=TRUE)
[...]
t.test(data$PANAS_NA_D2mean[data$Anchor.Position==""Anchor Before""], 
  data$PANAS_NA_D2mean[data$Anchor.Position==""Anchor After""])",match,Both paper and code compute a Time 2 mean negative affect score by averaging the same ten PANAS negative items and then compare these means between anchor-before and anchor-after groups using a t-test on the full (cleaned) sample without further subcategorization by anchor response. The code’s use of rowMeans with the full dataset and grouping by Anchor.Position operationalizes exactly the transformation described in the paper.,transform
7,"Welch independent-samples t-test comparing Time 2 mean negative affect PANAS scores between participants who saw the anchor items before versus after the PANAS, using the full sample.",Inference Specification,"""In the analyses I used Welch's independent samples t-tests.""[...]""For negative affect, people who saw the anchor-items before (M = 1.81, SD = 0.79) had statistically nonsignificant differences in Time 2 scores compared to people who saw the anchor-items after (M = 1.80, SD = 0.77), t(896.97) = 0.11, p = .910, mean difference = 0.01, CI 95%[-0.10, 0.11], d = 0.01, CI 95%[-0.12, 0.14]-this difference was centred almost exactly on zero.""[...]""Indeed, all of the observed raw and standardized effect sizes were tiny. Moreover, based on the above confidence intervals, if the anchor-position does affect the change scores (and thus the smallest subjectively experience difference) or people's ratings at Time 2, then the effect size for how much it matters is likely to be smaller than d = 0.20.""","#### comparing before vs after groups on PA and NA at Time 2 and change scores ####
t.test(data$PANAS_PA_D2mean[data$Anchor.Position==""Anchor Before""], 
  data$PANAS_PA_D2mean[data$Anchor.Position==""Anchor After""])
sd(data$PANAS_PA_D2mean[data$Anchor.Position==""Anchor Before""])
sd(data$PANAS_PA_D2mean[data$Anchor.Position==""Anchor After""])
cohen.d(data$PANAS_PA_D2mean[data$Anchor.Position==""Anchor Before""],
        data$PANAS_PA_D2mean[data$Anchor.Position==""Anchor After""],
        pooled=TRUE,paired=FALSE,
        na.rm=TRUE, hedges.correction=FALSE,
        conf.level=0.95)


t.test(data$PANAS_NA_D2mean[data$Anchor.Position==""Anchor Before""], 
  data$PANAS_NA_D2mean[data$Anchor.Position==""Anchor After""])
sd(data$PANAS_NA_D2mean[data$Anchor.Position==""Anchor Before""])
sd(data$PANAS_NA_D2mean[data$Anchor.Position==""Anchor After""])
cohen.d(data$PANAS_NA_D2mean[data$Anchor.Position==""Anchor Before""],
        data$PANAS_NA_D2mean[data$Anchor.Position==""Anchor After""],
        pooled=TRUE,paired=FALSE,
        na.rm=TRUE, hedges.correction=FALSE,
        conf.level=0.95)",match,"The paper describes using Welch independent-samples t-tests with 95% confidence intervals and Cohen's d (with CIs) to assess the between-group difference, and interprets effects as tiny and likely below d = 0.20. The code implements the same inferential approach via t.test (default Welch, 95% CI) and cohen.d with conf.level=0.95 for the before-versus-after comparison on Time 2 negative affect.",inference
8,"Welch independent-samples t-test comparing negative affect change scores (Time 2 – Time 1) between participants who saw the anchor items before versus after the PANAS, using the full sample.",Model Specification,"In the analyses I used Welch's independent samples t-tests.[...]And the difference in change scores for negative affect between people who saw the anchor items before (M = -0.12, SD = 0.65) the PANAS as compared to after (M = -0.08, SD = 0.69) were also statistically nonsignificant, t(900.89) = 0.83, p = .407, mean difference = 0.04, CI 95%[-0.05, 0.12], d = 0.06, CI 95%[-0.08, 0.19].","#### comparing before vs after groups on PA and NA at Time 2 and change scores ####[...]t.test(data$NA_change[data$Anchor.Position==""Anchor Before""], \n  data$NA_change[data$Anchor.Position==""Anchor After""])",match,"The paper specifies that Welch's independent-samples t-tests were used for these comparisons, and the code implements the analysis with R's t.test on NA_change for the two anchor-position groups, which by default conducts a Welch unequal-variances independent t-test. Thus, the model specification in the code matches the model specification described in the paper.",model
8,"Welch independent-samples t-test comparing negative affect change scores (Time 2 – Time 1) between participants who saw the anchor items before versus after the PANAS, using the full sample.",Variable Specification,"""And the difference in change scores for negative affect between people who saw the anchor items before (M = -0.12, SD = 0.65) the PANAS as compared to after (M = -0.08, SD = 0.69) were also statistically nonsignificant, t(900.89) = 0.83, p = .407, mean difference = 0.04, CI 95%[-0.05, 0.12], d = 0.06, CI 95%[-0.08, 0.19].""[...]""I also conducted t-tests on the Time 2 ratings and on the change scores, without subcategorizing participants based on their anchor-responses. [...] This is because the following analyses examine the full sample, rather than focusing only on the \""a little less/more\"" groups.""[...]""For Time 1 and Time 2 separately, I averaged the positive affect items for each participant to produce a mean score for positive affect, and I did the same for the negative affect items to produce a mean score for negative affect. [...] I did the same to calculate the change scores for negative affect. Thus, each participant had a change score for positive affect and a change score for negative affect.""","data$PANAS_NA_D1mean = rowMeans(data[ , c('PANASD1_11_Distressed', 'PANASD1_12_Upset', 
  'PANASD1_13_Hostile', 'PANASD1_14_Irritable', 'PANASD1_15_Scared', 'PANASD1_16_Afraid', 
  'PANASD1_17_Ashamed', 'PANASD1_18_Guilty', 'PANASD1_19_Nervous', 'PANASD1_20_Jittery')], na.rm=TRUE)

data$PANAS_NA_D2mean = rowMeans(data[ , c('PANASD2_11_Distressed', 'PANASD2_12_Upset', 
  'PANASD2_13_Hostile', 'PANASD2_14_Irritable', 'PANASD2_15_Scared', 'PANASD2_16_Afraid', 
  'PANASD2_17_Ashamed', 'PANASD2_18_Guilty', 'PANASD2_19_Nervous', 'PANASD2_20_Jittery')], na.rm=TRUE)

## each person's change score for PA and NA from D1 to D2
[...]
data$NA_change = data$PANAS_NA_D2mean - data$PANAS_NA_D1mean
[...]
#### comparing before vs after groups on PA and NA at Time 2 and change scores ####
[...]
t.test(data$NA_change[data$Anchor.Position==""Anchor Before""], 
  data$NA_change[data$Anchor.Position==""Anchor After""])
[...]
cohen.d(data$NA_change[data$Anchor.Position==""Anchor Before""],
        data$NA_change[data$Anchor.Position==""Anchor After""],
        pooled=TRUE,paired=FALSE,
        na.rm=TRUE, hedges.correction=FALSE,
        conf.level=0.95)",match,"Both the paper and code use the negative affect change score as the dependent variable and compare it between participants with the anchor presented before versus after the PANAS, using the full sample. The grouping factor and the construction of the change score match across descriptions.",variables
8,"Welch independent-samples t-test comparing negative affect change scores (Time 2 – Time 1) between participants who saw the anchor items before versus after the PANAS, using the full sample.",Transformation Specification,"“For Time 1 and Time 2 separately, I averaged the positive affect items for each participant to produce a mean score for positive affect, and I did the same for the negative affect items to produce a mean score for negative affect.[...]To calculate each participant's change score for positive affect, I subtracted the mean score for positive affect at Time 1 from the mean score for positive affect at Time 2. I did the same to calculate the change scores for negative affect. Thus, each participant had a change score for positive affect and a change score for negative affect.”[...]“I excluded participants for (i) having missing responses on any measures or (ii) giving the same response to all items across the three measures in either the first or second survey.[...]The final dataset for this paper consisted of 903 participants who completed the PANAS on both Time 1 and Time 2. Of these, there were 440 participants who responded to the anchor-items before the PANAS at Time 2 and 463 who responded to the anchor-items after the PANAS.”[...]“I also conducted t-tests on the Time 2 ratings and on the change scores, without subcategorizing participants based on their anchor-responses.”","data$PANAS_NA_D1mean = rowMeans(data[ , c('PANASD1_11_Distressed', 'PANASD1_12_Upset', 
  'PANASD1_13_Hostile', 'PANASD1_14_Irritable', 'PANASD1_15_Scared', 'PANASD1_16_Afraid', 
  'PANASD1_17_Ashamed', 'PANASD1_18_Guilty', 'PANASD1_19_Nervous', 'PANASD1_20_Jittery')], na.rm=TRUE)

data$PANAS_NA_D2mean = rowMeans(data[ , c('PANASD2_11_Distressed', 'PANASD2_12_Upset', 
  'PANASD2_13_Hostile', 'PANASD2_14_Irritable', 'PANASD2_15_Scared', 'PANASD2_16_Afraid', 
  'PANASD2_17_Ashamed', 'PANASD2_18_Guilty', 'PANASD2_19_Nervous', 'PANASD2_20_Jittery')], na.rm=TRUE)

## each person's change score for PA and NA from D1 to D2
data$PA_change = data$PANAS_PA_D2mean - data$PANAS_PA_D1mean
data$NA_change = data$PANAS_NA_D2mean - data$PANAS_NA_D1mean
[...]
#### comparing before vs after groups on PA and NA at Time 2 and change scores ####
t.test(data$PANAS_PA_D2mean[data$Anchor.Position==""Anchor Before""], 
  data$PANAS_PA_D2mean[data$Anchor.Position==""Anchor After""])
[...]
t.test(data$NA_change[data$Anchor.Position==""Anchor Before""], 
  data$NA_change[data$Anchor.Position==""Anchor After""])",match,"The paper describes averaging the ten negative-affect PANAS items at each time point and then forming a negative-affect change score as Time 2 minus Time 1, using the full sample split only by anchor position, and the code implements exactly this via rowMeans for PANAS_NA_D1mean/PANAS_NA_D2mean, NA_change = PANAS_NA_D2mean − PANAS_NA_D1mean, and an independent-samples t-test comparing NA_change between “Anchor Before” and “Anchor After”. The use of rowMeans with na.rm=TRUE is consistent with the paper’s stated prior exclusion of participants with missing responses, so there is no substantive transformation discrepancy.",transform
8,"Welch independent-samples t-test comparing negative affect change scores (Time 2 – Time 1) between participants who saw the anchor items before versus after the PANAS, using the full sample.",Inference Specification,"And the difference in change scores for negative affect between people who saw the anchor items before (M = -0.12, SD = 0.65) the PANAS as compared to after (M = -0.08, SD = 0.69) were also statistically nonsignificant, t(900.89) = 0.83, p = .407, mean difference = 0.04, CI 95%[-0.05, 0.12], d = 0.06, CI 95%[-0.08, 0.19]. Again, the observed raw and standardized effect sizes were tiny.[...]Moreover, based on the above confidence intervals, if the anchor-position does affect the change scores (and thus the smallest subjectively experience difference) or people's ratings at Time 2, then the effect size for how much it matters is likely to be smaller than d = 0.20.","t.test(data$NA_change[data$Anchor.Position==""Anchor Before""], 
  data$NA_change[data$Anchor.Position==""Anchor After""]) 
[...] 
cohen.d(data$NA_change[data$Anchor.Position==""Anchor Before""],
        data$NA_change[data$Anchor.Position==""Anchor After""],
        pooled=TRUE,paired=FALSE,
        na.rm=TRUE, hedges.correction=FALSE,
        conf.level=0.95)",match,"The paper interprets the Welch t-test using a p-value, 95% confidence intervals, and very small effect sizes, and the code implements the same comparison with a default two-sided Welch t.test and cohen.d using conf.level=0.95. No alternative alpha or nonstandard inferential criterion is specified in either source, so the inference specifications align.",inference
9,"Correlation between positive affect anchor responses and positive affect change scores (Time 2 – Time 1), across the full sample.",Model Specification,"“The method's validity is demonstrated by the strength of the correlation between the anchor-item and: (i) the change scores on the outcome measure (e.g., PANAS difference between Time 1 and Time 2), with a positive correlation showing that the anchor-responses capture changes in the construct;” [...] “Firstly, for the anchor to be valid, it needs to correlate relatively strongly with the change scores.”","#### correlation analyses with PA anchor ####
cor.test(data$PA_change, data$AnchorPA)
cor.test(data$PANAS_PA_D2mean, data$AnchorPA)
cor.test(data$PANAS_PA_D1mean, data$AnchorPA)",match,"The paper describes using the strength of the correlation between the anchor-item and the change scores as the validity test, and the code implements this with cor.test between PA_change and AnchorPA. Both therefore use a bivariate correlation test between the same variables as the model specification.",model
9,"Correlation between positive affect anchor responses and positive affect change scores (Time 2 – Time 1), across the full sample.",Variable Specification,"“Firstly, for the anchor to be valid, it needs to correlate relatively strongly with the change scores. Indeed, this was the case for both positive affect (r = .54"" CI 95%[.49, .58])...”[...]“To calculate each participant's change score for positive affect, I subtracted the mean score for positive affect at Time 1 from the mean score for positive affect at Time 2.”[...]“The anchor items for positive and negative affect included in the survey at Time 2 asked participants, ""Overall, compared to the time when you did this survey yesterday, how positive/negative do you feel right now?"". Participants had five response options for each anchor item: much less positive/negative, a little less positive/negative, the same, a little more positive/negative, and much more positive/negative.”","## create new variables for PA and NA anchor items so responses for the anchors are
# in the same columns for both the people who saw the anchor before the PANAS 
# and those who saw the anchor after the PANAS
data$AnchorPA <- paste(data$PA.Anchor.Before, data$PA.Anchor.After)
[...]
## each person's change score for PA and NA from D1 to D2
data$PA_change = data$PANAS_PA_D2mean - data$PANAS_PA_D1mean
[...]
#### correlation analyses with PA anchor ####
cor.test(data$PA_change, data$AnchorPA)",match,"The paper describes correlating the Time 2 positive affect anchor responses with positive affect change scores, and the code implements a correlation between `data$AnchorPA` and `data$PA_change` constructed as Time 2 minus Time 1 positive affect means. Thus, the variables and their roles in the correlation analysis align between paper and code.",variables
9,"Correlation between positive affect anchor responses and positive affect change scores (Time 2 – Time 1), across the full sample.",Transformation Specification,"“For Time 1 and Time 2 separately, I averaged the positive affect items for each participant to produce a mean score for positive affect, and I did the same for the negative affect items to produce a mean score for negative affect.[...] To calculate each participant's change score for positive affect, I subtracted the mean score for positive affect at Time 1 from the mean score for positive affect at Time 2.”","data$PANAS_PA_D1mean = rowMeans(data[ , c('PANASD1_1_Attentive', 'PANASD1_2_Interested', 
  'PANASD1_3_Alert', 'PANASD1_4_Excited', 'PANASD1_5_Enthusiastic', 'PANASD1_6_Inspired', 
  'PANASD1_7_Proud', 'PANASD1_8_Determined', 'PANASD1_9_Strong', 'PANASD1_10_Active')], na.rm=TRUE)

data$PANAS_PA_D2mean = rowMeans(data[ , c('PANASD2_1_Attentive', 'PANASD2_2_Interested', 
  'PANASD2_3_Alert', 'PANASD2_4_Excited', 'PANASD2_5_Enthusiastic', 'PANASD2_6_Inspired', 
  'PANASD2_7_Proud', 'PANASD2_8_Determined', 'PANASD2_9_Strong', 'PANASD2_10_Active')], na.rm=TRUE)

data$PA_change = data$PANAS_PA_D2mean - data$PANAS_PA_D1mean
[...]
cor.test(data$PA_change, data$AnchorPA)",match,"Both the paper and code construct positive affect change scores by averaging the 10 positive affect items at each time point and subtracting Time 1 from Time 2, then correlate this change score with the anchor responses across the full sample. The code also recodes anchor responses numerically, which is consistent with but more detailed than the paper’s description.",transform
9,"Correlation between positive affect anchor responses and positive affect change scores (Time 2 – Time 1), across the full sample.",Inference Specification,"The second aim of this study was to examine the anchor-item's validity correlations and see if a similar pattern emerged as compared to validity correlations reported with longer delays of two to five days (i.e., Anvari and Lakens, 2021). Firstly, for the anchor to be valid, it needs to correlate relatively strongly with the change scores. Indeed, this was the case for both positive affect (r = .54"" CI 95%[.49, .58]) and negative affect (r = .45"" CI 95% [.40, .50]). Although some researchers have suggested that a minimum correlation of .50 is necessary for good validity (Devji et al., 2020), we should be wary of interpreting benchmarks too rigidly. The present results suggest that the anchor-responses are capturing change in the construct.","#### correlation analyses with PA anchor ####
cor.test(data$PA_change, data$AnchorPA)
cor.test(data$PANAS_PA_D2mean, data$AnchorPA)
cor.test(data$PANAS_PA_D1mean, data$AnchorPA)

cocor(~PA_change + AnchorPA | PANAS_PA_D2mean + AnchorPA, data=data)
# anchor corr with change score > anchor corr with T2",mismatch,"The paper interprets the correlation using 95% confidence intervals and an external benchmark that ""a minimum correlation of .50 is necessary for good validity,"" whereas the code computes Pearson correlations (with default 95% CIs and tests against zero) and a cocor comparison but does not encode or check any r ≥ .50 validity criterion. Thus, the inferential criteria used conceptually in the paper are only partially represented in the implementation.",inference
10,"Correlation between negative affect anchor responses and negative affect change scores (Time 2 – Time 1), across the full sample.",Model Specification,"Firstly, for the anchor to be valid, it needs to correlate relatively strongly with the change scores. Indeed, this was the case for both positive affect (r = .54"" CI 95%[.49, .58]) and negative affect (r = .45"" CI 95% [.40, .50]).","#### correlation analyses with NA anchor ####
cor.test(data$NA_change, data$AnchorNA)",match,"The paper describes estimating a correlation between negative affect anchor responses and negative affect change scores, and the code implements this using a correlation test between NA_change and AnchorNA. Both use a Pearson-type correlation between the same variables on the full sample, so the model specifications align.",model
10,"Correlation between negative affect anchor responses and negative affect change scores (Time 2 – Time 1), across the full sample.",Variable Specification,"Firstly, for the anchor to be valid, it needs to correlate relatively strongly with the change scores. Indeed, this was the case for both positive affect (r = .54"" CI 95%[.49, .58]) and negative affect (r = .45"" CI 95% [.40, .50]).[...]I did the same to calculate the change scores for negative affect.[...]The anchor items for positive and negative affect included in the survey at Time 2 asked participants, ""Overall, compared to the time when you did this survey yesterday, how positive/negative do you feel right now?""","data$AnchorNA <- paste(data$NA.Anchor.Before, data$NA.Anchor.After)
[...]
data$PANAS_NA_D1mean = rowMeans(data[ , c('PANASD1_11_Distressed', 'PANASD1_12_Upset', 
  'PANASD1_13_Hostile', 'PANASD1_14_Irritable', 'PANASD1_15_Scared', 'PANASD1_16_Afraid', 
  'PANASD1_17_Ashamed', 'PANASD1_18_Guilty', 'PANASD1_19_Nervous', 'PANASD1_20_Jittery')], na.rm=TRUE)

data$PANAS_NA_D2mean = rowMeans(data[ , c('PANASD2_11_Distressed', 'PANASD2_12_Upset', 
  'PANASD2_13_Hostile', 'PANASD2_14_Irritable', 'PANASD2_15_Scared', 'PANASD2_16_Afraid', 
  'PANASD2_17_Ashamed', 'PANASD2_18_Guilty', 'PANASD2_19_Nervous', 'PANASD2_20_Jittery')], na.rm=TRUE)

## each person's change score for PA and NA from D1 to D2
data$PA_change = data$PANAS_PA_D2mean - data$PANAS_PA_D1mean
data$NA_change = data$PANAS_NA_D2mean - data$PANAS_NA_D1mean
[...]
#### correlation analyses with NA anchor ####
cor.test(data$NA_change, data$AnchorNA)",match,"The paper describes correlating negative affect anchor responses with negative affect change scores, where change scores are Time 2 minus Time 1 PANAS negative affect means. The code implements this identically by computing NA_change as PANAS_NA_D2mean - PANAS_NA_D1mean and correlating it with AnchorNA across the full dataset.",variables
10,"Correlation between negative affect anchor responses and negative affect change scores (Time 2 – Time 1), across the full sample.",Transformation Specification,"""For Time 1 and Time 2 separately, I averaged the positive affect items for each participant to produce a mean score for positive affect, and I did the same for the negative affect items to produce a mean score for negative affect.[...]To calculate each participant's change score for positive affect, I subtracted the mean score for positive affect at Time 1 from the mean score for positive affect at Time 2. I did the same to calculate the change scores for negative affect.[...]The final dataset for this paper consisted of 903 participants who completed the PANAS on both Time 1 and Time 2.""","data$AnchorNA <- paste(data$NA.Anchor.Before, data$NA.Anchor.After)
[...]
data$AnchorNA = as.character(data$AnchorNA)
[...]
data[data == "" Much less negative""] <- 1
[...]
data[data == "" A little less negative""] <- 2
[...]
data[data == "" A little more negative""] <- 4
[...]
data[data == "" Much more negative""] <- 5
[...]
data[, 77:78] <- sapply(data[, 77:78], as.integer)
[...]
data$PANAS_NA_D1mean = rowMeans(data[ , c('PANASD1_11_Distressed', 'PANASD1_12_Upset', 
  'PANASD1_13_Hostile', 'PANASD1_14_Irritable', 'PANASD1_15_Scared', 'PANASD1_16_Afraid', 
  'PANASD1_17_Ashamed', 'PANASD1_18_Guilty', 'PANASD1_19_Nervous', 'PANASD1_20_Jittery')], na.rm=TRUE)

data$PANAS_NA_D2mean = rowMeans(data[ , c('PANASD2_11_Distressed', 'PANASD2_12_Upset', 
  'PANASD2_13_Hostile', 'PANASD2_14_Irritable', 'PANASD2_15_Scared', 'PANASD2_16_Afraid', 
  'PANASD2_17_Ashamed', 'PANASD2_18_Guilty', 'PANASD2_19_Nervous', 'PANASD2_20_Jittery')], na.rm=TRUE)

## each person's change score for PA and NA from D1 to D2
[...]
data$NA_change = data$PANAS_NA_D2mean - data$PANAS_NA_D1mean
[...]
#### correlation analyses with NA anchor ####
cor.test(data$NA_change, data$AnchorNA)",match,"Both the paper and code compute mean negative affect scores at Time 1 and Time 2 from the 10 PANAS NA items and then form unstandardized change scores as Time 2 minus Time 1 before correlating these with the anchor responses. The code additionally recodes the negative affect anchor categories to numeric values, which is consistent with treating the same anchor responses analyzed in the paper as an ordered variable for correlation.",transform
10,"Correlation between negative affect anchor responses and negative affect change scores (Time 2 – Time 1), across the full sample.",Inference Specification,"“Firstly, for the anchor to be valid, it needs to correlate relatively strongly with the change scores. Indeed, this was the case for both positive affect (r = .54"" CI 95%[.49, .58]) and negative affect (r = .45"" CI 95% [.40, .50]). Although some researchers have suggested that a minimum correlation of .50 is necessary for good validity (Devji et al., 2020), we should be wary of interpreting benchmarks too rigidly. The present results suggest that the anchor-responses are capturing change in the construct.”","#### correlation analyses with NA anchor ####
cor.test(data$NA_change, data$AnchorNA)
cor.test(data$PANAS_NA_D2mean, data$AnchorNA)
cor.test(data$PANAS_NA_D1mean, data$AnchorNA)

cocor(~NA_change + AnchorNA | PANAS_NA_D2mean + AnchorNA, data=data)
# anchor corr with change score < anchor corr with T2

cocor(~NA_change + AnchorNA | PANAS_NA_D1mean + AnchorNA, data=data)
# anchor corr with change score > anchor corr with T1",mismatch,"The paper’s inference specification uses 95% confidence intervals for r and compares the estimate to a suggested .50 benchmark for good validity, whereas the code runs standard cor.test and cocor procedures without encoding or testing against any .50 validity threshold. Thus, the inferential criterion described in the text (relative to .50) is not implemented in the code.",inference
11,"Correlation between positive affect anchor responses and Time 2 positive affect PANAS mean scores, across the full sample.",Model Specification,"“Secondly, the anchor needs to correlate with the Time 2 scores, which was also the case for both positive (r = .45"" CI 95%[.40, .50]) and negative affect (r = .48"" CI 95%[.42, .52]).”","#### correlation analyses with PA anchor ####
cor.test(data$PA_change, data$AnchorPA)
cor.test(data$PANAS_PA_D2mean, data$AnchorPA)
cor.test(data$PANAS_PA_D1mean, data$AnchorPA)",match,"The paper describes computing a correlation (r) between the anchor and Time 2 scores, and the code implements this via `cor.test(data$PANAS_PA_D2mean, data$AnchorPA)`, i.e., a correlation test between the same two variables. Both therefore use a correlation test as the model specification for this analysis.",model
11,"Correlation between positive affect anchor responses and Time 2 positive affect PANAS mean scores, across the full sample.",Variable Specification,"""Secondly, the anchor needs to correlate with the Time 2 scores, which was also the case for both positive (r = .45"" CI 95%[.40, .50]) and negative affect (r = .48"" CI 95%[.42, .52]).""[...]""For Time 1 and Time 2 separately, I averaged the positive affect items for each participant to produce a mean score for positive affect, and I did the same for the negative affect items to produce a mean score for negative affect.""[...]""The anchor items for positive and negative affect included in the survey at Time 2 asked participants, ""Overall, compared to the time when you did this survey yesterday, how positive/negative do you feel right now?"".""","data$AnchorPA <- paste(data$PA.Anchor.Before, data$PA.Anchor.After)
[...]data$PANAS_PA_D2mean = rowMeans(data[ , c('PANASD2_1_Attentive', 'PANASD2_2_Interested', 
  'PANASD2_3_Alert', 'PANASD2_4_Excited', 'PANASD2_5_Enthusiastic', 'PANASD2_6_Inspired', 
  'PANASD2_7_Proud', 'PANASD2_8_Determined', 'PANASD2_9_Strong', 'PANASD2_10_Active')], na.rm=TRUE)
[...]cor.test(data$PANAS_PA_D2mean, data$AnchorPA)",match,"The paper specifies a correlation between Time 2 PANAS positive affect mean scores and Time 2 positive affect anchor responses, and the code computes a correlation between `PANAS_PA_D2mean` and `AnchorPA` on the full dataset. The variable constructions in the code (row-mean of Time 2 positive PANAS items and recoded anchor responses) match the paper’s descriptions.",variables
11,"Correlation between positive affect anchor responses and Time 2 positive affect PANAS mean scores, across the full sample.",Transformation Specification,"“Ten items measured positive affect (attentive, interested, alert, excited, enthusiastic, inspired, proud, determined, strong, and active) and ten items measured negative affect (distressed, upset, hostile, irritable, scared, afraid, ashamed, guilty, nervous, jittery). For Time 1 and Time 2 separately, I averaged the positive affect items for each participant to produce a mean score for positive affect, and I did the same for the negative affect items to produce a mean score for negative affect.” [...] “The anchor items for positive and negative affect included in the survey at Time 2 asked participants, ""Overall, compared to the time when you did this survey yesterday, how positive/negative do you feel right now?"". Participants had five response options for each anchor item: much less positive/negative, a little less positive/negative, the same, a little more positive/negative, and much more positive/negative.” [...] “I excluded participants for (i) having missing responses on any measures or (ii) giving the same response to all items across the three measures in either the first or second survey. The participants with missing responses had no data for any of the PANAS items at all, and giving the same response to all items indicates inattentive or unthoughtful responses. The final dataset for this paper consisted of 903 participants who completed the PANAS on both Time 1 and Time 2.”","“## create new variables for PA and NA anchor items so responses for the anchors are
# in the same columns for both the people who saw the anchor before the PANAS 
# and those who saw the anchor after the PANAS
data$AnchorPA <- paste(data$PA.Anchor.Before, data$PA.Anchor.After)
data$AnchorNA <- paste(data$NA.Anchor.Before, data$NA.Anchor.After)
data$AnchorPA = as.character(data$AnchorPA)
data$AnchorNA = as.character(data$AnchorNA)

# rename character values on the anchors to numbers
# some had a space in front and some had a space after
data[data == "" Much less positive""] <- 1
[...]
data[data == ""Much more negative ""] <- 5

# Save relevant columns as integer
data[, 77:78] <- sapply(data[, 77:78], as.integer)


#### mean of D1/T1 and D2/T2 scores for PA and NA ####

data$PANAS_PA_D1mean = rowMeans(data[ , c('PANASD1_1_Attentive', 'PANASD1_2_Interested', 
  'PANASD1_3_Alert', 'PANASD1_4_Excited', 'PANASD1_5_Enthusiastic', 'PANASD1_6_Inspired', 
  'PANASD1_7_Proud', 'PANASD1_8_Determined', 'PANASD1_9_Strong', 'PANASD1_10_Active')], na.rm=TRUE)

data$PANAS_PA_D2mean = rowMeans(data[ , c('PANASD2_1_Attentive', 'PANASD2_2_Interested', 
  'PANASD2_3_Alert', 'PANASD2_4_Excited', 'PANASD2_5_Enthusiastic', 'PANASD2_6_Inspired', 
  'PANASD2_7_Proud', 'PANASD2_8_Determined', 'PANASD2_9_Strong', 'PANASD2_10_Active')], na.rm=TRUE)
[...]
#### correlation analyses with PA anchor ####
cor.test(data$PA_change, data$AnchorPA)
cor.test(data$PANAS_PA_D2mean, data$AnchorPA)
cor.test(data$PANAS_PA_D1mean, data$AnchorPA)”",match,"The paper states that Time 2 positive affect scores are the mean of 10 positive PANAS items and that the anchor is a 5-point response item, and the code implements this by computing rowMeans over the same 10 items and recoding the anchor text responses into numeric 1–5 before running cor.test. Any additional filtering (e.g., exclusions) appears to be handled in data preparation rather than in this script, so the implemented transformations for this correlation align with the described ones.",transform
11,"Correlation between positive affect anchor responses and Time 2 positive affect PANAS mean scores, across the full sample.",Inference Specification,"Secondly, the anchor needs to correlate with the Time 2 scores, which was also the case for both positive (r = .45"" CI 95%[.40, .50]) and negative affect (r = .48"" CI 95%[.42, .52]). Importantly, however, to show that the anchor-responses reflect change in the construct more than present state, the anchor's correlation with the change scores should be stronger than its correlation with Time 2 scores. This was the case for positive affect (rdif = .09, CI 95%[.03, .15]) but not for negative affect (rdif = -.02"" CI 95%[-.08, 0.04]; Zou, 2007). Critically, the anchor-responses should not reflect the present state more than they reflect change in the construct, and indeed the results show that this was not the case.","#### correlation analyses with PA anchor ####
cor.test(data$PA_change, data$AnchorPA)
cor.test(data$PANAS_PA_D2mean, data$AnchorPA)
cor.test(data$PANAS_PA_D1mean, data$AnchorPA)

cocor(~PA_change + AnchorPA | PANAS_PA_D2mean + AnchorPA, data=data)
# anchor corr with change score > anchor corr with T2",match,"The paper bases inference on 95% confidence intervals for the correlation and for the difference between correlations using Zou's method, requiring the anchor–change correlation to be stronger than the anchor–Time 2 correlation. The code implements cor.test (with its default 95% CI) for the anchor–Time 2 correlation and uses cocor to compare it to the anchor–change correlation, matching the inferential approach described in the paper.",inference
12,"Correlation between negative affect anchor responses and Time 2 negative affect PANAS mean scores, across the full sample.",Model Specification,"“Secondly, the anchor needs to correlate with the Time 2 scores, which was also the case for both positive (r = .45"" CI 95%[.40, .50]) and negative affect (r = .48"" CI 95%[.42, .52]).”","cor.test(data$PANAS_NA_D2mean, data$AnchorNA)",match,"Both the paper and the code use a correlation analysis between the negative affect anchor responses and the Time 2 negative affect mean scores (implemented via cor.test, i.e., a Pearson correlation). The reported correlation coefficient r = .48 in the paper corresponds to the Pearson correlation computed in the code.",model
12,"Correlation between negative affect anchor responses and Time 2 negative affect PANAS mean scores, across the full sample.",Variable Specification,"""Secondly, the anchor needs to correlate with the Time 2 scores, which was also the case for both positive (r = .45"" CI 95%[.40, .50]) and negative affect (r = .48"" CI 95%[.42, .52]).""[...]""Ten items measured negative affect (distressed, upset, hostile, irritable, scared, afraid, ashamed, guilty, nervous, jittery)... For Time 1 and Time 2 separately, I averaged... the negative affect items to produce a mean score for negative affect.""[...]""The anchor items for positive and negative affect included in the survey at Time 2 asked participants, ""Overall, compared to the time when you did this survey yesterday, how positive/negative do you feel right now?""""","data$AnchorNA <- paste(data$NA.Anchor.Before, data$NA.Anchor.After)
[...]
data$PANAS_NA_D2mean = rowMeans(data[ , c('PANASD2_11_Distressed', 'PANASD2_12_Upset', 
  'PANASD2_13_Hostile', 'PANASD2_14_Irritable', 'PANASD2_15_Scared', 'PANASD2_16_Afraid', 
  'PANASD2_17_Ashamed', 'PANASD2_18_Guilty', 'PANASD2_19_Nervous', 'PANASD2_20_Jittery')], na.rm=TRUE)
[...]
cor.test(data$PANAS_NA_D2mean, data$AnchorNA)",match,"The paper describes correlating Time 2 negative affect mean scores with the negative affect anchor responses, and the code computes a correlation between `PANAS_NA_D2mean` and `AnchorNA` for the full dataset. Both implementations thus use the same two variables in the same correlational role.",variables
12,"Correlation between negative affect anchor responses and Time 2 negative affect PANAS mean scores, across the full sample.",Transformation Specification,"“For Time 1 and Time 2 separately, I averaged the positive affect items for each participant to produce a mean score for positive affect, and I did the same for the negative affect items to produce a mean score for negative affect.” [...] “I excluded participants for (i) having missing responses on any measures or (ii) giving the same response to all items across the three measures in either the first or second survey. [...] The final dataset for this paper consisted of 903 participants who completed the PANAS on both Time 1 and Time 2.” [...] “The anchor items for positive and negative affect included in the survey at Time 2 asked participants, “Overall, compared to the time when you did this survey yesterday, how positive/negative do you feel right now?”. Participants had five response options for each anchor item: much less positive/negative, a little less positive/negative, the same, a little more positive/negative, and much more positive/negative.”","data$AnchorNA <- paste(data$NA.Anchor.Before, data$NA.Anchor.After)
data$AnchorNA = as.character(data$AnchorNA)

# rename character values on the anchors to numbers
# some had a space in front and some had a space after
[...]
data[data == "" Much less negative""] <- 1
data[data == ""Much less negative ""] <- 1
data[data == "" A little less negative""] <- 2
data[data == ""A little less negative ""] <- 2
data[data == "" A little more negative""] <- 4
data[data == ""A little more negative ""] <- 4
data[data == "" Much more negative""] <- 5
data[data == ""Much more negative ""] <- 5

# Save relevant columns as integer
data[, 77:78] <- sapply(data[, 77:78], as.integer)
[...]
data$PANAS_NA_D1mean = rowMeans(data[ , c('PANASD1_11_Distressed', 'PANASD1_12_Upset', 
  'PANASD1_13_Hostile', 'PANASD1_14_Irritable', 'PANASD1_15_Scared', 'PANASD1_16_Afraid', 
  'PANASD1_17_Ashamed', 'PANASD1_18_Guilty', 'PANASD1_19_Nervous', 'PANASD1_20_Jittery')], na.rm=TRUE)

data$PANAS_NA_D2mean = rowMeans(data[ , c('PANASD2_11_Distressed', 'PANASD2_12_Upset', 
  'PANASD2_13_Hostile', 'PANASD2_14_Irritable', 'PANASD2_15_Scared', 'PANASD2_16_Afraid', 
  'PANASD2_17_Ashamed', 'PANASD2_18_Guilty', 'PANASD2_19_Nervous', 'PANASD2_20_Jittery')], na.rm=TRUE)
[...]
#### correlation analyses with NA anchor ####
cor.test(data$NA_change, data$AnchorNA)
cor.test(data$PANAS_NA_D2mean, data$AnchorNA)
cor.test(data$PANAS_NA_D1mean, data$AnchorNA)",match,"Both the paper and code compute Time 2 negative affect as the mean of the ten negative PANAS items and then correlate this mean with a 5-level anchor variable across the full sample, with the code additionally making explicit the numeric recoding of anchor responses. There is no evidence of any extra or conflicting data transformations in the code relative to what is described in the paper for this correlation.",transform
12,"Correlation between negative affect anchor responses and Time 2 negative affect PANAS mean scores, across the full sample.",Inference Specification,"“Secondly, the anchor needs to correlate with the Time 2 scores, which was also the case for both positive (r = .45"" CI 95%[.40, .50]) and negative affect (r = .48"" CI 95%[.42, .52]). Importantly, however, to show that the anchor-responses reflect change in the construct more than present state, the anchor's correlation with the change scores should be stronger than its correlation with Time 2 scores. This was the case for positive affect (rdif = .09, CI 95%[.03, .15]) but not for negative affect (rdif = -.02"" CI 95%[-.08, 0.04]; Zou, 2007). Critically, the anchor-responses should not reflect the present state more than they reflect change in the construct, and indeed the results show that this was not the case. Hence, the current results are not quite ideal because the anchor item ratings are not more strongly related to change scores than Time 2 for negative affect. At the same time the anchor item ratings are not more strongly related to Time 2 scores than to change scores which would be a major problem.”","#### correlation analyses with NA anchor ####
cor.test(data$NA_change, data$AnchorNA)
cor.test(data$PANAS_NA_D2mean, data$AnchorNA)
cor.test(data$PANAS_NA_D1mean, data$AnchorNA)

cocor(~NA_change + AnchorNA | PANAS_NA_D2mean + AnchorNA, data=data)
# anchor corr with change score < anchor corr with T2
[...]
## the anchor position doesn't have a moderating effect on the correlations
## the correlations replicate the relationships found in the original study I did with Daniel,
# except that for NA the anchor correlation with T2 was not statistically significantly 
# differetn from anchor correlation with change in NA. descriptively the correlation
# with T2 was a bit stronger.",match,"The paper specifies that validity is evaluated via 95% confidence intervals on correlations and their difference (rdif), requiring the anchor–change correlation to be stronger than the anchor–Time 2 correlation, and notes that for negative affect the rdif CI includes 0 so this criterion is not met. The code implements this by computing the relevant correlations and using cocor (with its default 95% CI/α = .05) to test the difference, explicitly concluding in comments that for negative affect the anchor–Time 2 correlation is not statistically significantly different from the anchor–change correlation, which matches the paper’s inference criteria and conclusion.",inference
13,"Correlation between positive affect anchor responses and Time 1 positive affect PANAS mean scores, across the full sample.",Model Specification,"“Thirdly, though rarely achieved in practice (Devji et al., 2020), the anchor should correlate with Time 1 scores just as strongly, in absolute terms, as with Time 2 scores.[...]In the present study, much like the results reported by Anvari and Lakens (2021), the anchor's correlations with Time 1 scores were much weaker for both positive affect (r = .01"" CI 95%[-.05, .08])”","#### correlation analyses with PA anchor ####
cor.test(data$PA_change, data$AnchorPA)
cor.test(data$PANAS_PA_D2mean, data$AnchorPA)
cor.test(data$PANAS_PA_D1mean, data$AnchorPA)",match,"The paper describes estimating correlations between the anchor and Time 1 scores, reporting r and its confidence interval, and the code implements this using `cor.test` between `PANAS_PA_D1mean` and `AnchorPA`, which is a Pearson correlation test. Thus, the model specification (correlation analysis) aligns between paper and code.",model
13,"Correlation between positive affect anchor responses and Time 1 positive affect PANAS mean scores, across the full sample.",Variable Specification,"“the method's validity is demonstrated by the strength of the correlation between the anchor-item and: (i) the change scores on the outcome measure (e.g., PANAS difference between Time 1 and Time 2), with a positive correlation showing that the anchor-responses capture changes in the construct; (ii) the Time 2 scores on the outcome measure (e.g., PANAS at Time 2), with a positive correlation showing that the anchor-responses reflect how people currently feel; and (iii) the Time 1 scores on the outcome measure (e.g., PANAS at Time 1), with a negative correlation showing that the anchor-responses also reflect people's feelings at the time against which current feelings are being compared”[...]“Thirdly, though rarely achieved in practice (Devji et al., 2020), the anchor should correlate with Time 1 scores just as strongly, in absolute terms, as with Time 2 scores.”[...]“In the present study, much like the results reported by Anvari and Lakens (2021), the anchor's correlations with Time 1 scores were much weaker for both positive affect (r = .01"" CI 95%[-.05, .08]) and negative affect (r = .09"" CI 95% [.02, .15]).”[...]“Ten items measured positive affect (attentive, interested, alert, excited, enthusiastic, inspired, proud, determined, strong, and active) and ten items measured negative affect (distressed, upset, hostile, irritable, scared, afraid, ashamed, guilty, nervous, jittery). For Time 1 and Time 2 separately, I averaged the positive affect items for each participant to produce a mean score for positive affect, and I did the same for the negative affect items to produce a mean score for negative affect.”[...]“The anchor items for positive and negative affect included in the survey at Time 2 asked participants, ""Overall, compared to the time when you did this survey yesterday, how positive/negative do you feel right now?"".”","data$AnchorPA <- paste(data$PA.Anchor.Before, data$PA.Anchor.After)[...]data$PANAS_PA_D1mean = rowMeans(data[ , c('PANASD1_1_Attentive', 'PANASD1_2_Interested',  'PANASD1_3_Alert', 'PANASD1_4_Excited', 'PANASD1_5_Enthusiastic', 'PANASD1_6_Inspired',  'PANASD1_7_Proud', 'PANASD1_8_Determined', 'PANASD1_9_Strong', 'PANASD1_10_Active')], na.rm=TRUE)[...]cor.test(data$PANAS_PA_D1mean, data$AnchorPA)",match,"The paper defines the analysis as a correlation between the Time 1 positive affect PANAS mean scores and the anchor-item responses, and the code computes exactly this correlation between PANAS_PA_D1mean (Time 1 positive affect mean) and AnchorPA (anchor responses). Both sources therefore use the same two variables in the same roles for this analysis across the full sample.",variables
13,"Correlation between positive affect anchor responses and Time 1 positive affect PANAS mean scores, across the full sample.",Transformation Specification,"“Ten items measured positive affect (attentive, interested, alert, excited, enthusiastic, inspired, proud, determined, strong, and active) and ten items measured negative affect (distressed, upset, hostile, irritable, scared, afraid, ashamed, guilty, nervous, jittery).” [...] “For Time 1 and Time 2 separately, I averaged the positive affect items for each participant to produce a mean score for positive affect, and I did the same for the negative affect items to produce a mean score for negative affect.” [...] “I excluded participants for (i) having missing responses on any measures or (ii) giving the same response to all items across the three measures in either the first or second survey. [...] The final dataset for this paper consisted of 903 participants who completed the PANAS on both Time 1 and Time 2.”","data$AnchorPA <- paste(data$PA.Anchor.Before, data$PA.Anchor.After)
data$AnchorNA <- paste(data$NA.Anchor.Before, data$NA.Anchor.After)
[...] 
data[data == "" Much less positive""] <- 1
[data == ""Much less positive ""] <- 1
[data == "" A little less positive""] <- 2
[data == ""A little less positive ""] <- 2
[data == "" A little more positive""] <- 4
[data == ""A little more positive ""] <- 4
[data == "" Much more positive""] <- 5
[data == ""Much more positive ""] <- 5
[data == "" The same""] <- 3
[data == ""The same ""] <- 3
[...] 
#### mean of D1/T1 and D2/T2 scores for PA and NA ####

data$PANAS_PA_D1mean = rowMeans(data[ , c('PANASD1_1_Attentive', 'PANASD1_2_Interested', 
  'PANASD1_3_Alert', 'PANASD1_4_Excited', 'PANASD1_5_Enthusiastic', 'PANASD1_6_Inspired', 
  'PANASD1_7_Proud', 'PANASD1_8_Determined', 'PANASD1_9_Strong', 'PANASD1_10_Active')], na.rm=TRUE)
[...] 
#### correlation analyses with PA anchor ####
cor.test(data$PANAS_PA_D1mean, data$AnchorPA)",match,"The paper describes forming Time 1 positive affect as the mean of the ten positive PANAS items after excluding certain participants, and then correlating this mean with the anchor; the code computes the same Time 1 mean from the ten specified items and correlates it with a numerically recoded anchor variable. The additional numeric recoding of anchor responses in the code is a necessary implementation detail consistent with the paper's ordinal response options and does not conflict with the paper’s described transformations.",transform
13,"Correlation between positive affect anchor responses and Time 1 positive affect PANAS mean scores, across the full sample.",Inference Specification,"“Thirdly, though rarely achieved in practice (Devji et al., 2020), the anchor should correlate with Time 1 scores just as strongly, in absolute terms, as with Time 2 scores. In the present study, much like the results reported by Anvari and Lakens (2021), the anchor's correlations with Time 1 scores were much weaker for both positive affect (r = .01"" CI 95%[-.05, .08]) and negative affect (r = .09"" CI 95% [.02, .15]). Hence, people's anchor-responses reflected their current state much more than their past Time 1 state.”","#### correlation analyses with PA anchor ####
cor.test(data$PA_change, data$AnchorPA)
cor.test(data$PANAS_PA_D2mean, data$AnchorPA)
cor.test(data$PANAS_PA_D1mean, data$AnchorPA)

cocor(~PA_change + AnchorPA | PANAS_PA_D2mean + AnchorPA, data=data)
# anchor corr with change score > anchor corr with T2

cocor(~PA_change + AnchorPA | PANAS_PA_D1mean + AnchorPA, data=data)
# anchor corr with change score > anchor corr with T1

cocor(~PANAS_PA_D2mean + AnchorPA | PANAS_PA_D1mean + AnchorPA, data=data)
# anchor corr with T2 > anchor corr with T1",match,"The paper evaluates this correlation using 95% confidence intervals and a qualitative criterion that Time 1 and Time 2 correlations should be equally strong, while the code implements cor.test (which by default computes 95% CIs) for the Time 1 correlation and uses cocor to formally compare the Time 1 and Time 2 correlations. Both thus base inference on 95% CIs and relative magnitudes of correlations, so the inferential approach is consistent even though the code additionally performs formal tests of correlation differences.",inference
14,"Correlation between negative affect anchor responses and Time 1 negative affect PANAS mean scores, across the full sample.",Model Specification,"""Thirdly, though rarely achieved in practice (Devji et al., 2020), the anchor should correlate with Time 1 scores just as strongly, in absolute terms, as with Time 2 scores. In the present study, much like the results reported by Anvari and Lakens (2021), the anchor's correlations with Time 1 scores were much weaker for both positive affect (r = .01"" CI 95%[-.05, .08]) and negative affect (r = .09"" CI 95% [.02, .15]).""[...]""An important consideration for interpreting the above pairwise correlations is that the Time 1 and Time 2 ratings are relatively strongly correlated (rPA = .66, rNA = .63, ps < .001).""","#### correlation analyses with NA anchor ####
cor.test(data$NA_change, data$AnchorNA)
cor.test(data$PANAS_NA_D2mean, data$AnchorNA)
cor.test(data$PANAS_NA_D1mean, data$AnchorNA)

cocor(~NA_change + AnchorNA | PANAS_NA_D2mean + AnchorNA, data=data)",match,"The paper describes this analysis as examining the correlation between the negative affect anchor and Time 1 negative affect scores, and the code implements this using `cor.test` on `PANAS_NA_D1mean` and `AnchorNA`, which is a Pearson product-moment correlation test. Thus, the statistical model (a correlation analysis between these two variables) matches between paper and code.",model
14,"Correlation between negative affect anchor responses and Time 1 negative affect PANAS mean scores, across the full sample.",Variable Specification,"""The anchor items for positive and negative affect included in the survey at Time 2 asked participants, \""Overall, compared to the time when you did this survey yesterday, how positive/negative do you feel right now?\""."" [...] ""Ten items measured negative affect (distressed, upset, hostile, irritable, scared, afraid, ashamed, guilty, nervous, jittery). For Time 1 and Time 2 separately, I averaged the positive affect items for each participant to produce a mean score for positive affect, and I did the same for the negative affect items to produce a mean score for negative affect."" [...] ""In the present study, much like the results reported by Anvari and Lakens (2021), the anchor's correlations with Time 1 scores were much weaker for both positive affect (r = .01\"" CI 95%[-.05, .08]) and negative affect (r = .09\"" CI 95% [.02, .15]).""","data$AnchorNA <- paste(data$NA.Anchor.Before, data$NA.Anchor.After)
[...] data$PANAS_NA_D1mean = rowMeans(data[ , c('PANASD1_11_Distressed', 'PANASD1_12_Upset', 
  'PANASD1_13_Hostile', 'PANASD1_14_Irritable', 'PANASD1_15_Scared', 'PANASD1_16_Afraid', 
  'PANASD1_17_Ashamed', 'PANASD1_18_Guilty', 'PANASD1_19_Nervous', 'PANASD1_20_Jittery')], na.rm=TRUE)
[...] cor.test(data$PANAS_NA_D1mean, data$AnchorNA)",match,"The paper specifies a correlation between negative affect anchor responses and Time 1 mean negative affect scores, and the code computes cor.test between AnchorNA and PANAS_NA_D1mean, which is the Time 1 negative affect mean. Thus, the variables and their roles in the correlation analysis are consistent between paper and code.",variables
14,"Correlation between negative affect anchor responses and Time 1 negative affect PANAS mean scores, across the full sample.",Transformation Specification,"“Ten items measured negative affect (distressed, upset, hostile, irritable, scared, afraid, ashamed, guilty, nervous, jittery)... For Time 1 and Time 2 separately, I averaged the positive affect items for each participant to produce a mean score for positive affect, and I did the same for the negative affect items to produce a mean score for negative affect.”","data$PANAS_NA_D1mean = rowMeans(data[ , c('PANASD1_11_Distressed', 'PANASD1_12_Upset', 
  'PANASD1_13_Hostile', 'PANASD1_14_Irritable', 'PANASD1_15_Scared', 'PANASD1_16_Afraid', 
  'PANASD1_17_Ashamed', 'PANASD1_18_Guilty', 'PANASD1_19_Nervous', 'PANASD1_20_Jittery')], na.rm=TRUE)
...
cor.test(data$PANAS_NA_D1mean, data$AnchorNA)",match,"Both the paper and the code compute the Time 1 negative affect score as the mean of the ten negative PANAS items and then use that mean directly in a correlation with the anchor responses, without any additional transformations such as standardization or trimming. The code’s recoding of the anchor into numeric form is the minimal operational step needed for correlation and does not contradict the paper’s description of using anchor responses as given.",transform
14,"Correlation between negative affect anchor responses and Time 1 negative affect PANAS mean scores, across the full sample.",Inference Specification,"Thirdly, though rarely achieved in practice (Devji et al., 2020), the anchor should correlate with Time 1 scores just as strongly, in absolute terms, as with Time 2 scores.[...]In the present study, much like the results reported by Anvari and Lakens (2021), the anchor's correlations with Time 1 scores were much weaker for both positive affect (r = .01"" CI 95%[-.05, .08]) and negative affect (r = .09"" CI 95% [.02, .15]). Hence, people's anchor-responses reflected their current state much more than their past Time 1 state.","#### correlation analyses with NA anchor ####
cor.test(data$NA_change, data$AnchorNA)
cor.test(data$PANAS_NA_D2mean, data$AnchorNA)
cor.test(data$PANAS_NA_D1mean, data$AnchorNA)
[...]# comparing correlation of anchor with T1 and with T2 scores
cor.test(data$PANAS_NA_D1mean, data$AnchorNA)
cocor(~PANAS_NA_D2mean + AnchorNA | PANAS_NA_D1mean + AnchorNA, data)
",match,"Both paper and code use 95% confidence intervals and relative comparisons of correlations (Time 1 vs Time 2) to assess the validity of the negative affect anchor, without specifying any different alpha or alternative inference rule. The code’s use of cor.test and cocor implements exactly the CI-based and comparative logic described in the text.",inference
15,Correlation between Time 1 and Time 2 positive affect PANAS mean scores.,Model Specification,"“An important consideration for interpreting the above pairwise correlations is that the Time 1 and Time 2 ratings are relatively strongly correlated (rPA = .66, rNA = .63, ps < .001).”","cat(""s_diff: "", paste0(round(s_diff, digits = 4)),
      "", s_av: "", paste0(round(s_av, digits = 4)),
      "", sd1: "", paste0(round(sd1, digits = 4)),
      "", sd2: "", paste0(round(sd2, digits = 4)),
      "", cor: "", paste0(round(cor(x,y), digits = 4)),
      sep = """")
[...]
cat(""\n"")
cat(""N = "", paste0(N),"" pairs."",
      sep = """")
cat(""\n"")
  invisible(list(m_diff = m_diff, ci_l_m_diff = test_res$conf.int[1], ci_u_m_diff = test_res$conf.int[2], d_av = d_av, d_av_unb = d_av_unb, s_av = s_av, s_diff = s_diff, ci_l_d_av = ci_l_d_av, ci_u_d_av = ci_u_d_av, d_z = d_z, d_z_unb = d_z_unb, ci_l_d_z = ci_l_d_z, ci_u_d_z = ci_u_d_z, N = N, m1 = mean(x), m2 = mean(y), sd1 = sd(x), sd2 = sd(y), cor = cor(x,y) ))",match,"The paper reports a correlation between Time 1 and Time 2 ratings using Pearson’s r, and the code computes the correlation between paired measurements via R’s cor(x, y), which by default is Pearson’s correlation. Thus, both the paper and code use a Pearson correlation as the model for this analysis.",model
15,Correlation between Time 1 and Time 2 positive affect PANAS mean scores.,Variable Specification,"“An important consideration for interpreting the above pairwise correlations is that the Time 1 and Time 2 ratings are relatively strongly correlated (rPA = .66, rNA = .63, ps < .001).”[...]“For Time 1 and Time 2 separately, I averaged the positive affect items for each participant to produce a mean score for positive affect, and I did the same for the negative affect items to produce a mean score for negative affect.”","data$PANAS_PA_D1mean = rowMeans(data[ , c('PANASD1_1_Attentive', 'PANASD1_2_Interested', 'PANASD1_3_Alert', 'PANASD1_4_Excited', 'PANASD1_5_Enthusiastic', 'PANASD1_6_Inspired', 'PANASD1_7_Proud', 'PANASD1_8_Determined', 'PANASD1_9_Strong', 'PANASD1_10_Active')], na.rm=TRUE)

data$PANAS_PA_D2mean = rowMeans(data[ , c('PANASD2_1_Attentive', 'PANASD2_2_Interested', 'PANASD2_3_Alert', 'PANASD2_4_Excited', 'PANASD2_5_Enthusiastic', 'PANASD2_6_Inspired', 'PANASD2_7_Proud', 'PANASD2_8_Determined', 'PANASD2_9_Strong', 'PANASD2_10_Active')], na.rm=TRUE)
[...]temp <- effect_size_d_paired(data$PANAS_PA_D1mean[data$AnchorPA == i],data$PANAS_PA_D2mean[data$AnchorPA == i])
[...]invisible(list(m_diff = m_diff, ci_l_m_diff = test_res$conf.int[1], ci_u_m_diff = test_res$conf.int[2], d_av = d_av, d_av_unb = d_av_unb, s_av = s_av, s_diff = s_diff, ci_l_d_av = ci_l_d_av, ci_u_d_av = ci_u_d_av, d_z = d_z, d_z_unb = d_z_unb, ci_l_d_z = ci_l_d_z, ci_u_d_z = ci_u_d_z, N = N, m1 = mean(x), m2 = mean(y), sd1 = sd(x), sd2 = sd(y), cor = cor(x,y) ))",match,"In both the paper and the code, the variables involved in this correlation are the mean positive affect scores at Time 1 and Time 2 derived from the PANAS positive affect items. The code computes correlations between these Time 1 and Time 2 mean positive affect variables (as part of the effect_size_d_paired output), matching the paper’s description of correlating Time 1 and Time 2 positive affect ratings.",variables
15,Correlation between Time 1 and Time 2 positive affect PANAS mean scores.,Transformation Specification,"“Ten items measured positive affect (attentive, interested, alert, excited, enthusiastic, inspired, proud, determined, strong, and active) and ten items measured negative affect (distressed, upset, hostile, irritable, scared, afraid, ashamed, guilty, nervous, jittery). For Time 1 and Time 2 separately, I averaged the positive affect items for each participant to produce a mean score for positive affect, and I did the same for the negative affect items to produce a mean score for negative affect.”[...]“The final dataset for this paper consisted of 903 participants who completed the PANAS on both Time 1 and Time 2.”","data$PANAS_PA_D1mean = rowMeans(data[ , c('PANASD1_1_Attentive', 'PANASD1_2_Interested', 
  'PANASD1_3_Alert', 'PANASD1_4_Excited', 'PANASD1_5_Enthusiastic', 'PANASD1_6_Inspired', 
  'PANASD1_7_Proud', 'PANASD1_8_Determined', 'PANASD1_9_Strong', 'PANASD1_10_Active')], na.rm=TRUE)

data$PANAS_PA_D2mean = rowMeans(data[ , c('PANASD2_1_Attentive', 'PANASD2_2_Interested', 
  'PANASD2_3_Alert', 'PANASD2_4_Excited', 'PANASD2_5_Enthusiastic', 'PANASD2_6_Inspired', 
  'PANASD2_7_Proud', 'PANASD2_8_Determined', 'PANASD2_9_Strong', 'PANASD2_10_Active')], na.rm=TRUE)
[...]  cat(""s_diff: "", paste0(round(s_diff, digits = 4)),
      "", s_av: "", paste0(round(s_av, digits = 4)),
      "", sd1: "", paste0(round(sd1, digits = 4)),
      "", sd2: "", paste0(round(sd2, digits = 4)),
      "", cor: "", paste0(round(cor(x,y), digits = 4)),
      sep = """")",match,"Both the paper and the code derive Time 1 and Time 2 positive affect variables by averaging the same 10 PANAS positive affect items to create mean scores, with no additional transformations before correlating Time 1 and Time 2. Participant exclusion for missing/low-quality data appears to have been handled prior to this script, so there is no evident discrepancy in the transformations relevant to this correlation.",transform
15,Correlation between Time 1 and Time 2 positive affect PANAS mean scores.,Inference Specification,"“An important consideration for interpreting the above pairwise correlations is that the Time 1 and Time 2 ratings are relatively strongly correlated (rPA = .66, rNA = .63, ps < .001).”","cat(""s_diff: "", paste0(round(s_diff, digits = 4)),
      "", s_av: "", paste0(round(s_av, digits = 4)),
      "", sd1: "", paste0(round(sd1, digits = 4)),
      "", sd2: "", paste0(round(sd2, digits = 4)),
      "", cor: "", paste0(round(cor(x,y), digits = 4)),
      sep = """")",unknown,"The paper explicitly reports the correlation between Time 1 and Time 2 positive affect with an associated significance level (“ps < .001”), whereas the code only computes and prints the correlation between paired measurements without any p-value or inferential threshold, so the inference specification for this correlation in the code cannot be determined. Therefore, alignment of inference criteria for this specific correlation is unknown.",inference
16,Correlation between Time 1 and Time 2 negative affect PANAS mean scores.,Model Specification,"“An important consideration for interpreting the above pairwise correlations is that the Time 1 and Time 2 ratings are relatively strongly correlated (rPA = .66, rNA = .63, ps < .001).”","temp <- effect_size_d_paired(data_before$PANAS_NA_D1mean[data_before$AnchorNA == i],data_before$PANAS_NA_D2mean[data_before$AnchorNA == i])[...]"", cor: "", paste0(round(cor(x,y), digits = 4)),[...]invisible(list(m_diff = m_diff, ci_l_m_diff = test_res$conf.int[1], ci_u_m_diff = test_res$conf.int[2], d_av = d_av, d_av_unb = d_av_unb, s_av = s_av, s_diff = s_diff, ci_l_d_av = ci_l_d_av, ci_u_d_av = ci_u_d_av, d_z = d_z, d_z_unb = d_z_unb, ci_l_d_z = ci_l_d_z, ci_u_d_z = ci_u_d_z, N = N, m1 = mean(x), m2 = mean(y), sd1 = sd(x), sd2 = sd(y), cor = cor(x,y) ))",match,"The paper reports that Time 1 and Time 2 negative affect ratings are “correlated,” and the code computes cor(x,y) on PANAS_NA_D1mean and PANAS_NA_D2mean within groups, which is the same statistical model (a Pearson correlation between Time 1 and Time 2 NA means). Thus, the model specification matches across paper and code, despite the code applying it within anchor-defined subsets.",model
16,Correlation between Time 1 and Time 2 negative affect PANAS mean scores.,Variable Specification,"“Ten items measured negative affect (distressed, upset, hostile, irritable, scared, afraid, ashamed, guilty, nervous, jittery).” [...] “For Time 1 and Time 2 separately, I averaged the positive affect items for each participant to produce a mean score for positive affect, and I did the same for the negative affect items to produce a mean score for negative affect.” [...] “An important consideration for interpreting the above pairwise correlations is that the Time 1 and Time 2 ratings are relatively strongly correlated (rPA = .66, rNA = .63, ps < .001).”","data$PANAS_NA_D1mean = rowMeans(data[ , c('PANASD1_11_Distressed', 'PANASD1_12_Upset', 
  'PANASD1_13_Hostile', 'PANASD1_14_Irritable', 'PANASD1_15_Scared', 'PANASD1_16_Afraid', 
  'PANASD1_17_Ashamed', 'PANASD1_18_Guilty', 'PANASD1_19_Nervous', 'PANASD1_20_Jittery')], na.rm=TRUE)

data$PANAS_NA_D2mean = rowMeans(data[ , c('PANASD2_11_Distressed', 'PANASD2_12_Upset', 
  'PANASD2_13_Hostile', 'PANASD2_14_Irritable', 'PANASD2_15_Scared', 'PANASD2_16_Afraid', 
  'PANASD2_17_Ashamed', 'PANASD2_18_Guilty', 'PANASD2_19_Nervous', 'PANASD2_20_Jittery')], na.rm=TRUE)
[...] temp <- effect_size_d_paired(data_before$PANAS_NA_D1mean[data_before$AnchorNA == i],data_before$PANAS_NA_D2mean[data_before$AnchorNA == i])
[...] temp <- effect_size_d_paired(data$PANAS_NA_D1mean[data$AnchorNA == i],data$PANAS_NA_D2mean[data$AnchorNA == i])
[...] cor = cor(x,y)",match,"The paper defines the variables as mean negative affect scores at Time 1 and Time 2 and reports their correlation (rNA) across occasions, and the code constructs exactly these mean negative affect scores for Day/Time 1 and Day/Time 2 and computes their correlation via cor(x,y) within the paired-effects function. Thus, the variables used and their roles as the two correlated measures match between paper and code.",variables
16,Correlation between Time 1 and Time 2 negative affect PANAS mean scores.,Transformation Specification,"“Ten items measured negative affect (distressed, upset, hostile, irritable, scared, afraid, ashamed, guilty, nervous, jittery)... For Time 1 and Time 2 separately, I averaged the positive affect items for each participant to produce a mean score for positive affect, and I did the same for the negative affect items to produce a mean score for negative affect.”[...]“An important consideration for interpreting the above pairwise correlations is that the Time 1 and Time 2 ratings are relatively strongly correlated (rPA = .66, rNA = .63, ps < .001).”","data$PANAS_NA_D1mean = rowMeans(data[ , c('PANASD1_11_Distressed', 'PANASD1_12_Upset', 
  'PANASD1_13_Hostile', 'PANASD1_14_Irritable', 'PANASD1_15_Scared', 'PANASD1_16_Afraid', 
  'PANASD1_17_Ashamed', 'PANASD1_18_Guilty', 'PANASD1_19_Nervous', 'PANASD1_20_Jittery')], na.rm=TRUE)

data$PANAS_NA_D2mean = rowMeans(data[ , c('PANASD2_11_Distressed', 'PANASD2_12_Upset', 
  'PANASD2_13_Hostile', 'PANASD2_14_Irritable', 'PANASD2_15_Scared', 'PANASD2_16_Afraid', 
  'PANASD2_17_Ashamed', 'PANASD2_18_Guilty', 'PANASD2_19_Nervous', 'PANASD2_20_Jittery')], na.rm=TRUE)",match,"Both the paper and the code define Time 1 and Time 2 negative affect scores as mean composites of the same ten negative affect PANAS items, with no additional transformations before correlating the scores across time. The code’s use of rowMeans with the ten specified negative-affect items matches the paper’s description of averaging those items to form mean negative affect scores at each time point.",transform
16,Correlation between Time 1 and Time 2 negative affect PANAS mean scores.,Inference Specification,"“An important consideration for interpreting the above pairwise correlations is that the Time 1 and Time 2 ratings are relatively strongly correlated (rPA = .66, rNA = .63, ps < .001).”","cat(""s_diff: "", paste0(round(s_diff, digits = 4)),
      "", s_av: "", paste0(round(s_av, digits = 4)),
      "", sd1: "", paste0(round(sd1, digits = 4)),
      "", sd2: "", paste0(round(sd2, digits = 4)),
      "", cor: "", paste0(round(cor(x,y), digits = 4)),
      sep = """")
[...]
  invisible(list(m_diff = m_diff, ci_l_m_diff = test_res$conf.int[1], ci_u_m_diff = test_res$conf.int[2], d_av = d_av, d_av_unb = d_av_unb, s_av = s_av, s_diff = s_diff, ci_l_d_av = ci_l_d_av, ci_u_d_av = ci_u_d_av, d_z = d_z, d_z_unb = d_z_unb, ci_l_d_z = ci_l_d_z, ci_u_d_z = ci_u_d_z, N = N, m1 = mean(x), m2 = mean(y), sd1 = sd(x), sd2 = sd(y), cor = cor(x,y) ))",mismatch,"The paper explicitly treats the Time 1–Time 2 correlations as statistically significant using “ps < .001,” whereas the code merely computes and reports the raw correlation between the paired scores without any p-value or alpha-based decision rule. Thus, the inferential specification for this correlation differs between paper and code.",inference
19,"Linear regression testing whether anchor position (before vs after) moderates the relation between positive affect anchor responses and positive affect change scores; predictors are positive anchor responses, anchor position, and their interaction; DV is positive affect change score.",Model Specification,"I also tested whether any of the validity correlations varied as a function of the anchor-item's position. I did this by using linear regression analyses in which I, in turn, regressed the change scores, Time 2 scores, and Time 1 scores onto (i) the responses to the anchor-item, (ii) the anchor-item's position, and (iii) the interaction between the latter two.","# anchor with change score, including interaction with anchor position
m.2 = lm(PA_change ~ AnchorPA*Anchor.Position, data=data)",match,"The paper specifies ""linear regression analyses"" with anchor responses, anchor position, and their interaction predicting change scores, and the code implements this using R’s lm() function with PA_change as the outcome and AnchorPA*Anchor.Position as predictors. Thus, the model specification (linear regression with an interaction term) matches between paper and code.",model
19,"Linear regression testing whether anchor position (before vs after) moderates the relation between positive affect anchor responses and positive affect change scores; predictors are positive anchor responses, anchor position, and their interaction; DV is positive affect change score.",Variable Specification,"""I also tested whether any of the validity correlations varied as a function of the anchor-item's position. I did this by using linear regression analyses in which I, in turn, regressed the change scores, Time 2 scores, and Time 1 scores onto (i) the responses to the anchor-item, (ii) the anchor-item's position, and (iii) the interaction between the latter two."" [...] ""To calculate each participant's change score for positive affect, I subtracted the mean score for positive affect at Time 1 from the mean score for positive affect at Time 2."" [...] ""The anchor items for positive and negative affect included in the survey at Time 2 asked participants, ""Overall, compared to the time when you did this survey yesterday, how positive/negative do you feel right now?"" [...] ""Importantly, participants were randomly allocated to respond to the anchor item either before the PANAS or after.""","""## each person's change score for PA and NA from D1 to D2\ndata$PA_change = data$PANAS_PA_D2mean - data$PANAS_PA_D1mean\n[...]\n# anchor with change score\nm.1 = lm(PA_change ~ AnchorPA, data=data)\nsummary(m.1)\n\n# anchor with change score, including interaction with anchor position\nm.2 = lm(PA_change ~ AnchorPA*Anchor.Position, data=data)\nsummary(m.2)""",match,"The paper specifies a linear regression where the positive affect change score is regressed on anchor responses, anchor position, and their interaction, and the code implements exactly this with PA_change as the outcome and AnchorPA, Anchor.Position, and their interaction as predictors. Both sources also define the positive affect change score as Time 2 minus Time 1 mean positive affect and use the anchor response as the predictor corresponding to the positive affect anchor item.",variables
19,"Linear regression testing whether anchor position (before vs after) moderates the relation between positive affect anchor responses and positive affect change scores; predictors are positive anchor responses, anchor position, and their interaction; DV is positive affect change score.",Transformation Specification,"“For Time 1 and Time 2 separately, I averaged the positive affect items for each participant to produce a mean score for positive affect, and I did the same for the negative affect items to produce a mean score for negative affect. To calculate each participant's change score for positive affect, I subtracted the mean score for positive affect at Time 1 from the mean score for positive affect at Time 2. I did the same to calculate the change scores for negative affect.” [...] “I excluded participants for (i) having missing responses on any measures or (ii) giving the same response to all items across the three measures in either the first or second survey. The participants with missing responses had no data for any of the PANAS items at all, and giving the same response to all items indicates inattentive or unthoughtful responses. The final dataset for this paper consisted of 903 participants who completed the PANAS on both Time 1 and Time 2.”","data$AnchorPA <- paste(data$PA.Anchor.Before, data$PA.Anchor.After)
[...]
# Save relevant columns as integer
data[, 77:78] <- sapply(data[, 77:78], as.integer)

#### mean of D1/T1 and D2/T2 scores for PA and NA ####

data$PANAS_PA_D1mean = rowMeans(data[ , c('PANASD1_1_Attentive', 'PANASD1_2_Interested', 
  'PANASD1_3_Alert', 'PANASD1_4_Excited', 'PANASD1_5_Enthusiastic', 'PANASD1_6_Inspired', 
  'PANASD1_7_Proud', 'PANASD1_8_Determined', 'PANASD1_9_Strong', 'PANASD1_10_Active')], na.rm=TRUE)

data$PANAS_PA_D2mean = rowMeans(data[ , c('PANASD2_1_Attentive', 'PANASD2_2_Interested', 
  'PANASD2_3_Alert', 'PANASD2_4_Excited', 'PANASD2_5_Enthusiastic', 'PANASD2_6_Inspired', 
  'PANASD2_7_Proud', 'PANASD2_8_Determined', 'PANASD2_9_Strong', 'PANASD2_10_Active')], na.rm=TRUE)

data$PA_change = data$PANAS_PA_D2mean - data$PANAS_PA_D1mean
[...]
# anchor with change score, including interaction with anchor position
m.2 = lm(PA_change ~ AnchorPA*Anchor.Position, data=data)
summary(m.2)",match,"The paper states that positive affect is transformed into Time 1 and Time 2 mean scores over the 10 PA items and then into a change score by subtracting Time 1 from Time 2, using the cleaned 903-participant dataset, with no additional transformations of the anchor or position variables. The code mirrors this by computing mean PA scales at each time point, defining PA_change as the Time 2 minus Time 1 mean, numerically recoding the anchor responses, and then fitting the moderation regression lm(PA_change ~ AnchorPA*Anchor.Position, data=data) on this dataset without further transformations such as centering or standardization.",transform
19,"Linear regression testing whether anchor position (before vs after) moderates the relation between positive affect anchor responses and positive affect change scores; predictors are positive anchor responses, anchor position, and their interaction; DV is positive affect change score.",Inference Specification,"“I also tested whether any of the validity correlations varied as a function of the anchor-item's position. I did this by using linear regression analyses in which I, in turn, regressed the change scores, Time 2 scores, and Time 1 scores onto (i) the responses to the anchor-item, (ii) the anchor-item's position, and (iii) the interaction between the latter two. For both positive affect and negative affect, the interactions were all statistically nonsignificant (all ps > .179). [...] There was little evidence to suggest that the validity correlations reliably varied as a function of whether the anchor-items were presented before or after the Time 2 measure.”","“# anchor with change score, including interaction with anchor position
m.2 = lm(PA_change ~ AnchorPA*Anchor.Position, data=data)
summary(m.2)
[...]## the anchor position doesn't have a moderating effect on the correlations
## the correlations replicate the relationships found in the original study I did with Daniel,
# except that for NA the anchor correlation with T2 was not statistically significantly 
# differetn from anchor correlation with change in NA. descriptively the correlation
# with T2 was a bit stronger.”",match,"Both paper and code use linear regression with an AnchorPA×Anchor.Position interaction and conclude, based on non-significant p-values, that anchor position does not moderate the relationships (no moderating effect). Neither specifies a nonstandard alpha; both implicitly rely on conventional significance testing and interpret non-significant interactions as evidence of no moderation.",inference
20,"Linear regression testing whether anchor position moderates the relation between positive affect anchor responses and Time 2 positive affect PANAS scores; predictors are positive anchor responses, anchor position, and their interaction; DV is Time 2 positive affect.",Model Specification,"I also tested whether any of the validity correlations varied as a function of the anchor-item's position. I did this by using linear regression analyses in which I, in turn, regressed the change scores, Time 2 scores, and Time 1 scores onto (i) the responses to the anchor-item, (ii) the anchor-item's position, and (iii) the interaction between the latter two.","# anchor with T2 score, including interaction with anchor position
m.4 = lm(PANAS_PA_D2mean ~ AnchorPA*Anchor.Position, data=data)
summary(m.4)",match,"The paper describes using ""linear regression analyses"" with Time 2 scores regressed on anchor responses, anchor position, and their interaction, and the code implements this as an R linear model (lm) with PANAS_PA_D2mean as the outcome and AnchorPA*Anchor.Position as predictors. Thus, the model specification in the paper and code both correspond to a linear regression with an interaction term.",model
20,"Linear regression testing whether anchor position moderates the relation between positive affect anchor responses and Time 2 positive affect PANAS scores; predictors are positive anchor responses, anchor position, and their interaction; DV is Time 2 positive affect.",Variable Specification,"""I also tested whether any of the validity correlations varied as a function of the anchor-item's position. I did this by using linear regression analyses in which I, in turn, regressed the change scores, Time 2 scores, and Time 1 scores onto (i) the responses to the anchor-item, (ii) the anchor-item's position, and (iii) the interaction between the latter two.""[...]""For Time 1 and Time 2 separately, I averaged the positive affect items for each participant to produce a mean score for positive affect""[...]""In the survey at Time 2, I included an anchoritem for positive affect and an anchor-item for negative affect. Importantly, participants were randomly allocated to respond to the anchor item either before the PANAS or after.""","#### correlation analyses with PA anchor ####
[...]
# anchor with T2 score
m.3 = lm(PANAS_PA_D2mean ~ AnchorPA, data=data)

# anchor with T2 score, including interaction with anchor position
m.4 = lm(PANAS_PA_D2mean ~ AnchorPA*Anchor.Position, data=data)
summary(m.4)",match,"The paper describes regressing Time 2 scores for positive affect onto anchor responses, anchor position, and their interaction, and the code implements this as a linear model with PANAS_PA_D2mean as the outcome and AnchorPA, Anchor.Position, and their interaction as predictors. The variable roles and constructs (Time 2 positive affect mean, anchor response, anchor position) align between paper and code.",variables
20,"Linear regression testing whether anchor position moderates the relation between positive affect anchor responses and Time 2 positive affect PANAS scores; predictors are positive anchor responses, anchor position, and their interaction; DV is Time 2 positive affect.",Transformation Specification,"“Ten items measured positive affect (attentive, interested, alert, excited, enthusiastic, inspired, proud, determined, strong, and active) and ten items measured negative affect (distressed, upset, hostile, irritable, scared, afraid, ashamed, guilty, nervous, jittery). For Time 1 and Time 2 separately, I averaged the positive affect items for each participant to produce a mean score for positive affect, and I did the same for the negative affect items to produce a mean score for negative affect. To calculate each participant's change score for positive affect, I subtracted the mean score for positive affect at Time 1 from the mean score for positive affect at Time 2. I did the same to calculate the change scores for negative affect. Thus, each participant had a change score for positive affect and a change score for negative affect.”[...]“I excluded participants for (i) having missing responses on any measures or (ii) giving the same response to all items across the three measures in either the first or second survey. The participants with missing responses had no data for any of the PANAS items at all, and giving the same response to all items indicates inattentive or unthoughtful responses. The final dataset for this paper consisted of 903 participants who completed the PANAS on both Time 1 and Time 2.”","data$AnchorPA <- paste(data$PA.Anchor.Before, data$PA.Anchor.After)
[...]
data[data == "" Much less positive""] <- 1
[...]
data[data == "" Much more positive""] <- 5
[...]
data[, 77:78] <- sapply(data[, 77:78], as.integer)
[...]
data$PANAS_PA_D1mean = rowMeans(data[ , c('PANASD1_1_Attentive', 'PANASD1_2_Interested', 
  'PANASD1_3_Alert', 'PANASD1_4_Excited', 'PANASD1_5_Enthusiastic', 'PANASD1_6_Inspired', 
  'PANASD1_7_Proud', 'PANASD1_8_Determined', 'PANASD1_9_Strong', 'PANASD1_10_Active')], na.rm=TRUE)

data$PANAS_PA_D2mean = rowMeans(data[ , c('PANASD2_1_Attentive', 'PANASD2_2_Interested', 
  'PANASD2_3_Alert', 'PANASD2_4_Excited', 'PANASD2_5_Enthusiastic', 'PANASD2_6_Inspired', 
  'PANASD2_7_Proud', 'PANASD2_8_Determined', 'PANASD2_9_Strong', 'PANASD2_10_Active')], na.rm=TRUE)

data$PA_change = data$PANAS_PA_D2mean - data$PANAS_PA_D1mean
[...]
# anchor with T2 score, including interaction with anchor position
m.4 = lm(PANAS_PA_D2mean ~ AnchorPA*Anchor.Position, data=data)",match,"Both the paper and code define Time 2 positive affect as the mean of the 10 positive PANAS items and use those means (and their difference to Time 1) as the core transformed variables, applied to the same cleaned sample. The code’s numeric recoding of the 5-category anchor responses and computation of PANAS means directly implement the described transformations without introducing any conflicting additional preprocessing.",transform
20,"Linear regression testing whether anchor position moderates the relation between positive affect anchor responses and Time 2 positive affect PANAS scores; predictors are positive anchor responses, anchor position, and their interaction; DV is Time 2 positive affect.",Inference Specification,"I also tested whether any of the validity correlations varied as a function of the anchor-item's position. I did this by using linear regression analyses in which I, in turn, regressed the change scores, Time 2 scores, and Time 1 scores onto (i) the responses to the anchor-item, (ii) the anchor-item's position, and (iii) the interaction between the latter two. For both positive affect and negative affect, the interactions were all statistically nonsignificant (all ps > .179).","m.3 = lm(PANAS_PA_D2mean ~ AnchorPA, data=data)
summary(m.3)

# anchor with T2 score, including interaction with anchor position
m.4 = lm(PANAS_PA_D2mean ~ AnchorPA*Anchor.Position, data=data)
summary(m.4)
[...]
## the anchor position doesn't have a moderating effect on the correlations",match,"Both the paper and code assess moderation via linear regression of Time 2 positive affect on anchor responses, anchor position, and their interaction, and base inference on significance (p-values), concluding that the interaction is not statistically significant. Neither source specifies a different alpha level or alternative inferential criterion, so the inference specifications align.",inference
21,"Linear regression testing whether anchor position moderates the relation between positive affect anchor responses and Time 1 positive affect PANAS scores; predictors are positive anchor responses, anchor position, and their interaction; DV is Time 1 positive affect.",Model Specification,"I also tested whether any of the validity correlations varied as a function of the anchor-item's position. I did this by using linear regression analyses in which I, in turn, regressed the change scores, Time 2 scores, and Time 1 scores onto (i) the responses to the anchor-item, (ii) the anchor-item's position, and (iii) the interaction between the latter two.","# anchor with T1 score, including interaction with anchor position
m.6 = lm(PANAS_PA_D1mean ~ AnchorPA*Anchor.Position, data=data)",match,"The paper specifies linear regression models with Time 1 scores regressed on anchor responses, anchor position, and their interaction, and the code implements this using an lm() linear model with Time 1 positive affect as the outcome and AnchorPA, Anchor.Position, and their interaction as predictors. Thus, the model specification in the code matches the description in the paper.",model
21,"Linear regression testing whether anchor position moderates the relation between positive affect anchor responses and Time 1 positive affect PANAS scores; predictors are positive anchor responses, anchor position, and their interaction; DV is Time 1 positive affect.",Variable Specification,"“I also tested whether any of the validity correlations varied as a function of the anchor-item's position. I did this by using linear regression analyses in which I, in turn, regressed the change scores, Time 2 scores, and Time 1 scores onto (i) the responses to the anchor-item, (ii) the anchor-item's position, and (iii) the interaction between the latter two.”[...]“For Time 1 and Time 2 separately, I averaged the positive affect items for each participant to produce a mean score for positive affect, and I did the same for the negative affect items to produce a mean score for negative affect.”","# anchor with T1 score
m.5 = lm(PANAS_PA_D1mean ~ AnchorPA, data=data)
summary(m.5)

# anchor with T1 score, including interaction with anchor position
m.6 = lm(PANAS_PA_D1mean ~ AnchorPA*Anchor.Position, data=data)
summary(m.6)",match,"The paper describes linear regressions of Time 1 scores on anchor responses, anchor position, and their interaction, and the code implements this for Time 1 positive affect as PANAS_PA_D1mean predicted by AnchorPA, Anchor.Position, and their interaction. Thus, the variables and their roles (DV vs predictors, including the interaction term) align between paper and code.",variables
21,"Linear regression testing whether anchor position moderates the relation between positive affect anchor responses and Time 1 positive affect PANAS scores; predictors are positive anchor responses, anchor position, and their interaction; DV is Time 1 positive affect.",Transformation Specification,"“Ten items measured positive affect (attentive, interested, alert, excited, enthusiastic, inspired, proud, determined, strong, and active) and ten items measured negative affect (distressed, upset, hostile, irritable, scared, afraid, ashamed, guilty, nervous, jittery). For Time 1 and Time 2 separately, I averaged the positive affect items for each participant to produce a mean score for positive affect, and I did the same for the negative affect items to produce a mean score for negative affect.”[...]“I excluded participants for (i) having missing responses on any measures or (ii) giving the same response to all items across the three measures in either the first or second survey. The participants with missing responses had no data for any of the PANAS items at all, and giving the same response to all items indicates inattentive or unthoughtful responses. The final dataset for this paper consisted of 903 participants who completed the PANAS on both Time 1 and Time 2.”","data$AnchorPA <- paste(data$PA.Anchor.Before, data$PA.Anchor.After)
data$AnchorNA <- paste(data$NA.Anchor.Before, data$NA.Anchor.After)
data$AnchorPA = as.character(data$AnchorPA)
data$AnchorNA = as.character(data$AnchorNA)

# rename character values on the anchors to numbers
# some had a space in front and some had a space after
data[data == "" Much less positive""] <- 1
data[data == ""Much less positive ""] <- 1
data[data == "" A little less positive""] <- 2
data[data == ""A little less positive ""] <- 2
data[data == "" A little more positive""] <- 4
data[data == ""A little more positive ""] <- 4
data[data == "" Much more positive""] <- 5
data[data == ""Much more positive ""] <- 5
data[data == "" The same""] <- 3
data[data == ""The same ""] <- 3
data[data == "" Much less negative""] <- 1
data[data == ""Much less negative ""] <- 1
data[data == "" A little less negative""] <- 2
data[data == ""A little less negative ""] <- 2
data[data == "" A little more negative""] <- 4
data[data == ""A little more negative ""] <- 4
data[data == "" Much more negative""] <- 5
data[data == ""Much more negative ""] <- 5

# Save relevant columns as integer
data[, 77:78] <- sapply(data[, 77:78], as.integer)
[...]data$PANAS_PA_D1mean = rowMeans(data[ , c('PANASD1_1_Attentive', 'PANASD1_2_Interested', 
  'PANASD1_3_Alert', 'PANASD1_4_Excited', 'PANASD1_5_Enthusiastic', 'PANASD1_6_Inspired', 
  'PANASD1_7_Proud', 'PANASD1_8_Determined', 'PANASD1_9_Strong', 'PANASD1_10_Active')], na.rm=TRUE)
[...]m.6 = lm(PANAS_PA_D1mean ~ AnchorPA*Anchor.Position, data=data)",match,"Both the paper and the code define Time 1 positive affect as the mean of the ten positive PANAS items and use the untransformed anchor responses and anchor position as predictors, with no additional transformations applied. The code’s recoding of textual anchor responses to integers and computation of row-wise means with na.rm=TRUE operationalize the same described scoring and sample restrictions.",transform
21,"Linear regression testing whether anchor position moderates the relation between positive affect anchor responses and Time 1 positive affect PANAS scores; predictors are positive anchor responses, anchor position, and their interaction; DV is Time 1 positive affect.",Inference Specification,"I also tested whether any of the validity correlations varied as a function of the anchor-item's position. I did this by using linear regression analyses in which I, in turn, regressed the change scores, Time 2 scores, and Time 1 scores onto (i) the responses to the anchor-item, (ii) the anchor-item's position, and (iii) the interaction between the latter two. For both positive affect and negative affect, the interactions were all statistically nonsignificant (all ps > .179).","# anchor with T1 score
m.5 = lm(PANAS_PA_D1mean ~ AnchorPA, data=data)
summary(m.5)

# anchor with T1 score, including interaction with anchor position
m.6 = lm(PANAS_PA_D1mean ~ AnchorPA*Anchor.Position, data=data)
summary(m.6)
[...]
## the anchor position doesn't have a moderating effect on the correlations",match,"Both the paper and the code use linear models with an AnchorPA × Anchor.Position interaction and draw conclusions based on whether this interaction is statistically significant, without specifying a non-standard alpha level. The paper reports that all such interactions are statistically non-significant, and the code fits the corresponding interaction model and comments that anchor position does not have a moderating effect, consistent with standard NHST criteria.",inference
23,"Linear regression testing whether anchor position moderates the relation between negative affect anchor responses and Time 2 negative affect PANAS scores; predictors are negative anchor responses, anchor position, and their interaction; DV is Time 2 negative affect.",Model Specification,"“I also tested whether any of the validity correlations varied as a function of the anchor-item's position. I did this by using linear regression analyses in which I, in turn, regressed the change scores, Time 2 scores, and Time 1 scores onto (i) the responses to the anchor-item, (ii) the anchor-item's position, and (iii) the interaction between the latter two.”","# anchor with T2 score, including interaction with anchor position
m.10 = lm(PANAS_NA_D2mean ~ AnchorNA*Anchor.Position, data=data)",match,"Both the paper and the code specify use of linear regression with an interaction term between anchor responses and anchor position predicting Time 2 negative affect. The code line implementing `lm(PANAS_NA_D2mean ~ AnchorNA*Anchor.Position, ...)` matches the described linear regression moderation analysis for Time 2 negative affect.",model
23,"Linear regression testing whether anchor position moderates the relation between negative affect anchor responses and Time 2 negative affect PANAS scores; predictors are negative anchor responses, anchor position, and their interaction; DV is Time 2 negative affect.",Variable Specification,"“I also tested whether any of the validity correlations varied as a function of the anchor-item's position. I did this by using linear regression analyses in which I, in turn, regressed the change scores, Time 2 scores, and Time 1 scores onto (i) the responses to the anchor-item, (ii) the anchor-item's position, and (iii) the interaction between the latter two.” [...] “Ten items measured negative affect (distressed, upset, hostile, irritable, scared, afraid, ashamed, guilty, nervous, jittery). For Time 1 and Time 2 separately, I averaged the positive affect items for each participant to produce a mean score for positive affect, and I did the same for the negative affect items to produce a mean score for negative affect. [...] The anchor items for positive and negative affect included in the survey at Time 2 asked participants, ""Overall, compared to the time when you did this survey yesterday, how positive/negative do you feel right now?""”","data$AnchorNA <- paste(data$NA.Anchor.Before, data$NA.Anchor.After)
[...] data$PANAS_NA_D2mean = rowMeans(data[ , c('PANASD2_11_Distressed', 'PANASD2_12_Upset', 
  'PANASD2_13_Hostile', 'PANASD2_14_Irritable', 'PANASD2_15_Scared', 'PANASD2_16_Afraid', 
  'PANASD2_17_Ashamed', 'PANASD2_18_Guilty', 'PANASD2_19_Nervous', 'PANASD2_20_Jittery')], na.rm=TRUE)
[...] m.10 = lm(PANAS_NA_D2mean ~ AnchorNA*Anchor.Position, data=data)",match,"The paper describes linear regressions of Time 2 scores on anchor responses, anchor position, and their interaction, and defines Time 2 negative affect as the mean of the negative PANAS items. The code implements this exactly via a model with outcome PANAS_NA_D2mean and predictors AnchorNA, Anchor.Position, and their interaction.",variables
23,"Linear regression testing whether anchor position moderates the relation between negative affect anchor responses and Time 2 negative affect PANAS scores; predictors are negative anchor responses, anchor position, and their interaction; DV is Time 2 negative affect.",Transformation Specification,"“Ten items measured negative affect (distressed, upset, hostile, irritable, scared, afraid, ashamed, guilty, nervous, jittery). […] For Time 1 and Time 2 separately, I averaged the positive affect items for each participant to produce a mean score for positive affect, and I did the same for the negative affect items to produce a mean score for negative affect.” […] “I excluded participants for (i) having missing responses on any measures or (ii) giving the same response to all items across the three measures in either the first or second survey.” […] “The anchor items for positive and negative affect included in the survey at Time 2 asked participants, ‘Overall, compared to the time when you did this survey yesterday, how positive/negative do you feel right now?’. Participants had five response options for each anchor item: much less positive/negative, a little less positive/negative, the same, a little more positive/negative, and much more positive/negative.” […] “I also tested whether any of the validity correlations varied as a function of the anchor-item's position. I did this by using linear regression analyses in which I, in turn, regressed the change scores, Time 2 scores, and Time 1 scores onto (i) the responses to the anchor-item, (ii) the anchor-item's position, and (iii) the interaction between the latter two.”","“data$AnchorNA <- paste(data$NA.Anchor.Before, data$NA.Anchor.After)
data$AnchorNA = as.character(data$AnchorNA)

# rename character values on the anchors to numbers
# some had a space in front and some had a space after
[…]
data[data == "" Much less negative""] <- 1
data[data == ""Much less negative ""] <- 1
data[data == "" A little less negative""] <- 2
data[data == ""A little less negative ""] <- 2
data[data == "" A little more negative""] <- 4
data[data == ""A little more negative ""] <- 4
data[data == "" Much more negative""] <- 5
data[data == ""Much more negative ""] <- 5

# Save relevant columns as integer
data[, 77:78] <- sapply(data[, 77:78], as.integer)
[…]
data$PANAS_NA_D1mean = rowMeans(data[ , c('PANASD1_11_Distressed', 'PANASD1_12_Upset', 
  'PANASD1_13_Hostile', 'PANASD1_14_Irritable', 'PANASD1_15_Scared', 'PANASD1_16_Afraid', 
  'PANASD1_17_Ashamed', 'PANASD1_18_Guilty', 'PANASD1_19_Nervous', 'PANASD1_20_Jittery')], na.rm=TRUE)

data$PANAS_NA_D2mean = rowMeans(data[ , c('PANASD2_11_Distressed', 'PANASD2_12_Upset', 
  'PANASD2_13_Hostile', 'PANASD2_14_Irritable', 'PANASD2_15_Scared', 'PANASD2_16_Afraid', 
  'PANASD2_17_Ashamed', 'PANASD2_18_Guilty', 'PANASD2_19_Nervous', 'PANASD2_20_Jittery')], na.rm=TRUE)
[…]
# anchor with T2 score, including interaction with anchor position
m.10 = lm(PANAS_NA_D2mean ~ AnchorNA*Anchor.Position, data=data)”",match,"Both the paper and the code use mean scores of the ten negative affect PANAS items for Time 2 as the dependent variable and analyze them across the full cleaned sample, while treating the anchor-item responses and anchor position as predictors. The code additionally makes explicit the numeric recoding of the five-category negative anchor responses, which is consistent with but not in conflict with the paper’s description.",transform
23,"Linear regression testing whether anchor position moderates the relation between negative affect anchor responses and Time 2 negative affect PANAS scores; predictors are negative anchor responses, anchor position, and their interaction; DV is Time 2 negative affect.",Inference Specification,"“I also tested whether any of the validity correlations varied as a function of the anchor-item's position. I did this by using linear regression analyses in which I, in turn, regressed the change scores, Time 2 scores, and Time 1 scores onto (i) the responses to the anchor-item, (ii) the anchor-item's position, and (iii) the interaction between the latter two. For both positive affect and negative affect, the interactions were all statistically nonsignificant (all ps > .179).”","“# anchor with T2 score, including interaction with anchor position
m.10 = lm(PANAS_NA_D2mean ~ AnchorNA*Anchor.Position, data=data)
summary(m.10)
...
## the anchor position doesn't have a moderating effect on the correlations
## the correlations replicate the relationships found in the original study I did with Daniel,
# except that for NA the anchor correlation with T2 was not statistically significantly 
# differetn from anchor correlation with change in NA. descriptively the correlation
# with T2 was a bit stronger.”",match,"Both the paper and the code assess moderation by testing the interaction term in a linear regression and interpret it via conventional null-hypothesis significance testing, describing the interaction (and related contrasts) as “statistically nonsignificant” without specifying a nonstandard alpha or alternative criterion. As far as can be determined from the text and code, the inference procedure and criteria align.",inference
24,"Linear regression testing whether anchor position moderates the relation between negative affect anchor responses and Time 1 negative affect PANAS scores; predictors are negative anchor responses, anchor position, and their interaction; DV is Time 1 negative affect.",Model Specification,"“I also tested whether any of the validity correlations varied as a function of the anchor-item's position. I did this by using linear regression analyses in which I, in turn, regressed the change scores, Time 2 scores, and Time 1 scores onto (i) the responses to the anchor-item, (ii) the anchor-item's position, and (iii) the interaction between the latter two.”","# anchor with T1 score, including interaction with anchor position
m.12 = lm(PANAS_NA_D1mean ~ AnchorNA*Anchor.Position, data=data)",match,"The paper specifies “linear regression analyses” with Time 1 scores regressed on anchor responses, anchor position, and their interaction, and the code implements this using R’s lm() function with PANAS_NA_D1mean as the outcome and AnchorNA*Anchor.Position as predictors. Thus, the model specification in the code matches the linear regression described in the paper.",model
24,"Linear regression testing whether anchor position moderates the relation between negative affect anchor responses and Time 1 negative affect PANAS scores; predictors are negative anchor responses, anchor position, and their interaction; DV is Time 1 negative affect.",Variable Specification,"“For Time 1 and Time 2 separately, I averaged the positive affect items for each participant to produce a mean score for positive affect, and I did the same for the negative affect items to produce a mean score for negative affect.”[...]“I also tested whether any of the validity correlations varied as a function of the anchor-item's position. I did this by using linear regression analyses in which I, in turn, regressed the change scores, Time 2 scores, and Time 1 scores onto (i) the responses to the anchor-item, (ii) the anchor-item's position, and (iii) the interaction between the latter two.”","data$PANAS_NA_D1mean = rowMeans(data[ , c('PANASD1_11_Distressed', 'PANASD1_12_Upset', 
  'PANASD1_13_Hostile', 'PANASD1_14_Irritable', 'PANASD1_15_Scared', 'PANASD1_16_Afraid', 
  'PANASD1_17_Ashamed', 'PANASD1_18_Guilty', 'PANASD1_19_Nervous', 'PANASD1_20_Jittery')], na.rm=TRUE)
[...]data$AnchorNA <- paste(data$NA.Anchor.Before, data$NA.Anchor.After)
[...]m.11 = lm(PANAS_NA_D1mean ~ AnchorNA, data=data)
[...]m.12 = lm(PANAS_NA_D1mean ~ AnchorNA*Anchor.Position, data=data)",match,"The paper describes regressing Time 1 negative affect scores onto anchor responses, anchor position, and their interaction, and the code implements this as a linear model with PANAS_NA_D1mean as the outcome and AnchorNA, Anchor.Position, and their interaction as predictors. Thus, the variables and their roles (DV vs. predictors, including the interaction) correspond between paper and code.",variables
24,"Linear regression testing whether anchor position moderates the relation between negative affect anchor responses and Time 1 negative affect PANAS scores; predictors are negative anchor responses, anchor position, and their interaction; DV is Time 1 negative affect.",Transformation Specification,"Ten items measured negative affect (distressed, upset, hostile, irritable, scared, afraid, ashamed, guilty, nervous, jittery). For Time 1 and Time 2 separately, I averaged the positive affect items for each participant to produce a mean score for positive affect, and I did the same for the negative affect items to produce a mean score for negative affect.[...]I excluded participants for (i) having missing responses on any measures or (ii) giving the same response to all items across the three measures in either the first or second survey.[...]The final dataset for this paper consisted of 903 participants who completed the PANAS on both Time 1 and Time 2.","data$AnchorNA <- paste(data$NA.Anchor.Before, data$NA.Anchor.After)
data$AnchorNA = as.character(data$AnchorNA)
[...]
data[data == "" Much less negative""] <- 1
data[data == ""Much less negative ""] <- 1
data[data == "" A little less negative""] <- 2
data[data == ""A little less negative ""] <- 2
data[data == "" A little more negative""] <- 4
data[data == ""A little more negative ""] <- 4
data[data == "" Much more negative""] <- 5
data[data == ""Much more negative ""] <- 5
[...]
data[, 77:78] <- sapply(data[, 77:78], as.integer)
[...]
data$PANAS_NA_D1mean = rowMeans(data[ , c('PANASD1_11_Distressed', 'PANASD1_12_Upset', 
  'PANASD1_13_Hostile', 'PANASD1_14_Irritable', 'PANASD1_15_Scared', 'PANASD1_16_Afraid', 
  'PANASD1_17_Ashamed', 'PANASD1_18_Guilty', 'PANASD1_19_Nervous', 'PANASD1_20_Jittery')], na.rm=TRUE)
[...]
m.11 = lm(PANAS_NA_D1mean ~ AnchorNA, data=data)
[...]
m.12 = lm(PANAS_NA_D1mean ~ AnchorNA*Anchor.Position, data=data)",match,"The paper states that Time 1 negative affect is a mean of the 10 negative PANAS items for participants with complete data, and the code implements this by computing PANAS_NA_D1mean as rowMeans of those 10 items after recoding the negative anchor responses and using the full cleaned dataset. No additional transformations (e.g., standardization or subsetting beyond prior exclusions) are applied in either source for this regression.",transform
24,"Linear regression testing whether anchor position moderates the relation between negative affect anchor responses and Time 1 negative affect PANAS scores; predictors are negative anchor responses, anchor position, and their interaction; DV is Time 1 negative affect.",Inference Specification,"I also tested whether any of the validity correlations varied as a function of the anchor-item's position. I did this by using linear regression analyses in which I, in turn, regressed the change scores, Time 2 scores, and Time 1 scores onto (i) the responses to the anchor-item, (ii) the anchor-item's position, and (iii) the interaction between the latter two. For both positive affect and negative affect, the interactions were all statistically nonsignificant (all ps > .179).","# anchor with T1 score, including interaction with anchor position
m.12 = lm(PANAS_NA_D1mean ~ AnchorNA*Anchor.Position, data=data)
summary(m.12)
[...]
## the anchor position doesn't have a moderating effect on the correlations
## the correlations replicate the relationships found in the original study I did with Daniel,
# except that for NA the anchor correlation with T2 was not statistically significantly 
# differetn from anchor correlation with change in NA. descriptively the correlation
# with T2 was a bit stronger.",match,"Both paper and code assess the interaction (moderation) via linear regression and judge it using p-values, concluding that the anchor position does not have a moderating effect. No alternative alpha or inferential criterion is specified in either source, so the inference specification aligns.",inference
25,"Correlation between positive affect anchor responses and positive affect change scores (Time 2 – Time 1), for participants who saw the anchor before the PANAS at Time 2.",Model Specification,"Table 33Correlations[and 95% Confidence Intervals]  of the Anchor Responses with Change Scores, Time 2 Scores, Time 1 Scores[...]MeasuresChange Scores Time 2 Scores Time 1 ScoresPositive AffectAnchor before.52 [.44, .58][...]""For descriptive purposes, Table 3 presents the correlations of the anchor with the (i) change scores, (ii) Time 2 scores, and (iii) Time 1 scores, separately for participants who saw the anchor before vs after the PANAS.""","#### correlations with PA anchor before vs after ####

cor.test(data_before$PA_change, data_before$AnchorPA)
cor.test(data_after$PA_change, data_after$AnchorPA)",match,"The paper describes computing correlations (with 95% confidence intervals) between the anchor responses and change scores by anchor position, and the code implements this using `cor.test` between `PA_change` and `AnchorPA` separately for the `data_before` (anchor-before) group. Both therefore use a Pearson correlation test with 95% confidence intervals for the same variables and subgroup.",model
25,"Correlation between positive affect anchor responses and positive affect change scores (Time 2 – Time 1), for participants who saw the anchor before the PANAS at Time 2.",Variable Specification,"""The method's validity is demonstrated by the strength of the correlation between the anchor-item and: (i) the change scores on the outcome measure (e.g., PANAS difference between Time 1 and Time 2), with a positive correlation showing that the anchor-responses capture changes in the construct;""[...]""To calculate each participant's change score for positive affect, I subtracted the mean score for positive affect at Time 1 from the mean score for positive affect at Time 2.""[...]""In the survey at Time 2, I included an anchoritem for positive affect and an anchor-item for negative affect. Importantly, participants were randomly allocated to respond to the anchor item either before the PANAS or after.""[...]""I also tested whether any of the validity correlations varied as a function of the anchor-item's position. I did this by using linear regression analyses in which I, in turn, regressed the change scores, Time 2 scores, and Time 1 scores onto (i) the responses to the anchor-item, (ii) the anchor-item's position, and (iii) the interaction between the latter two.""[...]""For descriptive purposes, Table 3 presents the correlations of the anchor with the (i) change scores, (ii) Time 2 scores, and (iii) Time 1 scores, separately for participants who saw the anchor before vs after the PANAS.""","## create new variables for PA and NA anchor items so responses for the anchors are
# in the same columns for both the people who saw the anchor before the PANAS 
# and those who saw the anchor after the PANAS
data$AnchorPA <- paste(data$PA.Anchor.Before, data$PA.Anchor.After)
[...]## each person's change score for PA and NA from D1 to D2
data$PA_change = data$PANAS_PA_D2mean - data$PANAS_PA_D1mean
[...]#### estimates for anchor before ####
data_before = data[data$Anchor.Position==""Anchor Before"", ]
[...]#### correlations with PA anchor before vs after ####

cor.test(data_before$PA_change, data_before$AnchorPA)",match,"The paper defines this analysis as a correlation between positive affect anchor responses and positive affect change scores, restricted to participants who saw the anchor before the PANAS at Time 2. The code computes exactly this correlation between `PA_change` (Time 2 minus Time 1 positive affect mean) and `AnchorPA` within the `data_before` subset where `Anchor.Position==""Anchor Before""`.",variables
25,"Correlation between positive affect anchor responses and positive affect change scores (Time 2 – Time 1), for participants who saw the anchor before the PANAS at Time 2.",Transformation Specification,"“For Time 1 and Time 2 separately, I averaged the positive affect items for each participant to produce a mean score for positive affect, and I did the same for the negative affect items to produce a mean score for negative affect.”[...]“To calculate each participant's change score for positive affect, I subtracted the mean score for positive affect at Time 1 from the mean score for positive affect at Time 2. I did the same to calculate the change scores for negative affect. Thus, each participant had a change score for positive affect and a change score for negative affect.”[...]“Importantly, participants were randomly allocated to respond to the anchor item either before the PANAS or after.”[...]“Table 33Correlations[and 95% Confidence Intervals]  of the Anchor Responses with Change Scores, Time 2 Scores, Time 1 Scores[...]Positive AffectAnchor before.52 [.44, .58].44 [.36, .51] .04 [-.05, .14]”","data$AnchorPA <- paste(data$PA.Anchor.Before, data$PA.Anchor.After)
data$AnchorNA <- paste(data$NA.Anchor.Before, data$NA.Anchor.After)
data$AnchorPA = as.character(data$AnchorPA)
data$AnchorNA = as.character(data$AnchorNA)
[...]
data$PANAS_PA_D1mean = rowMeans(data[ , c('PANASD1_1_Attentive', 'PANASD1_2_Interested', 
  'PANASD1_3_Alert', 'PANASD1_4_Excited', 'PANASD1_5_Enthusiastic', 'PANASD1_6_Inspired', 
  'PANASD1_7_Proud', 'PANASD1_8_Determined', 'PANASD1_9_Strong', 'PANASD1_10_Active')], na.rm=TRUE)

data$PANAS_PA_D2mean = rowMeans(data[ , c('PANASD2_1_Attentive', 'PANASD2_2_Interested', 
  'PANASD2_3_Alert', 'PANASD2_4_Excited', 'PANASD2_5_Enthusiastic', 'PANASD2_6_Inspired', 
  'PANASD2_7_Proud', 'PANASD2_8_Determined', 'PANASD2_9_Strong', 'PANASD2_10_Active')], na.rm=TRUE)
[...]
data$PA_change = data$PANAS_PA_D2mean - data$PANAS_PA_D1mean
[...]
data_before = data[data$Anchor.Position==""Anchor Before"", ]
[...]
cor.test(data_before$PA_change, data_before$AnchorPA)",match,"Both the paper and the code average the 10 positive-affect PANAS items at each time point, compute a change score as Time 2 minus Time 1, and then within the anchor-before subset correlate these change scores with numerically coded anchor responses, with no substantive additional transformations in the code beyond coding the anchor and standard NA handling. Any extra implementation details (e.g., numeric coding of the five anchor categories) are consistent with the paper’s described procedure.",transform
25,"Correlation between positive affect anchor responses and positive affect change scores (Time 2 – Time 1), for participants who saw the anchor before the PANAS at Time 2.",Inference Specification,"Table 33Correlations[and 95% Confidence Intervals]  of the Anchor Responses with Change Scores, Time 2 Scores, Time 1 Scores[...]Positive AffectAnchor before.52 [.44, .58]","#### correlations with PA anchor before vs after ####

cor.test(data_before$PA_change, data_before$AnchorPA)",match,"The paper reports this correlation with a 95% confidence interval, and the code computes the same correlation using cor.test, which by default produces a two-sided test with a 95% confidence interval, so the inferential specification (95% CI / α = .05) aligns. The code additionally yields a p-value, but this does not conflict with the paper’s use of 95% CIs as the primary inferential output.",inference
26,"Correlation between positive affect anchor responses and Time 2 positive affect PANAS scores, for participants who saw the anchor before the PANAS at Time 2.",Model Specification,"Table 3 presents the correlations of the anchor with the (i) change scores, (ii) Time 2 scores, and (iii) Time 1 scores, separately for participants who saw the anchor before vs after the PANAS.","cor.test(data_before$PANAS_PA_D2mean, data_before$AnchorPA)",match,"The paper describes this analysis as correlations between the anchor and Time 2 scores by anchor position, and the code implements this using a correlation test between Time 2 positive affect means and the anchor responses for the anchor-before group. Both thus use a correlation as the statistical model for this analysis.",model
26,"Correlation between positive affect anchor responses and Time 2 positive affect PANAS scores, for participants who saw the anchor before the PANAS at Time 2.",Variable Specification,"""The method's validity is demonstrated by the strength of the correlation between the anchor-item and: (i) the change scores on the outcome measure (e.g., PANAS difference between Time 1 and Time 2), with a positive correlation showing that the anchor-responses capture changes in the construct; (ii) the Time 2 scores on the outcome measure (e.g., PANAS at Time 2), with a positive correlation showing that the anchor-responses reflect how people currently feel; and (iii) the Time 1 scores on the outcome measure (e.g., PANAS at Time 1), with a negative correlation showing that the anchor-responses also reflect people's feelings at the time against which current feelings are being compared (see Devji et al., 2020;Kamper et al., 2009).""[...]""I also tested whether any of the validity correlations varied as a function of the anchor-item's position. I did this by using linear regression analyses in which I, in turn, regressed the change scores, Time 2 scores, and Time 1 scores onto (i) the responses to the anchor-item, (ii) the anchor-item's position, and (iii) the interaction between the latter two.""[...]""For descriptive purposes, Table 3 presents the correlations of the anchor with the (i) change scores, (ii) Time 2 scores, and (iii) Time 1 scores, separately for participants who saw the anchor before vs after the PANAS.""[...]""Table 33Correlations[and 95% Confidence Intervals]  of the Anchor Responses with Change Scores, Time 2 Scores, Time 1 ScoresMeasuresChange Scores Time 2 Scores Time 1 ScoresPositive AffectAnchor before.52 [.44, .58].44 [.36, .51] .04 [-.05, .14]Anchor after.56 [.49, .62].46 [.39, .53] -.02 [-.11, .08]""","## create new variables for PA and NA anchor items so responses for the anchors are
# in the same columns for both the people who saw the anchor before the PANAS 
# and those who saw the anchor after the PANAS
data$AnchorPA <- paste(data$PA.Anchor.Before, data$PA.Anchor.After)
data$AnchorNA <- paste(data$NA.Anchor.Before, data$NA.Anchor.After)
data$AnchorPA = as.character(data$AnchorPA)
data$AnchorNA = as.character(data$AnchorNA)[...]data[data == "" Much less positive""] <- 1
data[data == ""Much less positive ""] <- 1
[...]
data[, 77:78] <- sapply(data[, 77:78], as.integer)[...]data$PANAS_PA_D2mean = rowMeans(data[ , c('PANASD2_1_Attentive', 'PANASD2_2_Interested', 
  'PANASD2_3_Alert', 'PANASD2_4_Excited', 'PANASD2_5_Enthusiastic', 'PANASD2_6_Inspired', 
  'PANASD2_7_Proud', 'PANASD2_8_Determined', 'PANASD2_9_Strong', 'PANASD2_10_Active')], na.rm=TRUE)[...]data_before = data[data$Anchor.Position==""Anchor Before"", ][...]
#### correlations with PA anchor before vs after ####

cor.test(data_before$PA_change, data_before$AnchorPA)
cor.test(data_after$PA_change, data_after$AnchorPA)

cor.test(data_before$PANAS_PA_D2mean, data_before$AnchorPA)
cor.test(data_after$PANAS_PA_D2mean, data_after$AnchorPA)",match,"Both the paper and code define a correlation between positive affect anchor responses and Time 2 positive PANAS mean scores, restricted to participants in the ""Anchor before"" condition. The variables and their roles (anchor responses vs Time 2 outcome scores) align directly between the textual description/Table 3 and the cor.test implementation on data_before$PANAS_PA_D2mean and data_before$AnchorPA.",variables
26,"Correlation between positive affect anchor responses and Time 2 positive affect PANAS scores, for participants who saw the anchor before the PANAS at Time 2.",Transformation Specification,"“Ten items measured positive affect (attentive, interested, alert, excited, enthusiastic, inspired, proud, determined, strong, and active) and ten items measured negative affect (distressed, upset, hostile, irritable, scared, afraid, ashamed, guilty, nervous, jittery). For Time 1 and Time 2 separately, I averaged the positive affect items for each participant to produce a mean score for positive affect, and I did the same for the negative affect items to produce a mean score for negative affect.”[...]“In the survey at Time 2, I included an anchoritem for positive and negative affect. Importantly, participants were randomly allocated to respond to the anchor item either before the PANAS or after.”[...]“For descriptive purposes, Table 3 presents the correlations of the anchor with the (i) change scores, (ii) Time 2 scores, and (iii) Time 1 scores, separately for participants who saw the anchor before vs after the PANAS.”","“data$AnchorPA <- paste(data$PA.Anchor.Before, data$PA.Anchor.After)
data$AnchorNA <- paste(data$NA.Anchor.Before, data$NA.Anchor.After)
data$AnchorPA = as.character(data$AnchorPA)
data$AnchorNA = as.character(data$AnchorNA)

# rename character values on the anchors to numbers
# some had a space in front and some had a space after
data[data == "" Much less positive""] <- 1
[data[data == ""Much less positive ""] <- 1
...]

data$PANAS_PA_D2mean = rowMeans(data[ , c('PANASD2_1_Attentive', 'PANASD2_2_Interested', 
  'PANASD2_3_Alert', 'PANASD2_4_Excited', 'PANASD2_5_Enthusiastic', 'PANASD2_6_Inspired', 
  'PANASD2_7_Proud', 'PANASD2_8_Determined', 'PANASD2_9_Strong', 'PANASD2_10_Active')], na.rm=TRUE)
...
#### estimates for anchor before ####
data_before = data[data$Anchor.Position==""Anchor Before"", ]
...
cor.test(data_before$PANAS_PA_D2mean, data_before$AnchorPA)”",match,"The paper specifies that Time 2 positive affect is a mean of the ten positive PANAS items and that correlations are computed separately for those who saw the anchor before the PANAS, and the code implements this by row-averaging the same ten Time 2 positive items, subsetting to Anchor Before, and correlating this mean with the recoded anchor variable. The additional numeric recoding of anchor responses in the code is consistent with, and does not contradict, the paper’s description.",transform
26,"Correlation between positive affect anchor responses and Time 2 positive affect PANAS scores, for participants who saw the anchor before the PANAS at Time 2.",Inference Specification,"Table 33Correlations[and 95% Confidence Intervals]  of the Anchor Responses with Change Scores, Time 2 Scores, Time 1 Scores[...]MeasuresChange Scores Time 2 Scores Time 1 ScoresPositive AffectAnchor before.52 [.44, .58].44 [.36, .51] .04 [-.05, .14][...]For descriptive purposes, Table 3 presents the correlations of the anchor with the (i) change scores, (ii) Time 2 scores, and (iii) Time 1 scores, separately for participants who saw the anchor before vs after the PANAS.","#### correlation analyses with PA anchor ####
cor.test(data$PA_change, data$AnchorPA)
cor.test(data$PANAS_PA_D2mean, data$AnchorPA)
cor.test(data$PANAS_PA_D1mean, data$AnchorPA)
[...]
#### correlations with PA anchor before vs after ####

cor.test(data_before$PA_change, data_before$AnchorPA)
cor.test(data_after$PA_change, data_after$AnchorPA)

cor.test(data_before$PANAS_PA_D2mean, data_before$AnchorPA)
cor.test(data_after$PANAS_PA_D2mean, data_after$AnchorPA)

cor.test(data_before$PANAS_PA_D1mean, data_before$AnchorPA)
cor.test(data_after$PANAS_PA_D1mean, data_after$AnchorPA)",match,"The paper reports correlations with associated “95% Confidence Intervals” and uses these CIs as the primary inferential summary, and the code computes the same correlations via cor.test, which by default provides two-sided p-values and 95% confidence intervals. Thus, both analysis and code rely on 95% confidence intervals for inference about these correlations, consistent with an implicit alpha of 0.05.",inference
27,"Correlation between positive affect anchor responses and Time 1 positive affect PANAS scores, for participants who saw the anchor before the PANAS at Time 2.",Model Specification,"“Table 3 presents the correlations of the anchor with the (i) change scores, (ii) Time 2 scores, and (iii) Time 1 scores, separately for participants who saw the anchor before vs after the PANAS.”[...]“Table 33Correlations[and 95% Confidence Intervals]  of the Anchor Responses with Change Scores, Time 2 Scores, Time 1 Scores”","#### correlations with PA anchor before vs after ####

cor.test(data_before$PANAS_PA_D1mean, data_before$AnchorPA)",match,"The paper describes this analysis as a correlation between the anchor responses and Time 1 scores, and the code implements it using R's `cor.test`, which conducts a correlation test between Time 1 positive affect and the positive affect anchor in the anchor-before subgroup. Thus, the statistical model (a correlation analysis) matches between the paper and the code.",model
27,"Correlation between positive affect anchor responses and Time 1 positive affect PANAS scores, for participants who saw the anchor before the PANAS at Time 2.",Variable Specification,"""the method's validity is demonstrated by the strength of the correlation between the anchor-item and: (i) the change scores on the outcome measure (e.g., PANAS difference between Time 1 and Time 2), with a positive correlation showing that the anchor-responses capture changes in the construct; (ii) the Time 2 scores on the outcome measure (e.g., PANAS at Time 2), with a positive correlation showing that the anchor-responses reflect how people currently feel; and (iii) the Time 1 scores on the outcome measure (e.g., PANAS at Time 1), with a negative correlation showing that the anchor-responses also reflect people's feelings at the time against which current feelings are being compared""[...]""For Time 1 and Time 2 separately, I averaged the positive affect items for each participant to produce a mean score for positive affect""[...]""Table 3[...]Measures[...]Positive Affect
Anchor before[...]
Time 1 Scores[...] .04 [-.05, .14]""","""data$AnchorPA <- paste(data$PA.Anchor.Before, data$PA.Anchor.After)
[...]
data$PANAS_PA_D1mean = rowMeans(data[ , c('PANASD1_1_Attentive', 'PANASD1_2_Interested', 
  'PANASD1_3_Alert', 'PANASD1_4_Excited', 'PANASD1_5_Enthusiastic', 'PANASD1_6_Inspired', 
  'PANASD1_7_Proud', 'PANASD1_8_Determined', 'PANASD1_9_Strong', 'PANASD1_10_Active')], na.rm=TRUE)
[...]
data_before = data[data$Anchor.Position==""Anchor Before"", ]
[...]
cor.test(data_before$PANAS_PA_D1mean, data_before$AnchorPA)""",match,"The paper defines this analysis as the correlation between positive affect anchor responses and Time 1 positive affect scores, specifically reporting the ""Positive Affect Anchor before""–""Time 1 Scores"" cell. The code computes this exact correlation by correlating the Time 1 positive affect mean (PANAS_PA_D1mean) with the positive affect anchor responses (AnchorPA) within the subset of participants whose anchor position is ""Anchor Before.""",variables
27,"Correlation between positive affect anchor responses and Time 1 positive affect PANAS scores, for participants who saw the anchor before the PANAS at Time 2.",Transformation Specification,"“Ten items measured positive affect (attentive, interested, alert, excited, enthusiastic, inspired, proud, determined, strong, and active) and ten items measured negative affect (distressed, upset, hostile, irritable, scared, afraid, ashamed, guilty, nervous, jittery). For Time 1 and Time 2 separately, I averaged the positive affect items for each participant to produce a mean score for positive affect, and I did the same for the negative affect items to produce a mean score for negative affect.”[...]“In the survey at Time 2, I included an anchoritem for positive and negative affect. Importantly, participants were randomly allocated to respond to the anchor item either before the PANAS or after.”[...]“I also tested whether any of the validity correlations varied as a function of the anchor-item's position. I did this by using linear regression analyses in which I, in turn, regressed the change scores, Time 2 scores, and Time 1 scores onto (i) the responses to the anchor-item, (ii) the anchor-item's position, and (iii) the interaction between the latter two. For both positive affect and negative affect, the interactions were all statistically nonsignificant (all ps > .179). For descriptive purposes, Table 3 presents the correlations of the anchor with the (i) change scores, (ii) Time 2 scores, and (iii) Time 1 scores, separately for participants who saw the anchor before vs after the PANAS.”","“data$AnchorPA <- paste(data$PA.Anchor.Before, data$PA.Anchor.After)
[...]
data[, 77:78] <- sapply(data[, 77:78], as.integer)


#### mean of D1/T1 and D2/T2 scores for PA and NA ####

data$PANAS_PA_D1mean = rowMeans(data[ , c('PANASD1_1_Attentive', 'PANASD1_2_Interested', 
  'PANASD1_3_Alert', 'PANASD1_4_Excited', 'PANASD1_5_Enthusiastic', 'PANASD1_6_Inspired', 
  'PANASD1_7_Proud', 'PANASD1_8_Determined', 'PANASD1_9_Strong', 'PANASD1_10_Active')], na.rm=TRUE)
[...]
#### estimates for anchor before ####
data_before = data[data$Anchor.Position==""Anchor Before"", ]
[...]
#### correlations with PA anchor before vs after ####

cor.test(data_before$PA_change, data_before$AnchorPA)
cor.test(data_after$PA_change, data_after$AnchorPA)

cor.test(data_before$PANAS_PA_D2mean, data_before$AnchorPA)
cor.test(data_after$PANAS_PA_D2mean, data_after$AnchorPA)

cor.test(data_before$PANAS_PA_D1mean, data_before$AnchorPA)
cor.test(data_after$PANAS_PA_D1mean, data_after$AnchorPA)”",match,"The paper states that Time 1 positive affect is computed as the average of the ten positive PANAS items and that correlations are examined separately for anchor-before versus anchor-after groups; the code mirrors this by creating a Time 1 mean (rowMeans of the ten positive items), subsetting to Anchor Before, and correlating this mean with the anchor responses without further transformation. Thus, the transformation steps for this analysis align between the paper and the implementation.",transform
27,"Correlation between positive affect anchor responses and Time 1 positive affect PANAS scores, for participants who saw the anchor before the PANAS at Time 2.",Inference Specification,"Table 33Correlations[and 95% Confidence Intervals]  of the Anchor Responses with Change Scores, Time 2 Scores, Time 1 Scores[...]MeasuresChange Scores Time 2 Scores Time 1 ScoresPositive AffectAnchor before.52 [.44, .58].44 [.36, .51] .04 [-.05, .14]","#### correlation analyses with PA anchor before vs after ####

cor.test(data_before$PA_change, data_before$AnchorPA)
cor.test(data_after$PA_change, data_after$AnchorPA)

cor.test(data_before$PANAS_PA_D2mean, data_before$AnchorPA)
cor.test(data_after$PANAS_PA_D2mean, data_after$AnchorPA)

cor.test(data_before$PANAS_PA_D1mean, data_before$AnchorPA)
cor.test(data_after$PANAS_PA_D1mean, data_after$AnchorPA)",match,"The paper reports the subgroup correlation as a correlation with a 95% confidence interval, and the code computes this same correlation via cor.test, which by default returns a correlation estimate with a 95% confidence interval. Although cor.test also returns a p-value, this additional output does not conflict with the paper’s use of 95% confidence intervals as the primary inferential summary.",inference
28,"Correlation between positive affect anchor responses and positive affect change scores, for participants who saw the anchor after the PANAS at Time 2.",Model Specification,"Table 33Correlations[and 95% Confidence Intervals]  of the Anchor Responses with Change Scores, Time 2 Scores, Time 1 Scores[...]MeasuresChange Scores Time 2 Scores Time 1 ScoresPositive AffectAnchor before.52 [.44, .58].44 [.36, .51] .04 [-.05, .14]Anchor after.56 [.49, .62].46 [.39, .53] -.02 [-.11, .08][...]For descriptive purposes, Table 3 presents the correlations of the anchor with the (i) change scores, (ii) Time 2 scores, and (iii) Time 1 scores, separately for participants who saw the anchor before vs after the PANAS.","#### correlations with PA anchor before vs after ####

cor.test(data_before$PA_change, data_before$AnchorPA)
cor.test(data_after$PA_change, data_after$AnchorPA)",match,"The paper describes this analysis as reporting correlations between anchor responses and change scores, stratified by anchor position, and Table 3 reports the specific correlation (.56) for the positive-affect, anchor-after condition. The code implements this using R’s cor.test function on PA_change and AnchorPA within the Anchor After subset, which is a correlation test corresponding to the reported analysis.",model
28,"Correlation between positive affect anchor responses and positive affect change scores, for participants who saw the anchor after the PANAS at Time 2.",Variable Specification,"""The method's validity is demonstrated by the strength of the correlation between the anchor-item and: (i) the change scores on the outcome measure (e.g., PANAS difference between Time 1 and Time 2)"" [...] ""For Time 1 and Time 2 separately, I averaged the positive affect items for each participant to produce a mean score for positive affect, and I did the same for the negative affect items to produce a mean score for negative affect. To calculate each participant's change score for positive affect, I subtracted the mean score for positive affect at Time 1 from the mean score for positive affect at Time 2."" [...] ""Importantly, participants were randomly allocated to respond to the anchor item either before the PANAS or after."" [...] ""Table 33Correlations[and 95% Confidence Intervals]  of the Anchor Responses with Change Scores, Time 2 Scores, Time 1 ScoresMeasuresChange Scores Time 2 Scores Time 1 ScoresPositive AffectAnchor before.52 [.44, .58].44 [.36, .51] .04 [-.05, .14]Anchor after.56 [.49, .62].46 [.39, .53] -.02 [-.11, .08]""","""data$PANAS_PA_D1mean = rowMeans(data[ , c('PANASD1_1_Attentive', 'PANASD1_2_Interested', 
  'PANASD1_3_Alert', 'PANASD1_4_Excited', 'PANASD1_5_Enthusiastic', 'PANASD1_6_Inspired', 
  'PANASD1_7_Proud', 'PANASD1_8_Determined', 'PANASD1_9_Strong', 'PANASD1_10_Active')], na.rm=TRUE)"" [...] ""data$PANAS_PA_D2mean = rowMeans(data[ , c('PANASD2_1_Attentive', 'PANASD2_2_Interested', 
  'PANASD2_3_Alert', 'PANASD2_4_Excited', 'PANASD2_5_Enthusiastic', 'PANASD2_6_Inspired', 
  'PANASD2_7_Proud', 'PANASD2_8_Determined', 'PANASD2_9_Strong', 'PANASD2_10_Active')], na.rm=TRUE)"" [...] ""data$PA_change = data$PANAS_PA_D2mean - data$PANAS_PA_D1mean"" [...] ""data_after = data[data$Anchor.Position==\""Anchor After\"", ]"" [...] ""cor.test(data_after$PA_change, data_after$AnchorPA)""",match,"The paper defines the variables as anchor-item responses and positive affect change scores (Time 2 minus Time 1) and reports their correlation specifically for the 'Anchor after' subgroup in Table 3. The code computes positive affect change as PANAS Time 2 mean minus Time 1 mean, subsets to the 'Anchor After' condition, and correlates this change score with the positive affect anchor responses, matching the paper's variable roles and subgroup.",variables
28,"Correlation between positive affect anchor responses and positive affect change scores, for participants who saw the anchor after the PANAS at Time 2.",Transformation Specification,"“For Time 1 and Time 2 separately, I averaged the positive affect items for each participant to produce a mean score for positive affect, and I did the same for the negative affect items to produce a mean score for negative affect. To calculate each participant's change score for positive affect, I subtracted the mean score for positive affect at Time 1 from the mean score for positive affect at Time 2. I did the same to calculate the change scores for negative affect. Thus, each participant had a change score for positive affect and a change score for negative affect.”[...]“In the survey at Time 2, I included an anchoritem for positive and negative affect. Importantly, participants were randomly allocated to respond to the anchor item either before the PANAS or after.”[...]“For descriptive purposes, Table 3 presents the correlations of the anchor with the (i) change scores, (ii) Time 2 scores, and (iii) Time 1 scores, separately for participants who saw the anchor before vs after the PANAS.”","“#### mean of D1/T1 and D2/T2 scores for PA and NA ####

data$PANAS_PA_D1mean = rowMeans(data[ , c('PANASD1_1_Attentive', 'PANASD1_2_Interested', 
  'PANASD1_3_Alert', 'PANASD1_4_Excited', 'PANASD1_5_Enthusiastic', 'PANASD1_6_Inspired', 
  'PANASD1_7_Proud', 'PANASD1_8_Determined', 'PANASD1_9_Strong', 'PANASD1_10_Active')], na.rm=TRUE)

data$PANAS_PA_D2mean = rowMeans(data[ , c('PANASD2_1_Attentive', 'PANASD2_2_Interested', 
  'PANASD2_3_Alert', 'PANASD2_4_Excited', 'PANASD2_5_Enthusiastic', 'PANASD2_6_Inspired', 
  'PANASD2_7_Proud', 'PANASD2_8_Determined', 'PANASD2_9_Strong', 'PANASD2_10_Active')], na.rm=TRUE)

## each person's change score for PA and NA from D1 to D2

data$PA_change = data$PANAS_PA_D2mean - data$PANAS_PA_D1mean[...]## create new variables for PA and NA anchor items so responses for the anchors are
# in the same columns for both the people who saw the anchor before the PANAS 
# and those who saw the anchor after the PANAS
data$AnchorPA <- paste(data$PA.Anchor.Before, data$PA.Anchor.After)
[...]# Save relevant columns as integer
data[, 77:78] <- sapply(data[, 77:78], as.integer)[...]#### estimates for anchor after ####

data_after = data[data$Anchor.Position==""Anchor After"", ]
[...]#### correlations with PA anchor before vs after ####

cor.test(data_after$PA_change, data_after$AnchorPA)”",match,"The paper describes averaging positive-affect PANAS items at each time point, computing a change score as Time 2 minus Time 1, and examining correlations with the anchor separately for before vs after groups, and the code implements exactly these transformations and subsetting. The code additionally shows the numeric recoding of anchor responses, which is consistent with treating the 5-category anchor as a numeric variable for the correlation.",transform
28,"Correlation between positive affect anchor responses and positive affect change scores, for participants who saw the anchor after the PANAS at Time 2.",Inference Specification,"Table 33Correlations[and 95% Confidence Intervals]  of the Anchor Responses with Change Scores, Time 2 Scores, Time 1 Scores[...]Positive Affect
Anchor after.56 [.49, .62]","#### correlations with PA anchor before vs after ####

cor.test(data_before$PA_change, data_before$AnchorPA)
cor.test(data_after$PA_change, data_after$AnchorPA)",match,"The paper reports the correlation and its 95% confidence interval for the positive affect anchor-after condition, and the code computes the same correlation using cor.test with its default 95% confidence interval. There is no conflicting alpha or CI specification, so the inferential approach aligns.",inference
29,"Correlation between positive affect anchor responses and Time 2 positive affect PANAS scores, for participants who saw the anchor after the PANAS at Time 2.",Model Specification,"For descriptive purposes, Table 3 presents the correlations of the anchor with the (i) change scores, (ii) Time 2 scores, and (iii) Time 1 scores, separately for participants who saw the anchor before vs after the PANAS.","#### correlations with PA anchor before vs after ####

cor.test(data_before$PA_change, data_before$AnchorPA)
cor.test(data_after$PA_change, data_after$AnchorPA)

cor.test(data_before$PANAS_PA_D2mean, data_before$AnchorPA)
cor.test(data_after$PANAS_PA_D2mean, data_after$AnchorPA)",match,"The paper specifies that Table 3 is based on correlations between anchor responses and Time 2 scores, and the code implements this using R's `cor.test` function to compute those correlations (including for the anchor-after subgroup). `cor.test` by default performs a Pearson correlation test, aligning with the paper’s use of correlations as the statistical model.",model
29,"Correlation between positive affect anchor responses and Time 2 positive affect PANAS scores, for participants who saw the anchor after the PANAS at Time 2.",Variable Specification,"“For descriptive purposes, Table 3 presents the correlations of the anchor with the (i) change scores, (ii) Time 2 scores, and (iii) Time 1 scores, separately for participants who saw the anchor before vs after the PANAS.”[...]“Secondly, the anchor needs to correlate with the Time 2 scores, which was also the case for both positive (r = .45"" CI 95%[.40, .50]) and negative affect (r = .48"" CI 95%[.42, .52]).”[...]“The anchor items for positive and negative affect included in the survey at Time 2 asked participants, ""Overall, compared to the time when you did this survey yesterday, how positive/negative do you feel right now?"".”[...]“For Time 1 and Time 2 separately, I averaged the positive affect items for each participant to produce a mean score for positive affect, and I did the same for the negative affect items to produce a mean score for negative affect.”[...]“Table 33Correlations[and 95% Confidence Intervals]  of the Anchor Responses with Change Scores, Time 2 Scores, Time 1 ScoresMeasuresChange Scores Time 2 Scores Time 1 ScoresPositive AffectAnchor before.52 [.44, .58].44 [.36, .51] .04 [-.05, .14]Anchor after.56 [.49, .62].46 [.39, .53] -.02 [-.11, .08]”","data_after = data[data$Anchor.Position==""Anchor After"", ]
[...]
cor.test(data_after$PANAS_PA_D2mean, data_after$AnchorPA)",match,"In the paper, this analysis is defined as the correlation between Time 2 positive affect mean scores (PANAS positive affect at Time 2) and positive affect anchor responses, restricted to participants who saw the anchor after the PANAS. In the code, the same variables are used—`data_after$PANAS_PA_D2mean` (Time 2 positive affect mean) and `data_after$AnchorPA` (positive affect anchor response) within the `Anchor After` subset—so the variable specification matches.",variables
29,"Correlation between positive affect anchor responses and Time 2 positive affect PANAS scores, for participants who saw the anchor after the PANAS at Time 2.",Transformation Specification,"“Ten items measured positive affect (attentive, interested, alert, excited, enthusiastic, inspired, proud, determined, strong, and active) and ten items measured negative affect (distressed, upset, hostile, irritable, scared, afraid, ashamed, guilty, nervous, jittery). For Time 1 and Time 2 separately, I averaged the positive affect items for each participant to produce a mean score for positive affect, and I did the same for the negative affect items to produce a mean score for negative affect.”[...]“For descriptive purposes, Table 3 presents the correlations of the anchor with the (i) change scores, (ii) Time 2 scores, and (iii) Time 1 scores, separately for participants who saw the anchor before vs after the PANAS.”","data$AnchorPA <- paste(data$PA.Anchor.Before, data$PA.Anchor.After)
[...]
data[, 77:78] <- sapply(data[, 77:78], as.integer)
[...]
data$PANAS_PA_D2mean = rowMeans(data[ , c('PANASD2_1_Attentive', 'PANASD2_2_Interested', 
  'PANASD2_3_Alert', 'PANASD2_4_Excited', 'PANASD2_5_Enthusiastic', 'PANASD2_6_Inspired', 
  'PANASD2_7_Proud', 'PANASD2_8_Determined', 'PANASD2_9_Strong', 'PANASD2_10_Active')], na.rm=TRUE)
[...]
data_after = data[data$Anchor.Position==""Anchor After"", ]
[...]
cor.test(data_after$PANAS_PA_D2mean, data_after$AnchorPA)",match,"The paper defines Time 2 positive affect as the mean of the ten positive PANAS items and specifies that correlations are computed separately for the anchor-after subgroup, and the code mirrors this by creating a Time 2 mean over the ten positive items, subsetting to Anchor After, and correlating that mean with the recoded anchor responses. Any additional data cleaning is not shown in this script but there is no evidence of a divergent transformation for this specific analysis.",transform
29,"Correlation between positive affect anchor responses and Time 2 positive affect PANAS scores, for participants who saw the anchor after the PANAS at Time 2.",Inference Specification,"Table 33Correlations[and 95% Confidence Intervals]  of the Anchor Responses with Change Scores, Time 2 Scores, Time 1 Scores[...]Positive AffectAnchor before.52 [.44, .58].44 [.36, .51] .04 [-.05, .14]Anchor after.56 [.49, .62].46 [.39, .53] -.02 [-.11, .08]","#### correlations with PA anchor before vs after ####

cor.test(data_before$PA_change, data_before$AnchorPA)
cor.test(data_after$PA_change, data_after$AnchorPA)

cor.test(data_before$PANAS_PA_D2mean, data_before$AnchorPA)
cor.test(data_after$PANAS_PA_D2mean, data_after$AnchorPA)

cor.test(data_before$PANAS_PA_D1mean, data_before$AnchorPA)
cor.test(data_after$PANAS_PA_D1mean, data_after$AnchorPA)",match,"The paper specifies that correlations are reported with 95% confidence intervals, and the corresponding code computes the relevant subgroup correlations using cor.test, which by default provides 95% confidence intervals as the inferential output. Both thus rely on 95% confidence intervals for inference for this correlation, even though the paper does not report p-values for the tabled subgroup results.",inference
30,"Correlation between positive affect anchor responses and Time 1 positive affect PANAS scores, for participants who saw the anchor after the PANAS at Time 2.",Model Specification,"Table 33Correlations[and 95% Confidence Intervals]  of the Anchor Responses with Change Scores, Time 2 Scores, Time 1 Scores[...]MeasuresChange Scores Time 2 Scores Time 1 ScoresPositive AffectAnchor before.52 [.44, .58].44 [.36, .51] .04 [-.05, .14]Anchor after.56 [.49, .62].46 [.39, .53] -.02 [-.11, .08]","#### correlations with PA anchor before vs after ####

cor.test(data_before$PA_change, data_before$AnchorPA)
cor.test(data_after$PA_change, data_after$AnchorPA)

cor.test(data_before$PANAS_PA_D2mean, data_before$AnchorPA)
cor.test(data_after$PANAS_PA_D2mean, data_after$AnchorPA)

cor.test(data_before$PANAS_PA_D1mean, data_before$AnchorPA)
cor.test(data_after$PANAS_PA_D1mean, data_after$AnchorPA)",match,"The paper labels these quantities as correlations between anchor responses and Time 1 scores, and the corresponding code uses R’s cor.test function on PANAS_PA_D1mean and AnchorPA in the after group, which computes a Pearson correlation and test. Thus, both the paper and the code implement the same model specification of a correlation analysis.",model
30,"Correlation between positive affect anchor responses and Time 1 positive affect PANAS scores, for participants who saw the anchor after the PANAS at Time 2.",Variable Specification,"""The method's validity is demonstrated by the strength of the correlation between the anchor-item and: (i) the change scores on the outcome measure (e.g., PANAS difference between Time 1 and Time 2), with a positive correlation showing that the anchor-responses capture changes in the construct; (ii) the Time 2 scores on the outcome measure (e.g., PANAS at Time 2), with a positive correlation showing that the anchor-responses reflect how people currently feel; and (iii) the Time 1 scores on the outcome measure (e.g., PANAS at Time 1), with a negative correlation showing that the anchor-responses also reflect people's feelings at the time against which current feelings are being compared (see Devji et al., 2020;Kamper et al., 2009).""[...]""I also tested whether any of the validity correlations varied as a function of the anchor-item's position. I did this by using linear regression analyses in which I, in turn, regressed the change scores, Time 2 scores, and Time 1 scores onto (i) the responses to the anchor-item, (ii) the anchor-item's position, and (iii) the interaction between the latter two. For both positive affect and negative affect, the interactions were all statistically nonsignificant (all ps > .179). For descriptive purposes, Table 3 presents the correlations of the anchor with the (i) change scores, (ii) Time 2 scores, and (iii) Time 1 scores, separately for participants who saw the anchor before vs after the PANAS.""[...]""Table 33Correlations[and 95% Confidence Intervals]  of the Anchor Responses with Change Scores, Time 2 Scores, Time 1 ScoresMeasuresChange Scores Time 2 Scores Time 1 ScoresPositive AffectAnchor before.52 [.44, .58].44 [.36, .51] .04 [-.05, .14]Anchor after.56 [.49, .62].46 [.39, .53] -.02 [-.11, .08]Negative AffectAnchor before.47 [.39, .54].46 [.38, .53] .07 [-.02, .16]Anchor after.44 [.36, .51].50 [.42, .56].10 [.01, .19]""","data_after = data[data$Anchor.Position==""Anchor After"", ]
[...]
#### correlations with PA anchor before vs after ####

cor.test(data_before$PA_change, data_before$AnchorPA)
cor.test(data_after$PA_change, data_after$AnchorPA)

cor.test(data_before$PANAS_PA_D2mean, data_before$AnchorPA)
cor.test(data_after$PANAS_PA_D2mean, data_after$AnchorPA)

cor.test(data_before$PANAS_PA_D1mean, data_before$AnchorPA)
cor.test(data_after$PANAS_PA_D1mean, data_after$AnchorPA)",match,"In the paper, the analysis is described as correlating anchor responses with Time 1 scores, separately for those who saw the anchor before vs after the PANAS, and Table 3 reports the positive affect, anchor-after, Time 1 correlation of -.02. In the code, this is implemented by subsetting to the ""Anchor After"" group and computing cor.test between Time 1 mean positive affect (PANAS_PA_D1mean) and the positive affect anchor responses (AnchorPA).",variables
30,"Correlation between positive affect anchor responses and Time 1 positive affect PANAS scores, for participants who saw the anchor after the PANAS at Time 2.",Transformation Specification,"“Ten items measured positive affect (attentive, interested, alert, excited, enthusiastic, inspired, proud, determined, strong, and active) and ten items measured negative affect (distressed, upset, hostile, irritable, scared, afraid, ashamed, guilty, nervous, jittery). For Time 1 and Time 2 separately, I averaged the positive affect items for each participant to produce a mean score for positive affect, and I did the same for the negative affect items to produce a mean score for negative affect.”[...]“Importantly, participants were randomly allocated to respond to the anchor item either before the PANAS or after.”[...]“Of these, there were 440 participants who responded to the anchor-items before the PANAS at Time 2 and 463 who responded to the anchor-items after the PANAS.”[...]“I also tested whether any of the validity correlations varied as a function of the anchor-item's position. I did this by using linear regression analyses in which I, in turn, regressed the change scores, Time 2 scores, and Time 1 scores onto (i) the responses to the anchor-item, (ii) the anchor-item's position, and (iii) the interaction between the latter two. For descriptive purposes, Table 3 presents the correlations of the anchor with the (i) change scores, (ii) Time 2 scores, and (iii) Time 1 scores, separately for participants who saw the anchor before vs after the PANAS.”","“data$AnchorPA <- paste(data$PA.Anchor.Before, data$PA.Anchor.After)
data$AnchorNA <- paste(data$NA.Anchor.Before, data$NA.Anchor.After)
[...]
data[data == "" Much less positive""] <- 1
[...]
data[data == ""Much more positive ""] <- 5
[...]
data[, 77:78] <- sapply(data[, 77:78], as.integer)
[...]
data$PANAS_PA_D1mean = rowMeans(data[ , c('PANASD1_1_Attentive', 'PANASD1_2_Interested', 
  'PANASD1_3_Alert', 'PANASD1_4_Excited', 'PANASD1_5_Enthusiastic', 'PANASD1_6_Inspired', 
  'PANASD1_7_Proud', 'PANASD1_8_Determined', 'PANASD1_9_Strong', 'PANASD1_10_Active')], na.rm=TRUE)
[...]
data_after = data[data$Anchor.Position==""Anchor After"", ]
[...]
cor.test(data_before$PANAS_PA_D1mean, data_before$AnchorPA)
cor.test(data_after$PANAS_PA_D1mean, data_after$AnchorPA)”",match,"Both paper and code compute Time 1 positive affect as the mean of the 10 positive PANAS items and then restrict the analysis to participants in the “anchor after” condition, correlating these scores with numerically coded anchor responses. The paper does not contradict the numeric coding of the anchor or the use of the subset, so the implemented transformations align with the described procedure.",transform
30,"Correlation between positive affect anchor responses and Time 1 positive affect PANAS scores, for participants who saw the anchor after the PANAS at Time 2.",Inference Specification,"Table 3: ""Correlations[and 95% Confidence Intervals]  of the Anchor Responses with Change Scores, Time 2 Scores, Time 1 Scores""[...]""Positive Affect
Anchor after .56 [.49, .62] .46 [.39, .53] -.02 [-.11, .08]""","#### correlations with PA anchor before vs after ####

cor.test(data_before$PANAS_PA_D1mean, data_before$AnchorPA)
cor.test(data_after$PANAS_PA_D1mean, data_after$AnchorPA)",match,"The paper reports correlations with 95% confidence intervals, and the code computes the corresponding subgroup correlation using cor.test, which by default returns a 95% confidence interval for the correlation. There is no indication in either source of using a different confidence level or inferential criterion, so the inference specifications align.",inference
31,"Correlation between negative affect anchor responses and negative affect change scores, for participants who saw the anchor before the PANAS at Time 2.",Model Specification,"For descriptive purposes, Table 3 presents the correlations of the anchor with the (i) change scores, (ii) Time 2 scores, and (iii) Time 1 scores, separately for participants who saw the anchor before vs after the PANAS.","cor.test(data_before$NA_change, data_before$AnchorNA)",match,"The paper describes this analysis as correlations between anchor responses and change scores by anchor position, and the code implements this using a Pearson correlation test between NA change scores and NA anchor responses for the anchor-before group. Both thus use a Pearson product-moment correlation as the statistical model for this analysis.",model
31,"Correlation between negative affect anchor responses and negative affect change scores, for participants who saw the anchor before the PANAS at Time 2.",Variable Specification,"“To calculate each participant's change score for positive affect, I subtracted the mean score for positive affect at Time 1 from the mean score for positive affect at Time 2. I did the same to calculate the change scores for negative affect.” [...] “The anchor items for positive and negative affect included in the survey at Time 2 asked participants, ""Overall, compared to the time when you did this survey yesterday, how positive/negative do you feel right now?"".” [...] “The method's validity is demonstrated by the strength of the correlation between the anchor-item and: (i) the change scores on the outcome measure (e.g., PANAS difference between Time 1 and Time 2), with a positive correlation showing that the anchor-responses capture changes in the construct;” [...] “I also tested whether any of the validity correlations varied as a function of the anchor-item's position. I did this by using linear regression analyses in which I, in turn, regressed the change scores, Time 2 scores, and Time 1 scores onto (i) the responses to the anchor-item, (ii) the anchor-item's position, and (iii) the interaction between the latter two. [...] For descriptive purposes, Table 3 presents the correlations of the anchor with the (i) change scores, (ii) Time 2 scores, and (iii) Time 1 scores, separately for participants who saw the anchor before vs after the PANAS.”","“data$AnchorNA <- paste(data$NA.Anchor.Before, data$NA.Anchor.After)” [...] “data$PANAS_NA_D1mean = rowMeans(data[ , c('PANASD1_11_Distressed', 'PANASD1_12_Upset', 
  'PANASD1_13_Hostile', 'PANASD1_14_Irritable', 'PANASD1_15_Scared', 'PANASD1_16_Afraid', 
  'PANASD1_17_Ashamed', 'PANASD1_18_Guilty', 'PANASD1_19_Nervous', 'PANASD1_20_Jittery')], na.rm=TRUE)

data$PANAS_NA_D2mean = rowMeans(data[ , c('PANASD2_11_Distressed', 'PANASD2_12_Upset', 
  'PANASD2_13_Hostile', 'PANASD2_14_Irritable', 'PANASD2_15_Scared', 'PANASD2_16_Afraid', 
  'PANASD2_17_Ashamed', 'PANASD2_18_Guilty', 'PANASD2_19_Nervous', 'PANASD2_20_Jittery')], na.rm=TRUE)

## each person's change score for PA and NA from D1 to D2
data$PA_change = data$PANAS_PA_D2mean - data$PANAS_PA_D1mean
data$NA_change = data$PANAS_NA_D2mean - data$PANAS_NA_D1mean” [...] “#### estimates for anchor before ####
data_before = data[data$Anchor.Position==""Anchor Before"", ]” [...] “cor.test(data_before$NA_change, data_before$AnchorNA)”",match,"Both the paper and the code define the variables as negative affect change scores and negative affect anchor responses, and restrict the analysis to participants who saw the anchor before the PANAS. The roles (correlating anchor responses with change scores in the anchor-before group) are aligned in both descriptions.",variables
31,"Correlation between negative affect anchor responses and negative affect change scores, for participants who saw the anchor before the PANAS at Time 2.",Transformation Specification,"""For Time 1 and Time 2 separately, I averaged the positive affect items for each participant to produce a mean score for positive affect, and I did the same for the negative affect items to produce a mean score for negative affect. To calculate each participant's change score for positive affect, I subtracted the mean score for positive affect at Time 1 from the mean score for positive affect at Time 2. I did the same to calculate the change scores for negative affect. Thus, each participant had a change score for positive affect and a change score for negative affect.""[...]""I also tested whether any of the validity correlations varied as a function of the anchor-item's position. I did this by using linear regression analyses in which I, in turn, regressed the change scores, Time 2 scores, and Time 1 scores onto (i) the responses to the anchor-item, (ii) the anchor-item's position, and (iii) the interaction between the latter two. [...] For descriptive purposes, Table 3 presents the correlations of the anchor with the (i) change scores, (ii) Time 2 scores, and (iii) Time 1 scores, separately for participants who saw the anchor before vs after the PANAS.""[...]""Table 3[...]Negative Affect[...]Anchor before .47 [.39, .54]""","data$PANAS_NA_D1mean = rowMeans(data[ , c('PANASD1_11_Distressed', 'PANASD1_12_Upset', 
  'PANASD1_13_Hostile', 'PANASD1_14_Irritable', 'PANASD1_15_Scared', 'PANASD1_16_Afraid', 
  'PANASD1_17_Ashamed', 'PANASD1_18_Guilty', 'PANASD1_19_Nervous', 'PANASD1_20_Jittery')], na.rm=TRUE)

data$PANAS_NA_D2mean = rowMeans(data[ , c('PANASD2_11_Distressed', 'PANASD2_12_Upset', 
  'PANASD2_13_Hostile', 'PANASD2_14_Irritable', 'PANASD2_15_Scared', 'PANASD2_16_Afraid', 
  'PANASD2_17_Ashamed', 'PANASD2_18_Guilty', 'PANASD2_19_Nervous', 'PANASD2_20_Jittery')], na.rm=TRUE)

## each person's change score for PA and NA from D1 to D2
[...]data$NA_change = data$PANAS_NA_D2mean - data$PANAS_NA_D1mean
[...]
#### estimates for anchor before ####
data_before = data[data$Anchor.Position==""Anchor Before"", ]
[...]
cor.test(data_before$NA_change, data_before$AnchorNA)",match,"The paper defines negative affect change scores as Time 2 minus Time 1 means of the 10 negative PANAS items and then correlates these change scores with anchor responses separately for the anchor-before group, and the code implements this by computing row-wise means of the same 10 items at each time, forming NA_change as D2mean minus D1mean, subsetting to Anchor Before, and correlating NA_change with AnchorNA. The additional step in the code of numeric coding of anchor responses and handling missingness via na.rm=TRUE does not contradict the paper’s described transformations.",transform
31,"Correlation between negative affect anchor responses and negative affect change scores, for participants who saw the anchor before the PANAS at Time 2.",Inference Specification,"Table 33Correlations[and 95% Confidence Intervals]  of the Anchor Responses with Change Scores, Time 2 Scores, Time 1 Scores[...]Negative AffectAnchor before.47 [.39, .54].46 [.38, .53] .07 [-.02, .16]","#### correlations with PA anchor before vs after ####

cor.test(data_before$PA_change, data_before$AnchorPA)
cor.test(data_after$PA_change, data_after$AnchorPA)

cor.test(data_before$PANAS_PA_D2mean, data_before$AnchorPA)
cor.test(data_after$PANAS_PA_D2mean, data_after$AnchorPA)

cor.test(data_before$PANAS_PA_D1mean, data_before$AnchorPA)
cor.test(data_after$PANAS_PA_D1mean, data_after$AnchorPA)

cor.test(data_before$NA_change, data_before$AnchorNA)
cor.test(data_after$NA_change, data_after$AnchorNA)

cor.test(data_before$PANAS_NA_D2mean, data_before$AnchorNA)
cor.test(data_after$PANAS_NA_D2mean, data_after$AnchorNA)

cor.test(data_before$PANAS_NA_D1mean, data_before$AnchorNA)
cor.test(data_after$PANAS_NA_D1mean, data_after$AnchorNA)",match,"The paper reports correlations with ""95% Confidence Intervals"" and the specific entry "".47 [.39, .54]"" for the negative affect anchor-before/change-score correlation, while the code uses cor.test (which by default computes a Pearson correlation with a 95% confidence interval) on NA_change and AnchorNA within the anchor-before subset. Thus, both specify inference via a 95% confidence interval around the correlation, so the inference specifications align.",inference
32,"Correlation between negative affect anchor responses and Time 2 negative affect PANAS scores, for participants who saw the anchor before the PANAS at Time 2.",Model Specification,"Table 33Correlations[and 95% Confidence Intervals]  of the Anchor Responses with Change Scores, Time 2 Scores, Time 1 Scores[...]Negative AffectAnchor before.47 [.39, .54].46 [.38, .53] .07 [-.02, .16][...]Table 3 presents the correlations of the anchor with the (i) change scores, (ii) Time 2 scores, and (iii) Time 1 scores, separately for participants who saw the anchor before vs after the PANAS.","#### correlation analyses with NA anchor ####
cor.test(data$NA_change, data$AnchorNA)
cor.test(data$PANAS_NA_D2mean, data$AnchorNA)
cor.test(data$PANAS_NA_D1mean, data$AnchorNA)
[...]
cor.test(data_before$NA_change, data_before$AnchorNA)
cor.test(data_after$NA_change, data_after$AnchorNA)

cor.test(data_before$PANAS_NA_D2mean, data_before$AnchorNA)
cor.test(data_after$PANAS_NA_D2mean, data_after$AnchorNA)

cor.test(data_before$PANAS_NA_D1mean, data_before$AnchorNA)
cor.test(data_after$PANAS_NA_D1mean, data_after$AnchorNA)",match,"The paper describes this analysis as a correlation between anchor responses and Time 2 scores, and Table 3 labels these as correlations with 95% CIs. The code implements this using R’s cor.test function on PANAS_NA_D2mean and AnchorNA within the anchor-before subgroup, which is a Pearson correlation test with confidence intervals.",model
32,"Correlation between negative affect anchor responses and Time 2 negative affect PANAS scores, for participants who saw the anchor before the PANAS at Time 2.",Variable Specification,"Table 33Correlations[and 95% Confidence Intervals]  of the Anchor Responses with Change Scores, Time 2 Scores, Time 1 Scores[...]Negative AffectAnchor before.47 [.39, .54].46 [.38, .53] .07 [-.02, .16][...]""The anchor items for positive and negative affect included in the survey at Time 2 asked participants, \""Overall, compared to the time when you did this survey yesterday, how positive/negative do you feel right now?\"".""[...]""Ten items measured negative affect (distressed, upset, hostile, irritable, scared, afraid, ashamed, guilty, nervous, jittery). For Time 1 and Time 2 separately, I averaged the positive affect items for each participant to produce a mean score for positive affect, and I did the same for the negative affect items to produce a mean score for negative affect.""[...]""Of these, there were 440 participants who responded to the anchor-items before the PANAS at Time 2""","## create new variables for PA and NA anchor items so responses for the anchors are\n# in the same columns for both the people who saw the anchor before the PANAS \n# and those who saw the anchor after the PANAS\ndata$AnchorPA <- paste(data$PA.Anchor.Before, data$PA.Anchor.After)\ndata$AnchorNA <- paste(data$NA.Anchor.Before, data$NA.Anchor.After)\n[...]data$PANAS_NA_D2mean = rowMeans(data[ , c('PANASD2_11_Distressed', 'PANASD2_12_Upset', \n  'PANASD2_13_Hostile', 'PANASD2_14_Irritable', 'PANASD2_15_Scared', 'PANASD2_16_Afraid', \n  'PANASD2_17_Ashamed', 'PANASD2_18_Guilty', 'PANASD2_19_Nervous', 'PANASD2_20_Jittery')], na.rm=TRUE)\n[...]#### estimates for anchor before ####\ndata_before = data[data$Anchor.Position==\""Anchor Before\"", ]\n[...]cor.test(data_before$PANAS_NA_D2mean, data_before$AnchorNA)",match,"The paper describes correlations ""of the Anchor Responses with"" Time 2 negative affect scores for the ""Negative Affect Anchor before"" subgroup, and the code computes cor.test(data_before$PANAS_NA_D2mean, data_before$AnchorNA) where data_before is restricted to ""Anchor Before"". Thus, both specify the same two variables (negative affect anchor responses and Time 2 mean negative affect PANAS scores) in the same subgroup and without additional covariates.",variables
32,"Correlation between negative affect anchor responses and Time 2 negative affect PANAS scores, for participants who saw the anchor before the PANAS at Time 2.",Transformation Specification,"""Ten items measured negative affect (distressed, upset, hostile, irritable, scared, afraid, ashamed, guilty, nervous, jittery). For Time 1 and Time 2 separately, I averaged the positive affect items for each participant to produce a mean score for positive affect, and I did the same for the negative affect items to produce a mean score for negative affect.""[...]""Importantly, participants were randomly allocated to respond to the anchor item either before the PANAS or after.""[...]""I also tested whether any of the validity correlations varied as a function of the anchor-item's position. I did this by using linear regression analyses in which I, in turn, regressed the change scores, Time 2 scores, and Time 1 scores onto (i) the responses to the anchor-item, (ii) the anchor-item's position, and (iii) the interaction between the latter two. [...] For descriptive purposes, Table 3 presents the correlations of the anchor with the (i) change scores, (ii) Time 2 scores, and (iii) Time 1 scores, separately for participants who saw the anchor before vs after the PANAS.""","data$PANAS_NA_D2mean = rowMeans(data[ , c('PANASD2_11_Distressed', 'PANASD2_12_Upset', 
  'PANASD2_13_Hostile', 'PANASD2_14_Irritable', 'PANASD2_15_Scared', 'PANASD2_16_Afraid', 
  'PANASD2_17_Ashamed', 'PANASD2_18_Guilty', 'PANASD2_19_Nervous', 'PANASD2_20_Jittery')], na.rm=TRUE)
[...]data_before = data[data$Anchor.Position==""Anchor Before"", ]
[...]
cor.test(data_before$PANAS_NA_D2mean, data_before$AnchorNA)",match,"The paper specifies that Time 2 negative affect is computed as the mean of the 10 negative PANAS items and that correlations are calculated separately for those who saw the anchor before the PANAS, and the code does exactly this by creating a row-wise mean of the 10 negative items for Time 2 and subsetting to ""Anchor Before"" before running the correlation. The additional numeric recoding of anchor responses in the code is consistent with the paper’s categorical anchor-response description and does not change the transformation of the Time 2 negative affect scores.",transform
32,"Correlation between negative affect anchor responses and Time 2 negative affect PANAS scores, for participants who saw the anchor before the PANAS at Time 2.",Inference Specification,"Table 33Correlations[and 95% Confidence Intervals]  of the Anchor Responses with Change Scores, Time 2 Scores, Time 1 Scores[...]Negative Affect
Anchor before.47 [.39, .54].46 [.38, .53] .07 [-.02, .16]","cor.test(data_before$PANAS_NA_D2mean, data_before$AnchorNA)",match,"The paper reports a correlation for the negative affect anchor-before subgroup with a 95% confidence interval, and the code computes this same subgroup correlation via cor.test, which by default uses a 95% confidence interval. The code may additionally return a p-value, but this does not conflict with the paper’s CI-based inference specification.",inference
33,"Correlation between negative affect anchor responses and Time 1 negative affect PANAS scores, for participants who saw the anchor before the PANAS at Time 2.",Model Specification,"""For descriptive purposes, Table 3 presents the correlations of the anchor with the (i) change scores, (ii) Time 2 scores, and (iii) Time 1 scores, separately for participants who saw the anchor before vs after the PANAS.""[...]""Table 3 Correlations[and 95% Confidence Intervals]  of the Anchor Responses with Change Scores, Time 2 Scores, Time 1 Scores""","#### correlation with NA anchor before vs after ####
...
cor.test(data_before$PANAS_NA_D1mean, data_before$AnchorNA)
cor.test(data_after$PANAS_NA_D1mean, data_after$AnchorNA)",match,"The paper describes this analysis as correlations between the anchor responses and Time 1 scores by anchor position, and the code implements this using `cor.test`, which computes Pearson correlations between Time 1 negative affect means and negative anchor responses in the anchor-before group. Thus, both paper and code specify the same model type: a correlation analysis.",model
33,"Correlation between negative affect anchor responses and Time 1 negative affect PANAS scores, for participants who saw the anchor before the PANAS at Time 2.",Variable Specification,"“I also tested whether any of the validity correlations varied as a function of the anchor-item's position. I did this by using linear regression analyses in which I, in turn, regressed the change scores, Time 2 scores, and Time 1 scores onto (i) the responses to the anchor-item, (ii) the anchor-item's position, and (iii) the interaction between the latter two.[...]For descriptive purposes, Table 3 presents the correlations of the anchor with the (i) change scores, (ii) Time 2 scores, and (iii) Time 1 scores, separately for participants who saw the anchor before vs after the PANAS.”[...]“Table 33Correlations[and 95% Confidence Intervals]  of the Anchor Responses with Change Scores, Time 2 Scores, Time 1 Scores[...]Negative AffectAnchor before.47 [.39, .54].46 [.38, .53] .07 [-.02, .16]”","“data$AnchorNA <- paste(data$NA.Anchor.Before, data$NA.Anchor.After)
[...]
data$PANAS_NA_D1mean = rowMeans(data[ , c('PANASD1_11_Distressed', 'PANASD1_12_Upset', 
  'PANASD1_13_Hostile', 'PANASD1_14_Irritable', 'PANASD1_15_Scared', 'PANASD1_16_Afraid', 
  'PANASD1_17_Ashamed', 'PANASD1_18_Guilty', 'PANASD1_19_Nervous', 'PANASD1_20_Jittery')], na.rm=TRUE)
[...]
data_before = data[data$Anchor.Position==""Anchor Before"", ]
[...]
cor.test(data_before$PANAS_NA_D1mean, data_before$AnchorNA)
[...]
# anchor with T1 score
m.11 = lm(PANAS_NA_D1mean ~ AnchorNA, data=data)
summary(m.11)

# anchor with T1 score, including interaction with anchor position
m.12 = lm(PANAS_NA_D1mean ~ AnchorNA*Anchor.Position, data=data)
summary(m.12)”",match,"The paper describes correlations of “the anchor” (negative affect anchor responses) with “Time 1 scores” by anchor position, and Table 3’s “Negative Affect Anchor before…Time 1 Scores” cell corresponds to this specific correlation. The code computes `cor.test(data_before$PANAS_NA_D1mean, data_before$AnchorNA)` after subsetting to `Anchor.Position==""Anchor Before""`, matching the intended variables and grouping in the paper.",variables
33,"Correlation between negative affect anchor responses and Time 1 negative affect PANAS scores, for participants who saw the anchor before the PANAS at Time 2.",Transformation Specification,"“Ten items measured negative affect (distressed, upset, hostile, irritable, scared, afraid, ashamed, guilty, nervous, jittery).”[...]“For Time 1 and Time 2 separately, I averaged the positive affect items for each participant to produce a mean score for positive affect, and I did the same for the negative affect items to produce a mean score for negative affect.”[...]“In the survey at Time 2, I included an anchoritem for positive and an anchor-item for negative affect.”[...]“Importantly, participants were randomly allocated to respond to the anchor item either before the PANAS or after.”[...]“For excellent validity, (i) should be stronger than (ii) and (iii), showing that the anchorresponses capture change in feelings more strongly than current or past states.”[...]“I also tested whether any of the validity correlations varied as a function of the anchor-item's position. I did this by using linear regression analyses in which I, in turn, regressed the change scores, Time 2 scores, and Time 1 scores onto (i) the responses to the anchor-item, (ii) the anchor-item's position, and (iii) the interaction between the latter two.”[...]“For descriptive purposes, Table 3 presents the correlations of the anchor with the (i) change scores, (ii) Time 2 scores, and (iii) Time 1 scores, separately for participants who saw the anchor before vs after the PANAS.”","data$AnchorNA <- paste(data$NA.Anchor.Before, data$NA.Anchor.After)
[...]
data[data == "" Much less negative""] <- 1
data[data == ""Much less negative ""] <- 1
data[data == "" A little less negative""] <- 2
data[data == ""A little less negative ""] <- 2
data[data == "" A little more negative""] <- 4
data[data == ""A little more negative ""] <- 4
data[data == "" Much more negative""] <- 5
data[data == ""Much more negative ""] <- 5
[...]
data[, 77:78] <- sapply(data[, 77:78], as.integer)
[...]
data$PANAS_NA_D1mean = rowMeans(data[ , c('PANASD1_11_Distressed', 'PANASD1_12_Upset', 
  'PANASD1_13_Hostile', 'PANASD1_14_Irritable', 'PANASD1_15_Scared', 'PANASD1_16_Afraid', 
  'PANASD1_17_Ashamed', 'PANASD1_18_Guilty', 'PANASD1_19_Nervous', 'PANASD1_20_Jittery')], na.rm=TRUE)
[...]
data_before = data[data$Anchor.Position==""Anchor Before"", ]
[...]
cor.test(data_before$PANAS_NA_D1mean, data_before$AnchorNA)",match,"The paper states that Time 1 negative affect scores are computed as mean scores over the ten negative PANAS items and that correlations are computed separately for those who saw the anchor before the PANAS, which is exactly mirrored in the code by the rowMeans-based PANAS_NA_D1mean variable and the subset data_before used in cor.test. The code additionally recodes the negative anchor text responses into numeric values, a necessary implementation detail consistent with the paper’s description of the anchor response options and not in conflict with the reported transformations.",transform
33,"Correlation between negative affect anchor responses and Time 1 negative affect PANAS scores, for participants who saw the anchor before the PANAS at Time 2.",Inference Specification,"Table 33Correlations[and 95% Confidence Intervals]  of the Anchor Responses with Change Scores, Time 2 Scores, Time 1 Scores[...]Negative AffectAnchor before.47 [.39, .54].46 [.38, .53] .07 [-.02, .16]","cor.test(data_before$PANAS_NA_D1mean, data_before$AnchorNA)",match,"The paper specifies that the reported correlation uses 95% confidence intervals, and the corresponding code computes this correlation using cor.test, which by default returns 95% confidence intervals and a p-value. Both thus implement the same inferential framework of a 95% confidence interval around the correlation estimate, with no additional or conflicting inferential criteria stated for this specific analysis.",inference
34,"Correlation between negative affect anchor responses and negative affect change scores, for participants who saw the anchor after the PANAS at Time 2.",Model Specification,"Table 33Correlations[and 95% Confidence Intervals]  of the Anchor Responses with Change Scores, Time 2 Scores, Time 1 Scores[...]Negative AffectAnchor before.47 [.39, .54].46 [.38, .53] .07 [-.02, .16]Anchor after.44 [.36, .51].50 [.42, .56].10 [.01, .19]","cor.test(data_before$NA_change, data_before$AnchorNA)
cor.test(data_after$NA_change, data_after$AnchorNA)",match,"In the paper, this analysis is presented as a correlation (reporting r with a 95% confidence interval), and in the code it is implemented using cor.test to compute correlations between NA_change and AnchorNA separately for before and after groups. Because cor.test by default performs a Pearson correlation test, the model specifications correspond.",model
34,"Correlation between negative affect anchor responses and negative affect change scores, for participants who saw the anchor after the PANAS at Time 2.",Variable Specification,"“The method's validity is demonstrated by the strength of the correlation between the anchor-item and: (i) the change scores on the outcome measure (e.g., PANAS difference between Time 1 and Time 2)” [...] “To calculate each participant's change score for positive affect, I subtracted the mean score for positive affect at Time 1 from the mean score for positive affect at Time 2. I did the same to calculate the change scores for negative affect.” [...] “The anchor items for positive and negative affect included in the survey at Time 2 asked participants, ""Overall, compared to the time when you did this survey yesterday, how positive/negative do you feel right now?""” [...] “I also tested whether any of the validity correlations varied as a function of the anchor-item's position. I did this by using linear regression analyses in which I, in turn, regressed the change scores, Time 2 scores, and Time 1 scores onto (i) the responses to the anchor-item, (ii) the anchor-item's position, and (iii) the interaction between the latter two. [...] For descriptive purposes, Table 3 presents the correlations of the anchor with the (i) change scores, (ii) Time 2 scores, and (iii) Time 1 scores, separately for participants who saw the anchor before vs after the PANAS.” [...] “Table 3 Correlations[and 95% Confidence Intervals]  of the Anchor Responses with Change Scores, Time 2 Scores, Time 1 Scores [...] Negative Affect Anchor after .44 [.36, .51]”","“## create new variables for PA and NA anchor items so responses for the anchors are
# in the same columns for both the people who saw the anchor before the PANAS 
# and those who saw the anchor after the PANAS
data$AnchorPA <- paste(data$PA.Anchor.Before, data$PA.Anchor.After)
data$AnchorNA <- paste(data$NA.Anchor.Before, data$NA.Anchor.After)” [...] “## each person's change score for PA and NA from D1 to D2
data$PA_change = data$PANAS_PA_D2mean - data$PANAS_PA_D1mean
data$NA_change = data$PANAS_NA_D2mean - data$PANAS_NA_D1mean” [...] “#### estimates for anchor after ####
data_after = data[data$Anchor.Position==""Anchor After"", ]” [...] “cor.test(data_before$NA_change, data_before$AnchorNA)
cor.test(data_after$NA_change, data_after$AnchorNA)”",match,"The paper defines this analysis as a correlation between negative affect anchor responses and negative affect change scores, computed separately for those who saw the anchor after the PANAS, and the code computes cor.test(data_after$NA_change, data_after$AnchorNA) within the 'Anchor After' subset. Thus, the variables (negative affect anchor responses and negative affect change scores) and their roles in the correlation analysis align between paper and code.",variables
34,"Correlation between negative affect anchor responses and negative affect change scores, for participants who saw the anchor after the PANAS at Time 2.",Transformation Specification,"“For Time 1 and Time 2 separately, I averaged the positive affect items for each participant to produce a mean score for positive affect, and I did the same for the negative affect items to produce a mean score for negative affect. To calculate each participant's change score for positive affect, I subtracted the mean score for positive affect at Time 1 from the mean score for positive affect at Time 2. I did the same to calculate the change scores for negative affect. Thus, each participant had a change score for positive affect and a change score for negative affect.”[...]“Importantly, participants were randomly allocated to respond to the anchor item either before the PANAS or after.”[...]“I also tested whether any of the validity correlations varied as a function of the anchor-item's position. I did this by using linear regression analyses in which I, in turn, regressed the change scores, Time 2 scores, and Time 1 scores onto (i) the responses to the anchor-item, (ii) the anchor-item's position, and (iii) the interaction between the latter two. For both positive affect and negative affect, the interactions were all statistically nonsignificant (all ps > .179). For descriptive purposes, Table 3 presents the correlations of the anchor with the (i) change scores, (ii) Time 2 scores, and (iii) Time 1 scores, separately for participants who saw the anchor before vs after the PANAS.”","“data$AnchorNA <- paste(data$NA.Anchor.Before, data$NA.Anchor.After)
data$AnchorNA = as.character(data$AnchorNA)

# rename character values on the anchors to numbers
# some had a space in front and some had a space after
[...]
data[data == "" Much less negative""] <- 1
[...]
data[data == "" A little less negative""] <- 2
[...]
data[data == "" A little more negative""] <- 4
[...]
data[data == "" Much more negative""] <- 5
[...]
# Save relevant columns as integer
data[, 77:78] <- sapply(data[, 77:78], as.integer)
[...]
data$PANAS_NA_D1mean = rowMeans(data[ , c('PANASD1_11_Distressed', 'PANASD1_12_Upset', 
  'PANASD1_13_Hostile', 'PANASD1_14_Irritable', 'PANASD1_15_Scared', 'PANASD1_16_Afraid', 
  'PANASD1_17_Ashamed', 'PANASD1_18_Guilty', 'PANASD1_19_Nervous', 'PANASD1_20_Jittery')], na.rm=TRUE)

data$PANAS_NA_D2mean = rowMeans(data[ , c('PANASD2_11_Distressed', 'PANASD2_12_Upset', 
  'PANASD2_13_Hostile', 'PANASD2_14_Irritable', 'PANASD2_15_Scared', 'PANASD2_16_Afraid', 
  'PANASD2_17_Ashamed', 'PANASD2_18_Guilty', 'PANASD2_19_Nervous', 'PANASD2_20_Jittery')], na.rm=TRUE)

## each person's change score for PA and NA from D1 to D2
[...]
data$NA_change = data$PANAS_NA_D2mean - data$PANAS_NA_D1mean
[...]
#### estimates for anchor after ####
data_after = data[data$Anchor.Position==""Anchor After"", ]
[...]
cor.test(data_before$NA_change, data_before$AnchorNA)
cor.test(data_after$NA_change, data_after$AnchorNA)”",match,"Both paper and code compute negative affect mean scores at Time 1 and Time 2, form change scores as Time 2 minus Time 1, and then correlate these unstandardized change scores with anchor responses within the subgroup who saw the anchor after the PANAS. The code’s explicit recoding of anchor categories to integers implements the implied use of ordered anchor responses in the correlation and is consistent with the paper’s description.",transform
34,"Correlation between negative affect anchor responses and negative affect change scores, for participants who saw the anchor after the PANAS at Time 2.",Inference Specification,"Table 33Correlations[and 95% Confidence Intervals]  of the Anchor Responses with Change Scores, Time 2 Scores, Time 1 Scores[...]Negative Affect
Anchor after.44 [.36, .51]","#### correlation analyses with NA anchor ####
cor.test(data$NA_change, data$AnchorNA)
cor.test(data$PANAS_NA_D2mean, data$AnchorNA)
cor.test(data$PANAS_NA_D1mean, data$AnchorNA)
[...]
#### correlation analyses with NA anchor before vs after ####
[...]
cor.test(data_before$NA_change, data_before$AnchorNA)
cor.test(data_after$NA_change, data_after$AnchorNA)",match,"The paper reports a correlation and its 95% confidence interval for the negative-affect anchor-after subgroup, and the code computes this correlation using cor.test (which by default returns a 95% confidence interval and p-value). Thus, the inferential specification (use of 95% confidence intervals around the correlation) is consistent between the paper and the code.",inference
35,"Correlation between negative affect anchor responses and Time 2 negative affect PANAS scores, for participants who saw the anchor after the PANAS at Time 2.",Model Specification,"Table 3 presents the correlations of the anchor with the (i) change scores, (ii) Time 2 scores, and (iii) Time 1 scores, separately for participants who saw the anchor before vs after the PANAS.[...]Table 33Correlations[and 95% Confidence Intervals]  of the Anchor Responses with Change Scores, Time 2 Scores, Time 1 Scores","#### correlation with PA anchor before vs after ####

cor.test(data_before$PA_change, data_before$AnchorPA)
cor.test(data_after$PA_change, data_after$AnchorPA)

cor.test(data_before$PANAS_PA_D2mean, data_before$AnchorPA)
cor.test(data_after$PANAS_PA_D2mean, data_after$AnchorPA)

cor.test(data_before$PANAS_PA_D1mean, data_before$AnchorPA)
cor.test(data_after$PANAS_PA_D1mean, data_after$AnchorPA)

cor.test(data_before$NA_change, data_before$AnchorNA)
cor.test(data_after$NA_change, data_after$AnchorNA)

cor.test(data_before$PANAS_NA_D2mean, data_before$AnchorNA)
cor.test(data_after$PANAS_NA_D2mean, data_after$AnchorNA)

cor.test(data_before$PANAS_NA_D1mean, data_before$AnchorNA)
cor.test(data_after$PANAS_NA_D1mean, data_after$AnchorNA)",match,"The paper describes this analysis as computing correlations between anchor responses and Time 2 scores by anchor position, and the code implements this using correlation tests (cor.test) on the subset of participants who saw the anchor after the PANAS. Both therefore use correlation as the statistical model for this analysis.",model
35,"Correlation between negative affect anchor responses and Time 2 negative affect PANAS scores, for participants who saw the anchor after the PANAS at Time 2.",Variable Specification,"“Ten items measured negative affect (distressed, upset, hostile, irritable, scared, afraid, ashamed, guilty, nervous, jittery).”[...]“For Time 1 and Time 2 separately, I averaged the positive affect items for each participant to produce a mean score for positive affect, and I did the same for the negative affect items to produce a mean score for negative affect.”[...]“The anchor items for positive and negative affect included in the survey at Time 2 asked participants, ""Overall, compared to the time when you did this survey yesterday, how positive/negative do you feel right now?"".”[...]“For descriptive purposes, Table 3 presents the correlations of the anchor with the (i) change scores, (ii) Time 2 scores, and (iii) Time 1 scores, separately for participants who saw the anchor before vs after the PANAS.”[...]“Table 33Correlations[and 95% Confidence Intervals]  of the Anchor Responses with Change Scores, Time 2 Scores, Time 1 Scores[...]Negative AffectAnchor before.47 [.39, .54].46 [.38, .53] .07 [-.02, .16]Anchor after.44 [.36, .51].50 [.42, .56].10 [.01, .19]”","data$AnchorNA <- paste(data$NA.Anchor.Before, data$NA.Anchor.After)[...]data$PANAS_NA_D2mean = rowMeans(data[ , c('PANASD2_11_Distressed', 'PANASD2_12_Upset', 'PANASD2_13_Hostile', 'PANASD2_14_Irritable', 'PANASD2_15_Scared', 'PANASD2_16_Afraid', 'PANASD2_17_Ashamed', 'PANASD2_18_Guilty', 'PANASD2_19_Nervous', 'PANASD2_20_Jittery')], na.rm=TRUE)[...]data_after = data[data$Anchor.Position==""Anchor After"", ][...]cor.test(data_after$PANAS_NA_D2mean, data_after$AnchorNA)",match,"The paper defines the correlation as between negative affect anchor responses and Time 2 PANAS negative affect mean scores for participants who saw the anchor after the PANAS, and the code computes cor.test between AnchorNA and PANAS_NA_D2mean within the subset data_after (Anchor Position = ""Anchor After""). Thus, the variables and their roles in the analysis match between paper and code.",variables
35,"Correlation between negative affect anchor responses and Time 2 negative affect PANAS scores, for participants who saw the anchor after the PANAS at Time 2.",Transformation Specification,"""Ten items measured negative affect (distressed, upset, hostile, irritable, scared, afraid, ashamed, guilty, nervous, jittery). For Time 1 and Time 2 separately, I averaged the positive affect items for each participant to produce a mean score for positive affect, and I did the same for the negative affect items to produce a mean score for negative affect.""[...]""In the survey at Time 2, I included an anchoritem for positive affect and an anchor-item for negative affect.""[...]""Importantly, participants were randomly allocated to respond to the anchor item either before the PANAS or after.""[...]""For descriptive purposes, Table 3 presents the correlations of the anchor with the (i) change scores, (ii) Time 2 scores, and (iii) Time 1 scores, separately for participants who saw the anchor before vs after the PANAS.""","data$AnchorNA <- paste(data$NA.Anchor.Before, data$NA.Anchor.After)
[...]data[data == "" Much less negative""] <- 1
[...]data[data == ""Much more negative ""] <- 5
[...]data[, 77:78] <- sapply(data[, 77:78], as.integer)
[...]data$PANAS_NA_D2mean = rowMeans(data[ , c('PANASD2_11_Distressed', 'PANASD2_12_Upset', 
  'PANASD2_13_Hostile', 'PANASD2_14_Irritable', 'PANASD2_15_Scared', 'PANASD2_16_Afraid', 
  'PANASD2_17_Ashamed', 'PANASD2_18_Guilty', 'PANASD2_19_Nervous', 'PANASD2_20_Jittery')], na.rm=TRUE)
[...]data_after = data[data$Anchor.Position==""Anchor After"", ]
[...]cor.test(data_after$PANAS_NA_D2mean, data_after$AnchorNA)",match,"Both paper and code compute Time 2 negative affect as the mean of the 10 negative PANAS items and restrict the correlation to the anchor-after subgroup, with the code additionally recoding anchor responses to numeric values to enable Pearson correlation. No conflicting transformations (e.g., standardization, non-linear transforms, or alternative aggregations) are introduced in the code that would contradict the paper’s description.",transform
35,"Correlation between negative affect anchor responses and Time 2 negative affect PANAS scores, for participants who saw the anchor after the PANAS at Time 2.",Inference Specification,"Table 33 Correlations[and 95% Confidence Intervals]  of the Anchor Responses with Change Scores, Time 2 Scores, Time 1 Scores[...]Negative Affect Anchor after.44 [.36, .51].50 [.42, .56].10 [.01, .19]","cor.test(data_before$PANAS_NA_D2mean, data_before$AnchorNA)
cor.test(data_after$PANAS_NA_D2mean, data_after$AnchorNA)",match,"The paper reports correlations with associated ""95% Confidence Intervals"" for the negative affect anchor-after group, and the code computes the corresponding correlation using cor.test, which by default produces a 95% confidence interval. There is no indication in either source of a different confidence level or inferential criterion, so the inference specifications align.",inference
36,"Correlation between negative affect anchor responses and Time 1 negative affect PANAS scores, for participants who saw the anchor after the PANAS at Time 2.",Model Specification,"Table 33Correlations[and 95% Confidence Intervals]  of the Anchor Responses with Change Scores, Time 2 Scores, Time 1 Scores[...]Negative Affect[...]Anchor after.44 [.36, .51].50 [.42, .56].10 [.01, .19]","#### correlations with PA anchor before vs after ####
[...]
cor.test(data_before$PANAS_NA_D2mean, data_before$AnchorNA)
cor.test(data_after$PANAS_NA_D2mean, data_after$AnchorNA)

cor.test(data_before$PANAS_NA_D1mean, data_before$AnchorNA)
cor.test(data_after$PANAS_NA_D1mean, data_after$AnchorNA)",match,"The paper specifies this entry in Table 3 as a correlation between anchor responses and Time 1 scores, and the code implements this using cor.test on PANAS_NA_D1mean and AnchorNA in the anchor-after subset. Thus, both sources use a correlation model for this analysis.",model
36,"Correlation between negative affect anchor responses and Time 1 negative affect PANAS scores, for participants who saw the anchor after the PANAS at Time 2.",Variable Specification,"""For descriptive purposes, Table 3 presents the correlations of the anchor with the (i) change scores, (ii) Time 2 scores, and (iii) Time 1 scores, separately for participants who saw the anchor before vs after the PANAS.""[...]""Ten items measured negative affect (distressed, upset, hostile, irritable, scared, afraid, ashamed, guilty, nervous, jittery). For Time 1 and Time 2 separately, I averaged the positive affect items for each participant to produce a mean score for positive affect, and I did the same for the negative affect items to produce a mean score for negative affect.""[...]""Table 33Correlations[and 95% Confidence Intervals]  of the Anchor Responses with Change Scores, Time 2 Scores, Time 1 ScoresMeasuresChange Scores Time 2 Scores Time 1 Scores[...]Negative AffectAnchor after.44 [.36, .51].50 [.42, .56].10 [.01, .19]""","""data$PANAS_NA_D1mean = rowMeans(data[ , c('PANASD1_11_Distressed', 'PANASD1_12_Upset', 
  'PANASD1_13_Hostile', 'PANASD1_14_Irritable', 'PANASD1_15_Scared', 'PANASD1_16_Afraid', 
  'PANASD1_17_Ashamed', 'PANASD1_18_Guilty', 'PANASD1_19_Nervous', 'PANASD1_20_Jittery')], na.rm=TRUE)""[...]""data_after = data[data$Anchor.Position==\""Anchor After\"", ]""[...]""cor.test(data_after$PANAS_NA_D1mean, data_after$AnchorNA)""",match,"The paper describes correlations between negative affect anchor responses and Time 1 negative affect scores separately for the anchor-after group, and the code computes `cor.test(data_after$PANAS_NA_D1mean, data_after$AnchorNA)` where `data_after` restricts to `Anchor After`. Thus, both specify the same two variables (negative affect anchor response and Time 1 negative affect mean score) and the same subgroup (anchor-after participants), with no additional variables.",variables
36,"Correlation between negative affect anchor responses and Time 1 negative affect PANAS scores, for participants who saw the anchor after the PANAS at Time 2.",Transformation Specification,"“For Time 1 and Time 2 separately, I averaged the positive affect items for each participant to produce a mean score for positive affect, and I did the same for the negative affect items to produce a mean score for negative affect.”[...]“Importantly, participants were randomly allocated to respond to the anchor item either before the PANAS or after.”[...]“I also tested whether any of the validity correlations varied as a function of the anchor-item's position. I did this by using linear regression analyses in which I, in turn, regressed the change scores, Time 2 scores, and Time 1 scores onto (i) the responses to the anchor-item, (ii) the anchor-item's position, and (iii) the interaction between the latter two.[...]For descriptive purposes, Table 3 presents the correlations of the anchor with the (i) change scores, (ii) Time 2 scores, and (iii) Time 1 scores, separately for participants who saw the anchor before vs after the PANAS.”","data$PANAS_NA_D1mean = rowMeans(data[ , c('PANASD1_11_Distressed', 'PANASD1_12_Upset', 
  'PANASD1_13_Hostile', 'PANASD1_14_Irritable', 'PANASD1_15_Scared', 'PANASD1_16_Afraid', 
  'PANASD1_17_Ashamed', 'PANASD1_18_Guilty', 'PANASD1_19_Nervous', 'PANASD1_20_Jittery')], na.rm=TRUE)

[...]data$AnchorNA <- paste(data$NA.Anchor.Before, data$NA.Anchor.After)
data$AnchorNA = as.character(data$AnchorNA)

# rename character values on the anchors to numbers
# some had a space in front and some had a space after
[...]data[data == "" Much less negative""] <- 1
[...]data[data == ""Much more negative ""] <- 5

# Save relevant columns as integer
data[, 77:78] <- sapply(data[, 77:78], as.integer)

[...]data_after = data[data$Anchor.Position==""Anchor After"", ]

[...]cor.test(data_before$PANAS_NA_D1mean, data_before$AnchorNA)
cor.test(data_after$PANAS_NA_D1mean, data_after$AnchorNA)",match,"The paper describes averaging the ten negative affect PANAS items to form Time 1 mean scores and examining correlations separately for anchor-before vs anchor-after participants, and the code implements this by computing a row mean of the ten Time 1 negative affect items, numerically recoding the anchor responses, subsetting to the ""Anchor After"" group, and correlating PANAS_NA_D1mean with AnchorNA. The additional numeric recoding and na.rm handling in the code are implementation details consistent with treating the anchor as a scored variable and with the described sample restrictions.",transform
36,"Correlation between negative affect anchor responses and Time 1 negative affect PANAS scores, for participants who saw the anchor after the PANAS at Time 2.",Inference Specification,"Table 33Correlations[and 95% Confidence Intervals]  of the Anchor Responses with Change Scores, Time 2 Scores, Time 1 Scores[...]Negative AffectAnchor before.47 [.39, .54].46 [.38, .53] .07 [-.02, .16]Anchor after.44 [.36, .51].50 [.42, .56].10 [.01, .19]","cor.test(data_before$PANAS_NA_D1mean, data_before$AnchorNA)
cor.test(data_after$PANAS_NA_D1mean, data_after$AnchorNA)",match,"The paper reports correlations with ""95% Confidence Intervals"" and specifically gives r = .10 with a 95% CI [.01, .19] for the negative affect anchor-after vs Time 1 scores, while the code computes the same correlation using cor.test, which by default provides a 95% confidence interval. Thus, both the paper and the code use a 95% CI as the inference specification for this correlation.",inference
