analysis_id,dimension,manuscript_content,manuscript_location,code_content,code_file,code_lines,results,data_needed,data_available,notes,dimension_norm,paper_id,human_analysis_id,codebot_analysis_id,link_type,confidence
A1,model specification,"""In the analyses I used Welch’s independent samples t-tests [...] , d = 0.03,""",text,"# SDs & test for ""a little less positive"" before vs after
t.test(data_after$PA_change[data_after$AnchorPA==2], data_before$PA_change[data_before$AnchorPA==2])
cohen.d(data_after$PA_change[data_after$AnchorPA==2],
        data_before$PA_change[data_before$AnchorPA==2],
        pooled=TRUE,paired=FALSE,
        na.rm=TRUE, hedges.correction=FALSE,
        conf.level=0.95)","""./pilot_paper/anvari_2023/Anchor_BeforevsAfter_analysis.R""",487-488; 501-505 ,1.0,1.0,1.0,var.equal=FALSE per default -> Welch test,model,anvari_2023,A1,,no_match,0.0
A1,variable specification,"""For positive affect, the average change scores for people who said they felt a little less positive converged almost perfectly, regardless of whether people saw the anchor before (M = -0.54, SD = 0.68) the PANAS or after""",text,"data[data == "" A little more positive""] <- 4
data[data == ""A little more positive ""] <- 4 […] data$PA_change = data$PANAS_PA_D2mean - data$PANAS_PA_D1mean  [...] data_before = data[data$Anchor.Position==""Anchor Before"", ] […] data_after = data[data$Anchor.Position==""Anchor After"", ] [...] t.test(data_after$PA_change[data_after$AnchorPA==2], data_before$PA_change[data_before$AnchorPA==2])","""./pilot_paper/anvari_2023/Anchor_BeforevsAfter_analysis.R""",39-40; 77; 83; 115-116; 488,1.0,0.0,1.0,,variables,anvari_2023,A1,,no_match,0.0
A1,transformation ,,,,,,,,,"no transformation took place, only one question with five response options",transform,anvari_2023,A1,,no_match,0.0
A1,variable specification,"""For positive affect, the average change scores for people who said they felt a little less positive converged almost perfectly, regardless of whether people saw the anchor before (M = -0.54, SD = 0.68) the PANAS or after""",text,"data[data == "" A little more positive""] <- 4
data[data == ""A little more positive ""] <- 4 […] data$PA_change = data$PANAS_PA_D2mean - data$PANAS_PA_D1mean  [...] data_before = data[data$Anchor.Position==""Anchor Before"", ] […] data_after = data[data$Anchor.Position==""Anchor After"", ] [...] t.test(data_after$PA_change[data_after$AnchorPA==2], data_before$PA_change[data_before$AnchorPA==2])","""./pilot_paper/anvari_2023/Anchor_BeforevsAfter_analysis.R""",39-40; 77; 83; 115-116; 488,1.0,0.0,1.0,,variables,anvari_2023,A1,,no_match,0.0
A1,transformation ,"""For Time 1 and Time 2 separately, I averaged the positive affect items for each participant to produce a mean score for positive affect, and I did the same for the negative affect items to produce a mean  score for negative affect. To calculate each participant’s change score for positive affect, I subtracted the mean score for positive affect at Time 1 from the mean score for positive affect at Time 2. I did the same to calculate the change scores for negative affect. Thus, each participant had a change score for positive affect and a change score for negative affect.""",text,data$PA_change = data$PANAS_PA_D2mean - data$PANAS_PA_D1mean,"""./pilot_paper/anvari_2023/Anchor_BeforevsAfter_analysis.R""",77,1.0,0.0,1.0,,transform,anvari_2023,A1,,no_match,0.0
A1,inference criteria,"""regardless of whether people saw the anchor before (M = -0.54, SD = 0.68) the PANAS or after (M = -0.56, SD = 0.69), mean difference = 0.02, CI 95%[-0.21, 0.26], d = 0.03, CI 95%[-0.31, 0.38]""",text,"cohen.d(data_after$PA_change[data_after$AnchorPA==2],
        data_before$PA_change[data_before$AnchorPA==2],
        pooled=TRUE,paired=FALSE,
        na.rm=TRUE, hedges.correction=FALSE,
        conf.level=0.95)","""./pilot_paper/anvari_2023/Anchor_BeforevsAfter_analysis.R""; ""./pilot_paper/anvari_2023/effect_size_d_paired_function.R""",491-495,1.0,0.0,1.0,default t.test() is alpha level 0.05,inference,anvari_2023,A1,,no_match,0.0
A2,model specification,"""In the analyses I used Welch’s independent samples t-tests [...] , d = 0.03,""",text,"# SDs & test for ""a little more positive"" before vs after
t.test(data_after$PA_change[data_after$AnchorPA==4], data_before$PA_change[data_before$AnchorPA==4])
cohen.d(data_after$PA_change[data_after$AnchorPA==4],
        data_before$PA_change[data_before$AnchorPA==4],
        pooled=TRUE,paired=FALSE,
        na.rm=TRUE, hedges.correction=FALSE,
        conf.level=0.95)","""./pilot_paper/anvari_2023/Anchor_BeforevsAfter_analysis.R""; ""./pilot_paper/anvari_2023/effect_size_d_paired_function.R""",497-498;501-505,1.0,1.0,1.0,var.equal=FALSE per default -> Welch test,model,anvari_2023,A2,1,exact,0.97
A2,variable specification,"""For those who said they felt a little more positive, there was a slight difference in the average change score between those who saw the anchor before (M = 0.20, SD = 0.53) and those who saw the anchor after""",text,"data[data == "" A little more positive""] <- 4
data[data == ""A little more positive ""] <- 4 […] data$PA_change = data$PANAS_PA_D2mean - data$PANAS_PA_D1mean  [...] data_before = data[data$Anchor.Position==""Anchor Before"", ] […] data_after = data[data$Anchor.Position==""Anchor After"", ] [...] t.test(data_after$PA_change[data_after$AnchorPA==4], data_before$PA_change[data_before$AnchorPA==4])","""./pilot_paper/anvari_2023/Anchor_BeforevsAfter_analysis.R""",39-40; 77; 83; 115-116; 509,1.0,0.0,1.0,,variables,anvari_2023,A2,1,exact,0.97
A2,transformation ,,,,,,,,,"no transformation took place, only one question with five response options",transform,anvari_2023,A2,1,exact,0.97
A2,variable specification,"""For those who said they felt a little more positive, there was a slight difference in the average change score between those who saw the anchor before (M = 0.20, SD = 0.53) and those who saw the anchor after""",text,"data[data == "" A little more positive""] <- 4
data[data == ""A little more positive ""] <- 4 […] data$PA_change = data$PANAS_PA_D2mean - data$PANAS_PA_D1mean  [...] data_before = data[data$Anchor.Position==""Anchor Before"", ] […] data_after = data[data$Anchor.Position==""Anchor After"", ] [...] t.test(data_after$PA_change[data_after$AnchorPA==4], data_before$PA_change[data_before$AnchorPA==4])","""./pilot_paper/anvari_2023/Anchor_BeforevsAfter_analysis.R""",39-40; 77; 83; 115-116; 509,1.0,0.0,1.0,,variables,anvari_2023,A2,1,exact,0.97
A2,transformation ,"""For Time 1 and Time 2 separately, I averaged the positive affect items for each participant to produce a mean score for positive affect, and I did the same for the negative affect items to produce a mean  score for negative affect. To calculate each participant’s change score for positive affect, I subtracted the mean score for positive affect at Time 1 from the mean score for positive affect at Time 2. I did the same to calculate the change scores for negative affect. Thus, each participant had a change score for positive affect and a change score for negative affect.""",text,data$PA_change = data$PANAS_PA_D2mean - data$PANAS_PA_D1mean,"""./pilot_paper/anvari_2023/Anchor_BeforevsAfter_analysis.R""",77,1.0,0.0,1.0,,transform,anvari_2023,A2,1,exact,0.97
A2,inference criteria,"""but this was not a statistically significant difference, t(351.87) = 0.83, p = .409, mean difference = 0.05, CI 95%[-0.07, 0.17], d = 0.09, CI 95%[-0.12, 0.29].""",text,"t.test(data_after$PA_change[data_after$AnchorPA==4], data_before$PA_change[data_before$AnchorPA==4])","""./pilot_paper/anvari_2023/Anchor_BeforevsAfter_analysis.R""",509,1.0,0.0,1.0,default t.test() is .05,inference,anvari_2023,A2,1,exact,0.97
A3,model specification,"""In the analyses I used Welch’s independent samples t-tests""",text,"# direct test comparing the ""same"" groups for PA after vs before
t.test(data_after$PA_change[data_after$AnchorPA==3], data_before$PA_change[data_before$AnchorPA==3])","""./pilot_paper/anvari_2023/Anchor_BeforevsAfter_analysis.R""",508-509,0.0,0.0,1.0,,model,anvari_2023,A3,,no_match,0.0
A3,variable specification,"""the average change score for people who said that they felt “the same” was negative, regardless of whether they saw the anchor before or after the PANAS;""",text,"data[data == "" The same""] <- 3
data[data == ""The same ""] <- 3 […]  data$PA_change = data$PANAS_PA_D2mean - data$PANAS_PA_D1mean [...]  data_before = data[data$Anchor.Position==""Anchor Before"", ] […] data_after = data[data$Anchor.Position==""Anchor After"", ] [...]t.test(data_after$PA_change[data_after$AnchorPA==3], data_before$PA_change[data_before$AnchorPA==3])","""./pilot_paper/anvari_2023/Anchor_BeforevsAfter_analysis.R""",43-44; 77; 83; 270; 509,1.0,0.0,1.0,,variables,anvari_2023,A3,,no_match,0.0
A3,transformation ,,,,,,,,,"no transformation took place, only one question with five response options",transform,anvari_2023,A3,,no_match,0.0
A3,variable specification,"""the average change score for people who said that they felt “the same” was negative, regardless of whether they saw the anchor before or after the PANAS;""",text,"data[data == "" The same""] <- 3
data[data == ""The same ""] <- 3 […]  data$NA_change = data$PANAS_NA_D2mean - data$PANAS_NA_D1mean [...]  data_before = data[data$Anchor.Position==""Anchor Before"", ] […] data_after = data[data$Anchor.Position==""Anchor After"", ] [...] t.test(data_after$PA_change[data_after$AnchorPA==3], data_before$PA_change[data_before$AnchorPA==3])","""./pilot_paper/anvari_2023/Anchor_BeforevsAfter_analysis.R""",43-44; 78; 83; 270; 509,1.0,0.0,1.0,,variables,anvari_2023,A3,,no_match,0.0
A3,transformation ,"""For Time 1 and Time 2 separately, I averaged the positive affect items for each participant to produce a mean score for positive affect, and I did the same for the negative affect items to produce a mean  score for negative affect. To calculate each participant’s change score for positive affect, I subtracted the mean score for positive affect at Time 1 from the mean score for positive affect at Time 2. I did the same to calculate the change scores for negative affect. Thus, each participant had a change score for positive affect and a change score for negative affect.""",text,data$PA_change = data$PANAS_PA_D2mean - data$PANAS_PA_D1mean,"""./pilot_paper/anvari_2023/Anchor_BeforevsAfter_analysis.R""",77,1.0,0.0,1.0,,transform,anvari_2023,A3,,no_match,0.0
A3,inference criteria,"""(Mbefore = -0.14, SDbefore = 0.60; Mafter = -0.16, SDafter = 0.53), mean difference = 0.02, CI 95%[-0.12, 0.16].""",text,"t.test(data_after$PA_change[data_after$AnchorPA==3], data_before$PA_change[data_before$AnchorPA==3])","""./pilot_paper/anvari_2023/Anchor_BeforevsAfter_analysis.R""; ""./pilot_paper/anvari_2023/effect_size_d_paired_function.R""",509,1.0,0.0,1.0,default t.test() alpha level is .05,inference,anvari_2023,A3,,no_match,0.0
A4,model specification,"""In the analyses I used Welch’s independent samples t-tests […] d = 0.12""",text,"# SDs & test for ""a little less negative"" before vs after
t.test(data_after$NA_change[data_after$AnchorNA==2], data_before$NA_change[data_before$AnchorNA==2])
cohen.d(data_after$NA_change[data_after$AnchorNA==2],
        data_before$NA_change[data_before$AnchorNA==2],
        pooled=TRUE,paired=FALSE,
        na.rm=TRUE, hedges.correction=FALSE,
        conf.level=0.95)","""./pilot_paper/anvari_2023/Anchor_BeforevsAfter_analysis.R""",476-477; 480-484,1.0,0.0,1.0,,model,anvari_2023,A4,2,exact,0.97
A4,variable specification,"""For negative affect, of the people who said they felt a little less negative, those who saw the anchor before (M = -0.22, SD = 0.50) the PANAS""",text,"data[data == "" A little less negative""] <- 2
data[data == ""A little less negative ""] <- 2[…]  data$NA_change = data$PANAS_NA_D2mean - data$PANAS_NA_D1mean [...]  data_before = data[data$Anchor.Position==""Anchor Before"", ] […] data_after = data[data$Anchor.Position==""Anchor After"", ] [...] t.test(data_after$NA_change[data_after$AnchorNA==2], data_before$NA_change[data_before$AnchorNA==2])","""./pilot_paper/anvari_2023/Anchor_BeforevsAfter_analysis.R""",49-50; 78; 83; 270; 469,1.0,0.0,1.0,,variables,anvari_2023,A4,2,exact,0.97
A4,transformation ,,,,,,,,,,transform,anvari_2023,A4,2,exact,0.97
A4,variable specification,"""For negative affect, of the people who said they felt a little less negative, those who saw the anchor before (M = -0.22, SD = 0.50) the PANAS""",text,"data[data == "" A little less negative""] <- 2
data[data == ""A little less negative ""] <- 2[…]  data$NA_change = data$PANAS_NA_D2mean - data$PANAS_NA_D1mean [...]  data_before = data[data$Anchor.Position==""Anchor Before"", ] […] data_after = data[data$Anchor.Position==""Anchor After"", ] [...] t.test(data_after$NA_change[data_after$AnchorNA==2], data_before$NA_change[data_before$AnchorNA==2])","""./pilot_paper/anvari_2023/Anchor_BeforevsAfter_analysis.R""",49-50; 78; 83; 270; 469,1.0,0.0,1.0,,variables,anvari_2023,A4,2,exact,0.97
A4,transformation ,"""For Time 1 and Time 2 separately, I averaged the positive affect items for each participant to produce a mean score for positive affect, and I did the same for the negative affect items to produce a mean  score for negative affect. To calculate each participant’s change score for positive affect, I subtracted the mean score for positive affect at Time 1 from the mean score for positive affect at Time 2. I did the same to calculate the change scores for negative affect. Thus, each participant had a change score for positive affect and a change score for negative affect.""",text,data$NA_change = data$PANAS_NA_D2mean - data$PANAS_NA_D1mean,"""./pilot_paper/anvari_2023/Anchor_BeforevsAfter_analysis.R""",78,1.0,0.0,1.0,,transform,anvari_2023,A4,2,exact,0.97
A4,inference criteria,"""CI 95%[-0.05, 0.17], d = 0.12, CI 95%[-0.09, 0.33]""",text,"cohen.d(data_after$NA_change[data_after$AnchorNA==2],
        data_before$NA_change[data_before$AnchorNA==2],
        pooled=TRUE,paired=FALSE,
        na.rm=TRUE, hedges.correction=FALSE,
        conf.level=0.95)","""./pilot_paper/anvari_2023/Anchor_BeforevsAfter_analysis.R""",480-484,1.0,0.0,1.0,conf.level=0.95 <=> alpha=0.05,inference,anvari_2023,A4,2,exact,0.97
A5,model specification,"""In the analyses I used Welch’s independent samples t-tests […] d = 0.24""",text,"# direct test comparing the ""a little more"" groups for NA after vs before
t.test(data_after$NA_change[data_after$AnchorNA==4], data_before$NA_change[data_before$AnchorNA==4])
cohen.d(data_after$NA_change[data_after$AnchorNA==4],
        data_before$NA_change[data_before$AnchorNA==4],
        pooled=TRUE,paired=FALSE,
        na.rm=TRUE, hedges.correction=FALSE,
        conf.level=0.95)","""./pilot_paper/anvari_2023/Anchor_BeforevsAfter_analysis.R""",468-474,1.0,0.0,1.0,,model,anvari_2023,A5,3,exact,0.97
A5,variable specification,"""For people who said they felt a little more negative, those who saw the anchor before (M = 0.41, SD = 0.58) the PANAS had a slightly higher change score as compared to those who saw the anchor after (M = 0.26, SD = 0.67)""",text,"data[data == "" A little more negative""] <- 4
data[data == ""A little more negative ""] <- 4 […]  data$NA_change = data$PANAS_NA_D2mean - data$PANAS_NA_D1mean [...]  data_before = data[data$Anchor.Position==""Anchor Before"", ] […] data_after = data[data$Anchor.Position==""Anchor After"", ] [...] t.test(data_after$NA_change[data_after$AnchorNA==4], data_before$NA_change[data_before$AnchorNA==4])","""./pilot_paper/anvari_2023/Anchor_BeforevsAfter_analysis.R""",49-50; 78; 83; 270; 469,1.0,0.0,1.0,,variables,anvari_2023,A5,3,exact,0.97
A5,transformation ,,,,,,,,,"no transformation took place, only one question with five response options",transform,anvari_2023,A5,3,exact,0.97
A5,variable specification,"""For people who said they felt a little more negative, those who saw the anchor before (M = 0.41, SD = 0.58) the PANAS had a slightly higher change score as compared to those who saw the anchor after (M = 0.26, SD = 0.67)""",text,"data[data == "" A little more negative""] <- 4
data[data == ""A little more negative ""] <- 4 […]  data$NA_change = data$PANAS_NA_D2mean - data$PANAS_NA_D1mean [...]  data_before = data[data$Anchor.Position==""Anchor Before"", ] […] data_after = data[data$Anchor.Position==""Anchor After"", ] [...] t.test(data_after$NA_change[data_after$AnchorNA==4], data_before$NA_change[data_before$AnchorNA==4])","""./pilot_paper/anvari_2023/Anchor_BeforevsAfter_analysis.R""",49-50; 78; 83; 270; 469,1.0,0.0,1.0,,variables,anvari_2023,A5,3,exact,0.97
A5,transformation ,"""For Time 1 and Time 2 separately, I averaged the positive affect items for each participant to produce a mean score for positive affect, and I did the same for the negative affect items to produce a mean  score for negative affect. To calculate each participant’s change score for positive affect, I subtracted the mean score for positive affect at Time 1 from the mean score for positive affect at Time 2. I did the same to calculate the change scores for negative affect. Thus, each participant had a change score for positive affect and a change score for negative affect.""",text,data$NA_change = data$PANAS_NA_D2mean - data$PANAS_NA_D1mean,"""./pilot_paper/anvari_2023/Anchor_BeforevsAfter_analysis.R""",78,1.0,0.0,1.0,,transform,anvari_2023,A5,3,exact,0.97
A5,inference criteria,"""t(133.53) = 1.40, p = .165, mean difference = 0.15, CI 95%[-0.03, 0.36], d = 0.24, CI 95%[-0.10, 0.58].""",text,"cohen.d(data_after$NA_change[data_after$AnchorNA==4], data_before$NA_change[data_before$AnchorNA==4],
        pooled=TRUE,paired=FALSE,
        na.rm=TRUE, hedges.correction=FALSE,
        conf.level=0.95)","""./pilot_paper/anvari_2023/Anchor_BeforevsAfter_analysis.R""; ""./pilot_paper/anvari_2023/effect_size_d_paired_function.R""",470-474,1.0,0.0,1.0,conf.level=0.95 <=> alpha=0.05,inference,anvari_2023,A5,3,exact,0.97
A6,model specification,"""In the analyses I used Welch’s independent samples t-tests […] d = 0.15""",text,"# direct test comparing the ""same"" groups for NA after vs before
t.test(data_after$NA_change[data_after$AnchorNA==3], data_before$NA_change[data_before$AnchorNA==3])
[…] cohen.d(data_after$NA_change[data_after$AnchorNA==3],
        data_before$NA_change[data_before$AnchorNA==3],
        pooled=TRUE,paired=FALSE,
        na.rm=TRUE, hedges.correction=FALSE,
        conf.level=0.95)","""./pilot_paper/anvari_2023/Anchor_BeforevsAfter_analysis.R""",457-458; 532-536,1.0,0.0,1.0,,model,anvari_2023,A6,4,exact,0.96
A6,variable specification,"""people who said that they felt “the same” in negative affect showed an average change score that was in the negative direction regardless of whether they saw the anchor before or after the PANAS.""",text,"data[data == "" The same""] <- 3
data[data == ""The same ""] <- 3 […]  data$NA_change = data$PANAS_NA_D2mean - data$PANAS_NA_D1mean [...]  data_before = data[data$Anchor.Position==""Anchor Before"", ] […] data_after = data[data$Anchor.Position==""Anchor After"", ] [...] t.test(data_after$NA_change[data_after$AnchorNA==3], data_before$NA_change[data_before$AnchorNA==3])","""./pilot_paper/anvari_2023/Anchor_BeforevsAfter_analysis.R""",43-44; 78; 83; 270; 458,1.0,0.0,1.0,,variables,anvari_2023,A6,4,exact,0.96
A6,transformation ,,,,,,,,,"no transformation took place, only one question with five response options",transform,anvari_2023,A6,4,exact,0.96
A6,variable specification,"""people who said that they felt “the same” in negative affect showed an average change score that was in the negative direction regardless of whether they saw the anchor before or after the PANAS.""",text,"data[data == "" The same""] <- 3
data[data == ""The same ""] <- 3 […]  data$NA_change = data$PANAS_NA_D2mean - data$PANAS_NA_D1mean [...]  data_before = data[data$Anchor.Position==""Anchor Before"", ] […] data_after = data[data$Anchor.Position==""Anchor After"", ] [...] t.test(data_after$NA_change[data_after$AnchorNA==3], data_before$NA_change[data_before$AnchorNA==3])","""./pilot_paper/anvari_2023/Anchor_BeforevsAfter_analysis.R""",43-44; 78; 83; 270; 458,1.0,0.0,1.0,,variables,anvari_2023,A6,4,exact,0.96
A6,transformation ,"""For Time 1 and Time 2 separately, I averaged the positive affect items for each participant to produce a mean score for positive affect, and I did the same for the negative affect items to produce a mean  score for negative affect. To calculate each participant’s change score for positive affect, I subtracted the mean score for positive affect at Time 1 from the mean score for positive affect at Time 2. I did the same to calculate the change scores for negative affect. Thus, each participant had a change score for positive affect and a change score for negative affect.""",text,data$NA_change = data$PANAS_NA_D2mean - data$PANAS_NA_D1mean,"""./pilot_paper/anvari_2023/Anchor_BeforevsAfter_analysis.R""",78,1.0,0.0,1.0,,transform,anvari_2023,A6,4,exact,0.96
A6,inference criteria,"""not statistically significant, t(235.93) = 1.12, p = .262, mean difference = 0.07, CI 95%[-0.05, 0.19], d = 0.15„ CI 95%[-0.11, 0.40].""",text,"cohen.d(data_after$NA_change[data_after$AnchorNA==4],
        data_before$NA_change[data_before$AnchorNA==4],
        pooled=TRUE,paired=FALSE,
        na.rm=TRUE, hedges.correction=FALSE,
        conf.level=0.95)","""./pilot_paper/anvari_2023/Anchor_BeforevsAfter_analysis.R""",461-465,1.0,0.0,1.0,conf.level=0.95 <=> alpha=0.05,inference,anvari_2023,A6,4,exact,0.96
A7,model specification,"I also conducted t-tests on the Time 2 ratings and on the change scores, without subcategorizing participants based on their anchor-responses. [...]d = 0.07.",text,"t.test(data$PANAS_PA_D2mean[data$Anchor.Position==""Anchor Before""], 
  data$PANAS_PA_D2mean[data$Anchor.Position==""Anchor After""])
cohen.d(data$PANAS_PA_D2mean[data$Anchor.Position==""Anchor Before""],
        data$PANAS_PA_D2mean[data$Anchor.Position==""Anchor After""],
        pooled=TRUE,paired=FALSE,
        na.rm=TRUE, hedges.correction=FALSE,
        conf.level=0.95)","""./pilot_paper/anvari_2023/Anchor_BeforevsAfter_analysis.R""",541-542; 545-549,1.0,0.0,1.0,,model,anvari_2023,A7,5,exact,0.97
A7,variable specification,"""For positive affect, people who saw the anchor-items before the PANAS (M = 2.84, SD = 0.91) had statistically nonsignificant differences in their Time 2 ratings compared to people who saw the anchor-items after""",text,"t.test(data$PANAS_PA_D2mean[data$Anchor.Position==""Anchor Before""], 
  data$PANAS_PA_D2mean[data$Anchor.Position==""Anchor After""]) 
        na.rm=TRUE, hedges.correction=FALSE,
        conf.level=0.95)","""./pilot_paper/anvari_2023/Anchor_BeforevsAfter_analysis.R""",541-542,,,,,variables,anvari_2023,A7,5,exact,0.97
A7,transformation ,,,,,,,,,,transform,anvari_2023,A7,5,exact,0.97
A7,variable specification,"""For positive affect, people who saw the anchor-items before the PANAS (M = 2.84, SD = 0.91) had statistically nonsignificant differences in their Time 2 ratings compared to people who saw the anchor-items after""",text,"data$PANAS_PA_D2mean = rowMeans(data[ , c('PANASD2_1_Attentive', 'PANASD2_2_Interested', 
  'PANASD2_3_Alert', 'PANASD2_4_Excited', 'PANASD2_5_Enthusiastic', 'PANASD2_6_Inspired', 
  'PANASD2_7_Proud', 'PANASD2_8_Determined', 'PANASD2_9_Strong', 'PANASD2_10_Active')], na.rm=TRUE) [...] t.test(data$PANAS_PA_D2mean[data$Anchor.Position==""Anchor Before""], 
  data$PANAS_PA_D2mean[data$Anchor.Position==""Anchor After""]) [...]cohen.d(data$PANAS_PA_D2mean[data$Anchor.Position==""Anchor Before""],
        data$PANAS_PA_D2mean[data$Anchor.Position==""Anchor After""],
        pooled=TRUE,paired=FALSE,
        na.rm=TRUE, hedges.correction=FALSE,
        conf.level=0.95)","""./pilot_paper/anvari_2023/Anchor_BeforevsAfter_analysis.R""","64-66, 541-542,545-549",1.0,0.0,1.0,,variables,anvari_2023,A7,5,exact,0.97
A7,transformation ,"For Time 1 and Time 2 separately, I averaged the positive affect items for each participant to produce a mean score for positive affect, and I did the same for the negative affect items to produce a mean score for negative affect.",text,"data$PANAS_PA_D2mean = rowMeans(data[ , c('PANASD2_1_Attentive', 'PANASD2_2_Interested', 
  'PANASD2_3_Alert', 'PANASD2_4_Excited', 'PANASD2_5_Enthusiastic', 'PANASD2_6_Inspired', 
  'PANASD2_7_Proud', 'PANASD2_8_Determined', 'PANASD2_9_Strong', 'PANASD2_10_Active')], na.rm=TRUE) [...] t.test(data$PANAS_PA_D2mean[data$Anchor.Position==""Anchor Before""], 
  data$PANAS_PA_D2mean[data$Anchor.Position==""Anchor After""])","""./pilot_paper/anvari_2023/Anchor_BeforevsAfter_analysis.R""",64-66,1.0,0.0,1.0,,transform,anvari_2023,A7,5,exact,0.97
A7,inference criteria,"t(898.27) = 1.03, p = .305, mean difference = 0.06, CI 95%[-0.06, 0.18], d = 0.07, CI 95%[-0.06, 0.20].",text,"t.test(data$PANAS_PA_D2mean[data$Anchor.Position==""Anchor Before""], 
  data$PANAS_PA_D2mean[data$Anchor.Position==""Anchor After""])
cohen.d(data$PANAS_PA_D2mean[data$Anchor.Position==""Anchor Before""],
        data$PANAS_PA_D2mean[data$Anchor.Position==""Anchor After""],
        pooled=TRUE,paired=FALSE,
        na.rm=TRUE, hedges.correction=FALSE,
        conf.level=0.95)","""./pilot_paper/anvari_2023/Anchor_BeforevsAfter_analysis.R""",541-542; 545-549,1.0,0.0,1.0,default in t.test() and conf.level=0.95 is alpha level 0.05,inference,anvari_2023,A7,5,exact,0.97
A8,model specification,"""I also conducted t-tests on the Time 2 ratings and on the change scores, without subcategorizing participants based on their anchor-responses. [...]d = 0.07.""",text,"t.test(data$PANAS_NA_D2mean[data$Anchor.Position==""Anchor Before""], 
  data$PANAS_NA_D2mean[data$Anchor.Position==""Anchor After""])
[...]
cohen.d(data$PANAS_NA_D2mean[data$Anchor.Position==""Anchor Before""],
        data$PANAS_NA_D2mean[data$Anchor.Position==""Anchor After""],
        pooled=TRUE,paired=FALSE,
        na.rm=TRUE, hedges.correction=FALSE,
        conf.level=0.95)","""./pilot_paper/anvari_2023/Anchor_BeforevsAfter_analysis.R""",551-552; 555-559,1.0,0.0,1.0,,model,anvari_2023,A8,7,exact,0.96
A8,variable specification,"""For negative affect, people who saw the anchor-items before (M = 1.81, SD = 0.79) had statistically nonsignificant differences in Time 2 scores compared to people who saw the anchor-items after""",text,"t.test(data$PANAS_NA_D2mean[data$Anchor.Position==""Anchor Before""], 
  data$PANAS_NA_D2mean[data$Anchor.Position==""Anchor After""])
[...]
cohen.d(data$PANAS_NA_D2mean[data$Anchor.Position==""Anchor Before""],
        data$PANAS_NA_D2mean[data$Anchor.Position==""Anchor After""],
        pooled=TRUE,paired=FALSE,
        na.rm=TRUE, hedges.correction=FALSE,
        conf.level=0.95)","""./pilot_paper/anvari_2023/Anchor_BeforevsAfter_analysis.R""",551-552; 555-559,1.0,0.0,1.0,,variables,anvari_2023,A8,7,exact,0.96
A8,transformation ,,,,,,,,,,transform,anvari_2023,A8,7,exact,0.96
A8,variable specification,"""For negative affect, people who saw the anchor-items before (M = 1.81, SD = 0.79) had statistically nonsignificant differences in Time 2 scores compared to people who saw the anchor-items after""",text,"data$PANAS_NA_D2mean = rowMeans(data[ , c('PANASD2_11_Distressed', 'PANASD2_12_Upset', 
  'PANASD2_13_Hostile', 'PANASD2_14_Irritable', 'PANASD2_15_Scared', 'PANASD2_16_Afraid', 
  'PANASD2_17_Ashamed', 'PANASD2_18_Guilty', 'PANASD2_19_Nervous', 'PANASD2_20_Jittery')], na.rm=TRUE)
[...] t.test(data$PANAS_NA_D2mean[data$Anchor.Position==""Anchor Before""], 
  data$PANAS_NA_D2mean[data$Anchor.Position==""Anchor After""])
[...]
cohen.d(data$PANAS_NA_D2mean[data$Anchor.Position==""Anchor Before""],
        data$PANAS_NA_D2mean[data$Anchor.Position==""Anchor After""],
        pooled=TRUE,paired=FALSE,
        na.rm=TRUE, hedges.correction=FALSE,
        conf.level=0.95)","""./pilot_paper/anvari_2023/Anchor_BeforevsAfter_analysis.R""",72-74; 551-552; 555-559,1.0,0.0,1.0,,variables,anvari_2023,A8,7,exact,0.96
A8,transformation ,"For Time 1 and Time 2 separately, I averaged the positive affect items for each participant to produce a mean score for positive affect, and I did the same for the negative affect items to produce a mean score for negative affect.",text,"data$PANAS_PA_D2mean = rowMeans(data[ , c('PANASD2_1_Attentive', 'PANASD2_2_Interested', 
  'PANASD2_3_Alert', 'PANASD2_4_Excited', 'PANASD2_5_Enthusiastic', 'PANASD2_6_Inspired', 
  'PANASD2_7_Proud', 'PANASD2_8_Determined', 'PANASD2_9_Strong', 'PANASD2_10_Active')], na.rm=TRUE)","""./pilot_paper/anvari_2023/Anchor_BeforevsAfter_analysis.R""",72-74,1.0,0.0,1.0,,transform,anvari_2023,A8,7,exact,0.96
A8,inference criteria,"t(896.97) = 0.11, p = .910, mean difference = 0.01, CI 95%[-0.10, 0.11], d = 0.01, CI 95%[-0.12, 0.14]",text,"t.test(data$PANAS_NA_D2mean[data$Anchor.Position==""Anchor Before""], 
  data$PANAS_NA_D2mean[data$Anchor.Position==""Anchor After""])
[...]
cohen.d(data$PANAS_NA_D2mean[data$Anchor.Position==""Anchor Before""],
        data$PANAS_NA_D2mean[data$Anchor.Position==""Anchor After""],
        pooled=TRUE,paired=FALSE,
        na.rm=TRUE, hedges.correction=FALSE,
        conf.level=0.95)","""./pilot_paper/anvari_2023/Anchor_BeforevsAfter_analysis.R""",551-552; 555-559,1.0,0.0,1.0,default for t.test,inference,anvari_2023,A8,7,exact,0.96
A9,model specification,"I also conducted t-tests on the Time 2 ratings and on the change scores, without subcategorizing participants based on their anchor-responses. [...]d = 0.07.",text,"t.test(data$PA_change[data$Anchor.Position==""Anchor Before""], 
  data$PA_change[data$Anchor.Position==""Anchor After""]) […] cohen.d(data$PA_change[data$Anchor.Position==""Anchor Before""],
        data$PA_change[data$Anchor.Position==""Anchor After""],
        pooled=TRUE,paired=FALSE,
        na.rm=TRUE, hedges.correction=FALSE,
        conf.level=0.95)","""./pilot_paper/anvari_2023/Anchor_BeforevsAfter_analysis.R""",561-562; 565-569,1.0,0.0,1.0,,model,anvari_2023,A9,6,exact,0.96
A9,variable specification,"Similarly, change scores in positive affect for people who saw the anchor items before the PANAS (M = 0.02, SD = 0.70)",text,"t.test(data$PA_change[data$Anchor.Position==""Anchor Before""], 
  data$PA_change[data$Anchor.Position==""Anchor After""]) […] cohen.d(data$PA_change[data$Anchor.Position==""Anchor Before""],
        data$PA_change[data$Anchor.Position==""Anchor After""],
        pooled=TRUE,paired=FALSE,
        na.rm=TRUE, hedges.correction=FALSE,
        conf.level=0.95)","""./pilot_paper/anvari_2023/Anchor_BeforevsAfter_analysis.R""",561-562; 565-570,1.0,0.0,1.0,,variables,anvari_2023,A9,6,exact,0.96
A9,transformation ,,,,,,,,,,transform,anvari_2023,A9,6,exact,0.96
A9,variable specification,"Similarly, change scores in positive affect for people who saw the anchor items before the PANAS (M = 0.02, SD = 0.70)",text,"data$PANAS_PA_D1mean = rowMeans(data[ , c('PANASD1_1_Attentive', 'PANASD1_2_Interested', 
  'PANASD1_3_Alert', 'PANASD1_4_Excited', 'PANASD1_5_Enthusiastic', 'PANASD1_6_Inspired', 
  'PANASD1_7_Proud', 'PANASD1_8_Determined', 'PANASD1_9_Strong', 'PANASD1_10_Active')], na.rm=TRUE)

data$PANAS_PA_D2mean = rowMeans(data[ , c('PANASD2_1_Attentive', 'PANASD2_2_Interested', 
  'PANASD2_3_Alert', 'PANASD2_4_Excited', 'PANASD2_5_Enthusiastic', 'PANASD2_6_Inspired', 
  'PANASD2_7_Proud', 'PANASD2_8_Determined', 'PANASD2_9_Strong', 'PANASD2_10_Active')], na.rm=TRUE) [...] data$PA_change = data$PANAS_PA_D2mean - data$PANAS_PA_D1mean [...] t.test(data$PA_change[data$Anchor.Position==""Anchor Before""], 
  data$PA_change[data$Anchor.Position==""Anchor After""]) […] cohen.d(data$PA_change[data$Anchor.Position==""Anchor Before""],
        data$PA_change[data$Anchor.Position==""Anchor After""],
        pooled=TRUE,paired=FALSE,
        na.rm=TRUE, hedges.correction=FALSE,
        conf.level=0.95)","""./pilot_paper/anvari_2023/Anchor_BeforevsAfter_analysis.R""",60-66; 77; 561-562; 565-569,1.0,0.0,1.0,,variables,anvari_2023,A9,6,exact,0.96
A9,transformation ,"For Time 1 and Time 2 separately, I averaged the positive affect items for each participant to produce a mean score for positive affect, and I did the same for the negative affect items to produce a mean score for negative affect. To calculate each participant’s change score for positive affect, I subtracted the mean score for positive affect at Time 1 from the mean score for positive affect at Time 2. I did the same to calculate the change scores for negative affect. Thus, each participant had a change score for positive affect and a change score for negative affect. The anchor items for positive and",text,"data$PANAS_PA_D1mean = rowMeans(data[ , c('PANASD1_1_Attentive', 'PANASD1_2_Interested', 
  'PANASD1_3_Alert', 'PANASD1_4_Excited', 'PANASD1_5_Enthusiastic', 'PANASD1_6_Inspired', 
  'PANASD1_7_Proud', 'PANASD1_8_Determined', 'PANASD1_9_Strong', 'PANASD1_10_Active')], na.rm=TRUE)

data$PANAS_PA_D2mean = rowMeans(data[ , c('PANASD2_1_Attentive', 'PANASD2_2_Interested', 
  'PANASD2_3_Alert', 'PANASD2_4_Excited', 'PANASD2_5_Enthusiastic', 'PANASD2_6_Inspired', 
  'PANASD2_7_Proud', 'PANASD2_8_Determined', 'PANASD2_9_Strong', 'PANASD2_10_Active')], na.rm=TRUE) [...] data$PA_change = data$PANAS_PA_D2mean - data$PANAS_PA_D1mean","""./pilot_paper/anvari_2023/Anchor_BeforevsAfter_analysis.R""",60-66; 77,1.0,0.0,1.0,,transform,anvari_2023,A9,6,exact,0.96
A9,inference criteria,"t(898.40) = 1.07, p = .283, mean difference = 0.02, CI 95%[-0.04, 0.15], d = 0.07, CI 95%[-0.06, 0.20].",text,"t.test(data$PA_change[data$Anchor.Position==""Anchor Before""], 
  data$PA_change[data$Anchor.Position==""Anchor After""]) […] cohen.d(data$PA_change[data$Anchor.Position==""Anchor Before""],
        data$PA_change[data$Anchor.Position==""Anchor After""],
        pooled=TRUE,paired=FALSE,
        na.rm=TRUE, hedges.correction=FALSE,
        conf.level=0.95)","""./pilot_paper/anvari_2023/Anchor_BeforevsAfter_analysis.R""",561-562; 565-569,1.0,0.0,1.0,default for t.test,inference,anvari_2023,A9,6,exact,0.96
A10,model specification,"I also conducted t-tests on the Time 2 ratings and on the change scores, without subcategorizing participants based on their anchor-responses. [...]d = 0.07.",text,"t.test(data$NA_change[data$Anchor.Position==""Anchor Before""], 
  data$NA_change[data$Anchor.Position==""Anchor After""]) […] cohen.d(data$NA_change[data$Anchor.Position==""Anchor Before""],
        data$NA_change[data$Anchor.Position==""Anchor After""],
        pooled=TRUE,paired=FALSE,
        na.rm=TRUE, hedges.correction=FALSE,
        conf.level=0.95)","""./pilot_paper/anvari_2023/Anchor_BeforevsAfter_analysis.R""",572-573; 576-580,1.0,0.0,1.0,,model,anvari_2023,A10,8,exact,0.97
A10,variable specification,"And the difference in change scores for negative affect between people who saw the anchor items before (M = -0.12, SD = 0.65) the PANAS as compared to after",text," t.test(data$NA_change[data$Anchor.Position==""Anchor Before""], 
  data$NA_change[data$Anchor.Position==""Anchor After""]) […] cohen.d(data$NA_change[data$Anchor.Position==""Anchor Before""],
        data$NA_change[data$Anchor.Position==""Anchor After""],
        pooled=TRUE,paired=FALSE,
        na.rm=TRUE, hedges.correction=FALSE,
        conf.level=0.95)","""./pilot_paper/anvari_2023/Anchor_BeforevsAfter_analysis.R""", 572-573; 576-580,1.0,0.0,1.0,,variables,anvari_2023,A10,8,exact,0.97
A10,transformation ,,,,,,,,,,transform,anvari_2023,A10,8,exact,0.97
A10,variable specification,"And the difference in change scores for negative affect between people who saw the anchor items before (M = -0.12, SD = 0.65) the PANAS as compared to after",text,"data$PANAS_NA_D1mean = rowMeans(data[ , c('PANASD1_11_Distressed', 'PANASD1_12_Upset', 
  'PANASD1_13_Hostile', 'PANASD1_14_Irritable', 'PANASD1_15_Scared', 'PANASD1_16_Afraid', 
  'PANASD1_17_Ashamed', 'PANASD1_18_Guilty', 'PANASD1_19_Nervous', 'PANASD1_20_Jittery')], na.rm=TRUE)

data$PANAS_NA_D2mean = rowMeans(data[ , c('PANASD2_11_Distressed', 'PANASD2_12_Upset', 
  'PANASD2_13_Hostile', 'PANASD2_14_Irritable', 'PANASD2_15_Scared', 'PANASD2_16_Afraid', 
  'PANASD2_17_Ashamed', 'PANASD2_18_Guilty', 'PANASD2_19_Nervous', 'PANASD2_20_Jittery')], na.rm=TRUE) [...] data$NA_change = data$PANAS_NA_D2mean - data$PANAS_NA_D1mean [...] t.test(data$NA_change[data$Anchor.Position==""Anchor Before""], 
  data$NA_change[data$Anchor.Position==""Anchor After""]) […] cohen.d(data$NA_change[data$Anchor.Position==""Anchor Before""],
        data$NA_change[data$Anchor.Position==""Anchor After""],
        pooled=TRUE,paired=FALSE,
        na.rm=TRUE, hedges.correction=FALSE,
        conf.level=0.95)","""./pilot_paper/anvari_2023/Anchor_BeforevsAfter_analysis.R""",68-74; 78; 572-573; 576-580,1.0,0.0,1.0,,variables,anvari_2023,A10,8,exact,0.97
A10,transformation ,"For Time 1 and Time 2 separately, I averaged the positive affect items for each participant to produce a mean score for positive affect, and I did the same for the negative affect items to produce a mean score for negative affect. To calculate each participant’s change score for positive affect, I subtracted the mean score for positive affect at Time 1 from the mean score for positive affect at Time 2. I did the same to calculate the change scores for negative affect. Thus, each participant had a change score for positive affect and a change score for negative affect. The anchor items for positive and",,"data$PANAS_NA_D1mean = rowMeans(data[ , c('PANASD1_11_Distressed', 'PANASD1_12_Upset', 
  'PANASD1_13_Hostile', 'PANASD1_14_Irritable', 'PANASD1_15_Scared', 'PANASD1_16_Afraid', 
  'PANASD1_17_Ashamed', 'PANASD1_18_Guilty', 'PANASD1_19_Nervous', 'PANASD1_20_Jittery')], na.rm=TRUE)

data$PANAS_NA_D2mean = rowMeans(data[ , c('PANASD2_11_Distressed', 'PANASD2_12_Upset', 
  'PANASD2_13_Hostile', 'PANASD2_14_Irritable', 'PANASD2_15_Scared', 'PANASD2_16_Afraid', 
  'PANASD2_17_Ashamed', 'PANASD2_18_Guilty', 'PANASD2_19_Nervous', 'PANASD2_20_Jittery')], na.rm=TRUE) [...] data$NA_change = data$PANAS_NA_D2mean - data$PANAS_NA_D1mean","""./pilot_paper/anvari_2023/Anchor_BeforevsAfter_analysis.R""",68-74; 78,1.0,0.0,1.0,,transform,anvari_2023,A10,8,exact,0.97
A10,inference criteria,"t(900.89) = 0.83, p = .407, mean difference = 0.04, CI 95%[-0.05, 0.12], d = 0.06, CI 95%[-0.08, 0.19].",text,"t.test(data$NA_change[data$Anchor.Position==""Anchor Before""], 
  data$NA_change[data$Anchor.Position==""Anchor After""]) […] cohen.d(data$NA_change[data$Anchor.Position==""Anchor Before""],
        data$NA_change[data$Anchor.Position==""Anchor After""],
        pooled=TRUE,paired=FALSE,
        na.rm=TRUE, hedges.correction=FALSE,
        conf.level=0.95)","""./pilot_paper/anvari_2023/Anchor_BeforevsAfter_analysis.R""",572-573; 576-580,1.0,0.0,1.0,default for t.test,inference,anvari_2023,A10,8,exact,0.97
A11,model specification,"Firstly, for the anchor to be valid, it needs to correlate relatively strongly with the change scores. Indeed, this was the case for both positive affect (r = .54„ CI 95%[.49, .58]) and negative affect (r = .45„ CI 95%[.40, .50]).",text,"cor.test(data$PA_change, data$AnchorPA)","""./pilot_paper/anvari_2023/Anchor_BeforevsAfter_analysis.R""",586,1.0,0.0,1.0,,model,anvari_2023,A11,9,exact,0.97
A11,variable specification,"Firstly, for the anchor to be valid, it needs to correlate relatively strongly with the change scores. Indeed, this was the case for both positive affect (r = .54„ CI 95%[.49, .58]) and negative affect (r = .45„ CI 95%[.40, .50]).",text,"cor.test(data$PA_change, data$AnchorPA)","""./pilot_paper/anvari_2023/Anchor_BeforevsAfter_analysis.R""",587,1.0,0.0,1.0,,variables,anvari_2023,A11,9,exact,0.97
A11,transformation ,,,,,,,,,,transform,anvari_2023,A11,9,exact,0.97
A11,variable specification,"Firstly, for the anchor to be valid, it needs to correlate relatively strongly with the change scores. Indeed, this was the case for both positive affect (r = .54„ CI 95%[.49, .58]) and negative affect (r = .45„ CI 95%[.40, .50]).",text,"data$PANAS_PA_D1mean = rowMeans(data[ , c('PANASD1_1_Attentive', 'PANASD1_2_Interested', 
  'PANASD1_3_Alert', 'PANASD1_4_Excited', 'PANASD1_5_Enthusiastic', 'PANASD1_6_Inspired', 
  'PANASD1_7_Proud', 'PANASD1_8_Determined', 'PANASD1_9_Strong', 'PANASD1_10_Active')], na.rm=TRUE)

data$PANAS_PA_D2mean = rowMeans(data[ , c('PANASD2_1_Attentive', 'PANASD2_2_Interested', 
  'PANASD2_3_Alert', 'PANASD2_4_Excited', 'PANASD2_5_Enthusiastic', 'PANASD2_6_Inspired', 
  'PANASD2_7_Proud', 'PANASD2_8_Determined', 'PANASD2_9_Strong', 'PANASD2_10_Active')], na.rm=TRUE) [...] data$PA_change = data$PANAS_PA_D2mean - data$PANAS_PA_D1mean [...] cor.test(data$PA_change, data$AnchorPA)","""./pilot_paper/anvari_2023/Anchor_BeforevsAfter_analysis.R""",60-66; 77; 586,1.0,0.0,1.0,,variables,anvari_2023,A11,9,exact,0.97
A11,transformation ,"For Time 1 and Time 2 separately, I averaged the positive affect items for each participant to produce a mean score for positive affect, and I did the same for the negative affect items to produce a mean score for negative affect. To calculate each participant’s change score for positive affect, I subtracted the mean score for positive affect at Time 1 from the mean score for positive affect at Time 2. I did the same to calculate the change scores for negative affect. Thus, each participant had a change score for positive affect and a change score for negative affect. The anchor items for positive and",text,"data$PANAS_PA_D1mean = rowMeans(data[ , c('PANASD1_1_Attentive', 'PANASD1_2_Interested', 
  'PANASD1_3_Alert', 'PANASD1_4_Excited', 'PANASD1_5_Enthusiastic', 'PANASD1_6_Inspired', 
  'PANASD1_7_Proud', 'PANASD1_8_Determined', 'PANASD1_9_Strong', 'PANASD1_10_Active')], na.rm=TRUE)

data$PANAS_PA_D2mean = rowMeans(data[ , c('PANASD2_1_Attentive', 'PANASD2_2_Interested', 
  'PANASD2_3_Alert', 'PANASD2_4_Excited', 'PANASD2_5_Enthusiastic', 'PANASD2_6_Inspired', 
  'PANASD2_7_Proud', 'PANASD2_8_Determined', 'PANASD2_9_Strong', 'PANASD2_10_Active')], na.rm=TRUE) [...] data$PA_change = data$PANAS_PA_D2mean - data$PANAS_PA_D1mean","""./pilot_paper/anvari_2023/Anchor_BeforevsAfter_analysis.R""",60-66; 77,1.0,0.0,1.0,,transform,anvari_2023,A11,9,exact,0.97
A11,inference criteria,"Firstly, for the anchor to be valid, it needs to correlate relatively strongly with the change scores. Indeed, this was the case for both positive affect (r = .54„ CI 95%[.49, .58]) and negative affect (r = .45„ CI 95%[.40, .50]).",text,"cor.test(data$PA_change, data$AnchorPA)","""./pilot_paper/anvari_2023/Anchor_BeforevsAfter_analysis.R""",586,,,,ci of 95% is default for cor.test -> implies alpha of 5%,inference,anvari_2023,A11,9,exact,0.97
A12,model specification,"Firstly, for the anchor to be valid, it needs to correlate relatively strongly with the change scores. Indeed, this was the case for both positive affect (r = .54„ CI 95%[.49, .58]) and negative affect (r = .45„ CI 95%[.40, .50]).",text,"cor.test(data$NA_change, data$AnchorNA)","""./pilot_paper/anvari_2023/Anchor_BeforevsAfter_analysis.R""",605,1.0,0.0,1.0,,model,anvari_2023,A12,10,exact,0.97
A12,variable specification,"Firstly, for the anchor to be valid, it needs to correlate relatively strongly with the change scores. Indeed, this was the case for both positive affect (r = .54„ CI 95%[.49, .58]) and negative affect (r = .45„ CI 95%[.40, .50]).",text,"cor.test(data$NA_change, data$AnchorNA)","""./pilot_paper/anvari_2023/Anchor_BeforevsAfter_analysis.R""",605,1.0,0.0,1.0,,variables,anvari_2023,A12,10,exact,0.97
A12,transformation ,,,,,,,,,,transform,anvari_2023,A12,10,exact,0.97
A12,variable specification,"Firstly, for the anchor to be valid, it needs to correlate relatively strongly with the change scores. Indeed, this was the case for both positive affect (r = .54„ CI 95%[.49, .58]) and negative affect (r = .45„ CI 95%[.40, .50]).",text,"data$PANAS_NA_D1mean = rowMeans(data[ , c('PANASD1_11_Distressed', 'PANASD1_12_Upset', 
  'PANASD1_13_Hostile', 'PANASD1_14_Irritable', 'PANASD1_15_Scared', 'PANASD1_16_Afraid', 
  'PANASD1_17_Ashamed', 'PANASD1_18_Guilty', 'PANASD1_19_Nervous', 'PANASD1_20_Jittery')], na.rm=TRUE)

data$PANAS_NA_D2mean = rowMeans(data[ , c('PANASD2_11_Distressed', 'PANASD2_12_Upset', 
  'PANASD2_13_Hostile', 'PANASD2_14_Irritable', 'PANASD2_15_Scared', 'PANASD2_16_Afraid', 
  'PANASD2_17_Ashamed', 'PANASD2_18_Guilty', 'PANASD2_19_Nervous', 'PANASD2_20_Jittery')], na.rm=TRUE) [...] data$NA_change = data$PANAS_NA_D2mean - data$PANAS_NA_D1mean [...] cor.test(data$NA_change, data$AnchorNA)","""./pilot_paper/anvari_2023/Anchor_BeforevsAfter_analysis.R""",68-74; 78; 605,1.0,0.0,1.0,,variables,anvari_2023,A12,10,exact,0.97
A12,transformation ,"For Time 1 and Time 2 separately, I averaged the positive affect items for each participant to produce a mean score for positive affect, and I did the same for the negative affect items to produce a mean score for negative affect. To calculate each participant’s change score for positive affect, I subtracted the mean score for positive affect at Time 1 from the mean score for positive affect at Time 2. I did the same to calculate the change scores for negative affect. Thus, each participant had a change score for positive affect and a change score for negative affect. The anchor items for positive and",text,"data$PANAS_NA_D1mean = rowMeans(data[ , c('PANASD1_11_Distressed', 'PANASD1_12_Upset', 
  'PANASD1_13_Hostile', 'PANASD1_14_Irritable', 'PANASD1_15_Scared', 'PANASD1_16_Afraid', 
  'PANASD1_17_Ashamed', 'PANASD1_18_Guilty', 'PANASD1_19_Nervous', 'PANASD1_20_Jittery')], na.rm=TRUE)

data$PANAS_NA_D2mean = rowMeans(data[ , c('PANASD2_11_Distressed', 'PANASD2_12_Upset', 
  'PANASD2_13_Hostile', 'PANASD2_14_Irritable', 'PANASD2_15_Scared', 'PANASD2_16_Afraid', 
  'PANASD2_17_Ashamed', 'PANASD2_18_Guilty', 'PANASD2_19_Nervous', 'PANASD2_20_Jittery')], na.rm=TRUE) [...] data$NA_change = data$PANAS_NA_D2mean - data$PANAS_NA_D1mean","""./pilot_paper/anvari_2023/Anchor_BeforevsAfter_analysis.R""",68-74; 78,1.0,0.0,1.0,,transform,anvari_2023,A12,10,exact,0.97
A12,inference criteria,"Firstly, for the anchor to be valid, it needs to correlate relatively strongly with the change scores. Indeed, this was the case for both positive affect (r = .54„ CI 95%[.49, .58]) and negative affect (r = .45„ CI 95%[.40, .50]).",text,"cor.test(data$NA_change, data$AnchorNA)","""./pilot_paper/anvari_2023/Anchor_BeforevsAfter_analysis.R""",605,1.0,0.0,1.0,ci of 95% is default for cor.test -> implies alpha of 5%,inference,anvari_2023,A12,10,exact,0.97
A13,model specification,"Secondly, the anchor needs to correlate with the Time 2 scores, which was also the case for both positive (r = .45„ CI 95%[.40, .50]) and negative affect (r = .48„ CI 95%[.42, .52]).",text,"cor.test(data$PANAS_PA_D2mean, data$AnchorPA)","""./pilot_paper/anvari_2023/Anchor_BeforevsAfter_analysis.R""",587,1.0,0.0,1.0,,model,anvari_2023,A13,11,exact,0.96
A13,variable specification,"Secondly, the anchor needs to correlate with the Time 2 scores, which was also the case for both positive (r = .45„ CI 95%[.40, .50]) and negative affect (r = .48„ CI 95%[.42, .52]).",text,"cor.test(data$PANAS_PA_D2mean, data$AnchorPA)","""./pilot_paper/anvari_2023/Anchor_BeforevsAfter_analysis.R""",587,1.0,0.0,1.0,,variables,anvari_2023,A13,11,exact,0.96
A13,transformation ,,,,,,,,,,transform,anvari_2023,A13,11,exact,0.96
A13,variable specification,"Secondly, the anchor needs to correlate with the Time 2 scores, which was also the case for both positive (r = .45„ CI 95%[.40, .50]) and negative affect (r = .48„ CI 95%[.42, .52]).",text,"data$PANAS_PA_D2mean = rowMeans(data[ , c('PANASD2_1_Attentive', 'PANASD2_2_Interested', 
  'PANASD2_3_Alert', 'PANASD2_4_Excited', 'PANASD2_5_Enthusiastic', 'PANASD2_6_Inspired', 
  'PANASD2_7_Proud', 'PANASD2_8_Determined', 'PANASD2_9_Strong', 'PANASD2_10_Active')], na.rm=TRUE) […] cor.test(data$PANAS_PA_D2mean, data$AnchorPA)","""./pilot_paper/anvari_2023/Anchor_BeforevsAfter_analysis.R""",64-66; 587,1.0,0.0,1.0,,variables,anvari_2023,A13,11,exact,0.96
A13,transformation ,"For Time 1 and Time 2 separately, I averaged the positive affect items for each participant to produce a mean score for positive affect, and I did the same for the negative affect items to produce a mean score for negative affect. ",text,"data$PANAS_PA_D2mean = rowMeans(data[ , c('PANASD2_1_Attentive', 'PANASD2_2_Interested', 
  'PANASD2_3_Alert', 'PANASD2_4_Excited', 'PANASD2_5_Enthusiastic', 'PANASD2_6_Inspired', 
  'PANASD2_7_Proud', 'PANASD2_8_Determined', 'PANASD2_9_Strong', 'PANASD2_10_Active')], na.rm=TRUE)","""./pilot_paper/anvari_2023/Anchor_BeforevsAfter_analysis.R""",64-66,1.0,0.0,1.0,,transform,anvari_2023,A13,11,exact,0.96
A13,inference criteria,"Secondly, the anchor needs to correlate with the Time 2 scores, which was also the case for both positive (r = .45„ CI 95%[.40, .50]) and negative affect (r = .48„ CI 95%[.42, .52]).",text,"[…] cor.test(data$PANAS_PA_D2mean, data$AnchorPA)","""./pilot_paper/anvari_2023/Anchor_BeforevsAfter_analysis.R""",587,1.0,0.0,1.0,ci of 95% is default for cor.test -> implies alpha of 5%,inference,anvari_2023,A13,11,exact,0.96
A14,model specification,"Secondly, the anchor needs to correlate with the Time 2 scores, which was also the case for both positive (r = .45„ CI 95%[.40, .50]) and negative affect (r = .48„ CI 95%[.42, .52]).",text,"cor.test(data$PANAS_NA_D2mean, data$AnchorNA)","""./pilot_paper/anvari_2023/Anchor_BeforevsAfter_analysis.R""",606,1.0,0.0,1.0,,model,anvari_2023,A14,12,exact,0.96
A14,variable specification,"Secondly, the anchor needs to correlate with the Time 2 scores, which was also the case for both positive (r = .45„ CI 95%[.40, .50]) and negative affect (r = .48„ CI 95%[.42, .52]).",text,"cor.test(data$PANAS_NA_D2mean, data$AnchorNA)","""./pilot_paper/anvari_2023/Anchor_BeforevsAfter_analysis.R""",606,1.0,0.0,1.0,,variables,anvari_2023,A14,12,exact,0.96
A14,transformation ,,,,,,,,,,transform,anvari_2023,A14,12,exact,0.96
A14,variable specification,"Secondly, the anchor needs to correlate with the Time 2 scores, which was also the case for both positive (r = .45„ CI 95%[.40, .50]) and negative affect (r = .48„ CI 95%[.42, .52]).",text,"data$PANAS_NA_D2mean = rowMeans(data[ , c('PANASD2_11_Distressed', 'PANASD2_12_Upset', 
  'PANASD2_13_Hostile', 'PANASD2_14_Irritable', 'PANASD2_15_Scared', 'PANASD2_16_Afraid', 
  'PANASD2_17_Ashamed', 'PANASD2_18_Guilty', 'PANASD2_19_Nervous', 'PANASD2_20_Jittery')], na.rm=TRUE) [...] cor.test(data$PANAS_NA_D2mean, data$AnchorNA)","""./pilot_paper/anvari_2023/Anchor_BeforevsAfter_analysis.R""",72-74; 606,1.0,0.0,1.0,,variables,anvari_2023,A14,12,exact,0.96
A14,transformation ,"For Time 1 and Time 2 separately, I averaged the positive affect items for each participant to produce a mean score for positive affect, and I did the same for the negative affect items to produce a mean score for negative affect. ",text,"data$PANAS_NA_D2mean = rowMeans(data[ , c('PANASD2_11_Distressed', 'PANASD2_12_Upset', 
  'PANASD2_13_Hostile', 'PANASD2_14_Irritable', 'PANASD2_15_Scared', 'PANASD2_16_Afraid', 
  'PANASD2_17_Ashamed', 'PANASD2_18_Guilty', 'PANASD2_19_Nervous', 'PANASD2_20_Jittery')], na.rm=TRUE)","""./pilot_paper/anvari_2023/Anchor_BeforevsAfter_analysis.R""",72-74,1.0,0.0,1.0,,transform,anvari_2023,A14,12,exact,0.96
A14,inference criteria,"Secondly, the anchor needs to correlate with the Time 2 scores, which was also the case for both positive (r = .45„ CI 95%[.40, .50]) and negative affect (r = .48„ CI 95%[.42, .52]).",text,"cor.test(data$PANAS_NA_D2mean, data$AnchorNA)","""./pilot_paper/anvari_2023/Anchor_BeforevsAfter_analysis.R""",606,1.0,0.0,1.0,ci of 95% is default for cor.test -> implies alpha of 5%,inference,anvari_2023,A14,12,exact,0.96
A15,model specification,"Importantly, however, to show that the anchor-responses reflect change in the construct more than present state, the anchor’s correlation with the change scores should be stronger than its correlation with Time 2 scores. This was the case for positive affect (rdif = .09, CI 95%[.03, .15]) but not for negative affect (rdif = -.02„ CI 95%[-.08, 0.04]; Zou, 2007).",text,"cocor(~PA_change + AnchorPA | PANAS_PA_D2mean + AnchorPA, data=data)","""./pilot_paper/anvari_2023/Anchor_BeforevsAfter_analysis.R""",590,1.0,0.0,1.0,"tchnically, wrong alternative hypothesis, test should be onse sided instead of two",model,anvari_2023,A15,25,exact,0.9
A15,variable specification,"Importantly, however, to show that the anchor-responses reflect change in the construct more than present state, the anchor’s correlation with the change scores should be stronger than its correlation with Time 2 scores. This was the case for positive affect (rdif = .09, CI 95%[.03, .15]) but not for negative affect (rdif = -.02„ CI 95%[-.08, 0.04]; Zou, 2007).",text,"cocor(~PA_change + AnchorPA | PANAS_PA_D2mean + AnchorPA, data=data)","""./pilot_paper/anvari_2023/Anchor_BeforevsAfter_analysis.R""",590,1.0,0.0,1.0,,variables,anvari_2023,A15,25,exact,0.9
A15,transformation ,,,,,,,,,,transform,anvari_2023,A15,25,exact,0.9
A15,variable specification,"Importantly, however, to show that the anchor-responses reflect change in the construct more than present state, the anchor’s correlation with the change scores should be stronger than its correlation with Time 2 scores. This was the case for positive affect (rdif = .09, CI 95%[.03, .15]) but not for negative affect (rdif = -.02„ CI 95%[-.08, 0.04]; Zou, 2007).",text,"data$PANAS_PA_D1mean = rowMeans(data[ , c('PANASD1_1_Attentive', 'PANASD1_2_Interested', 
  'PANASD1_3_Alert', 'PANASD1_4_Excited', 'PANASD1_5_Enthusiastic', 'PANASD1_6_Inspired', 
  'PANASD1_7_Proud', 'PANASD1_8_Determined', 'PANASD1_9_Strong', 'PANASD1_10_Active')], na.rm=TRUE)

data$PANAS_PA_D2mean = rowMeans(data[ , c('PANASD2_1_Attentive', 'PANASD2_2_Interested', 
  'PANASD2_3_Alert', 'PANASD2_4_Excited', 'PANASD2_5_Enthusiastic', 'PANASD2_6_Inspired', 
  'PANASD2_7_Proud', 'PANASD2_8_Determined', 'PANASD2_9_Strong', 'PANASD2_10_Active')], na.rm=TRUE) [...] data$PA_change = data$PANAS_PA_D2mean - data$PANAS_PA_D1mean [...] cocor(~PA_change + AnchorPA | PANAS_PA_D2mean + AnchorPA, data=data)","""./pilot_paper/anvari_2023/Anchor_BeforevsAfter_analysis.R""",60-66; 77; 590,1.0,0.0,1.0,,variables,anvari_2023,A15,25,exact,0.9
A15,transformation ,"For Time 1 and Time 2 separately, I averaged the positive affect items for each participant to produce a mean score for positive affect, and I did the same for the negative affect items to produce a mean score for negative affect. To calculate each participant’s change score for positive affect, I subtracted the mean score for positive affect at Time 1 from the mean score for positive affect at Time 2. I did the same to calculate the change scores for negative affect. Thus, each participant had a change score for positive affect and a change score for negative affect. The anchor items for positive and",text,"data$PANAS_PA_D1mean = rowMeans(data[ , c('PANASD1_1_Attentive', 'PANASD1_2_Interested', 
  'PANASD1_3_Alert', 'PANASD1_4_Excited', 'PANASD1_5_Enthusiastic', 'PANASD1_6_Inspired', 
  'PANASD1_7_Proud', 'PANASD1_8_Determined', 'PANASD1_9_Strong', 'PANASD1_10_Active')], na.rm=TRUE)

data$PANAS_PA_D2mean = rowMeans(data[ , c('PANASD2_1_Attentive', 'PANASD2_2_Interested', 
  'PANASD2_3_Alert', 'PANASD2_4_Excited', 'PANASD2_5_Enthusiastic', 'PANASD2_6_Inspired', 
  'PANASD2_7_Proud', 'PANASD2_8_Determined', 'PANASD2_9_Strong', 'PANASD2_10_Active')], na.rm=TRUE) [...] data$PA_change = data$PANAS_PA_D2mean - data$PANAS_PA_D1mean","""./pilot_paper/anvari_2023/Anchor_BeforevsAfter_analysis.R""",60-66; 77,1.0,0.0,1.0,,transform,anvari_2023,A15,25,exact,0.9
A15,variable specification,"Importantly, however, to show that the anchor-responses reflect change in the construct more than present state, the anchor’s correlation with the change scores should be stronger than its correlation with Time 2 scores. This was the case for positive affect (rdif = .09, CI 95%[.03, .15]) but not for negative affect (rdif = -.02„ CI 95%[-.08, 0.04]; Zou, 2007).",text,"data$PANAS_PA_D2mean = rowMeans(data[ , c('PANASD2_1_Attentive', 'PANASD2_2_Interested', 
  'PANASD2_3_Alert', 'PANASD2_4_Excited', 'PANASD2_5_Enthusiastic', 'PANASD2_6_Inspired', 
  'PANASD2_7_Proud', 'PANASD2_8_Determined', 'PANASD2_9_Strong', 'PANASD2_10_Active')], na.rm=TRUE) [...] cocor(~PA_change + AnchorPA | PANAS_PA_D2mean + AnchorPA, data=data)","""./pilot_paper/anvari_2023/Anchor_BeforevsAfter_analysis.R""",64-66; 590,1.0,0.0,1.0,,variables,anvari_2023,A15,25,exact,0.9
A15,transformation ,"For Time 1 and Time 2 separately, I averaged the positive affect items for each participant to produce a mean score for positive affect, and I did the same for the negative affect items to produce a mean score for negative affect. ",text,"data$PANAS_PA_D2mean = rowMeans(data[ , c('PANASD2_1_Attentive', 'PANASD2_2_Interested', 
  'PANASD2_3_Alert', 'PANASD2_4_Excited', 'PANASD2_5_Enthusiastic', 'PANASD2_6_Inspired', 
  'PANASD2_7_Proud', 'PANASD2_8_Determined', 'PANASD2_9_Strong', 'PANASD2_10_Active')], na.rm=TRUE)","""./pilot_paper/anvari_2023/Anchor_BeforevsAfter_analysis.R""",64-66,1.0,0.0,1.0,,transform,anvari_2023,A15,25,exact,0.9
A15,inference criteria,"This was the case for positive affect (rdif = .09, CI 95%[.03, .15]) […] Zou, 2007)",text,"cocor(~PA_change + AnchorPA | PANAS_PA_D2mean + AnchorPA, data=data)","""./pilot_paper/anvari_2023/Anchor_BeforevsAfter_analysis.R""",590,1.0,0.0,1.0,"ci of 95% is default for cocor -> implies alpha of 5%, Zou based CI are in the output",inference,anvari_2023,A15,25,exact,0.9
A16,model specification,"Importantly, however, to show that the anchor-responses reflect change in the construct more than present state, the anchor’s correlation with the change scores should be stronger than its correlation with Time 2 scores. This was the case for positive affect (rdif = .09, CI 95%[.03, .15]) but not for negative affect (rdif = -.02„ CI 95%[-.08, 0.04]; Zou, 2007).",text,"cocor(~NA_change + AnchorNA | PANAS_NA_D2mean + AnchorNA, data=data)","""./pilot_paper/anvari_2023/Anchor_BeforevsAfter_analysis.R""",609,1.0,0.0,1.0,,model,anvari_2023,A16,,no_match,0.0
A16,variable specification,"Importantly, however, to show that the anchor-responses reflect change in the construct more than present state, the anchor’s correlation with the change scores should be stronger than its correlation with Time 2 scores. This was the case for positive affect (rdif = .09, CI 95%[.03, .15]) but not for negative affect (rdif = -.02„ CI 95%[-.08, 0.04]; Zou, 2007).",text,"cocor(~NA_change + AnchorNA | PANAS_NA_D2mean + AnchorNA, data=data)","""./pilot_paper/anvari_2023/Anchor_BeforevsAfter_analysis.R""",609,1.0,0.0,1.0,,variables,anvari_2023,A16,,no_match,0.0
A16,transformation ,,,,,,,,,,transform,anvari_2023,A16,,no_match,0.0
A16,variable specification,"Importantly, however, to show that the anchor-responses reflect change in the construct more than present state, the anchor’s correlation with the change scores should be stronger than its correlation with Time 2 scores. This was the case for positive affect (rdif = .09, CI 95%[.03, .15]) but not for negative affect (rdif = -.02„ CI 95%[-.08, 0.04]; Zou, 2007).",text,"data$PANAS_NA_D1mean = rowMeans(data[ , c('PANASD1_11_Distressed', 'PANASD1_12_Upset', 
  'PANASD1_13_Hostile', 'PANASD1_14_Irritable', 'PANASD1_15_Scared', 'PANASD1_16_Afraid', 
  'PANASD1_17_Ashamed', 'PANASD1_18_Guilty', 'PANASD1_19_Nervous', 'PANASD1_20_Jittery')], na.rm=TRUE)

data$PANAS_NA_D2mean = rowMeans(data[ , c('PANASD2_11_Distressed', 'PANASD2_12_Upset', 
  'PANASD2_13_Hostile', 'PANASD2_14_Irritable', 'PANASD2_15_Scared', 'PANASD2_16_Afraid', 
  'PANASD2_17_Ashamed', 'PANASD2_18_Guilty', 'PANASD2_19_Nervous', 'PANASD2_20_Jittery')], na.rm=TRUE) [...] data$NA_change = data$PANAS_NA_D2mean - data$PANAS_NA_D1mean","""./pilot_paper/anvari_2023/Anchor_BeforevsAfter_analysis.R""",68-74; 78,1.0,0.0,1.0,,variables,anvari_2023,A16,,no_match,0.0
A16,transformation ,"For Time 1 and Time 2 separately, I averaged the positive affect items for each participant to produce a mean score for positive affect, and I did the same for the negative affect items to produce a mean score for negative affect. To calculate each participant’s change score for positive affect, I subtracted the mean score for positive affect at Time 1 from the mean score for positive affect at Time 2. I did the same to calculate the change scores for negative affect. Thus, each participant had a change score for positive affect and a change score for negative affect. The anchor items for positive and",text,"data$PANAS_NA_D1mean = rowMeans(data[ , c('PANASD1_11_Distressed', 'PANASD1_12_Upset', 
  'PANASD1_13_Hostile', 'PANASD1_14_Irritable', 'PANASD1_15_Scared', 'PANASD1_16_Afraid', 
  'PANASD1_17_Ashamed', 'PANASD1_18_Guilty', 'PANASD1_19_Nervous', 'PANASD1_20_Jittery')], na.rm=TRUE)

data$PANAS_NA_D2mean = rowMeans(data[ , c('PANASD2_11_Distressed', 'PANASD2_12_Upset', 
  'PANASD2_13_Hostile', 'PANASD2_14_Irritable', 'PANASD2_15_Scared', 'PANASD2_16_Afraid', 
  'PANASD2_17_Ashamed', 'PANASD2_18_Guilty', 'PANASD2_19_Nervous', 'PANASD2_20_Jittery')], na.rm=TRUE)","""./pilot_paper/anvari_2023/Anchor_BeforevsAfter_analysis.R""",68-74; 78,1.0,0.0,1.0,,transform,anvari_2023,A16,,no_match,0.0
A16,variable specification,"Importantly, however, to show that the anchor-responses reflect change in the construct more than present state, the anchor’s correlation with the change scores should be stronger than its correlation with Time 2 scores. This was the case for positive affect (rdif = .09, CI 95%[.03, .15]) but not for negative affect (rdif = -.02„ CI 95%[-.08, 0.04]; Zou, 2007).",text,"data$PANAS_NA_D2mean = rowMeans(data[ , c('PANASD2_11_Distressed', 'PANASD2_12_Upset', 
  'PANASD2_13_Hostile', 'PANASD2_14_Irritable', 'PANASD2_15_Scared', 'PANASD2_16_Afraid', 
  'PANASD2_17_Ashamed', 'PANASD2_18_Guilty', 'PANASD2_19_Nervous', 'PANASD2_20_Jittery')], na.rm=TRUE) [...9 cocor(~NA_change + AnchorNA | PANAS_NA_D2mean + AnchorNA, data=data)","""./pilot_paper/anvari_2023/Anchor_BeforevsAfter_analysis.R""",72-74; 609,1.0,0.0,1.0,,variables,anvari_2023,A16,,no_match,0.0
A16,transformation ,"For Time 1 and Time 2 separately, I averaged the positive affect items for each participant to produce a mean score for positive affect, and I did the same for the negative affect items to produce a mean score for negative affect. ",text,"data$PANAS_NA_D2mean = rowMeans(data[ , c('PANASD2_11_Distressed', 'PANASD2_12_Upset', 
  'PANASD2_13_Hostile', 'PANASD2_14_Irritable', 'PANASD2_15_Scared', 'PANASD2_16_Afraid', 
  'PANASD2_17_Ashamed', 'PANASD2_18_Guilty', 'PANASD2_19_Nervous', 'PANASD2_20_Jittery')], na.rm=TRUE) ","""./pilot_paper/anvari_2023/Anchor_BeforevsAfter_analysis.R""",72-74,1.0,0.0,1.0,,transform,anvari_2023,A16,,no_match,0.0
A16,inference criteria," but not for negative affect (rdif = -.02„ CI 95%[-.08, 0.04]; Zou, 2007).",text,"cocor(~NA_change + AnchorNA | PANAS_NA_D2mean + AnchorNA, data=data)","""./pilot_paper/anvari_2023/Anchor_BeforevsAfter_analysis.R""",609,1.0,0.0,1.0,"ci of 95% is default for cocor -> implies alpha of 5%, Zou based CI are in the output",inference,anvari_2023,A16,,no_match,0.0
A17,model specification,"the anchor should correlate with Time 1 scores just as strongly, in absolute terms, as with Time 2 scores.",text,"cor.test(data$PANAS_PA_D1mean, data$AnchorPA)","""./pilot_paper/anvari_2023/Anchor_BeforevsAfter_analysis.R""",588,1.0,0.0,1.0,,model,anvari_2023,A17,13,exact,0.96
A17,variable specification,"the anchor should correlate with Time 1 scores just as strongly, in absolute terms, as with Time 2 scores.",text,"cor.test(data$PANAS_PA_D1mean, data$AnchorPA)","""./pilot_paper/anvari_2023/Anchor_BeforevsAfter_analysis.R""",588,1.0,0.0,1.0,,variables,anvari_2023,A17,13,exact,0.96
A17,transformation ,,,,,,,,,,transform,anvari_2023,A17,13,exact,0.96
A17,variable specification,"the anchor should correlate with Time 1 scores just as strongly, in absolute terms, as with Time 2 scores.",text,"data$PANAS_PA_D1mean = rowMeans(data[ , c('PANASD1_1_Attentive', 'PANASD1_2_Interested', 
  'PANASD1_3_Alert', 'PANASD1_4_Excited', 'PANASD1_5_Enthusiastic', 'PANASD1_6_Inspired', 
  'PANASD1_7_Proud', 'PANASD1_8_Determined', 'PANASD1_9_Strong', 'PANASD1_10_Active')], na.rm=TRUE) [...] cor.test(data$PANAS_PA_D1mean, data$AnchorPA)","""./pilot_paper/anvari_2023/Anchor_BeforevsAfter_analysis.R""",60-62; 588,1.0,0.0,1.0,,variables,anvari_2023,A17,13,exact,0.96
A17,transformation ,"For Time 1 and Time 2 separately, I averaged the positive affect items for each participant to produce a mean score for positive affect, and I did the same for the negative affect items to produce a mean score for negative affect. ",text,"data$PANAS_PA_D1mean = rowMeans(data[ , c('PANASD1_1_Attentive', 'PANASD1_2_Interested', 
  'PANASD1_3_Alert', 'PANASD1_4_Excited', 'PANASD1_5_Enthusiastic', 'PANASD1_6_Inspired', 
  'PANASD1_7_Proud', 'PANASD1_8_Determined', 'PANASD1_9_Strong', 'PANASD1_10_Active')], na.rm=TRUE)","""./pilot_paper/anvari_2023/Anchor_BeforevsAfter_analysis.R""",60-62,,,,,transform,anvari_2023,A17,13,exact,0.96
A17,inference criteria,"the anchor’s correlations with Time 1 scores were much weaker for both positive affect (r = .01„ CI 95%[-.05, .08]) and negative affect (r = .09„ CI 95%[.02, .15]).",text,"cor.test(data$PANAS_PA_D1mean, data$AnchorPA)","""./pilot_paper/anvari_2023/Anchor_BeforevsAfter_analysis.R""",588,,,,"ci of 95% is default for cocor -> implies alpha of 5%, Zou based CI are in the output",inference,anvari_2023,A17,13,exact,0.96
A18,model specification,"the anchor should correlate with Time 1 scores just as strongly, in absolute terms, as with Time 2 scores.",text,"cor.test(data$PANAS_NA_D1mean, data$AnchorNA)","""./pilot_paper/anvari_2023/Anchor_BeforevsAfter_analysis.R""",607,1.0,0.0,1.0,,model,anvari_2023,A18,14,exact,0.96
A18,variable specification,"the anchor’s correlations with Time 1 scores were much weaker for both positive affect (r = .01„ CI 95%[-.05, .08]) and negative affect (r = .09„ CI 95%[.02, .15]).",text,"cor.test(data$PANAS_NA_D1mean, data$AnchorNA)","""./pilot_paper/anvari_2023/Anchor_BeforevsAfter_analysis.R""",607,1.0,0.0,1.0,,variables,anvari_2023,A18,14,exact,0.96
A18,transformation ,,,,,,,,,,transform,anvari_2023,A18,14,exact,0.96
A18,variable specification,"the anchor’s correlations with Time 1 scores were much weaker for both positive affect (r = .01„ CI 95%[-.05, .08]) and negative affect (r = .09„ CI 95%[.02, .15]).",text,"data$PANAS_NA_D1mean = rowMeans(data[ , c('PANASD1_11_Distressed', 'PANASD1_12_Upset', 
  'PANASD1_13_Hostile', 'PANASD1_14_Irritable', 'PANASD1_15_Scared', 'PANASD1_16_Afraid', 
  'PANASD1_17_Ashamed', 'PANASD1_18_Guilty', 'PANASD1_19_Nervous', 'PANASD1_20_Jittery')], na.rm=TRUE) [...] cor.test(data$PANAS_NA_D1mean, data$AnchorNA)","""./pilot_paper/anvari_2023/Anchor_BeforevsAfter_analysis.R""",68-70; 607,1.0,0.0,1.0,,variables,anvari_2023,A18,14,exact,0.96
A18,transformation ,"For Time 1 and Time 2 separately, I averaged the positive affect items for each participant to produce a mean score for positive affect, and I did the same for the negative affect items to produce a mean score for negative affect. ",text,"data$PANAS_NA_D1mean = rowMeans(data[ , c('PANASD1_11_Distressed', 'PANASD1_12_Upset', 
  'PANASD1_13_Hostile', 'PANASD1_14_Irritable', 'PANASD1_15_Scared', 'PANASD1_16_Afraid', 
  'PANASD1_17_Ashamed', 'PANASD1_18_Guilty', 'PANASD1_19_Nervous', 'PANASD1_20_Jittery')], na.rm=TRUE)","""./pilot_paper/anvari_2023/Anchor_BeforevsAfter_analysis.R""",68-70,1.0,0.0,1.0,,transform,anvari_2023,A18,14,exact,0.96
A18,inference criteria,"the anchor’s correlations with Time 1 scores were much weaker for both positive affect (r = .01„ CI 95%[-.05, .08]) and negative affect (r = .09„ CI 95%[.02, .15]).",text,"cor.test(data$PANAS_NA_D1mean, data$AnchorNA)","""./pilot_paper/anvari_2023/Anchor_BeforevsAfter_analysis.R""",607,1.0,0.0,1.0,"ci of 95% is default for cocor -> implies alpha of 5%, Zou based CI are in the output",inference,anvari_2023,A18,14,exact,0.96
nan,,,,,,,,,,,other,anvari_2023,nan,16,fragment_of,0.78
A19,model specification,This can be accounted for by examining the relationship of the anchor responses with the Time 1 and Time 2 ratings in a multiple regression analysis.,text,"summary(lm(AnchorPA ~ PANAS_PA_D1mean + PANAS_PA_D2mean, data=data))","""./pilot_paper/anvari_2023/Anchor_BeforevsAfter_analysis.R""",600,1.0,0.0,1.0,,model,anvari_2023,A19,,no_match,0.0
nan,variable specification,"I therefore regressed the anchor responses on to the Time 1 and Time 2 scores. For positive affect, Time 1 (b = -0.59, p < .001) and Time 2 (b = 0.88, p < .001) scores showed the expected relationship with the anchor responses.",text,"summary(lm(AnchorPA ~ PANAS_PA_D1mean + PANAS_PA_D2mean, data=data))","""./pilot_paper/anvari_2023/Anchor_BeforevsAfter_analysis.R""",600,1.0,0.0,1.0,,variables,anvari_2023,nan,16,fragment_of,0.78
nan,transformation ,,,,,,,,,,transform,anvari_2023,nan,16,fragment_of,0.78
nan,variable specification,"I therefore regressed the anchor responses on to the Time 1 and Time 2 scores. For positive affect, Time 1 (b = -0.59, p < .001) and Time 2 (b = 0.88, p < .001) scores showed the expected relationship with the anchor responses.",text,"data$PANAS_PA_D1mean = rowMeans(data[ , c('PANASD1_1_Attentive', 'PANASD1_2_Interested', 
  'PANASD1_3_Alert', 'PANASD1_4_Excited', 'PANASD1_5_Enthusiastic', 'PANASD1_6_Inspired', 
  'PANASD1_7_Proud', 'PANASD1_8_Determined', 'PANASD1_9_Strong', 'PANASD1_10_Active')], na.rm=TRUE) [...] summary(lm(AnchorPA ~ PANAS_PA_D1mean + PANAS_PA_D2mean, data=data))","""./pilot_paper/anvari_2023/Anchor_BeforevsAfter_analysis.R""",60-62; 600,1.0,0.0,1.0,,variables,anvari_2023,nan,16,fragment_of,0.78
nan,transformation ,"For Time 1 and Time 2 separately, I averaged the positive affect items for each participant to produce a mean score for positive affect, and I did the same for the negative affect items to produce a mean score for negative affect. ",text,"data$PANAS_PA_D1mean = rowMeans(data[ , c('PANASD1_1_Attentive', 'PANASD1_2_Interested', 
  'PANASD1_3_Alert', 'PANASD1_4_Excited', 'PANASD1_5_Enthusiastic', 'PANASD1_6_Inspired', 
  'PANASD1_7_Proud', 'PANASD1_8_Determined', 'PANASD1_9_Strong', 'PANASD1_10_Active')], na.rm=TRUE)","""./pilot_paper/anvari_2023/Anchor_BeforevsAfter_analysis.R""",60-62,1.0,0.0,1.0,,transform,anvari_2023,nan,16,fragment_of,0.78
nan,variable specification,"I therefore regressed the anchor responses on to the Time 1 and Time 2 scores. For positive affect, Time 1 (b = -0.59, p < .001) and Time 2 (b = 0.88, p < .001) scores showed the expected relationship with the anchor responses.",text,"data$PANAS_PA_D2mean = rowMeans(data[ , c('PANASD2_1_Attentive', 'PANASD2_2_Interested', 
  'PANASD2_3_Alert', 'PANASD2_4_Excited', 'PANASD2_5_Enthusiastic', 'PANASD2_6_Inspired', 
  'PANASD2_7_Proud', 'PANASD2_8_Determined', 'PANASD2_9_Strong', 'PANASD2_10_Active')], na.rm=TRUE) [...] summary(lm(AnchorPA ~ PANAS_PA_D1mean + PANAS_PA_D2mean, data=data))","""./pilot_paper/anvari_2023/Anchor_BeforevsAfter_analysis.R""",64-66; 600,1.0,0.0,1.0,,variables,anvari_2023,nan,16,fragment_of,0.78
nan,transformation ,"For Time 1 and Time 2 separately, I averaged the positive affect items for each participant to produce a mean score for positive affect, and I did the same for the negative affect items to produce a mean score for negative affect. ",text,"data$PANAS_PA_D2mean = rowMeans(data[ , c('PANASD2_1_Attentive', 'PANASD2_2_Interested', 
  'PANASD2_3_Alert', 'PANASD2_4_Excited', 'PANASD2_5_Enthusiastic', 'PANASD2_6_Inspired', 
  'PANASD2_7_Proud', 'PANASD2_8_Determined', 'PANASD2_9_Strong', 'PANASD2_10_Active')], na.rm=TRUE)","""./pilot_paper/anvari_2023/Anchor_BeforevsAfter_analysis.R""",64-66,1.0,0.0,1.0,,transform,anvari_2023,nan,16,fragment_of,0.78
nan,inference criteria,,,"summary(lm(AnchorPA ~ PANAS_PA_D1mean + PANAS_PA_D2mean, data=data))","""./pilot_paper/anvari_2023/Anchor_BeforevsAfter_analysis.R""",600,,0.0,1.0,alpha level inferable from code but not noted in the text,inference,anvari_2023,nan,16,fragment_of,0.78
A20,model specification,This can be accounted for by examining the relationship of the anchor responses with the Time 1 and Time 2 ratings in a multiple regression analysis.,text,"summary(lm(AnchorNA ~ PANAS_NA_D1mean + PANAS_NA_D2mean, data=data))","""./pilot_paper/anvari_2023/Anchor_BeforevsAfter_analysis.R""",620,1.0,0.0,1.0,,model,anvari_2023,A20,,no_match,0.0
A20,variable specification,"I therefore regressed the anchor responses on to the Time 1 and Time 2 scores. […] Similarly for negative affect, Time 1 (b = -0.48, p < .001) and Time 2 (b = -0.94, p < .001).",text,"summary(lm(AnchorNA ~ PANAS_NA_D1mean + PANAS_NA_D2mean, data=data))","""./pilot_paper/anvari_2023/Anchor_BeforevsAfter_analysis.R""",620,1.0,0.0,1.0,,variables,anvari_2023,A20,,no_match,0.0
A20,transformation ,,,,,,,,,,transform,anvari_2023,A20,,no_match,0.0
A20,variable specification,"I therefore regressed the anchor responses on to the Time 1 and Time 2 scores. [...] Similarly for negative affect, Time 1 (b = -0.48, p < .001) and Time 2 (b = -0.94, p < .001).",text,"data$PANAS_NA_D1mean = rowMeans(data[ , c('PANASD1_11_Distressed', 'PANASD1_12_Upset', 
  'PANASD1_13_Hostile', 'PANASD1_14_Irritable', 'PANASD1_15_Scared', 'PANASD1_16_Afraid', 
  'PANASD1_17_Ashamed', 'PANASD1_18_Guilty', 'PANASD1_19_Nervous', 'PANASD1_20_Jittery')], na.rm=TRUE) [...] summary(lm(AnchorNA ~ PANAS_NA_D1mean + PANAS_NA_D2mean, data=data))","""./pilot_paper/anvari_2023/Anchor_BeforevsAfter_analysis.R""",68-70; 620,1.0,0.0,1.0,,variables,anvari_2023,A20,,no_match,0.0
A20,transformation ,"For Time 1 and Time 2 separately, I averaged the positive affect items for each participant to produce a mean score for positive affect, and I did the same for the negative affect items to produce a mean score for negative affect. ",text,"data$PANAS_NA_D1mean = rowMeans(data[ , c('PANASD1_11_Distressed', 'PANASD1_12_Upset', 
  'PANASD1_13_Hostile', 'PANASD1_14_Irritable', 'PANASD1_15_Scared', 'PANASD1_16_Afraid', 
  'PANASD1_17_Ashamed', 'PANASD1_18_Guilty', 'PANASD1_19_Nervous', 'PANASD1_20_Jittery')], na.rm=TRUE)","""./pilot_paper/anvari_2023/Anchor_BeforevsAfter_analysis.R""",68-70,1.0,0.0,1.0,,transform,anvari_2023,A20,,no_match,0.0
A20,variable specification,"I therefore regressed the anchor responses on to the Time 1 and Time 2 scores. [...] Similarly for negative affect, Time 1 (b = -0.48, p < .001) and Time 2 (b = -0.94, p < .001).",text,"data$PANAS_NA_D2mean = rowMeans(data[ , c('PANASD2_11_Distressed', 'PANASD2_12_Upset', 
  'PANASD2_13_Hostile', 'PANASD2_14_Irritable', 'PANASD2_15_Scared', 'PANASD2_16_Afraid', 
  'PANASD2_17_Ashamed', 'PANASD2_18_Guilty', 'PANASD2_19_Nervous', 'PANASD2_20_Jittery')], na.rm=TRUE) [...] summary(lm(AnchorNA ~ PANAS_NA_D1mean + PANAS_NA_D2mean, data=data))","""./pilot_paper/anvari_2023/Anchor_BeforevsAfter_analysis.R""",72-74; 620,1.0,0.0,1.0,,variables,anvari_2023,A20,,no_match,0.0
A20,transformation ,"For Time 1 and Time 2 separately, I averaged the positive affect items for each participant to produce a mean score for positive affect, and I did the same for the negative affect items to produce a mean score for negative affect. ",text,"data$PANAS_NA_D2mean = rowMeans(data[ , c('PANASD2_11_Distressed', 'PANASD2_12_Upset', 
  'PANASD2_13_Hostile', 'PANASD2_14_Irritable', 'PANASD2_15_Scared', 'PANASD2_16_Afraid', 
  'PANASD2_17_Ashamed', 'PANASD2_18_Guilty', 'PANASD2_19_Nervous', 'PANASD2_20_Jittery')], na.rm=TRUE)","""./pilot_paper/anvari_2023/Anchor_BeforevsAfter_analysis.R""",72-74,1.0,0.0,1.0,,transform,anvari_2023,A20,,no_match,0.0
A20,inference criteria,,,"summary(lm(AnchorNA ~ PANAS_NA_D1mean + PANAS_NA_D2mean, data=data))","""./pilot_paper/anvari_2023/Anchor_BeforevsAfter_analysis.R""",620,1.0,0.0,1.0,alpha level inferable from code but not noted in the text,inference,anvari_2023,A20,,no_match,0.0
A21,model specification,I did this by using linear regression analyses ,text,"m.2 = lm(PA_change ~ AnchorPA*Anchor.Position, data=data)","""./pilot_paper/anvari_2023/Anchor_BeforevsAfter_analysis.R""",651,1.0,0.0,1.0,line 647 contains a überflüssige linear regression with only the anchor pa,model,anvari_2023,A21,19,exact,0.97
A21,variable specification,"I did this by using linear regression analyses in which I, in turn, regressed the change scores, Time 2 scores, and Time 1 scores onto (i) the responses to the anchor-item, (ii) the anchor-item’s position, and (iii) the interaction between the latter two. For both positive affect and negative affect, the interactions were all statistically nonsignificant",text,"data$PANAS_PA_D1mean = rowMeans(data[ , c('PANASD1_1_Attentive', 'PANASD1_2_Interested', 
  'PANASD1_3_Alert', 'PANASD1_4_Excited', 'PANASD1_5_Enthusiastic', 'PANASD1_6_Inspired', 
  'PANASD1_7_Proud', 'PANASD1_8_Determined', 'PANASD1_9_Strong', 'PANASD1_10_Active')], na.rm=TRUE)

data$PANAS_PA_D2mean = rowMeans(data[ , c('PANASD2_1_Attentive', 'PANASD2_2_Interested', 
  'PANASD2_3_Alert', 'PANASD2_4_Excited', 'PANASD2_5_Enthusiastic', 'PANASD2_6_Inspired', 
  'PANASD2_7_Proud', 'PANASD2_8_Determined', 'PANASD2_9_Strong', 'PANASD2_10_Active')], na.rm=TRUE) [...] data$PA_change = data$PANAS_PA_D2mean - data$PANAS_PA_D1meanm.2 = lm(PA_change ~ AnchorPA*Anchor.Position, data=data) [...] m.2 = lm(PA_change ~ AnchorPA*Anchor.Position, data=data)","""./pilot_paper/anvari_2023/Anchor_BeforevsAfter_analysis.R""",60-66; 77; 651,1.0,0.0,1.0,,variables,anvari_2023,A21,19,exact,0.97
A21,transformation ,"""For Time 1 and Time 2 separately, I averaged the positive affect items for each participant to produce a mean score for positive affect, and I did the same for the negative affect items to produce a mean  score for negative affect. To calculate each participant’s change score for positive affect, I subtracted the mean score for positive affect at Time 1 from the mean score for positive affect at Time 2. I did the same to calculate the change scores for negative affect. Thus, each participant had a change score for positive affect and a change score for negative affect.""",text,"data$PANAS_PA_D1mean = rowMeans(data[ , c('PANASD1_1_Attentive', 'PANASD1_2_Interested', 
  'PANASD1_3_Alert', 'PANASD1_4_Excited', 'PANASD1_5_Enthusiastic', 'PANASD1_6_Inspired', 
  'PANASD1_7_Proud', 'PANASD1_8_Determined', 'PANASD1_9_Strong', 'PANASD1_10_Active')], na.rm=TRUE)

data$PANAS_PA_D2mean = rowMeans(data[ , c('PANASD2_1_Attentive', 'PANASD2_2_Interested', 
  'PANASD2_3_Alert', 'PANASD2_4_Excited', 'PANASD2_5_Enthusiastic', 'PANASD2_6_Inspired', 
  'PANASD2_7_Proud', 'PANASD2_8_Determined', 'PANASD2_9_Strong', 'PANASD2_10_Active')], na.rm=TRUE) [...] data$PA_change = data$PANAS_PA_D2mean - data$PANAS_PA_D1meanm.2 = lm(PA_change ~ AnchorPA*Anchor.Position, data=data)","""./pilot_paper/anvari_2023/Anchor_BeforevsAfter_analysis.R""",60-66; 77,1.0,0.0,1.0,,transform,anvari_2023,A21,19,exact,0.97
A21,variable specification,"I did this by using linear regression analyses in which I, in turn, regressed the change scores, Time 2 scores, and Time 1 scores onto (i) the responses to the anchor-item, (ii) the anchor-item’s position, and (iii) the interaction between the latter two. For both positive affect and negative affect, the interactions were all statistically nonsignificant",text,"m.2 = lm(PA_change ~ AnchorPA*Anchor.Position, data=data)","""./pilot_paper/anvari_2023/Anchor_BeforevsAfter_analysis.R""",651,1.0,0.0,1.0,,variables,anvari_2023,A21,19,exact,0.97
A21,transformation ,,,,,,,,,,transform,anvari_2023,A21,19,exact,0.97
A21,variable specification,"I did this by using linear regression analyses in which I, in turn, regressed the change scores, Time 2 scores, and Time 1 scores onto (i) the responses to the anchor-item, (ii) the anchor-item’s position, and (iii) the interaction between the latter two. For both positive affect and negative affect, the interactions were all statistically nonsignificant",text,"m.2 = lm(PA_change ~ AnchorPA*Anchor.Position, data=data)","""./pilot_paper/anvari_2023/Anchor_BeforevsAfter_analysis.R""",651,1.0,0.0,1.0,,variables,anvari_2023,A21,19,exact,0.97
A21,transformation ,,,,,,,,,,transform,anvari_2023,A21,19,exact,0.97
A21,inference criteria,,,"m.2 = lm(PA_change ~ AnchorPA*Anchor.Position, data=data)","""./pilot_paper/anvari_2023/Anchor_BeforevsAfter_analysis.R""",651,1.0,0.0,1.0,alpha level inferable from code but not noted in the text,inference,anvari_2023,A21,19,exact,0.97
A22,model specification,I did this by using linear regression analyses ,text,"m.8 = lm(NA_change ~ AnchorNA*Anchor.Position, data=data)","""./pilot_paper/anvari_2023/Anchor_BeforevsAfter_analysis.R""",679,1.0,0.0,1.0,line 647 contains a überflüssige linear regression with only the anchor pa,model,anvari_2023,A22,,no_match,0.0
A22,variable specification,"I did this by using linear regression analyses in which I, in turn, regressed the change scores, Time 2 scores, and Time 1 scores onto (i) the responses to the anchor-item, (ii) the anchor-item’s position, and (iii) the interaction between the latter two. For both positive affect and negative affect, the interactions were all statistically nonsignificant",text,"data$PANAS_NA_D1mean = rowMeans(data[ , c('PANASD1_11_Distressed', 'PANASD1_12_Upset', 
  'PANASD1_13_Hostile', 'PANASD1_14_Irritable', 'PANASD1_15_Scared', 'PANASD1_16_Afraid', 
  'PANASD1_17_Ashamed', 'PANASD1_18_Guilty', 'PANASD1_19_Nervous', 'PANASD1_20_Jittery')], na.rm=TRUE)

data$PANAS_NA_D2mean = rowMeans(data[ , c('PANASD2_11_Distressed', 'PANASD2_12_Upset', 
  'PANASD2_13_Hostile', 'PANASD2_14_Irritable', 'PANASD2_15_Scared', 'PANASD2_16_Afraid', 
  'PANASD2_17_Ashamed', 'PANASD2_18_Guilty', 'PANASD2_19_Nervous', 'PANASD2_20_Jittery')], na.rm=TRUE) [...] data$NA_change = data$PANAS_NA_D2mean - data$PANAS_NA_D1mean [...] m.8 = lm(NA_change ~ AnchorNA*Anchor.Position, data=data)","""./pilot_paper/anvari_2023/Anchor_BeforevsAfter_analysis.R""",68-74; 78; 679,1.0,0.0,1.0,,variables,anvari_2023,A22,,no_match,0.0
A22,transformation ,"""For Time 1 and Time 2 separately, I averaged the positive affect items for each participant to produce a mean score for positive affect, and I did the same for the negative affect items to produce a mean  score for negative affect. To calculate each participant’s change score for positive affect, I subtracted the mean score for positive affect at Time 1 from the mean score for positive affect at Time 2. I did the same to calculate the change scores for negative affect. Thus, each participant had a change score for positive affect and a change score for negative affect.""",text,"data$PANAS_NA_D1mean = rowMeans(data[ , c('PANASD1_11_Distressed', 'PANASD1_12_Upset', 
  'PANASD1_13_Hostile', 'PANASD1_14_Irritable', 'PANASD1_15_Scared', 'PANASD1_16_Afraid', 
  'PANASD1_17_Ashamed', 'PANASD1_18_Guilty', 'PANASD1_19_Nervous', 'PANASD1_20_Jittery')], na.rm=TRUE)

data$PANAS_NA_D2mean = rowMeans(data[ , c('PANASD2_11_Distressed', 'PANASD2_12_Upset', 
  'PANASD2_13_Hostile', 'PANASD2_14_Irritable', 'PANASD2_15_Scared', 'PANASD2_16_Afraid', 
  'PANASD2_17_Ashamed', 'PANASD2_18_Guilty', 'PANASD2_19_Nervous', 'PANASD2_20_Jittery')], na.rm=TRUE) [...] data$NA_change = data$PANAS_NA_D2mean - data$PANAS_NA_D1mean","""./pilot_paper/anvari_2023/Anchor_BeforevsAfter_analysis.R""",68-74; 78,1.0,0.0,1.0,,transform,anvari_2023,A22,,no_match,0.0
A22,variable specification,"I did this by using linear regression analyses in which I, in turn, regressed the change scores, Time 2 scores, and Time 1 scores onto (i) the responses to the anchor-item, (ii) the anchor-item’s position, and (iii) the interaction between the latter two. For both positive affect and negative affect, the interactions were all statistically nonsignificant",text,"m.8 = lm(NA_change ~ AnchorNA*Anchor.Position, data=data)","""./pilot_paper/anvari_2023/Anchor_BeforevsAfter_analysis.R""",679,1.0,0.0,1.0,,variables,anvari_2023,A22,,no_match,0.0
A22,transformation ,,,,,,,,,,transform,anvari_2023,A22,,no_match,0.0
A22,variable specification,"I did this by using linear regression analyses in which I, in turn, regressed the change scores, Time 2 scores, and Time 1 scores onto (i) the responses to the anchor-item, (ii) the anchor-item’s position, and (iii) the interaction between the latter two. For both positive affect and negative affect, the interactions were all statistically nonsignificant",text,"m.8 = lm(NA_change ~ AnchorNA*Anchor.Position, data=data)","""./pilot_paper/anvari_2023/Anchor_BeforevsAfter_analysis.R""",679,1.0,0.0,1.0,,variables,anvari_2023,A22,,no_match,0.0
A22,transformation ,,,,,,,,,,transform,anvari_2023,A22,,no_match,0.0
A22,inference criteria,,,"m.8 = lm(NA_change ~ AnchorNA*Anchor.Position, data=data)","""./pilot_paper/anvari_2023/Anchor_BeforevsAfter_analysis.R""",679,1.0,0.0,1.0,alpha level inferable from code but not noted in the text,inference,anvari_2023,A22,,no_match,0.0
A23,model specification,I did this by using linear regression analyses ,text,"m.6 = lm(PANAS_PA_D1mean ~ AnchorPA*Anchor.Position, data=data)","""./pilot_paper/anvari_2023/Anchor_BeforevsAfter_analysis.R""",667,1.0,0.0,1.0,line 647 contains a überflüssige linear regression with only the anchor pa,model,anvari_2023,A23,21,exact,0.96
A23,variable specification,"I did this by using linear regression analyses in which I, in turn, regressed the change scores, Time 2 scores, and Time 1 scores onto (i) the responses to the anchor-item, (ii) the anchor-item’s position, and (iii) the interaction between the latter two. For both positive affect and negative affect, the interactions were all statistically nonsignificant",text,"data$PANAS_PA_D1mean = rowMeans(data[ , c('PANASD1_1_Attentive', 'PANASD1_2_Interested', 
  'PANASD1_3_Alert', 'PANASD1_4_Excited', 'PANASD1_5_Enthusiastic', 'PANASD1_6_Inspired', 
  'PANASD1_7_Proud', 'PANASD1_8_Determined', 'PANASD1_9_Strong', 'PANASD1_10_Active')], na.rm=TRUE) [...] m.6 = lm(PANAS_PA_D1mean ~ AnchorPA*Anchor.Position, data=data)","""./pilot_paper/anvari_2023/Anchor_BeforevsAfter_analysis.R""",60-62; 667,1.0,0.0,1.0,,variables,anvari_2023,A23,21,exact,0.96
A23,transformation ,"""For Time 1 and Time 2 separately, I averaged the positive affect items for each participant to produce a mean score for positive affect, and I did the same for the negative affect items to produce a mean  score for negative affect. To calculate each participant’s change score for positive affect, I subtracted the mean score for positive affect at Time 1 from the mean score for positive affect at Time 2. I did the same to calculate the change scores for negative affect. Thus, each participant had a change score for positive affect and a change score for negative affect.""",text,"data$PANAS_PA_D1mean = rowMeans(data[ , c('PANASD1_1_Attentive', 'PANASD1_2_Interested', 
  'PANASD1_3_Alert', 'PANASD1_4_Excited', 'PANASD1_5_Enthusiastic', 'PANASD1_6_Inspired', 
  'PANASD1_7_Proud', 'PANASD1_8_Determined', 'PANASD1_9_Strong', 'PANASD1_10_Active')], na.rm=TRUE)","""./pilot_paper/anvari_2023/Anchor_BeforevsAfter_analysis.R""",60-62,1.0,0.0,1.0,,transform,anvari_2023,A23,21,exact,0.96
A23,variable specification,"I did this by using linear regression analyses in which I, in turn, regressed the change scores, Time 2 scores, and Time 1 scores onto (i) the responses to the anchor-item, (ii) the anchor-item’s position, and (iii) the interaction between the latter two. For both positive affect and negative affect, the interactions were all statistically nonsignificant",text,"m.6 = lm(PANAS_PA_D1mean ~ AnchorPA*Anchor.Position, data=data)","""./pilot_paper/anvari_2023/Anchor_BeforevsAfter_analysis.R""",667,1.0,0.0,1.0,,variables,anvari_2023,A23,21,exact,0.96
A23,transformation ,,,,,,,,,,transform,anvari_2023,A23,21,exact,0.96
A23,variable specification,"I did this by using linear regression analyses in which I, in turn, regressed the change scores, Time 2 scores, and Time 1 scores onto (i) the responses to the anchor-item, (ii) the anchor-item’s position, and (iii) the interaction between the latter two. For both positive affect and negative affect, the interactions were all statistically nonsignificant",text,"m.6 = lm(PANAS_PA_D1mean ~ AnchorPA*Anchor.Position, data=data)","""./pilot_paper/anvari_2023/Anchor_BeforevsAfter_analysis.R""",667,1.0,0.0,1.0,,variables,anvari_2023,A23,21,exact,0.96
A23,transformation ,,,,,,,,,,transform,anvari_2023,A23,21,exact,0.96
A23,inference criteria,,,"m.6 = lm(PANAS_PA_D1mean ~ AnchorPA*Anchor.Position, data=data)","""./pilot_paper/anvari_2023/Anchor_BeforevsAfter_analysis.R""",667,1.0,0.0,1.0,alpha level inferable from code but not noted in the text,inference,anvari_2023,A23,21,exact,0.96
A24,model specification,I did this by using linear regression analyses ,text,"m.12 = lm(PANAS_NA_D1mean ~ AnchorNA*Anchor.Position, data=data)","""./pilot_paper/anvari_2023/Anchor_BeforevsAfter_analysis.R""",695,1.0,0.0,1.0,line 647 contains a überflüssige linear regression with only the anchor pa,model,anvari_2023,A24,24,exact,0.96
A24,variable specification,"I did this by using linear regression analyses in which I, in turn, regressed the change scores, Time 2 scores, and Time 1 scores onto (i) the responses to the anchor-item, (ii) the anchor-item’s position, and (iii) the interaction between the latter two. For both positive affect and negative affect, the interactions were all statistically nonsignificant",text,"data$PANAS_NA_D1mean = rowMeans(data[ , c('PANASD1_11_Distressed', 'PANASD1_12_Upset', 
  'PANASD1_13_Hostile', 'PANASD1_14_Irritable', 'PANASD1_15_Scared', 'PANASD1_16_Afraid', 
  'PANASD1_17_Ashamed', 'PANASD1_18_Guilty', 'PANASD1_19_Nervous', 'PANASD1_20_Jittery')], na.rm=TRUE) [...] m.12 = lm(PANAS_NA_D1mean ~ AnchorNA*Anchor.Position, data=data)
","""./pilot_paper/anvari_2023/Anchor_BeforevsAfter_analysis.R""",68-70; 695,1.0,0.0,1.0,,variables,anvari_2023,A24,24,exact,0.96
A24,transformation ,"""For Time 1 and Time 2 separately, I averaged the positive affect items for each participant to produce a mean score for positive affect, and I did the same for the negative affect items to produce a mean  score for negative affect. To calculate each participant’s change score for positive affect, I subtracted the mean score for positive affect at Time 1 from the mean score for positive affect at Time 2. I did the same to calculate the change scores for negative affect. Thus, each participant had a change score for positive affect and a change score for negative affect.""",text,"data$PANAS_NA_D1mean = rowMeans(data[ , c('PANASD1_11_Distressed', 'PANASD1_12_Upset', 
  'PANASD1_13_Hostile', 'PANASD1_14_Irritable', 'PANASD1_15_Scared', 'PANASD1_16_Afraid', 
  'PANASD1_17_Ashamed', 'PANASD1_18_Guilty', 'PANASD1_19_Nervous', 'PANASD1_20_Jittery')], na.rm=TRUE)
","""./pilot_paper/anvari_2023/Anchor_BeforevsAfter_analysis.R""",68-70,1.0,0.0,1.0,,transform,anvari_2023,A24,24,exact,0.96
A24,variable specification,"I did this by using linear regression analyses in which I, in turn, regressed the change scores, Time 2 scores, and Time 1 scores onto (i) the responses to the anchor-item, (ii) the anchor-item’s position, and (iii) the interaction between the latter two. For both positive affect and negative affect, the interactions were all statistically nonsignificant",text,"m.12 = lm(PANAS_NA_D1mean ~ AnchorNA*Anchor.Position, data=data)","""./pilot_paper/anvari_2023/Anchor_BeforevsAfter_analysis.R""",695,1.0,0.0,1.0,,variables,anvari_2023,A24,24,exact,0.96
A24,transformation ,,,,,,,,,,transform,anvari_2023,A24,24,exact,0.96
A24,variable specification,"I did this by using linear regression analyses in which I, in turn, regressed the change scores, Time 2 scores, and Time 1 scores onto (i) the responses to the anchor-item, (ii) the anchor-item’s position, and (iii) the interaction between the latter two. For both positive affect and negative affect, the interactions were all statistically nonsignificant",text,"m.12 = lm(PANAS_NA_D1mean ~ AnchorNA*Anchor.Position, data=data)","""./pilot_paper/anvari_2023/Anchor_BeforevsAfter_analysis.R""",695,1.0,0.0,1.0,,variables,anvari_2023,A24,24,exact,0.96
A24,transformation ,,,,,,,,,,transform,anvari_2023,A24,24,exact,0.96
A24,inference criteria,,,"m.12 = lm(PANAS_NA_D1mean ~ AnchorNA*Anchor.Position, data=data)","""./pilot_paper/anvari_2023/Anchor_BeforevsAfter_analysis.R""",695,1.0,0.0,1.0,alpha level inferable from code but not noted in the text,inference,anvari_2023,A24,24,exact,0.96
A25,model specification,I did this by using linear regression analyses ,text,"m.4 = lm(PANAS_PA_D2mean ~ AnchorPA*Anchor.Position, data=data)","""./pilot_paper/anvari_2023/Anchor_BeforevsAfter_analysis.R""",659,1.0,0.0,1.0,line 647 contains a überflüssige linear regression with only the anchor pa,model,anvari_2023,A25,20,exact,0.96
A25,variable specification,"I did this by using linear regression analyses in which I, in turn, regressed the change scores, Time 2 scores, and Time 1 scores onto (i) the responses to the anchor-item, (ii) the anchor-item’s position, and (iii) the interaction between the latter two. For both positive affect and negative affect, the interactions were all statistically nonsignificant",text,"data$PANAS_PA_D2mean = rowMeans(data[ , c('PANASD2_1_Attentive', 'PANASD2_2_Interested', 
  'PANASD2_3_Alert', 'PANASD2_4_Excited', 'PANASD2_5_Enthusiastic', 'PANASD2_6_Inspired', 
  'PANASD2_7_Proud', 'PANASD2_8_Determined', 'PANASD2_9_Strong', 'PANASD2_10_Active')], na.rm=TRUE) [...] m.4 = lm(PANAS_PA_D2mean ~ AnchorPA*Anchor.Position, data=data)","""./pilot_paper/anvari_2023/Anchor_BeforevsAfter_analysis.R""",64-66; 659,1.0,0.0,1.0,,variables,anvari_2023,A25,20,exact,0.96
A25,transformation ,"""For Time 1 and Time 2 separately, I averaged the positive affect items for each participant to produce a mean score for positive affect, and I did the same for the negative affect items to produce a mean  score for negative affect. To calculate each participant’s change score for positive affect, I subtracted the mean score for positive affect at Time 1 from the mean score for positive affect at Time 2. I did the same to calculate the change scores for negative affect. Thus, each participant had a change score for positive affect and a change score for negative affect.""",text,"data$PANAS_PA_D2mean = rowMeans(data[ , c('PANASD2_1_Attentive', 'PANASD2_2_Interested', 
  'PANASD2_3_Alert', 'PANASD2_4_Excited', 'PANASD2_5_Enthusiastic', 'PANASD2_6_Inspired', 
  'PANASD2_7_Proud', 'PANASD2_8_Determined', 'PANASD2_9_Strong', 'PANASD2_10_Active')], na.rm=TRUE) ","""./pilot_paper/anvari_2023/Anchor_BeforevsAfter_analysis.R""",64-66,1.0,0.0,1.0,,transform,anvari_2023,A25,20,exact,0.96
A25,variable specification,"I did this by using linear regression analyses in which I, in turn, regressed the change scores, Time 2 scores, and Time 1 scores onto (i) the responses to the anchor-item, (ii) the anchor-item’s position, and (iii) the interaction between the latter two. For both positive affect and negative affect, the interactions were all statistically nonsignificant",text,"m.4 = lm(PANAS_PA_D2mean ~ AnchorPA*Anchor.Position, data=data)","""./pilot_paper/anvari_2023/Anchor_BeforevsAfter_analysis.R""",659,1.0,0.0,1.0,,variables,anvari_2023,A25,20,exact,0.96
A25,transformation ,,,,,,,,,,transform,anvari_2023,A25,20,exact,0.96
A25,variable specification,"I did this by using linear regression analyses in which I, in turn, regressed the change scores, Time 2 scores, and Time 1 scores onto (i) the responses to the anchor-item, (ii) the anchor-item’s position, and (iii) the interaction between the latter two. For both positive affect and negative affect, the interactions were all statistically nonsignificant",text,"m.4 = lm(PANAS_PA_D2mean ~ AnchorPA*Anchor.Position, data=data)","""./pilot_paper/anvari_2023/Anchor_BeforevsAfter_analysis.R""",659,1.0,0.0,1.0,,variables,anvari_2023,A25,20,exact,0.96
A25,transformation ,,,,,,,,,,transform,anvari_2023,A25,20,exact,0.96
A25,inference criteria,,,"m.4 = lm(PANAS_PA_D2mean ~ AnchorPA*Anchor.Position, data=data)","""./pilot_paper/anvari_2023/Anchor_BeforevsAfter_analysis.R""",659,1.0,0.0,1.0,alpha level inferable from code but not noted in the text,inference,anvari_2023,A25,20,exact,0.96
A26,model specification,I did this by using linear regression analyses ,text,"m.10 = lm(PANAS_NA_D2mean ~ AnchorNA*Anchor.Position, data=data)","""./pilot_paper/anvari_2023/Anchor_BeforevsAfter_analysis.R""",687,1.0,0.0,1.0,line 647 contains a überflüssige linear regression with only the anchor pa,model,anvari_2023,A26,23,exact,0.96
A26,variable specification,"I did this by using linear regression analyses in which I, in turn, regressed the change scores, Time 2 scores, and Time 1 scores onto (i) the responses to the anchor-item, (ii) the anchor-item’s position, and (iii) the interaction between the latter two. For both positive affect and negative affect, the interactions were all statistically nonsignificant",text,"data$PANAS_NA_D2mean = rowMeans(data[ , c('PANASD2_11_Distressed', 'PANASD2_12_Upset', 
  'PANASD2_13_Hostile', 'PANASD2_14_Irritable', 'PANASD2_15_Scared', 'PANASD2_16_Afraid', 
  'PANASD2_17_Ashamed', 'PANASD2_18_Guilty', 'PANASD2_19_Nervous', 'PANASD2_20_Jittery')], na.rm=TRUE) [...] m.10 = lm(PANAS_NA_D2mean ~ AnchorNA*Anchor.Position, data=data)","""./pilot_paper/anvari_2023/Anchor_BeforevsAfter_analysis.R""",72-74; 687,1.0,0.0,1.0,,variables,anvari_2023,A26,23,exact,0.96
A26,transformation ,"""For Time 1 and Time 2 separately, I averaged the positive affect items for each participant to produce a mean score for positive affect, and I did the same for the negative affect items to produce a mean  score for negative affect. To calculate each participant’s change score for positive affect, I subtracted the mean score for positive affect at Time 1 from the mean score for positive affect at Time 2. I did the same to calculate the change scores for negative affect. Thus, each participant had a change score for positive affect and a change score for negative affect.""",text,"data$PANAS_NA_D2mean = rowMeans(data[ , c('PANASD2_11_Distressed', 'PANASD2_12_Upset', 
  'PANASD2_13_Hostile', 'PANASD2_14_Irritable', 'PANASD2_15_Scared', 'PANASD2_16_Afraid', 
  'PANASD2_17_Ashamed', 'PANASD2_18_Guilty', 'PANASD2_19_Nervous', 'PANASD2_20_Jittery')], na.rm=TRUE) ","""./pilot_paper/anvari_2023/Anchor_BeforevsAfter_analysis.R""",72-74,1.0,0.0,1.0,,transform,anvari_2023,A26,23,exact,0.96
A26,variable specification,"I did this by using linear regression analyses in which I, in turn, regressed the change scores, Time 2 scores, and Time 1 scores onto (i) the responses to the anchor-item, (ii) the anchor-item’s position, and (iii) the interaction between the latter two. For both positive affect and negative affect, the interactions were all statistically nonsignificant",text,"m.10 = lm(PANAS_NA_D2mean ~ AnchorNA*Anchor.Position, data=data)","""./pilot_paper/anvari_2023/Anchor_BeforevsAfter_analysis.R""",687,1.0,0.0,1.0,,variables,anvari_2023,A26,23,exact,0.96
A26,transformation ,,,,,,,,,,transform,anvari_2023,A26,23,exact,0.96
A26,variable specification,"I did this by using linear regression analyses in which I, in turn, regressed the change scores, Time 2 scores, and Time 1 scores onto (i) the responses to the anchor-item, (ii) the anchor-item’s position, and (iii) the interaction between the latter two. For both positive affect and negative affect, the interactions were all statistically nonsignificant",text,"m.10 = lm(PANAS_NA_D2mean ~ AnchorNA*Anchor.Position, data=data)","""./pilot_paper/anvari_2023/Anchor_BeforevsAfter_analysis.R""",687,1.0,0.0,1.0,,variables,anvari_2023,A26,23,exact,0.96
A26,transformation ,,,,,,,,,,transform,anvari_2023,A26,23,exact,0.96
A26,inference criteria,,,"m.10 = lm(PANAS_NA_D2mean ~ AnchorNA*Anchor.Position, data=data)","""./pilot_paper/anvari_2023/Anchor_BeforevsAfter_analysis.R""",687,1.0,0.0,1.0,alpha level inferable from code but not noted in the text,inference,anvari_2023,A26,23,exact,0.96
nan,model specification,"An important consideration for interpreting the above pairwise correlations is that the Time 1 and Time 2 ratings are relatively strongly correlated (rPA = .66, rNA = .63, ps < .001).",text,"cocor(~PANAS_NA_D2mean + AnchorNA | PANAS_NA_D1mean + AnchorNA, data=data)","""./pilot_paper/anvari_2023/Anchor_BeforevsAfter_analysis.R""",596,1.0,0.0,1.0,values come from related correlation results in this functions output,model,anvari_2023,nan,16,fragment_of,0.78
nan,variable specification,"An important consideration for interpreting the above pairwise correlations is that the Time 1 and Time 2 ratings are relatively strongly correlated (rPA = .66, rNA = .63, ps < .001).",text,"data$PANAS_NA_D2mean = rowMeans(data[ , c('PANASD2_11_Distressed', 'PANASD2_12_Upset', 
  'PANASD2_13_Hostile', 'PANASD2_14_Irritable', 'PANASD2_15_Scared', 'PANASD2_16_Afraid', 
  'PANASD2_17_Ashamed', 'PANASD2_18_Guilty', 'PANASD2_19_Nervous', 'PANASD2_20_Jittery')], na.rm=TRUE) [...] cocor(~PANAS_NA_D2mean + AnchorNA | PANAS_NA_D1mean + AnchorNA, data=data)","""./pilot_paper/anvari_2023/Anchor_BeforevsAfter_analysis.R""",72-74; 592,1.0,0.0,1.0,technically there is a further varibale,variables,anvari_2023,nan,16,fragment_of,0.78
nan,transformation ,"For Time 1 and Time 2 separately, I averaged the positive affect items for each participant to produce a mean score for positive affect, and I did the same for the negative affect items to produce a mean  score for negative affect. ",text,"data$PANAS_NA_D2mean = rowMeans(data[ , c('PANASD2_11_Distressed', 'PANASD2_12_Upset', 
  'PANASD2_13_Hostile', 'PANASD2_14_Irritable', 'PANASD2_15_Scared', 'PANASD2_16_Afraid', 
  'PANASD2_17_Ashamed', 'PANASD2_18_Guilty', 'PANASD2_19_Nervous', 'PANASD2_20_Jittery')], na.rm=TRUE)","""./pilot_paper/anvari_2023/Anchor_BeforevsAfter_analysis.R""",72-74,1.0,0.0,1.0,,transform,anvari_2023,nan,16,fragment_of,0.78
nan,variable specification,"An important consideration for interpreting the above pairwise correlations is that the Time 1 and Time 2 ratings are relatively strongly correlated (rPA = .66, rNA = .63, ps < .001).",text,"data$PANAS_NA_D1mean = rowMeans(data[ , c('PANASD1_11_Distressed', 'PANASD1_12_Upset', 
  'PANASD1_13_Hostile', 'PANASD1_14_Irritable', 'PANASD1_15_Scared', 'PANASD1_16_Afraid', 
  'PANASD1_17_Ashamed', 'PANASD1_18_Guilty', 'PANASD1_19_Nervous', 'PANASD1_20_Jittery')], na.rm=TRUE) [...] cocor(~PANAS_NA_D2mean + AnchorNA | PANAS_NA_D1mean + AnchorNA, data=data)
","""./pilot_paper/anvari_2023/Anchor_BeforevsAfter_analysis.R""",68-70,1.0,0.0,1.0,,variables,anvari_2023,nan,16,fragment_of,0.78
nan,transformation ,"For Time 1 and Time 2 separately, I averaged the positive affect items for each participant to produce a mean score for positive affect, and I did the same for the negative affect items to produce a mean  score for negative affect. ",text,"data$PANAS_NA_D1mean = rowMeans(data[ , c('PANASD1_11_Distressed', 'PANASD1_12_Upset', 
  'PANASD1_13_Hostile', 'PANASD1_14_Irritable', 'PANASD1_15_Scared', 'PANASD1_16_Afraid', 
  'PANASD1_17_Ashamed', 'PANASD1_18_Guilty', 'PANASD1_19_Nervous', 'PANASD1_20_Jittery')], na.rm=TRUE)","""./pilot_paper/anvari_2023/Anchor_BeforevsAfter_analysis.R""",68-70; 593,,,,,transform,anvari_2023,nan,16,fragment_of,0.78
nan,inference criteria,,,"cocor(~PANAS_NA_D2mean + AnchorNA | PANAS_NA_D1mean + AnchorNA, data=data)","""./pilot_paper/anvari_2023/Anchor_BeforevsAfter_analysis.R""",615,,,,alpha level inferable from code but not noted in the text,inference,anvari_2023,nan,16,fragment_of,0.78
nan,model specification,"An important consideration for interpreting the above pairwise correlations is that the Time 1 and Time 2 ratings are relatively strongly correlated (rPA = .66, rNA = .63, ps < .001).",text,"cocor(~PANAS_PA_D2mean + AnchorPA | PANAS_PA_D1mean + AnchorPA, data=data)","""./pilot_paper/anvari_2023/Anchor_BeforevsAfter_analysis.R""",596,1.0,0.0,1.0,values come from related correlation results in this functions output,model,anvari_2023,nan,16,fragment_of,0.78
nan,variable specification,"An important consideration for interpreting the above pairwise correlations is that the Time 1 and Time 2 ratings are relatively strongly correlated (rPA = .66, rNA = .63, ps < .001).",text,"data$PANAS_PA_D2mean = rowMeans(data[ , c('PANASD2_1_Attentive', 'PANASD2_2_Interested', 
  'PANASD2_3_Alert', 'PANASD2_4_Excited', 'PANASD2_5_Enthusiastic', 'PANASD2_6_Inspired', 
  'PANASD2_7_Proud', 'PANASD2_8_Determined', 'PANASD2_9_Strong', 'PANASD2_10_Active')], na.rm=TRUE) [...] cocor(~PANAS_PA_D2mean + AnchorPA | PANAS_PA_D1mean + AnchorPA, data=data)","""./pilot_paper/anvari_2023/Anchor_BeforevsAfter_analysis.R""",64-66; 596,1.0,0.0,1.0,technically there is a further varibale,variables,anvari_2023,nan,16,fragment_of,0.78
nan,transformation ,"For Time 1 and Time 2 separately, I averaged the positive affect items for each participant to produce a mean score for positive affect, and I did the same for the negative affect items to produce a mean  score for negative affect. ",text,"data$PANAS_PA_D2mean = rowMeans(data[ , c('PANASD2_1_Attentive', 'PANASD2_2_Interested', 
  'PANASD2_3_Alert', 'PANASD2_4_Excited', 'PANASD2_5_Enthusiastic', 'PANASD2_6_Inspired', 
  'PANASD2_7_Proud', 'PANASD2_8_Determined', 'PANASD2_9_Strong', 'PANASD2_10_Active')], na.rm=TRUE) ","""./pilot_paper/anvari_2023/Anchor_BeforevsAfter_analysis.R""",64-66,1.0,0.0,1.0,,transform,anvari_2023,nan,16,fragment_of,0.78
nan,variable specification,"An important consideration for interpreting the above pairwise correlations is that the Time 1 and Time 2 ratings are relatively strongly correlated (rPA = .66, rNA = .63, ps < .001).",text,"data$PANAS_PA_D1mean = rowMeans(data[ , c('PANASD1_1_Attentive', 'PANASD1_2_Interested', 
  'PANASD1_3_Alert', 'PANASD1_4_Excited', 'PANASD1_5_Enthusiastic', 'PANASD1_6_Inspired', 
  'PANASD1_7_Proud', 'PANASD1_8_Determined', 'PANASD1_9_Strong', 'PANASD1_10_Active')], na.rm=TRUE) [...] cocor(~PANAS_PA_D2mean + AnchorPA | PANAS_PA_D1mean + AnchorPA, data=data)","""./pilot_paper/anvari_2023/Anchor_BeforevsAfter_analysis.R""",60-62;596,1.0,0.0,1.0,,variables,anvari_2023,nan,16,fragment_of,0.78
nan,transformation ,"For Time 1 and Time 2 separately, I averaged the positive affect items for each participant to produce a mean score for positive affect, and I did the same for the negative affect items to produce a mean  score for negative affect. ",text,"data$PANAS_PA_D1mean = rowMeans(data[ , c('PANASD1_1_Attentive', 'PANASD1_2_Interested', 
  'PANASD1_3_Alert', 'PANASD1_4_Excited', 'PANASD1_5_Enthusiastic', 'PANASD1_6_Inspired', 
  'PANASD1_7_Proud', 'PANASD1_8_Determined', 'PANASD1_9_Strong', 'PANASD1_10_Active')], na.rm=TRUE)","""./pilot_paper/anvari_2023/Anchor_BeforevsAfter_analysis.R""",60-62,1.0,0.0,1.0,,transform,anvari_2023,nan,16,fragment_of,0.78
nan,inference criteria,,,"cocor(~PANAS_PA_D2mean + AnchorPA | PANAS_PA_D1mean + AnchorPA, data=data)","""./pilot_paper/anvari_2023/Anchor_BeforevsAfter_analysis.R""",596,,,,alpha level inferable from code but not noted in the text,inference,anvari_2023,nan,16,fragment_of,0.78
